animateui	components-animate-avatar-group	Avatar Group	components/animate	https://animate-ui.com/docs/components/animate/avatar-group	npx shadcn@latest add https://animate-ui.com/r/components-animate-avatar-group.json	registry:https://animate-ui.com/r/components-animate-avatar-group.json	free	install	react	motion	active		2026-10-08	e009218570	
animateui	components-animate-code	Code	components/animate	https://animate-ui.com/docs/components/animate/code	npx shadcn@latest add https://animate-ui.com/r/components-animate-code.json	registry:https://animate-ui.com/r/components-animate-code.json	free	install	react	next-themes	active		2026-10-08	d13d6e6896	
animateui	components-animate-code-tabs	Code Tabs	components/animate	https://animate-ui.com/docs/components/animate/code-tabs	npx shadcn@latest add https://animate-ui.com/r/components-animate-code-tabs.json	registry:https://animate-ui.com/r/components-animate-code-tabs.json	free	install	react	shiki	active		2026-10-08	16c72e9271	
animateui	components-animate-cursor	Cursor	components/animate	https://animate-ui.com/docs/components/animate/cursor	npx shadcn@latest add https://animate-ui.com/r/components-animate-cursor.json	registry:https://animate-ui.com/r/components-animate-cursor.json	free	install	react		active		2026-10-08	62825ca8c6	
animateui	components-animate-github-stars-wheel	GitHub Stars Wheel	components/animate	https://animate-ui.com/docs/components/animate/github-stars-wheel	npx shadcn@latest add https://animate-ui.com/r/components-animate-github-stars-wheel.json	registry:https://animate-ui.com/r/components-animate-github-stars-wheel.json	free	install	react	motion	active		2026-10-08	6c74ee3682	
animateui	components-animate-tabs	Tabs	components/animate	https://animate-ui.com/docs/components/animate/tabs	npx shadcn@latest add https://animate-ui.com/r/components-animate-tabs.json	registry:https://animate-ui.com/r/components-animate-tabs.json	free	install	react		active		2026-10-08	12a19a3b1c	
animateui	components-animate-tooltip	Tooltip	components/animate	https://animate-ui.com/docs/components/animate/tooltip	npx shadcn@latest add https://animate-ui.com/r/components-animate-tooltip.json	registry:https://animate-ui.com/r/components-animate-tooltip.json	free	install	react	motion	active		2026-10-08	bce7b0773a	
animateui	components-backgrounds-bubble	Bubble Background	components/backgrounds	https://animate-ui.com/docs/components/backgrounds/bubble	npx shadcn@latest add https://animate-ui.com/r/components-backgrounds-bubble.json	registry:https://animate-ui.com/r/components-backgrounds-bubble.json	free	install	react	motion	active		2026-10-08	9e0613879b	
animateui	components-backgrounds-fireworks	Fireworks Background	components/backgrounds	https://animate-ui.com/docs/components/backgrounds/fireworks	npx shadcn@latest add https://animate-ui.com/r/components-backgrounds-fireworks.json	registry:https://animate-ui.com/r/components-backgrounds-fireworks.json	free	install	react		active		2026-10-08	1ed26d2110	
animateui	components-backgrounds-gradient	Gradient Background	components/backgrounds	https://animate-ui.com/docs/components/backgrounds/gradient	npx shadcn@latest add https://animate-ui.com/r/components-backgrounds-gradient.json	registry:https://animate-ui.com/r/components-backgrounds-gradient.json	free	install	react	motion	active		2026-10-08	1381e3b5c3	
animateui	components-backgrounds-gravity-stars	Gravity Stars Background	components/backgrounds	https://animate-ui.com/docs/components/backgrounds/gravity-stars	npx shadcn@latest add https://animate-ui.com/r/components-backgrounds-gravity-stars.json	registry:https://animate-ui.com/r/components-backgrounds-gravity-stars.json	free	install	react	motion	active		2026-10-08	a9addaf598	
animateui	components-backgrounds-hexagon	Hexagon Background	components/backgrounds	https://animate-ui.com/docs/components/backgrounds/hexagon	npx shadcn@latest add https://animate-ui.com/r/components-backgrounds-hexagon.json	registry:https://animate-ui.com/r/components-backgrounds-hexagon.json	free	install	react		active		2026-10-08	23ccaaa618	
animateui	components-backgrounds-hole	Hole Background	components/backgrounds	https://animate-ui.com/docs/components/backgrounds/hole	npx shadcn@latest add https://animate-ui.com/r/components-backgrounds-hole.json	registry:https://animate-ui.com/r/components-backgrounds-hole.json	free	install	react	motion	active		2026-10-08	85c623472d	
animateui	components-backgrounds-stars	Stars Background	components/backgrounds	https://animate-ui.com/docs/components/backgrounds/stars	npx shadcn@latest add https://animate-ui.com/r/components-backgrounds-stars.json	registry:https://animate-ui.com/r/components-backgrounds-stars.json	free	install	react	motion	active		2026-10-08	cc11eb9926	
animateui	components-base-accordion	Accordion	components/base	https://animate-ui.com/docs/components/base/accordion	npx shadcn@latest add https://animate-ui.com/r/components-base-accordion.json	registry:https://animate-ui.com/r/components-base-accordion.json	free	install	react	lucide-react	active		2026-10-08	62db5de57b	
animateui	components-base-alert-dialog	Alert Dialog	components/base	https://animate-ui.com/docs/components/base/alert-dialog	npx shadcn@latest add https://animate-ui.com/r/components-base-alert-dialog.json	registry:https://animate-ui.com/r/components-base-alert-dialog.json	free	install	react		active		2026-10-08	4c93bef1cb	
animateui	components-base-checkbox	Checkbox	components/base	https://animate-ui.com/docs/components/base/checkbox	npx shadcn@latest add https://animate-ui.com/r/components-base-checkbox.json	registry:https://animate-ui.com/r/components-base-checkbox.json	free	install	react	class-variance-authority	active		2026-10-08	abc4d3bf45	
animateui	components-base-dialog	Dialog	components/base	https://animate-ui.com/docs/components/base/dialog	npx shadcn@latest add https://animate-ui.com/r/components-base-dialog.json	registry:https://animate-ui.com/r/components-base-dialog.json	free	install	react	lucide-react	active		2026-10-08	7e162585c2	
animateui	components-base-files	Files	components/base	https://animate-ui.com/docs/components/base/files	npx shadcn@latest add https://animate-ui.com/r/components-base-files.json	registry:https://animate-ui.com/r/components-base-files.json	free	install	react	lucide-react	active		2026-10-08	091c335789	
animateui	components-base-menu	Menu	components/base	https://animate-ui.com/docs/components/base/menu	npx shadcn@latest add https://animate-ui.com/r/components-base-menu.json	registry:https://animate-ui.com/r/components-base-menu.json	free	install	react		active		2026-10-08	d16d4627fd	
animateui	components-base-popover	Popover	components/base	https://animate-ui.com/docs/components/base/popover	npx shadcn@latest add https://animate-ui.com/r/components-base-popover.json	registry:https://animate-ui.com/r/components-base-popover.json	free	install	react		active		2026-10-08	d3f0cd15e3	
animateui	components-base-preview-card	Preview Card	components/base	https://animate-ui.com/docs/components/base/preview-card	npx shadcn@latest add https://animate-ui.com/r/components-base-preview-card.json	registry:https://animate-ui.com/r/components-base-preview-card.json	free	install	react		active		2026-10-08	fc23b76643	
animateui	components-base-preview-link-card	Preview Link Card	components/base	https://animate-ui.com/docs/components/base/preview-link-card	npx shadcn@latest add https://animate-ui.com/r/components-base-preview-link-card.json	registry:https://animate-ui.com/r/components-base-preview-link-card.json	free	install	react		active		2026-10-08	5e050767f1	
animateui	components-base-progress	Progress	components/base	https://animate-ui.com/docs/components/base/progress	npx shadcn@latest add https://animate-ui.com/r/components-base-progress.json	registry:https://animate-ui.com/r/components-base-progress.json	free	install	react		active		2026-10-08	877815ccfd	
animateui	components-base-radio	Base Radio	components/base	https://animate-ui.com/docs/components/base/radio	npx shadcn@latest add https://animate-ui.com/r/components-base-radio.json	registry:https://animate-ui.com/r/components-base-radio.json	free	install	react	lucide-react	active		2026-10-08	b85c446087	
animateui	components-base-switch	Switch	components/base	https://animate-ui.com/docs/components/base/switch	npx shadcn@latest add https://animate-ui.com/r/components-base-switch.json	registry:https://animate-ui.com/r/components-base-switch.json	free	install	react		active		2026-10-08	3a1ef8eeaf	
animateui	components-base-tabs	Tabs	components/base	https://animate-ui.com/docs/components/base/tabs	npx shadcn@latest add https://animate-ui.com/r/components-base-tabs.json	registry:https://animate-ui.com/r/components-base-tabs.json	free	install	react		active		2026-10-08	45dfff52bc	
animateui	components-base-toggle	Toggle	components/base	https://animate-ui.com/docs/components/base/toggle	npx shadcn@latest add https://animate-ui.com/r/components-base-toggle.json	registry:https://animate-ui.com/r/components-base-toggle.json	free	install	react		active		2026-10-08	54989ccf31	
animateui	components-base-toggle-group	Toggle Group	components/base	https://animate-ui.com/docs/components/base/toggle-group	npx shadcn@latest add https://animate-ui.com/r/components-base-toggle-group.json	registry:https://animate-ui.com/r/components-base-toggle-group.json	free	install	react		active		2026-10-08	290f6e0546	
animateui	components-base-tooltip	Tooltip	components/base	https://animate-ui.com/docs/components/base/tooltip	npx shadcn@latest add https://animate-ui.com/r/components-base-tooltip.json	registry:https://animate-ui.com/r/components-base-tooltip.json	free	install	react		active		2026-10-08	62abd88f29	
animateui	components-buttons-button	Button	components/buttons	https://animate-ui.com/docs/components/buttons/button	npx shadcn@latest add https://animate-ui.com/r/components-buttons-button.json	registry:https://animate-ui.com/r/components-buttons-button.json	free	install	react	class-variance-authority	active		2026-10-08	aecdf89610	
animateui	components-buttons-copy	Copy Button	components/buttons	https://animate-ui.com/docs/components/buttons/copy	npx shadcn@latest add https://animate-ui.com/r/components-buttons-copy.json	registry:https://animate-ui.com/r/components-buttons-copy.json	free	install	react	class-variance-authority lucide-react motion	active		2026-10-08	076d67cf04	
animateui	components-buttons-flip	Flip Button	components/buttons	https://animate-ui.com/docs/components/buttons/flip	npx shadcn@latest add https://animate-ui.com/r/components-buttons-flip.json	registry:https://animate-ui.com/r/components-buttons-flip.json	free	install	react	class-variance-authority	active		2026-10-08	f1f4be6b53	
animateui	components-buttons-github-stars	GitHub Stars Button	components/buttons	https://animate-ui.com/docs/components/buttons/github-stars	npx shadcn@latest add https://animate-ui.com/r/components-buttons-github-stars.json	registry:https://animate-ui.com/r/components-buttons-github-stars.json	free	install	react	lucide-react	active		2026-10-08	1440947d80	
animateui	components-buttons-icon	Icon Button	components/buttons	https://animate-ui.com/docs/components/buttons/icon	npx shadcn@latest add https://animate-ui.com/r/components-buttons-icon.json	registry:https://animate-ui.com/r/components-buttons-icon.json	free	install	react	class-variance-authority	active		2026-10-08	b07e00579e	
animateui	components-buttons-liquid	Liquid Button	components/buttons	https://animate-ui.com/docs/components/buttons/liquid	npx shadcn@latest add https://animate-ui.com/r/components-buttons-liquid.json	registry:https://animate-ui.com/r/components-buttons-liquid.json	free	install	react	class-variance-authority	active		2026-10-08	d974f1f487	
animateui	components-buttons-ripple	Ripple Button	components/buttons	https://animate-ui.com/docs/components/buttons/ripple	npx shadcn@latest add https://animate-ui.com/r/components-buttons-ripple.json	registry:https://animate-ui.com/r/components-buttons-ripple.json	free	install	react	class-variance-authority	active		2026-10-08	e41f3b2510	
animateui	components-buttons-theme-toggler	Theme Toggler Button	components/buttons	https://animate-ui.com/docs/components/buttons/theme-toggler	npx shadcn@latest add https://animate-ui.com/r/components-buttons-theme-toggler.json	registry:https://animate-ui.com/r/components-buttons-theme-toggler.json	free	install	react	class-variance-authority lucide-react next-themes	active		2026-10-08	118b4d0f85	
animateui	components-community-flip-card	Flip Card	components/community	https://animate-ui.com/docs/components/community/flip-card	npx shadcn@latest add https://animate-ui.com/r/components-community-flip-card.json	registry:https://animate-ui.com/r/components-community-flip-card.json	free	install	react	class-variance-authority lucide-react motion	active		2026-10-08	4994d78080	
animateui	components-community-management-bar	Management Bar	components/community	https://animate-ui.com/docs/components/community/management-bar	npx shadcn@latest add https://animate-ui.com/r/components-community-management-bar.json	registry:https://animate-ui.com/r/components-community-management-bar.json	free	install	react	lucide-react motion	active		2026-10-08	a757d687a5	
animateui	components-community-motion-carousel	Motion Carousel	components/community	https://animate-ui.com/docs/components/community/motion-carousel	npx shadcn@latest add https://animate-ui.com/r/components-community-motion-carousel.json	registry:https://animate-ui.com/r/components-community-motion-carousel.json	free	install	react	embla-carousel embla-carousel-react lucide-react motion	active		2026-10-08	9607ebcf04	
animateui	components-community-notification-list	Notification List	components/community	https://animate-ui.com/docs/components/community/notification-list	npx shadcn@latest add https://animate-ui.com/r/components-community-notification-list.json	registry:https://animate-ui.com/r/components-community-notification-list.json	free	install	react	lucide-react motion	active		2026-10-08	2c6e2dae47	
animateui	components-community-pin-list	Pin List	components/community	https://animate-ui.com/docs/components/community/pin-list	npx shadcn@latest add https://animate-ui.com/r/components-community-pin-list.json	registry:https://animate-ui.com/r/components-community-pin-list.json	free	install	react	lucide-react motion	active		2026-10-08	edd5e15e6d	
animateui	components-community-playful-todolist	Playful Todolist	components/community	https://animate-ui.com/docs/components/community/playful-todolist	npx shadcn@latest add https://animate-ui.com/r/components-community-playful-todolist.json	registry:https://animate-ui.com/r/components-community-playful-todolist.json	free	install	react	motion	active		2026-10-08	9b77990aa5	
animateui	components-community-radial-intro	Radial Intro	components/community	https://animate-ui.com/docs/components/community/radial-intro	npx shadcn@latest add https://animate-ui.com/r/components-community-radial-intro.json	registry:https://animate-ui.com/r/components-community-radial-intro.json	free	install	react	motion	active		2026-10-08	912477daa1	
animateui	components-community-radial-menu	Radial Menu	components/community	https://animate-ui.com/docs/components/community/radial-menu	npx shadcn@latest add https://animate-ui.com/r/components-community-radial-menu.json	registry:https://animate-ui.com/r/components-community-radial-menu.json	free	install	react	@base-ui-components/react lucide-react motion	active		2026-10-08	d2f6cf83d4	
animateui	components-community-radial-nav	Radial Nav	components/community	https://animate-ui.com/docs/components/community/radial-nav	npx shadcn@latest add https://animate-ui.com/r/components-community-radial-nav.json	registry:https://animate-ui.com/r/components-community-radial-nav.json	free	install	react	lucide-react motion	active		2026-10-08	8c03ea5502	
animateui	components-community-share-button	Share Button	components/community	https://animate-ui.com/docs/components/community/share-button	npx shadcn@latest add https://animate-ui.com/r/components-community-share-button.json	registry:https://animate-ui.com/r/components-community-share-button.json	free	install	react	class-variance-authority lucide-react motion	active		2026-10-08	856a9d7858	
animateui	components-community-user-presence-avatar	User Presence Avatar	components/community	https://animate-ui.com/docs/components/community/user-presence-avatar	npx shadcn@latest add https://animate-ui.com/r/components-community-user-presence-avatar.json	registry:https://animate-ui.com/r/components-community-user-presence-avatar.json	free	install	react	motion	active		2026-10-08	1a11440c20	
animateui	components-headless-accordion	Accordion	components/headless	https://animate-ui.com/docs/components/headless/accordion	npx shadcn@latest add https://animate-ui.com/r/components-headless-accordion.json	registry:https://animate-ui.com/r/components-headless-accordion.json	free	install	react	lucide-react	active		2026-10-08	ab248c1359	
animateui	components-headless-checkbox	Checkbox	components/headless	https://animate-ui.com/docs/components/headless/checkbox	npx shadcn@latest add https://animate-ui.com/r/components-headless-checkbox.json	registry:https://animate-ui.com/r/components-headless-checkbox.json	free	install	react	class-variance-authority motion	active		2026-10-08	9ba12af564	
animateui	components-headless-dialog	Dialog	components/headless	https://animate-ui.com/docs/components/headless/dialog	npx shadcn@latest add https://animate-ui.com/r/components-headless-dialog.json	registry:https://animate-ui.com/r/components-headless-dialog.json	free	install	react	lucide-react motion	active		2026-10-08	129a8c7d5e	
animateui	components-headless-popover	Popover	components/headless	https://animate-ui.com/docs/components/headless/popover	npx shadcn@latest add https://animate-ui.com/r/components-headless-popover.json	registry:https://animate-ui.com/r/components-headless-popover.json	free	install	react		active		2026-10-08	4d2ff6febf	
animateui	components-headless-switch	Switch	components/headless	https://animate-ui.com/docs/components/headless/switch	npx shadcn@latest add https://animate-ui.com/r/components-headless-switch.json	registry:https://animate-ui.com/r/components-headless-switch.json	free	install	react		active		2026-10-08	0efdcc0cfe	
animateui	components-headless-tabs	Tabs	components/headless	https://animate-ui.com/docs/components/headless/tabs	npx shadcn@latest add https://animate-ui.com/r/components-headless-tabs.json	registry:https://animate-ui.com/r/components-headless-tabs.json	free	install	react	motion	active		2026-10-08	ba24b68af4	
animateui	components-radix-accordion	Accordion	components/radix	https://animate-ui.com/docs/components/radix/accordion	npx shadcn@latest add https://animate-ui.com/r/components-radix-accordion.json	registry:https://animate-ui.com/r/components-radix-accordion.json	free	install	react	lucide-react	active		2026-10-08	aec856f436	
animateui	components-radix-alert-dialog	Alert Dialog	components/radix	https://animate-ui.com/docs/components/radix/alert-dialog	npx shadcn@latest add https://animate-ui.com/r/components-radix-alert-dialog.json	registry:https://animate-ui.com/r/components-radix-alert-dialog.json	free	install	react		active		2026-10-08	bd4b46e219	
animateui	components-radix-checkbox	Checkbox	components/radix	https://animate-ui.com/docs/components/radix/checkbox	npx shadcn@latest add https://animate-ui.com/r/components-radix-checkbox.json	registry:https://animate-ui.com/r/components-radix-checkbox.json	free	install	react	class-variance-authority	active		2026-10-08	fed56a1ee2	
animateui	components-radix-dialog	Dialog	components/radix	https://animate-ui.com/docs/components/radix/dialog	npx shadcn@latest add https://animate-ui.com/r/components-radix-dialog.json	registry:https://animate-ui.com/r/components-radix-dialog.json	free	install	react	lucide-react	active		2026-10-08	f8ce072b36	
animateui	components-radix-dropdown-menu	Dropdown Menu	components/radix	https://animate-ui.com/docs/components/radix/dropdown-menu	npx shadcn@latest add https://animate-ui.com/r/components-radix-dropdown-menu.json	registry:https://animate-ui.com/r/components-radix-dropdown-menu.json	free	install	react	lucide-react	active		2026-10-08	12e5c1b697	
animateui	components-radix-files	Files	components/radix	https://animate-ui.com/docs/components/radix/files	npx shadcn@latest add https://animate-ui.com/r/components-radix-files.json	registry:https://animate-ui.com/r/components-radix-files.json	free	install	react	lucide-react	active		2026-10-08	c32c3a71e4	
animateui	components-radix-hover-card	Hover Card	components/radix	https://animate-ui.com/docs/components/radix/hover-card	npx shadcn@latest add https://animate-ui.com/r/components-radix-hover-card.json	registry:https://animate-ui.com/r/components-radix-hover-card.json	free	install	react		active		2026-10-08	23511c7966	
animateui	components-radix-popover	Popover	components/radix	https://animate-ui.com/docs/components/radix/popover	npx shadcn@latest add https://animate-ui.com/r/components-radix-popover.json	registry:https://animate-ui.com/r/components-radix-popover.json	free	install	react		active		2026-10-08	fb05c7da40	
animateui	components-radix-preview-link-card	Preview Link Card	components/radix	https://animate-ui.com/docs/components/radix/preview-link-card	npx shadcn@latest add https://animate-ui.com/r/components-radix-preview-link-card.json	registry:https://animate-ui.com/r/components-radix-preview-link-card.json	free	install	react		active		2026-10-08	9fab84a375	
animateui	components-radix-progress	Progress	components/radix	https://animate-ui.com/docs/components/radix/progress	npx shadcn@latest add https://animate-ui.com/r/components-radix-progress.json	registry:https://animate-ui.com/r/components-radix-progress.json	free	install	react		active		2026-10-08	35d183d753	
animateui	components-radix-radio-group	Radio Group	components/radix	https://animate-ui.com/docs/components/radix/radio-group	npx shadcn@latest add https://animate-ui.com/r/components-radix-radio-group.json	registry:https://animate-ui.com/r/components-radix-radio-group.json	free	install	react	lucide-react	active		2026-10-08	556e54177e	
animateui	components-radix-sheet	Sheet	components/radix	https://animate-ui.com/docs/components/radix/sheet	npx shadcn@latest add https://animate-ui.com/r/components-radix-sheet.json	registry:https://animate-ui.com/r/components-radix-sheet.json	free	install	react	lucide-react	active		2026-10-08	d276c3f35c	
animateui	components-radix-sidebar	Sidebar	components/radix	https://animate-ui.com/docs/components/radix/sidebar	npx shadcn@latest add https://animate-ui.com/r/components-radix-sidebar.json	registry:https://animate-ui.com/r/components-radix-sidebar.json	free	install	react	class-variance-authority lucide-react motion radix-ui	active		2026-10-08	7fb0c6d70d	
animateui	components-radix-switch	Switch	components/radix	https://animate-ui.com/docs/components/radix/switch	npx shadcn@latest add https://animate-ui.com/r/components-radix-switch.json	registry:https://animate-ui.com/r/components-radix-switch.json	free	install	react		active		2026-10-08	dc835f6007	
animateui	components-radix-tabs	Tabs	components/radix	https://animate-ui.com/docs/components/radix/tabs	npx shadcn@latest add https://animate-ui.com/r/components-radix-tabs.json	registry:https://animate-ui.com/r/components-radix-tabs.json	free	install	react		active		2026-10-08	e301ad3f8b	
animateui	components-radix-toggle	Toggle	components/radix	https://animate-ui.com/docs/components/radix/toggle	npx shadcn@latest add https://animate-ui.com/r/components-radix-toggle.json	registry:https://animate-ui.com/r/components-radix-toggle.json	free	install	react	class-variance-authority	active		2026-10-08	0ad801ef14	
animateui	components-radix-toggle-group	Toggle Group	components/radix	https://animate-ui.com/docs/components/radix/toggle-group	npx shadcn@latest add https://animate-ui.com/r/components-radix-toggle-group.json	registry:https://animate-ui.com/r/components-radix-toggle-group.json	free	install	react	class-variance-authority	active		2026-10-08	8f5cfd4ae8	
animateui	components-radix-tooltip	Tooltip	components/radix	https://animate-ui.com/docs/components/radix/tooltip	npx shadcn@latest add https://animate-ui.com/r/components-radix-tooltip.json	registry:https://animate-ui.com/r/components-radix-tooltip.json	free	install	react		active		2026-10-08	59868a3915	
animateui	icons-accessibility	Accessibility Icon	icons	https://animate-ui.com/docs/icons	npx shadcn@latest add https://animate-ui.com/r/icons-accessibility.json	registry:https://animate-ui.com/r/icons-accessibility.json	free	install	react	motion	active		2026-10-08	c3a425a7ad	
animateui	icons-activity	Activity Icon	icons	https://animate-ui.com/docs/icons	npx shadcn@latest add https://animate-ui.com/r/icons-activity.json	registry:https://animate-ui.com/r/icons-activity.json	free	install	react	motion	active		2026-10-08	c80485283b	
animateui	icons-airplay	Airplay Icon	icons	https://animate-ui.com/docs/icons	npx shadcn@latest add https://animate-ui.com/r/icons-airplay.json	registry:https://animate-ui.com/r/icons-airplay.json	free	install	react	motion	active		2026-10-08	f8a1c5a046	
animateui	icons-alarm-clock	Alarm Clock Icon	icons	https://animate-ui.com/docs/icons	npx shadcn@latest add https://animate-ui.com/r/icons-alarm-clock.json	registry:https://animate-ui.com/r/icons-alarm-clock.json	free	install	react	motion	active		2026-10-08	c7c1261e07	
animateui	icons-arrow-down	Arrow Down Icon	icons	https://animate-ui.com/docs/icons	npx shadcn@latest add https://animate-ui.com/r/icons-arrow-down.json	registry:https://animate-ui.com/r/icons-arrow-down.json	free	install	react	motion	active		2026-10-08	0bcdf21e63	
animateui	icons-arrow-left	Arrow Left Icon	icons	https://animate-ui.com/docs/icons	npx shadcn@latest add https://animate-ui.com/r/icons-arrow-left.json	registry:https://animate-ui.com/r/icons-arrow-left.json	free	install	react	motion	active		2026-10-08	25c2c7147f	
animateui	icons-arrow-right	Arrow Right Icon	icons	https://animate-ui.com/docs/icons	npx shadcn@latest add https://animate-ui.com/r/icons-arrow-right.json	registry:https://animate-ui.com/r/icons-arrow-right.json	free	install	react	motion	active		2026-10-08	5261310451	
animateui	icons-arrow-up	Arrow Up Icon	icons	https://animate-ui.com/docs/icons	npx shadcn@latest add https://animate-ui.com/r/icons-arrow-up.json	registry:https://animate-ui.com/r/icons-arrow-up.json	free	install	react	motion	active		2026-10-08	3b541bbe61	
animateui	icons-arrow-up-down	Arrow Up Down Icon	icons	https://animate-ui.com/docs/icons	npx shadcn@latest add https://animate-ui.com/r/icons-arrow-up-down.json	registry:https://animate-ui.com/r/icons-arrow-up-down.json	free	install	react	motion	active		2026-10-08	eab498ce66	
animateui	icons-audio-lines	Audio Lines Icon	icons	https://animate-ui.com/docs/icons	npx shadcn@latest add https://animate-ui.com/r/icons-audio-lines.json	registry:https://animate-ui.com/r/icons-audio-lines.json	free	install	react	motion	active		2026-10-08	cda59911cb	
animateui	icons-axe	Axe Icon	icons	https://animate-ui.com/docs/icons	npx shadcn@latest add https://animate-ui.com/r/icons-axe.json	registry:https://animate-ui.com/r/icons-axe.json	free	install	react	motion	active		2026-10-08	60e4f285df	
animateui	icons-axis-3d	Axis 3D Icon	icons	https://animate-ui.com/docs/icons	npx shadcn@latest add https://animate-ui.com/r/icons-axis-3d.json	registry:https://animate-ui.com/r/icons-axis-3d.json	free	install	react	motion	active		2026-10-08	2c55a15f0f	
animateui	icons-badge-check	Badge Check Icon	icons	https://animate-ui.com/docs/icons	npx shadcn@latest add https://animate-ui.com/r/icons-badge-check.json	registry:https://animate-ui.com/r/icons-badge-check.json	free	install	react	motion	active		2026-10-08	9fde423f02	
animateui	icons-battery-charging	Battery Charging Icon	icons	https://animate-ui.com/docs/icons	npx shadcn@latest add https://animate-ui.com/r/icons-battery-charging.json	registry:https://animate-ui.com/r/icons-battery-charging.json	free	install	react	motion	active		2026-10-08	f6b979ef91	
animateui	icons-battery-full	Battery Full Icon	icons	https://animate-ui.com/docs/icons	npx shadcn@latest add https://animate-ui.com/r/icons-battery-full.json	registry:https://animate-ui.com/r/icons-battery-full.json	free	install	react	motion	active		2026-10-08	f81034e283	
animateui	icons-battery-low	Battery Low Icon	icons	https://animate-ui.com/docs/icons	npx shadcn@latest add https://animate-ui.com/r/icons-battery-low.json	registry:https://animate-ui.com/r/icons-battery-low.json	free	install	react	motion	active		2026-10-08	1b85a8f829	
animateui	icons-battery-medium	Battery Medium Icon	icons	https://animate-ui.com/docs/icons	npx shadcn@latest add https://animate-ui.com/r/icons-battery-medium.json	registry:https://animate-ui.com/r/icons-battery-medium.json	free	install	react	motion	active		2026-10-08	7011898674	
animateui	icons-bell	Bell Icon	icons	https://animate-ui.com/docs/icons	npx shadcn@latest add https://animate-ui.com/r/icons-bell.json	registry:https://animate-ui.com/r/icons-bell.json	free	install	react	motion	active		2026-10-08	4eb34176a0	
animateui	icons-bell-off	Bell Off Icon	icons	https://animate-ui.com/docs/icons	npx shadcn@latest add https://animate-ui.com/r/icons-bell-off.json	registry:https://animate-ui.com/r/icons-bell-off.json	free	install	react	motion	active		2026-10-08	b572eec924	
animateui	icons-bell-ring	Bell Ring Icon	icons	https://animate-ui.com/docs/icons	npx shadcn@latest add https://animate-ui.com/r/icons-bell-ring.json	registry:https://animate-ui.com/r/icons-bell-ring.json	free	install	react	motion	active		2026-10-08	3770108f47	
animateui	icons-between-horizontal-end	Between Horizontal End Icon	icons	https://animate-ui.com/docs/icons	npx shadcn@latest add https://animate-ui.com/r/icons-between-horizontal-end.json	registry:https://animate-ui.com/r/icons-between-horizontal-end.json	free	install	react	motion	active		2026-10-08	ba94d84f4d	
animateui	icons-between-horizontal-start	Between Horizontal Start Icon	icons	https://animate-ui.com/docs/icons	npx shadcn@latest add https://animate-ui.com/r/icons-between-horizontal-start.json	registry:https://animate-ui.com/r/icons-between-horizontal-start.json	free	install	react	motion	active		2026-10-08	eeb9ad47a1	
animateui	icons-between-vertical-end	Between Vertical End Icon	icons	https://animate-ui.com/docs/icons	npx shadcn@latest add https://animate-ui.com/r/icons-between-vertical-end.json	registry:https://animate-ui.com/r/icons-between-vertical-end.json	free	install	react	motion	active		2026-10-08	7c0c82bf87	
animateui	icons-between-vertical-start	Between Vertical Start Icon	icons	https://animate-ui.com/docs/icons	npx shadcn@latest add https://animate-ui.com/r/icons-between-vertical-start.json	registry:https://animate-ui.com/r/icons-between-vertical-start.json	free	install	react	motion	active		2026-10-08	69fe0abeeb	
animateui	icons-binary	Binary Icon	icons	https://animate-ui.com/docs/icons	npx shadcn@latest add https://animate-ui.com/r/icons-binary.json	registry:https://animate-ui.com/r/icons-binary.json	free	install	react	motion	active		2026-10-08	13678326ea	
animateui	icons-blend	Blend Icon	icons	https://animate-ui.com/docs/icons	npx shadcn@latest add https://animate-ui.com/r/icons-blend.json	registry:https://animate-ui.com/r/icons-blend.json	free	install	react	motion	active		2026-10-08	f7fed5ee63	
animateui	icons-blocks	Blocks Icon	icons	https://animate-ui.com/docs/icons	npx shadcn@latest add https://animate-ui.com/r/icons-blocks.json	registry:https://animate-ui.com/r/icons-blocks.json	free	install	react	motion	active		2026-10-08	3aac6f8ab6	
animateui	icons-bot	Bot Icon	icons	https://animate-ui.com/docs/icons	npx shadcn@latest add https://animate-ui.com/r/icons-bot.json	registry:https://animate-ui.com/r/icons-bot.json	free	install	react	motion	active		2026-10-08	63305de932	
animateui	icons-bot-message-square	Bot Message Square Icon	icons	https://animate-ui.com/docs/icons	npx shadcn@latest add https://animate-ui.com/r/icons-bot-message-square.json	registry:https://animate-ui.com/r/icons-bot-message-square.json	free	install	react	motion	active		2026-10-08	a8897f699e	
animateui	icons-bot-off	Bot Off Icon	icons	https://animate-ui.com/docs/icons	npx shadcn@latest add https://animate-ui.com/r/icons-bot-off.json	registry:https://animate-ui.com/r/icons-bot-off.json	free	install	react	motion	active		2026-10-08	0b21600c73	
animateui	icons-brush	Brush Icon	icons	https://animate-ui.com/docs/icons	npx shadcn@latest add https://animate-ui.com/r/icons-brush.json	registry:https://animate-ui.com/r/icons-brush.json	free	install	react	motion	active		2026-10-08	94b314e9e8	
animateui	icons-brush-cleaning	Brush Cleaning Icon	icons	https://animate-ui.com/docs/icons	npx shadcn@latest add https://animate-ui.com/r/icons-brush-cleaning.json	registry:https://animate-ui.com/r/icons-brush-cleaning.json	free	install	react	motion	active		2026-10-08	812de21599	
animateui	icons-cast	Cast Icon	icons	https://animate-ui.com/docs/icons	npx shadcn@latest add https://animate-ui.com/r/icons-cast.json	registry:https://animate-ui.com/r/icons-cast.json	free	install	react	motion	active		2026-10-08	ea69e0d219	
animateui	icons-cctv	CCTV Icon	icons	https://animate-ui.com/docs/icons	npx shadcn@latest add https://animate-ui.com/r/icons-cctv.json	registry:https://animate-ui.com/r/icons-cctv.json	free	install	react	motion	active		2026-10-08	53db8791d4	
animateui	icons-chart-bar	Chart Bar Icon	icons	https://animate-ui.com/docs/icons	npx shadcn@latest add https://animate-ui.com/r/icons-chart-bar.json	registry:https://animate-ui.com/r/icons-chart-bar.json	free	install	react	motion	active		2026-10-08	c20e559ee7	
animateui	icons-chart-bar-decreasing	Chart Bar Decreasing Icon	icons	https://animate-ui.com/docs/icons	npx shadcn@latest add https://animate-ui.com/r/icons-chart-bar-decreasing.json	registry:https://animate-ui.com/r/icons-chart-bar-decreasing.json	free	install	react	motion	active		2026-10-08	46a4af2fe4	
animateui	icons-chart-bar-increasing	Chart Bar Increasing Icon	icons	https://animate-ui.com/docs/icons	npx shadcn@latest add https://animate-ui.com/r/icons-chart-bar-increasing.json	registry:https://animate-ui.com/r/icons-chart-bar-increasing.json	free	install	react	motion	active		2026-10-08	1f222e6a56	
animateui	icons-chart-column	Chart Column Icon	icons	https://animate-ui.com/docs/icons	npx shadcn@latest add https://animate-ui.com/r/icons-chart-column.json	registry:https://animate-ui.com/r/icons-chart-column.json	free	install	react	motion	active		2026-10-08	dab85ec277	
animateui	icons-chart-column-decreasing	Chart Column Decreasing Icon	icons	https://animate-ui.com/docs/icons	npx shadcn@latest add https://animate-ui.com/r/icons-chart-column-decreasing.json	registry:https://animate-ui.com/r/icons-chart-column-decreasing.json	free	install	react	motion	active		2026-10-08	cf7c5c7907	
animateui	icons-chart-column-increasing	Chart Column Increasing Icon	icons	https://animate-ui.com/docs/icons	npx shadcn@latest add https://animate-ui.com/r/icons-chart-column-increasing.json	registry:https://animate-ui.com/r/icons-chart-column-increasing.json	free	install	react	motion	active		2026-10-08	907582aa57	
animateui	icons-chart-line	Chart Line Icon	icons	https://animate-ui.com/docs/icons	npx shadcn@latest add https://animate-ui.com/r/icons-chart-line.json	registry:https://animate-ui.com/r/icons-chart-line.json	free	install	react	motion	active		2026-10-08	75f7ef1919	
animateui	icons-chart-no-axes-column	Chart No Axes Column Icon	icons	https://animate-ui.com/docs/icons	npx shadcn@latest add https://animate-ui.com/r/icons-chart-no-axes-column.json	registry:https://animate-ui.com/r/icons-chart-no-axes-column.json	free	install	react	motion	active		2026-10-08	e61ea8f4a0	
animateui	icons-chart-no-axes-column-decreasing	Chart No Axes Column Decreasing Icon	icons	https://animate-ui.com/docs/icons	npx shadcn@latest add https://animate-ui.com/r/icons-chart-no-axes-column-decreasing.json	registry:https://animate-ui.com/r/icons-chart-no-axes-column-decreasing.json	free	install	react	motion	active		2026-10-08	9c855f3ddb	
animateui	icons-chart-no-axes-column-increasing	Chart No Axes Column Increasing Icon	icons	https://animate-ui.com/docs/icons	npx shadcn@latest add https://animate-ui.com/r/icons-chart-no-axes-column-increasing.json	registry:https://animate-ui.com/r/icons-chart-no-axes-column-increasing.json	free	install	react	motion	active		2026-10-08	25a75e2bbc	
animateui	icons-chart-scatter	Chart Scatter Icon	icons	https://animate-ui.com/docs/icons	npx shadcn@latest add https://animate-ui.com/r/icons-chart-scatter.json	registry:https://animate-ui.com/r/icons-chart-scatter.json	free	install	react	motion	active		2026-10-08	89e6ba1374	
animateui	icons-chart-spline	Chart Spline Icon	icons	https://animate-ui.com/docs/icons	npx shadcn@latest add https://animate-ui.com/r/icons-chart-spline.json	registry:https://animate-ui.com/r/icons-chart-spline.json	free	install	react	motion	active		2026-10-08	503296fcab	
animateui	icons-check	Check Icon	icons	https://animate-ui.com/docs/icons	npx shadcn@latest add https://animate-ui.com/r/icons-check.json	registry:https://animate-ui.com/r/icons-check.json	free	install	react	motion	active		2026-10-08	78b3318cbe	
animateui	icons-check-check	Check Check Icon	icons	https://animate-ui.com/docs/icons	npx shadcn@latest add https://animate-ui.com/r/icons-check-check.json	registry:https://animate-ui.com/r/icons-check-check.json	free	install	react	motion	active		2026-10-08	cdd3322a64	
animateui	icons-check-line	Check Line Icon	icons	https://animate-ui.com/docs/icons	npx shadcn@latest add https://animate-ui.com/r/icons-check-line.json	registry:https://animate-ui.com/r/icons-check-line.json	free	install	react	motion	active		2026-10-08	d9df33c8ed	
animateui	icons-cherry	Cherry Icon	icons	https://animate-ui.com/docs/icons	npx shadcn@latest add https://animate-ui.com/r/icons-cherry.json	registry:https://animate-ui.com/r/icons-cherry.json	free	install	react	motion	active		2026-10-08	d1ff42f473	
animateui	icons-chevron-down	Chevron Down Icon	icons	https://animate-ui.com/docs/icons	npx shadcn@latest add https://animate-ui.com/r/icons-chevron-down.json	registry:https://animate-ui.com/r/icons-chevron-down.json	free	install	react	motion	active		2026-10-08	48bbbf8bdf	
animateui	icons-chevron-left	Chevron Left Icon	icons	https://animate-ui.com/docs/icons	npx shadcn@latest add https://animate-ui.com/r/icons-chevron-left.json	registry:https://animate-ui.com/r/icons-chevron-left.json	free	install	react	motion	active		2026-10-08	c548605d7e	
animateui	icons-chevron-left-right	Chevron Left Right Icon	icons	https://animate-ui.com/docs/icons	npx shadcn@latest add https://animate-ui.com/r/icons-chevron-left-right.json	registry:https://animate-ui.com/r/icons-chevron-left-right.json	free	install	react	motion	active		2026-10-08	6a553d601a	
animateui	icons-chevron-right	Chevron Right Icon	icons	https://animate-ui.com/docs/icons	npx shadcn@latest add https://animate-ui.com/r/icons-chevron-right.json	registry:https://animate-ui.com/r/icons-chevron-right.json	free	install	react	motion	active		2026-10-08	c1bc0ad776	
animateui	icons-chevron-up	Chevron Up Icon	icons	https://animate-ui.com/docs/icons	npx shadcn@latest add https://animate-ui.com/r/icons-chevron-up.json	registry:https://animate-ui.com/r/icons-chevron-up.json	free	install	react	motion	active		2026-10-08	b1c8840816	
animateui	icons-chevron-up-down	Chevron Up Down Icon	icons	https://animate-ui.com/docs/icons	npx shadcn@latest add https://animate-ui.com/r/icons-chevron-up-down.json	registry:https://animate-ui.com/r/icons-chevron-up-down.json	free	install	react	motion	active		2026-10-08	a41db7b06d	
animateui	icons-circle-check	Circle Check Icon	icons	https://animate-ui.com/docs/icons	npx shadcn@latest add https://animate-ui.com/r/icons-circle-check.json	registry:https://animate-ui.com/r/icons-circle-check.json	free	install	react	motion	active		2026-10-08	96c8800ef8	
animateui	icons-circle-check-big	Circle Check Big Icon	icons	https://animate-ui.com/docs/icons	npx shadcn@latest add https://animate-ui.com/r/icons-circle-check-big.json	registry:https://animate-ui.com/r/icons-circle-check-big.json	free	install	react	motion	active		2026-10-08	bc9915b9d7	
animateui	icons-circle-plus	Circle Plus Icon	icons	https://animate-ui.com/docs/icons	npx shadcn@latest add https://animate-ui.com/r/icons-circle-plus.json	registry:https://animate-ui.com/r/icons-circle-plus.json	free	install	react	motion	active		2026-10-08	34d8328984	
animateui	icons-circle-x	Circle X Icon	icons	https://animate-ui.com/docs/icons	npx shadcn@latest add https://animate-ui.com/r/icons-circle-x.json	registry:https://animate-ui.com/r/icons-circle-x.json	free	install	react	motion	active		2026-10-08	ca8e543952	
animateui	icons-circuit-board	Circuit Board Icon	icons	https://animate-ui.com/docs/icons	npx shadcn@latest add https://animate-ui.com/r/icons-circuit-board.json	registry:https://animate-ui.com/r/icons-circuit-board.json	free	install	react	motion	active		2026-10-08	6d17b06c14	
animateui	icons-clapperboard	Clapperboard Icon	icons	https://animate-ui.com/docs/icons	npx shadcn@latest add https://animate-ui.com/r/icons-clapperboard.json	registry:https://animate-ui.com/r/icons-clapperboard.json	free	install	react	motion	active		2026-10-08	cf192bf956	
animateui	icons-clipboard	Clipboard Icon	icons	https://animate-ui.com/docs/icons	npx shadcn@latest add https://animate-ui.com/r/icons-clipboard.json	registry:https://animate-ui.com/r/icons-clipboard.json	free	install	react	motion	active		2026-10-08	e9f27e3396	
animateui	icons-clipboard-check	Clipboard Check Icon	icons	https://animate-ui.com/docs/icons	npx shadcn@latest add https://animate-ui.com/r/icons-clipboard-check.json	registry:https://animate-ui.com/r/icons-clipboard-check.json	free	install	react	motion	active		2026-10-08	910f551654	
animateui	icons-clipboard-list	Clipboard List Icon	icons	https://animate-ui.com/docs/icons	npx shadcn@latest add https://animate-ui.com/r/icons-clipboard-list.json	registry:https://animate-ui.com/r/icons-clipboard-list.json	free	install	react	motion	active		2026-10-08	f66351e1d0	
animateui	icons-clock	Clock Icon	icons	https://animate-ui.com/docs/icons	npx shadcn@latest add https://animate-ui.com/r/icons-clock.json	registry:https://animate-ui.com/r/icons-clock.json	free	install	react	motion	active		2026-10-08	39089307bb	
animateui	icons-clock-1	Clock 1 Icon	icons	https://animate-ui.com/docs/icons	npx shadcn@latest add https://animate-ui.com/r/icons-clock-1.json	registry:https://animate-ui.com/r/icons-clock-1.json	free	install	react	motion	active		2026-10-08	8f1dc70dab	
animateui	icons-clock-10	Clock 10 Icon	icons	https://animate-ui.com/docs/icons	npx shadcn@latest add https://animate-ui.com/r/icons-clock-10.json	registry:https://animate-ui.com/r/icons-clock-10.json	free	install	react	motion	active		2026-10-08	1458ed903a	
animateui	icons-clock-11	Clock 11 Icon	icons	https://animate-ui.com/docs/icons	npx shadcn@latest add https://animate-ui.com/r/icons-clock-11.json	registry:https://animate-ui.com/r/icons-clock-11.json	free	install	react	motion	active		2026-10-08	beb0310c2d	
animateui	icons-clock-12	Clock 12 Icon	icons	https://animate-ui.com/docs/icons	npx shadcn@latest add https://animate-ui.com/r/icons-clock-12.json	registry:https://animate-ui.com/r/icons-clock-12.json	free	install	react	motion	active		2026-10-08	06dcf90fe4	
animateui	icons-clock-2	Clock 2 Icon	icons	https://animate-ui.com/docs/icons	npx shadcn@latest add https://animate-ui.com/r/icons-clock-2.json	registry:https://animate-ui.com/r/icons-clock-2.json	free	install	react	motion	active		2026-10-08	f9d327ca1f	
animateui	icons-clock-3	Clock 3 Icon	icons	https://animate-ui.com/docs/icons	npx shadcn@latest add https://animate-ui.com/r/icons-clock-3.json	registry:https://animate-ui.com/r/icons-clock-3.json	free	install	react	motion	active		2026-10-08	c0c2263782	
animateui	icons-clock-4	Clock 4 Icon	icons	https://animate-ui.com/docs/icons	npx shadcn@latest add https://animate-ui.com/r/icons-clock-4.json	registry:https://animate-ui.com/r/icons-clock-4.json	free	install	react	motion	active		2026-10-08	9bed5eb737	
animateui	icons-clock-5	Clock 5 Icon	icons	https://animate-ui.com/docs/icons	npx shadcn@latest add https://animate-ui.com/r/icons-clock-5.json	registry:https://animate-ui.com/r/icons-clock-5.json	free	install	react	motion	active		2026-10-08	cfe8433916	
animateui	icons-clock-6	Clock 6 Icon	icons	https://animate-ui.com/docs/icons	npx shadcn@latest add https://animate-ui.com/r/icons-clock-6.json	registry:https://animate-ui.com/r/icons-clock-6.json	free	install	react	motion	active		2026-10-08	095f348ef4	
animateui	icons-clock-7	Clock 7 Icon	icons	https://animate-ui.com/docs/icons	npx shadcn@latest add https://animate-ui.com/r/icons-clock-7.json	registry:https://animate-ui.com/r/icons-clock-7.json	free	install	react	motion	active		2026-10-08	385be838a5	
animateui	icons-clock-8	Clock 8 Icon	icons	https://animate-ui.com/docs/icons	npx shadcn@latest add https://animate-ui.com/r/icons-clock-8.json	registry:https://animate-ui.com/r/icons-clock-8.json	free	install	react	motion	active		2026-10-08	87c0196f66	
animateui	icons-clock-9	Clock 9 Icon	icons	https://animate-ui.com/docs/icons	npx shadcn@latest add https://animate-ui.com/r/icons-clock-9.json	registry:https://animate-ui.com/r/icons-clock-9.json	free	install	react	motion	active		2026-10-08	087ade3b14	
animateui	icons-cloud-download	Cloud Download Icon	icons	https://animate-ui.com/docs/icons	npx shadcn@latest add https://animate-ui.com/r/icons-cloud-download.json	registry:https://animate-ui.com/r/icons-cloud-download.json	free	install	react	motion	active		2026-10-08	f34c60e32e	
animateui	icons-cloud-drizzle	Cloud Drizzle Icon	icons	https://animate-ui.com/docs/icons	npx shadcn@latest add https://animate-ui.com/r/icons-cloud-drizzle.json	registry:https://animate-ui.com/r/icons-cloud-drizzle.json	free	install	react	motion	active		2026-10-08	1d0a93d6d8	
animateui	icons-cloud-hail	Cloud Hail Icon	icons	https://animate-ui.com/docs/icons	npx shadcn@latest add https://animate-ui.com/r/icons-cloud-hail.json	registry:https://animate-ui.com/r/icons-cloud-hail.json	free	install	react	motion	active		2026-10-08	0e7515dd6b	
animateui	icons-cloud-lightning	Cloud Lightning Icon	icons	https://animate-ui.com/docs/icons	npx shadcn@latest add https://animate-ui.com/r/icons-cloud-lightning.json	registry:https://animate-ui.com/r/icons-cloud-lightning.json	free	install	react	motion	active		2026-10-08	8140112e76	
animateui	icons-cloud-moon	Cloud Moon Icon	icons	https://animate-ui.com/docs/icons	npx shadcn@latest add https://animate-ui.com/r/icons-cloud-moon.json	registry:https://animate-ui.com/r/icons-cloud-moon.json	free	install	react	motion	active		2026-10-08	a7b4e0e6f7	
animateui	icons-cloud-moon-rain	Cloud Moon Rain Icon	icons	https://animate-ui.com/docs/icons	npx shadcn@latest add https://animate-ui.com/r/icons-cloud-moon-rain.json	registry:https://animate-ui.com/r/icons-cloud-moon-rain.json	free	install	react	motion	active		2026-10-08	d308239e7e	
animateui	icons-cloud-rain	Cloud Rain Icon	icons	https://animate-ui.com/docs/icons	npx shadcn@latest add https://animate-ui.com/r/icons-cloud-rain.json	registry:https://animate-ui.com/r/icons-cloud-rain.json	free	install	react	motion	active		2026-10-08	d70605875d	
animateui	icons-cloud-rain-wind	Cloud Rain Wind Icon	icons	https://animate-ui.com/docs/icons	npx shadcn@latest add https://animate-ui.com/r/icons-cloud-rain-wind.json	registry:https://animate-ui.com/r/icons-cloud-rain-wind.json	free	install	react	motion	active		2026-10-08	cac5618693	
animateui	icons-cloud-snow	Cloud Snow Icon	icons	https://animate-ui.com/docs/icons	npx shadcn@latest add https://animate-ui.com/r/icons-cloud-snow.json	registry:https://animate-ui.com/r/icons-cloud-snow.json	free	install	react	motion	active		2026-10-08	b83349cb8f	
animateui	icons-cloud-sun	Cloud Sun Icon	icons	https://animate-ui.com/docs/icons	npx shadcn@latest add https://animate-ui.com/r/icons-cloud-sun.json	registry:https://animate-ui.com/r/icons-cloud-sun.json	free	install	react	motion	active		2026-10-08	29fde13b72	
animateui	icons-cloud-sun-rain	Cloud Sun Rain Icon	icons	https://animate-ui.com/docs/icons	npx shadcn@latest add https://animate-ui.com/r/icons-cloud-sun-rain.json	registry:https://animate-ui.com/r/icons-cloud-sun-rain.json	free	install	react	motion	active		2026-10-08	d95a48559c	
animateui	icons-cloud-upload	Cloud Upload Icon	icons	https://animate-ui.com/docs/icons	npx shadcn@latest add https://animate-ui.com/r/icons-cloud-upload.json	registry:https://animate-ui.com/r/icons-cloud-upload.json	free	install	react	motion	active		2026-10-08	166c21ec81	
animateui	icons-cog	Cog Icon	icons	https://animate-ui.com/docs/icons	npx shadcn@latest add https://animate-ui.com/r/icons-cog.json	registry:https://animate-ui.com/r/icons-cog.json	free	install	react	motion	active		2026-10-08	08feacea0e	
animateui	icons-compass	Compass Icon	icons	https://animate-ui.com/docs/icons	npx shadcn@latest add https://animate-ui.com/r/icons-compass.json	registry:https://animate-ui.com/r/icons-compass.json	free	install	react	motion	active		2026-10-08	e9ff935a0b	
animateui	icons-contrast	Contrast Icon	icons	https://animate-ui.com/docs/icons	npx shadcn@latest add https://animate-ui.com/r/icons-contrast.json	registry:https://animate-ui.com/r/icons-contrast.json	free	install	react	motion	active		2026-10-08	e995dc2f62	
animateui	icons-copy	Copy Icon	icons	https://animate-ui.com/docs/icons	npx shadcn@latest add https://animate-ui.com/r/icons-copy.json	registry:https://animate-ui.com/r/icons-copy.json	free	install	react	motion	active		2026-10-08	a8ad869fff	
animateui	icons-crop	Crop Icon	icons	https://animate-ui.com/docs/icons	npx shadcn@latest add https://animate-ui.com/r/icons-crop.json	registry:https://animate-ui.com/r/icons-crop.json	free	install	react	motion	active		2026-10-08	7997ef34f8	
animateui	icons-cross	Cross Icon	icons	https://animate-ui.com/docs/icons	npx shadcn@latest add https://animate-ui.com/r/icons-cross.json	registry:https://animate-ui.com/r/icons-cross.json	free	install	react	motion	active		2026-10-08	ea44b28b34	
animateui	icons-disc-3	Disc 3 Icon	icons	https://animate-ui.com/docs/icons	npx shadcn@latest add https://animate-ui.com/r/icons-disc-3.json	registry:https://animate-ui.com/r/icons-disc-3.json	free	install	react	motion	active		2026-10-08	76fd2ff8ca	
animateui	icons-download	Download Icon	icons	https://animate-ui.com/docs/icons	npx shadcn@latest add https://animate-ui.com/r/icons-download.json	registry:https://animate-ui.com/r/icons-download.json	free	install	react	motion	active		2026-10-08	ffed7f5446	
animateui	icons-ellipsis	Ellipsis Icon	icons	https://animate-ui.com/docs/icons	npx shadcn@latest add https://animate-ui.com/r/icons-ellipsis.json	registry:https://animate-ui.com/r/icons-ellipsis.json	free	install	react	motion	active		2026-10-08	404f82d623	
animateui	icons-ellipsis-vertical	Ellipsis Vertical Icon	icons	https://animate-ui.com/docs/icons	npx shadcn@latest add https://animate-ui.com/r/icons-ellipsis-vertical.json	registry:https://animate-ui.com/r/icons-ellipsis-vertical.json	free	install	react	motion	active		2026-10-08	7a2ede9ddb	
animateui	icons-equal-not	Equal Not Icon	icons	https://animate-ui.com/docs/icons	npx shadcn@latest add https://animate-ui.com/r/icons-equal-not.json	registry:https://animate-ui.com/r/icons-equal-not.json	free	install	react	motion	active		2026-10-08	6f5299ae98	
animateui	icons-ev-charger	EV Charger Icon	icons	https://animate-ui.com/docs/icons	npx shadcn@latest add https://animate-ui.com/r/icons-ev-charger.json	registry:https://animate-ui.com/r/icons-ev-charger.json	free	install	react	motion	active		2026-10-08	167659e93a	
animateui	icons-expand	Expand Icon	icons	https://animate-ui.com/docs/icons	npx shadcn@latest add https://animate-ui.com/r/icons-expand.json	registry:https://animate-ui.com/r/icons-expand.json	free	install	react	motion	active		2026-10-08	8f643b359a	
animateui	icons-external-link	External Link Icon	icons	https://animate-ui.com/docs/icons	npx shadcn@latest add https://animate-ui.com/r/icons-external-link.json	registry:https://animate-ui.com/r/icons-external-link.json	free	install	react	motion	active		2026-10-08	ab683a73c6	
animateui	icons-fan	Fan Icon	icons	https://animate-ui.com/docs/icons	npx shadcn@latest add https://animate-ui.com/r/icons-fan.json	registry:https://animate-ui.com/r/icons-fan.json	free	install	react	motion	active		2026-10-08	2826c39299	
animateui	icons-fingerprint	Fingerprint Icon	icons	https://animate-ui.com/docs/icons	npx shadcn@latest add https://animate-ui.com/r/icons-fingerprint.json	registry:https://animate-ui.com/r/icons-fingerprint.json	free	install	react	motion	active		2026-10-08	aa538d9453	
animateui	icons-forklift	Forklift Icon	icons	https://animate-ui.com/docs/icons	npx shadcn@latest add https://animate-ui.com/r/icons-forklift.json	registry:https://animate-ui.com/r/icons-forklift.json	free	install	react	motion	active		2026-10-08	d62774b8d6	
animateui	icons-frame	Frame Icon	icons	https://animate-ui.com/docs/icons	npx shadcn@latest add https://animate-ui.com/r/icons-frame.json	registry:https://animate-ui.com/r/icons-frame.json	free	install	react	motion	active		2026-10-08	1a36f8a85f	
animateui	icons-gallery-horizontal	Gallery Horizontal Icon	icons	https://animate-ui.com/docs/icons	npx shadcn@latest add https://animate-ui.com/r/icons-gallery-horizontal.json	registry:https://animate-ui.com/r/icons-gallery-horizontal.json	free	install	react	motion	active		2026-10-08	97369cfe97	
animateui	icons-gallery-horizontal-end	Gallery Horizontal End Icon	icons	https://animate-ui.com/docs/icons	npx shadcn@latest add https://animate-ui.com/r/icons-gallery-horizontal-end.json	registry:https://animate-ui.com/r/icons-gallery-horizontal-end.json	free	install	react	motion	active		2026-10-08	130296603a	
animateui	icons-gallery-vertical	Gallery Vertical Icon	icons	https://animate-ui.com/docs/icons	npx shadcn@latest add https://animate-ui.com/r/icons-gallery-vertical.json	registry:https://animate-ui.com/r/icons-gallery-vertical.json	free	install	react	motion	active		2026-10-08	dfbb7612e7	
animateui	icons-gallery-vertical-end	Gallery Vertical End Icon	icons	https://animate-ui.com/docs/icons	npx shadcn@latest add https://animate-ui.com/r/icons-gallery-vertical-end.json	registry:https://animate-ui.com/r/icons-gallery-vertical-end.json	free	install	react	motion	active		2026-10-08	29eeaf776e	
animateui	icons-gauge	Gauge Icon	icons	https://animate-ui.com/docs/icons	npx shadcn@latest add https://animate-ui.com/r/icons-gauge.json	registry:https://animate-ui.com/r/icons-gauge.json	free	install	react	motion	active		2026-10-08	177b114ab3	
animateui	icons-gavel	Gavel Icon	icons	https://animate-ui.com/docs/icons	npx shadcn@latest add https://animate-ui.com/r/icons-gavel.json	registry:https://animate-ui.com/r/icons-gavel.json	free	install	react	motion	active		2026-10-08	defad2274a	
animateui	icons-hammer	Hammer Icon	icons	https://animate-ui.com/docs/icons	npx shadcn@latest add https://animate-ui.com/r/icons-hammer.json	registry:https://animate-ui.com/r/icons-hammer.json	free	install	react	motion	active		2026-10-08	456653b218	
animateui	icons-heart	Heart Icon	icons	https://animate-ui.com/docs/icons	npx shadcn@latest add https://animate-ui.com/r/icons-heart.json	registry:https://animate-ui.com/r/icons-heart.json	free	install	react	motion	active		2026-10-08	2515ae8abd	
animateui	icons-house-wifi	House Wifi Icon	icons	https://animate-ui.com/docs/icons	npx shadcn@latest add https://animate-ui.com/r/icons-house-wifi.json	registry:https://animate-ui.com/r/icons-house-wifi.json	free	install	react	motion	active		2026-10-08	362962be1f	
animateui	icons-icon	Icon	icons	https://animate-ui.com/docs/icons	npx shadcn@latest add https://animate-ui.com/r/icons-icon.json	registry:https://animate-ui.com/r/icons-icon.json	free	install	react	motion	active		2026-10-08	130fbf8457	
animateui	icons-kanban	Kanban Icon	icons	https://animate-ui.com/docs/icons	npx shadcn@latest add https://animate-ui.com/r/icons-kanban.json	registry:https://animate-ui.com/r/icons-kanban.json	free	install	react	motion	active		2026-10-08	8fc69844d5	
animateui	icons-key	Key Icon	icons	https://animate-ui.com/docs/icons	npx shadcn@latest add https://animate-ui.com/r/icons-key.json	registry:https://animate-ui.com/r/icons-key.json	free	install	react	motion	active		2026-10-08	42497c422c	
animateui	icons-layers	Layers Icon	icons	https://animate-ui.com/docs/icons	npx shadcn@latest add https://animate-ui.com/r/icons-layers.json	registry:https://animate-ui.com/r/icons-layers.json	free	install	react	motion	active		2026-10-08	8795627565	
animateui	icons-layers-2	Layers 2 Icon	icons	https://animate-ui.com/docs/icons	npx shadcn@latest add https://animate-ui.com/r/icons-layers-2.json	registry:https://animate-ui.com/r/icons-layers-2.json	free	install	react	motion	active		2026-10-08	281a85134b	
animateui	icons-layout-dashboard	Layout Dashboard Icon	icons	https://animate-ui.com/docs/icons	npx shadcn@latest add https://animate-ui.com/r/icons-layout-dashboard.json	registry:https://animate-ui.com/r/icons-layout-dashboard.json	free	install	react	motion	active		2026-10-08	b3d3bae61a	
animateui	icons-lightbulb	Lightbulb Icon	icons	https://animate-ui.com/docs/icons	npx shadcn@latest add https://animate-ui.com/r/icons-lightbulb.json	registry:https://animate-ui.com/r/icons-lightbulb.json	free	install	react	motion	active		2026-10-08	48a4d82b20	
animateui	icons-lightbulb-off	Lightbulb Off Icon	icons	https://animate-ui.com/docs/icons	npx shadcn@latest add https://animate-ui.com/r/icons-lightbulb-off.json	registry:https://animate-ui.com/r/icons-lightbulb-off.json	free	install	react	motion	active		2026-10-08	511e32b485	
animateui	icons-link	Link Icon	icons	https://animate-ui.com/docs/icons	npx shadcn@latest add https://animate-ui.com/r/icons-link.json	registry:https://animate-ui.com/r/icons-link.json	free	install	react	motion	active		2026-10-08	4b0678f335	
animateui	icons-link-2	Link 2 Icon	icons	https://animate-ui.com/docs/icons	npx shadcn@latest add https://animate-ui.com/r/icons-link-2.json	registry:https://animate-ui.com/r/icons-link-2.json	free	install	react	motion	active		2026-10-08	ae98ccf3f0	
animateui	icons-list	List Icon	icons	https://animate-ui.com/docs/icons	npx shadcn@latest add https://animate-ui.com/r/icons-list.json	registry:https://animate-ui.com/r/icons-list.json	free	install	react	motion	active		2026-10-08	17695057c1	
animateui	icons-loader	Loader Icon	icons	https://animate-ui.com/docs/icons	npx shadcn@latest add https://animate-ui.com/r/icons-loader.json	registry:https://animate-ui.com/r/icons-loader.json	free	install	react	motion	active		2026-10-08	1286312d8c	
animateui	icons-loader-circle	Loader Circle Icon	icons	https://animate-ui.com/docs/icons	npx shadcn@latest add https://animate-ui.com/r/icons-loader-circle.json	registry:https://animate-ui.com/r/icons-loader-circle.json	free	install	react	motion	active		2026-10-08	baa38dc0e6	
animateui	icons-loader-pinwheel	Loader Pinwheel Icon	icons	https://animate-ui.com/docs/icons	npx shadcn@latest add https://animate-ui.com/r/icons-loader-pinwheel.json	registry:https://animate-ui.com/r/icons-loader-pinwheel.json	free	install	react	motion	active		2026-10-08	d6e6c0a161	
animateui	icons-lock	Lock Icon	icons	https://animate-ui.com/docs/icons	npx shadcn@latest add https://animate-ui.com/r/icons-lock.json	registry:https://animate-ui.com/r/icons-lock.json	free	install	react	motion	active		2026-10-08	9080630282	
animateui	icons-lock-keyhole	Lock Keyhole Icon	icons	https://animate-ui.com/docs/icons	npx shadcn@latest add https://animate-ui.com/r/icons-lock-keyhole.json	registry:https://animate-ui.com/r/icons-lock-keyhole.json	free	install	react	motion	active		2026-10-08	33506735a8	
animateui	icons-lock-keyhole-open	Lock Keyhole Open Icon	icons	https://animate-ui.com/docs/icons	npx shadcn@latest add https://animate-ui.com/r/icons-lock-keyhole-open.json	registry:https://animate-ui.com/r/icons-lock-keyhole-open.json	free	install	react	motion	active		2026-10-08	8eadc7e5ed	
animateui	icons-lock-open	Lock Open Icon	icons	https://animate-ui.com/docs/icons	npx shadcn@latest add https://animate-ui.com/r/icons-lock-open.json	registry:https://animate-ui.com/r/icons-lock-open.json	free	install	react	motion	active		2026-10-08	2e6d6e6205	
animateui	icons-log-in	Log In Icon	icons	https://animate-ui.com/docs/icons	npx shadcn@latest add https://animate-ui.com/r/icons-log-in.json	registry:https://animate-ui.com/r/icons-log-in.json	free	install	react	motion	active		2026-10-08	a6f375ded6	
animateui	icons-log-out	Log Out Icon	icons	https://animate-ui.com/docs/icons	npx shadcn@latest add https://animate-ui.com/r/icons-log-out.json	registry:https://animate-ui.com/r/icons-log-out.json	free	install	react	motion	active		2026-10-08	41ed3f67a2	
animateui	icons-map-pin	Map Pin Icon	icons	https://animate-ui.com/docs/icons	npx shadcn@latest add https://animate-ui.com/r/icons-map-pin.json	registry:https://animate-ui.com/r/icons-map-pin.json	free	install	react	motion	active		2026-10-08	d9b62a3240	
animateui	icons-map-pin-off	Map Pin Off Icon	icons	https://animate-ui.com/docs/icons	npx shadcn@latest add https://animate-ui.com/r/icons-map-pin-off.json	registry:https://animate-ui.com/r/icons-map-pin-off.json	free	install	react	motion	active		2026-10-08	e72233ab97	
animateui	icons-maximize	Maximize Icon	icons	https://animate-ui.com/docs/icons	npx shadcn@latest add https://animate-ui.com/r/icons-maximize.json	registry:https://animate-ui.com/r/icons-maximize.json	free	install	react	motion	active		2026-10-08	121271c5a9	
animateui	icons-menu	Menu Icon	icons	https://animate-ui.com/docs/icons	npx shadcn@latest add https://animate-ui.com/r/icons-menu.json	registry:https://animate-ui.com/r/icons-menu.json	free	install	react	motion	active		2026-10-08	17ea3a09c3	
animateui	icons-message-circle	Message Circle Icon	icons	https://animate-ui.com/docs/icons	npx shadcn@latest add https://animate-ui.com/r/icons-message-circle.json	registry:https://animate-ui.com/r/icons-message-circle.json	free	install	react	motion	active		2026-10-08	07076a3a8f	
animateui	icons-message-circle-code	Message Circle Code Icon	icons	https://animate-ui.com/docs/icons	npx shadcn@latest add https://animate-ui.com/r/icons-message-circle-code.json	registry:https://animate-ui.com/r/icons-message-circle-code.json	free	install	react	motion	active		2026-10-08	7822d717b1	
animateui	icons-message-circle-dashed	Message Circle Dashed Icon	icons	https://animate-ui.com/docs/icons	npx shadcn@latest add https://animate-ui.com/r/icons-message-circle-dashed.json	registry:https://animate-ui.com/r/icons-message-circle-dashed.json	free	install	react	motion	active		2026-10-08	861d8a289c	
animateui	icons-message-circle-heart	Message Circle Heart Icon	icons	https://animate-ui.com/docs/icons	npx shadcn@latest add https://animate-ui.com/r/icons-message-circle-heart.json	registry:https://animate-ui.com/r/icons-message-circle-heart.json	free	install	react	motion	active		2026-10-08	6c5cf52092	
animateui	icons-message-circle-more	Message Circle More Icon	icons	https://animate-ui.com/docs/icons	npx shadcn@latest add https://animate-ui.com/r/icons-message-circle-more.json	registry:https://animate-ui.com/r/icons-message-circle-more.json	free	install	react	motion	active		2026-10-08	df44e96c14	
animateui	icons-message-circle-off	Message Circle Off Icon	icons	https://animate-ui.com/docs/icons	npx shadcn@latest add https://animate-ui.com/r/icons-message-circle-off.json	registry:https://animate-ui.com/r/icons-message-circle-off.json	free	install	react	motion	active		2026-10-08	c4c7dbacb6	
animateui	icons-message-circle-plus	Message Circle Plus Icon	icons	https://animate-ui.com/docs/icons	npx shadcn@latest add https://animate-ui.com/r/icons-message-circle-plus.json	registry:https://animate-ui.com/r/icons-message-circle-plus.json	free	install	react	motion	active		2026-10-08	c87fb8cf60	
animateui	icons-message-circle-question	Message Circle Question Icon	icons	https://animate-ui.com/docs/icons	npx shadcn@latest add https://animate-ui.com/r/icons-message-circle-question.json	registry:https://animate-ui.com/r/icons-message-circle-question.json	free	install	react	motion	active		2026-10-08	0385279def	
animateui	icons-message-circle-warning	Message Circle Warning Icon	icons	https://animate-ui.com/docs/icons	npx shadcn@latest add https://animate-ui.com/r/icons-message-circle-warning.json	registry:https://animate-ui.com/r/icons-message-circle-warning.json	free	install	react	motion	active		2026-10-08	540c44440b	
animateui	icons-message-circle-x	Message Circle X Icon	icons	https://animate-ui.com/docs/icons	npx shadcn@latest add https://animate-ui.com/r/icons-message-circle-x.json	registry:https://animate-ui.com/r/icons-message-circle-x.json	free	install	react	motion	active		2026-10-08	5b5fb55045	
animateui	icons-message-square	Message Square Icon	icons	https://animate-ui.com/docs/icons	npx shadcn@latest add https://animate-ui.com/r/icons-message-square.json	registry:https://animate-ui.com/r/icons-message-square.json	free	install	react	motion	active		2026-10-08	cc226c063f	
animateui	icons-message-square-code	Message Square Code Icon	icons	https://animate-ui.com/docs/icons	npx shadcn@latest add https://animate-ui.com/r/icons-message-square-code.json	registry:https://animate-ui.com/r/icons-message-square-code.json	free	install	react	motion	active		2026-10-08	a505d495c8	
animateui	icons-message-square-dashed	Message Square Dashed Icon	icons	https://animate-ui.com/docs/icons	npx shadcn@latest add https://animate-ui.com/r/icons-message-square-dashed.json	registry:https://animate-ui.com/r/icons-message-square-dashed.json	free	install	react	motion	active		2026-10-08	6179df835f	
animateui	icons-message-square-diff	Message Square Diff Icon	icons	https://animate-ui.com/docs/icons	npx shadcn@latest add https://animate-ui.com/r/icons-message-square-diff.json	registry:https://animate-ui.com/r/icons-message-square-diff.json	free	install	react	motion	active		2026-10-08	40b60b9479	
animateui	icons-message-square-dot	Message Square Dot Icon	icons	https://animate-ui.com/docs/icons	npx shadcn@latest add https://animate-ui.com/r/icons-message-square-dot.json	registry:https://animate-ui.com/r/icons-message-square-dot.json	free	install	react	motion	active		2026-10-08	c57736bb2b	
animateui	icons-message-square-heart	Message Square Heart Icon	icons	https://animate-ui.com/docs/icons	npx shadcn@latest add https://animate-ui.com/r/icons-message-square-heart.json	registry:https://animate-ui.com/r/icons-message-square-heart.json	free	install	react	motion	active		2026-10-08	722d3a7e2a	
animateui	icons-message-square-more	Message Square More Icon	icons	https://animate-ui.com/docs/icons	npx shadcn@latest add https://animate-ui.com/r/icons-message-square-more.json	registry:https://animate-ui.com/r/icons-message-square-more.json	free	install	react	motion	active		2026-10-08	f1a7d393bd	
animateui	icons-message-square-off	Message Square Off Icon	icons	https://animate-ui.com/docs/icons	npx shadcn@latest add https://animate-ui.com/r/icons-message-square-off.json	registry:https://animate-ui.com/r/icons-message-square-off.json	free	install	react	motion	active		2026-10-08	9f36bf2960	
animateui	icons-message-square-plus	Message Square Plus Icon	icons	https://animate-ui.com/docs/icons	npx shadcn@latest add https://animate-ui.com/r/icons-message-square-plus.json	registry:https://animate-ui.com/r/icons-message-square-plus.json	free	install	react	motion	active		2026-10-08	34c7b9507b	
animateui	icons-message-square-quote	Message Square Quote Icon	icons	https://animate-ui.com/docs/icons	npx shadcn@latest add https://animate-ui.com/r/icons-message-square-quote.json	registry:https://animate-ui.com/r/icons-message-square-quote.json	free	install	react	motion	active		2026-10-08	108fa28cfc	
animateui	icons-message-square-share	Message Square Share Icon	icons	https://animate-ui.com/docs/icons	npx shadcn@latest add https://animate-ui.com/r/icons-message-square-share.json	registry:https://animate-ui.com/r/icons-message-square-share.json	free	install	react	motion	active		2026-10-08	dadc231f48	
animateui	icons-message-square-text	Message Square Text Icon	icons	https://animate-ui.com/docs/icons	npx shadcn@latest add https://animate-ui.com/r/icons-message-square-text.json	registry:https://animate-ui.com/r/icons-message-square-text.json	free	install	react	motion	active		2026-10-08	2afd402c0a	
animateui	icons-message-square-warning	Message Square Warning Icon	icons	https://animate-ui.com/docs/icons	npx shadcn@latest add https://animate-ui.com/r/icons-message-square-warning.json	registry:https://animate-ui.com/r/icons-message-square-warning.json	free	install	react	motion	active		2026-10-08	3b06971936	
animateui	icons-message-square-x	Message Square X Icon	icons	https://animate-ui.com/docs/icons	npx shadcn@latest add https://animate-ui.com/r/icons-message-square-x.json	registry:https://animate-ui.com/r/icons-message-square-x.json	free	install	react	motion	active		2026-10-08	584cff21f0	
animateui	icons-minimize	Minimize Icon	icons	https://animate-ui.com/docs/icons	npx shadcn@latest add https://animate-ui.com/r/icons-minimize.json	registry:https://animate-ui.com/r/icons-minimize.json	free	install	react	motion	active		2026-10-08	8c051613a5	
animateui	icons-moon	Moon Icon	icons	https://animate-ui.com/docs/icons	npx shadcn@latest add https://animate-ui.com/r/icons-moon.json	registry:https://animate-ui.com/r/icons-moon.json	free	install	react	motion	active		2026-10-08	76957df737	
animateui	icons-moon-star	Moon Star Icon	icons	https://animate-ui.com/docs/icons	npx shadcn@latest add https://animate-ui.com/r/icons-moon-star.json	registry:https://animate-ui.com/r/icons-moon-star.json	free	install	react	motion	active		2026-10-08	289bbdc9bf	
animateui	icons-move-down	Move Down Icon	icons	https://animate-ui.com/docs/icons	npx shadcn@latest add https://animate-ui.com/r/icons-move-down.json	registry:https://animate-ui.com/r/icons-move-down.json	free	install	react	motion	active		2026-10-08	07d3c2559e	
animateui	icons-move-left	Move Left Icon	icons	https://animate-ui.com/docs/icons	npx shadcn@latest add https://animate-ui.com/r/icons-move-left.json	registry:https://animate-ui.com/r/icons-move-left.json	free	install	react	motion	active		2026-10-08	54cd683cf7	
animateui	icons-move-right	Move Right Icon	icons	https://animate-ui.com/docs/icons	npx shadcn@latest add https://animate-ui.com/r/icons-move-right.json	registry:https://animate-ui.com/r/icons-move-right.json	free	install	react	motion	active		2026-10-08	96d3392c28	
animateui	icons-move-up	Move Up Icon	icons	https://animate-ui.com/docs/icons	npx shadcn@latest add https://animate-ui.com/r/icons-move-up.json	registry:https://animate-ui.com/r/icons-move-up.json	free	install	react	motion	active		2026-10-08	66bbdbd05b	
animateui	icons-nfc	Nfc Icon	icons	https://animate-ui.com/docs/icons	npx shadcn@latest add https://animate-ui.com/r/icons-nfc.json	registry:https://animate-ui.com/r/icons-nfc.json	free	install	react	motion	active		2026-10-08	2f24ed84b0	
animateui	icons-orbit	Orbit Icon	icons	https://animate-ui.com/docs/icons	npx shadcn@latest add https://animate-ui.com/r/icons-orbit.json	registry:https://animate-ui.com/r/icons-orbit.json	free	install	react	motion	active		2026-10-08	00e244649d	
animateui	icons-paintbrush	Paintbrush Icon	icons	https://animate-ui.com/docs/icons	npx shadcn@latest add https://animate-ui.com/r/icons-paintbrush.json	registry:https://animate-ui.com/r/icons-paintbrush.json	free	install	react	motion	active		2026-10-08	c1743c537c	
animateui	icons-panel-bottom	Panel Bottom Icon	icons	https://animate-ui.com/docs/icons	npx shadcn@latest add https://animate-ui.com/r/icons-panel-bottom.json	registry:https://animate-ui.com/r/icons-panel-bottom.json	free	install	react	motion	active		2026-10-08	6c521632b6	
animateui	icons-panel-bottom-close	Panel Bottom Close Icon	icons	https://animate-ui.com/docs/icons	npx shadcn@latest add https://animate-ui.com/r/icons-panel-bottom-close.json	registry:https://animate-ui.com/r/icons-panel-bottom-close.json	free	install	react	motion	active		2026-10-08	2b21d61294	
animateui	icons-panel-bottom-open	Panel Bottom Open Icon	icons	https://animate-ui.com/docs/icons	npx shadcn@latest add https://animate-ui.com/r/icons-panel-bottom-open.json	registry:https://animate-ui.com/r/icons-panel-bottom-open.json	free	install	react	motion	active		2026-10-08	8097bab380	
animateui	icons-panel-left	Panel Left Icon	icons	https://animate-ui.com/docs/icons	npx shadcn@latest add https://animate-ui.com/r/icons-panel-left.json	registry:https://animate-ui.com/r/icons-panel-left.json	free	install	react	motion	active		2026-10-08	34acd832a1	
animateui	icons-panel-left-close	Panel Left Close Icon	icons	https://animate-ui.com/docs/icons	npx shadcn@latest add https://animate-ui.com/r/icons-panel-left-close.json	registry:https://animate-ui.com/r/icons-panel-left-close.json	free	install	react	motion	active		2026-10-08	1cdcdd18fe	
animateui	icons-panel-left-open	Panel Left Open Icon	icons	https://animate-ui.com/docs/icons	npx shadcn@latest add https://animate-ui.com/r/icons-panel-left-open.json	registry:https://animate-ui.com/r/icons-panel-left-open.json	free	install	react	motion	active		2026-10-08	4c651338f2	
animateui	icons-panel-right	Panel Right Icon	icons	https://animate-ui.com/docs/icons	npx shadcn@latest add https://animate-ui.com/r/icons-panel-right.json	registry:https://animate-ui.com/r/icons-panel-right.json	free	install	react	motion	active		2026-10-08	d17b09c70b	
animateui	icons-panel-right-close	Panel Right Close Icon	icons	https://animate-ui.com/docs/icons	npx shadcn@latest add https://animate-ui.com/r/icons-panel-right-close.json	registry:https://animate-ui.com/r/icons-panel-right-close.json	free	install	react	motion	active		2026-10-08	f37f11b935	
animateui	icons-panel-right-open	Panel Right Open Icon	icons	https://animate-ui.com/docs/icons	npx shadcn@latest add https://animate-ui.com/r/icons-panel-right-open.json	registry:https://animate-ui.com/r/icons-panel-right-open.json	free	install	react	motion	active		2026-10-08	5e7fa48b12	
animateui	icons-panel-top	Panel Top Icon	icons	https://animate-ui.com/docs/icons	npx shadcn@latest add https://animate-ui.com/r/icons-panel-top.json	registry:https://animate-ui.com/r/icons-panel-top.json	free	install	react	motion	active		2026-10-08	71ff37105e	
animateui	icons-panel-top-close	Panel Top Close Icon	icons	https://animate-ui.com/docs/icons	npx shadcn@latest add https://animate-ui.com/r/icons-panel-top-close.json	registry:https://animate-ui.com/r/icons-panel-top-close.json	free	install	react	motion	active		2026-10-08	a452f1717a	
animateui	icons-panel-top-open	Panel Top Open Icon	icons	https://animate-ui.com/docs/icons	npx shadcn@latest add https://animate-ui.com/r/icons-panel-top-open.json	registry:https://animate-ui.com/r/icons-panel-top-open.json	free	install	react	motion	active		2026-10-08	ec7d4f058d	
animateui	icons-paperclip	Paperclip Icon	icons	https://animate-ui.com/docs/icons	npx shadcn@latest add https://animate-ui.com/r/icons-paperclip.json	registry:https://animate-ui.com/r/icons-paperclip.json	free	install	react	motion	active		2026-10-08	1f0fd41213	
animateui	icons-party-popper	Party Popper Icon	icons	https://animate-ui.com/docs/icons	npx shadcn@latest add https://animate-ui.com/r/icons-party-popper.json	registry:https://animate-ui.com/r/icons-party-popper.json	free	install	react	motion	active		2026-10-08	fbd8106078	
animateui	icons-pause	Pause Icon	icons	https://animate-ui.com/docs/icons	npx shadcn@latest add https://animate-ui.com/r/icons-pause.json	registry:https://animate-ui.com/r/icons-pause.json	free	install	react	motion	active		2026-10-08	90776596c8	
animateui	icons-phone-call	Phone Call Icon	icons	https://animate-ui.com/docs/icons	npx shadcn@latest add https://animate-ui.com/r/icons-phone-call.json	registry:https://animate-ui.com/r/icons-phone-call.json	free	install	react	motion	active		2026-10-08	5ade9bb431	
animateui	icons-pickaxe	Pickaxe Icon	icons	https://animate-ui.com/docs/icons	npx shadcn@latest add https://animate-ui.com/r/icons-pickaxe.json	registry:https://animate-ui.com/r/icons-pickaxe.json	free	install	react	motion	active		2026-10-08	065ab36e44	
animateui	icons-pin	Pin Icon	icons	https://animate-ui.com/docs/icons	npx shadcn@latest add https://animate-ui.com/r/icons-pin.json	registry:https://animate-ui.com/r/icons-pin.json	free	install	react	motion	active		2026-10-08	465ea077a0	
animateui	icons-pin-off	Pin Off Icon	icons	https://animate-ui.com/docs/icons	npx shadcn@latest add https://animate-ui.com/r/icons-pin-off.json	registry:https://animate-ui.com/r/icons-pin-off.json	free	install	react	motion	active		2026-10-08	12d1622358	
animateui	icons-play	Play Icon	icons	https://animate-ui.com/docs/icons	npx shadcn@latest add https://animate-ui.com/r/icons-play.json	registry:https://animate-ui.com/r/icons-play.json	free	install	react	motion	active		2026-10-08	cc294bb08e	
animateui	icons-plug-zap	Plug Zap Icon	icons	https://animate-ui.com/docs/icons	npx shadcn@latest add https://animate-ui.com/r/icons-plug-zap.json	registry:https://animate-ui.com/r/icons-plug-zap.json	free	install	react	motion	active		2026-10-08	c1e58ade13	
animateui	icons-plus	Plus Icon	icons	https://animate-ui.com/docs/icons	npx shadcn@latest add https://animate-ui.com/r/icons-plus.json	registry:https://animate-ui.com/r/icons-plus.json	free	install	react	motion	active		2026-10-08	84280476b4	
animateui	icons-radio	Radio Icon	icons	https://animate-ui.com/docs/icons	npx shadcn@latest add https://animate-ui.com/r/icons-radio.json	registry:https://animate-ui.com/r/icons-radio.json	free	install	react	motion	active		2026-10-08	c75e38c182	
animateui	icons-radio-tower	Radio Tower Icon	icons	https://animate-ui.com/docs/icons	npx shadcn@latest add https://animate-ui.com/r/icons-radio-tower.json	registry:https://animate-ui.com/r/icons-radio-tower.json	free	install	react	motion	active		2026-10-08	bf9a3eee22	
animateui	icons-refresh-ccw	Refresh Ccw Icon	icons	https://animate-ui.com/docs/icons	npx shadcn@latest add https://animate-ui.com/r/icons-refresh-ccw.json	registry:https://animate-ui.com/r/icons-refresh-ccw.json	free	install	react	motion	active		2026-10-08	6e674cffa1	
animateui	icons-refresh-ccw-dot	Refresh Ccw Dot Icon	icons	https://animate-ui.com/docs/icons	npx shadcn@latest add https://animate-ui.com/r/icons-refresh-ccw-dot.json	registry:https://animate-ui.com/r/icons-refresh-ccw-dot.json	free	install	react	motion	active		2026-10-08	333a5b28d5	
animateui	icons-refresh-cw	Refresh Cw Icon	icons	https://animate-ui.com/docs/icons	npx shadcn@latest add https://animate-ui.com/r/icons-refresh-cw.json	registry:https://animate-ui.com/r/icons-refresh-cw.json	free	install	react	motion	active		2026-10-08	22bcdb309f	
animateui	icons-refresh-cw-off	Refresh Cw Off Icon	icons	https://animate-ui.com/docs/icons	npx shadcn@latest add https://animate-ui.com/r/icons-refresh-cw-off.json	registry:https://animate-ui.com/r/icons-refresh-cw-off.json	free	install	react	motion	active		2026-10-08	2f9dcfec44	
animateui	icons-rotate-ccw	Rotate Ccw Icon	icons	https://animate-ui.com/docs/icons	npx shadcn@latest add https://animate-ui.com/r/icons-rotate-ccw.json	registry:https://animate-ui.com/r/icons-rotate-ccw.json	free	install	react	motion	active		2026-10-08	e614e93c75	
animateui	icons-rotate-ccw-key	Rotate Ccw Key Icon	icons	https://animate-ui.com/docs/icons	npx shadcn@latest add https://animate-ui.com/r/icons-rotate-ccw-key.json	registry:https://animate-ui.com/r/icons-rotate-ccw-key.json	free	install	react	motion	active		2026-10-08	f6a994c208	
animateui	icons-rotate-cw	Rotate Cw Icon	icons	https://animate-ui.com/docs/icons	npx shadcn@latest add https://animate-ui.com/r/icons-rotate-cw.json	registry:https://animate-ui.com/r/icons-rotate-cw.json	free	install	react	motion	active		2026-10-08	0b6e840d42	
animateui	icons-route	Route Icon	icons	https://animate-ui.com/docs/icons	npx shadcn@latest add https://animate-ui.com/r/icons-route.json	registry:https://animate-ui.com/r/icons-route.json	free	install	react	motion	active		2026-10-08	a58f2da889	
animateui	icons-router	Router Icon	icons	https://animate-ui.com/docs/icons	npx shadcn@latest add https://animate-ui.com/r/icons-router.json	registry:https://animate-ui.com/r/icons-router.json	free	install	react	motion	active		2026-10-08	b44dd23956	
animateui	icons-scissors	Scissors Icon	icons	https://animate-ui.com/docs/icons	npx shadcn@latest add https://animate-ui.com/r/icons-scissors.json	registry:https://animate-ui.com/r/icons-scissors.json	free	install	react	motion	active		2026-10-08	1e25ddf626	
animateui	icons-scissors-line-dashed	Scissors Line Dashed Icon	icons	https://animate-ui.com/docs/icons	npx shadcn@latest add https://animate-ui.com/r/icons-scissors-line-dashed.json	registry:https://animate-ui.com/r/icons-scissors-line-dashed.json	free	install	react	motion	active		2026-10-08	856b34cfc9	
animateui	icons-search	Search Icon	icons	https://animate-ui.com/docs/icons	npx shadcn@latest add https://animate-ui.com/r/icons-search.json	registry:https://animate-ui.com/r/icons-search.json	free	install	react	motion	active		2026-10-08	06d00c27a5	
animateui	icons-send	Send Icon	icons	https://animate-ui.com/docs/icons	npx shadcn@latest add https://animate-ui.com/r/icons-send.json	registry:https://animate-ui.com/r/icons-send.json	free	install	react	motion	active		2026-10-08	3d8d5de886	
animateui	icons-send-horizontal	Send Horizontal Icon	icons	https://animate-ui.com/docs/icons	npx shadcn@latest add https://animate-ui.com/r/icons-send-horizontal.json	registry:https://animate-ui.com/r/icons-send-horizontal.json	free	install	react	motion	active		2026-10-08	2230043a7b	
animateui	icons-settings	Settings Icon	icons	https://animate-ui.com/docs/icons	npx shadcn@latest add https://animate-ui.com/r/icons-settings.json	registry:https://animate-ui.com/r/icons-settings.json	free	install	react	motion	active		2026-10-08	8e50195359	
animateui	icons-shrink	Shrink Icon	icons	https://animate-ui.com/docs/icons	npx shadcn@latest add https://animate-ui.com/r/icons-shrink.json	registry:https://animate-ui.com/r/icons-shrink.json	free	install	react	motion	active		2026-10-08	922735ab44	
animateui	icons-signal	Signal Icon	icons	https://animate-ui.com/docs/icons	npx shadcn@latest add https://animate-ui.com/r/icons-signal.json	registry:https://animate-ui.com/r/icons-signal.json	free	install	react	motion	active		2026-10-08	feaaca2501	
animateui	icons-signal-high	Signal High Icon	icons	https://animate-ui.com/docs/icons	npx shadcn@latest add https://animate-ui.com/r/icons-signal-high.json	registry:https://animate-ui.com/r/icons-signal-high.json	free	install	react	motion	active		2026-10-08	1a78191fc1	
animateui	icons-signal-low	Signal Low Icon	icons	https://animate-ui.com/docs/icons	npx shadcn@latest add https://animate-ui.com/r/icons-signal-low.json	registry:https://animate-ui.com/r/icons-signal-low.json	free	install	react	motion	active		2026-10-08	86ccf276ea	
animateui	icons-signal-medium	Signal Medium Icon	icons	https://animate-ui.com/docs/icons	npx shadcn@latest add https://animate-ui.com/r/icons-signal-medium.json	registry:https://animate-ui.com/r/icons-signal-medium.json	free	install	react	motion	active		2026-10-08	43ba82f9a3	
animateui	icons-signal-zero	Signal Zero Icon	icons	https://animate-ui.com/docs/icons	npx shadcn@latest add https://animate-ui.com/r/icons-signal-zero.json	registry:https://animate-ui.com/r/icons-signal-zero.json	free	install	react	motion	active		2026-10-08	df47064570	
animateui	icons-sliders-horizontal	Sliders Horizontal Icon	icons	https://animate-ui.com/docs/icons	npx shadcn@latest add https://animate-ui.com/r/icons-sliders-horizontal.json	registry:https://animate-ui.com/r/icons-sliders-horizontal.json	free	install	react	motion	active		2026-10-08	e1d31f1ebc	
animateui	icons-sliders-vertical	Sliders Vertical Icon	icons	https://animate-ui.com/docs/icons	npx shadcn@latest add https://animate-ui.com/r/icons-sliders-vertical.json	registry:https://animate-ui.com/r/icons-sliders-vertical.json	free	install	react	motion	active		2026-10-08	0d4b1d734a	
animateui	icons-sparkle	Sparkle Icon	icons	https://animate-ui.com/docs/icons	npx shadcn@latest add https://animate-ui.com/r/icons-sparkle.json	registry:https://animate-ui.com/r/icons-sparkle.json	free	install	react	motion	active		2026-10-08	ac7d8fd145	
animateui	icons-sparkles	Sparkles Icon	icons	https://animate-ui.com/docs/icons	npx shadcn@latest add https://animate-ui.com/r/icons-sparkles.json	registry:https://animate-ui.com/r/icons-sparkles.json	free	install	react	motion	active		2026-10-08	77d12d1c5b	
animateui	icons-square-arrow-out-down-left	Square Arrow Out Down Left Icon	icons	https://animate-ui.com/docs/icons	npx shadcn@latest add https://animate-ui.com/r/icons-square-arrow-out-down-left.json	registry:https://animate-ui.com/r/icons-square-arrow-out-down-left.json	free	install	react	motion	active		2026-10-08	98d25c0f0e	
animateui	icons-square-arrow-out-down-right	Square Arrow Out Down Right Icon	icons	https://animate-ui.com/docs/icons	npx shadcn@latest add https://animate-ui.com/r/icons-square-arrow-out-down-right.json	registry:https://animate-ui.com/r/icons-square-arrow-out-down-right.json	free	install	react	motion	active		2026-10-08	142c4b0c38	
animateui	icons-square-arrow-out-up-left	Square Arrow Out Up Left Icon	icons	https://animate-ui.com/docs/icons	npx shadcn@latest add https://animate-ui.com/r/icons-square-arrow-out-up-left.json	registry:https://animate-ui.com/r/icons-square-arrow-out-up-left.json	free	install	react	motion	active		2026-10-08	91106d6e76	
animateui	icons-square-arrow-out-up-right	Square Arrow Out Up Right Icon	icons	https://animate-ui.com/docs/icons	npx shadcn@latest add https://animate-ui.com/r/icons-square-arrow-out-up-right.json	registry:https://animate-ui.com/r/icons-square-arrow-out-up-right.json	free	install	react	motion	active		2026-10-08	02ba31fee4	
animateui	icons-square-dashed-kanban	Square Dashed Kanban Icon	icons	https://animate-ui.com/docs/icons	npx shadcn@latest add https://animate-ui.com/r/icons-square-dashed-kanban.json	registry:https://animate-ui.com/r/icons-square-dashed-kanban.json	free	install	react	motion	active		2026-10-08	c3d81aa3f9	
animateui	icons-square-kanban	Square Kanban Icon	icons	https://animate-ui.com/docs/icons	npx shadcn@latest add https://animate-ui.com/r/icons-square-kanban.json	registry:https://animate-ui.com/r/icons-square-kanban.json	free	install	react	motion	active		2026-10-08	f736d7ea4f	
animateui	icons-square-plus	Square Plus Icon	icons	https://animate-ui.com/docs/icons	npx shadcn@latest add https://animate-ui.com/r/icons-square-plus.json	registry:https://animate-ui.com/r/icons-square-plus.json	free	install	react	motion	active		2026-10-08	d5529370e1	
animateui	icons-square-x	Square X Icon	icons	https://animate-ui.com/docs/icons	npx shadcn@latest add https://animate-ui.com/r/icons-square-x.json	registry:https://animate-ui.com/r/icons-square-x.json	free	install	react	motion	active		2026-10-08	af60e79730	
animateui	icons-star	Star Icon	icons	https://animate-ui.com/docs/icons	npx shadcn@latest add https://animate-ui.com/r/icons-star.json	registry:https://animate-ui.com/r/icons-star.json	free	install	react	motion	active		2026-10-08	d745ec71f4	
animateui	icons-sun	Sun Icon	icons	https://animate-ui.com/docs/icons	npx shadcn@latest add https://animate-ui.com/r/icons-sun.json	registry:https://animate-ui.com/r/icons-sun.json	free	install	react	motion	active		2026-10-08	739541f6d3	
animateui	icons-sun-dim	Sun Dim Icon	icons	https://animate-ui.com/docs/icons	npx shadcn@latest add https://animate-ui.com/r/icons-sun-dim.json	registry:https://animate-ui.com/r/icons-sun-dim.json	free	install	react	motion	active		2026-10-08	50c468545f	
animateui	icons-sun-medium	Sun Medium Icon	icons	https://animate-ui.com/docs/icons	npx shadcn@latest add https://animate-ui.com/r/icons-sun-medium.json	registry:https://animate-ui.com/r/icons-sun-medium.json	free	install	react	motion	active		2026-10-08	8937a807c9	
animateui	icons-sun-moon	Sun Moon Icon	icons	https://animate-ui.com/docs/icons	npx shadcn@latest add https://animate-ui.com/r/icons-sun-moon.json	registry:https://animate-ui.com/r/icons-sun-moon.json	free	install	react	motion	active		2026-10-08	4c0c1bcfb0	
animateui	icons-terminal	Terminal Icon	icons	https://animate-ui.com/docs/icons	npx shadcn@latest add https://animate-ui.com/r/icons-terminal.json	registry:https://animate-ui.com/r/icons-terminal.json	free	install	react	motion	active		2026-10-08	b7ab2e59b4	
animateui	icons-thumbs-down	Thumbs Down Icon	icons	https://animate-ui.com/docs/icons	npx shadcn@latest add https://animate-ui.com/r/icons-thumbs-down.json	registry:https://animate-ui.com/r/icons-thumbs-down.json	free	install	react	motion	active		2026-10-08	c275f60969	
animateui	icons-thumbs-up	Thumbs Up Icon	icons	https://animate-ui.com/docs/icons	npx shadcn@latest add https://animate-ui.com/r/icons-thumbs-up.json	registry:https://animate-ui.com/r/icons-thumbs-up.json	free	install	react	motion	active		2026-10-08	f1eed0343d	
animateui	icons-timer	Timer Icon	icons	https://animate-ui.com/docs/icons	npx shadcn@latest add https://animate-ui.com/r/icons-timer.json	registry:https://animate-ui.com/r/icons-timer.json	free	install	react	motion	active		2026-10-08	e4a48c8a42	
animateui	icons-timer-off	Timer Off Icon	icons	https://animate-ui.com/docs/icons	npx shadcn@latest add https://animate-ui.com/r/icons-timer-off.json	registry:https://animate-ui.com/r/icons-timer-off.json	free	install	react	motion	active		2026-10-08	55fb41c6cd	
animateui	icons-toggle-left	Toggle Left Icon	icons	https://animate-ui.com/docs/icons	npx shadcn@latest add https://animate-ui.com/r/icons-toggle-left.json	registry:https://animate-ui.com/r/icons-toggle-left.json	free	install	react	motion	active		2026-10-08	f19fdc10d5	
animateui	icons-toggle-right	Toggle Right Icon	icons	https://animate-ui.com/docs/icons	npx shadcn@latest add https://animate-ui.com/r/icons-toggle-right.json	registry:https://animate-ui.com/r/icons-toggle-right.json	free	install	react	motion	active		2026-10-08	35d6f08954	
animateui	icons-trash	Trash Icon	icons	https://animate-ui.com/docs/icons	npx shadcn@latest add https://animate-ui.com/r/icons-trash.json	registry:https://animate-ui.com/r/icons-trash.json	free	install	react	motion	active		2026-10-08	dc9b4aed20	
animateui	icons-trash-2	Trash 2 Icon	icons	https://animate-ui.com/docs/icons	npx shadcn@latest add https://animate-ui.com/r/icons-trash-2.json	registry:https://animate-ui.com/r/icons-trash-2.json	free	install	react	motion	active		2026-10-08	246544e802	
animateui	icons-unplug	Unplug Icon	icons	https://animate-ui.com/docs/icons	npx shadcn@latest add https://animate-ui.com/r/icons-unplug.json	registry:https://animate-ui.com/r/icons-unplug.json	free	install	react	motion	active		2026-10-08	edfa20e1ee	
animateui	icons-upload	Upload Icon	icons	https://animate-ui.com/docs/icons	npx shadcn@latest add https://animate-ui.com/r/icons-upload.json	registry:https://animate-ui.com/r/icons-upload.json	free	install	react	motion	active		2026-10-08	168180226d	
animateui	icons-user	User Icon	icons	https://animate-ui.com/docs/icons	npx shadcn@latest add https://animate-ui.com/r/icons-user.json	registry:https://animate-ui.com/r/icons-user.json	free	install	react	motion	active		2026-10-08	cdff20dcdf	
animateui	icons-user-round	User Round Icon	icons	https://animate-ui.com/docs/icons	npx shadcn@latest add https://animate-ui.com/r/icons-user-round.json	registry:https://animate-ui.com/r/icons-user-round.json	free	install	react	motion	active		2026-10-08	c5b147a220	
animateui	icons-users	Users Icon	icons	https://animate-ui.com/docs/icons	npx shadcn@latest add https://animate-ui.com/r/icons-users.json	registry:https://animate-ui.com/r/icons-users.json	free	install	react	motion	active		2026-10-08	e7955e9b6b	
animateui	icons-users-round	Users Round Icon	icons	https://animate-ui.com/docs/icons	npx shadcn@latest add https://animate-ui.com/r/icons-users-round.json	registry:https://animate-ui.com/r/icons-users-round.json	free	install	react	motion	active		2026-10-08	ac82b7434d	
animateui	icons-volume-1	Volume 1 Icon	icons	https://animate-ui.com/docs/icons	npx shadcn@latest add https://animate-ui.com/r/icons-volume-1.json	registry:https://animate-ui.com/r/icons-volume-1.json	free	install	react	motion	active		2026-10-08	ff46c49bc7	
animateui	icons-volume-2	Volume 2 Icon	icons	https://animate-ui.com/docs/icons	npx shadcn@latest add https://animate-ui.com/r/icons-volume-2.json	registry:https://animate-ui.com/r/icons-volume-2.json	free	install	react	motion	active		2026-10-08	b8243021c4	
animateui	icons-volume-off	Volume Off Icon	icons	https://animate-ui.com/docs/icons	npx shadcn@latest add https://animate-ui.com/r/icons-volume-off.json	registry:https://animate-ui.com/r/icons-volume-off.json	free	install	react	motion	active		2026-10-08	d525945204	
animateui	icons-wifi	Wifi Icon	icons	https://animate-ui.com/docs/icons	npx shadcn@latest add https://animate-ui.com/r/icons-wifi.json	registry:https://animate-ui.com/r/icons-wifi.json	free	install	react	motion	active		2026-10-08	a395eececf	
animateui	icons-wifi-high	Wifi High Icon	icons	https://animate-ui.com/docs/icons	npx shadcn@latest add https://animate-ui.com/r/icons-wifi-high.json	registry:https://animate-ui.com/r/icons-wifi-high.json	free	install	react	motion	active		2026-10-08	c85cc1f7cd	
animateui	icons-wifi-low	Wifi Low Icon	icons	https://animate-ui.com/docs/icons	npx shadcn@latest add https://animate-ui.com/r/icons-wifi-low.json	registry:https://animate-ui.com/r/icons-wifi-low.json	free	install	react	motion	active		2026-10-08	3859ee071d	
animateui	icons-wifi-zero	Wifi Zero Icon	icons	https://animate-ui.com/docs/icons	npx shadcn@latest add https://animate-ui.com/r/icons-wifi-zero.json	registry:https://animate-ui.com/r/icons-wifi-zero.json	free	install	react	motion	active		2026-10-08	55e81fe794	
animateui	icons-x	X Icon	icons	https://animate-ui.com/docs/icons	npx shadcn@latest add https://animate-ui.com/r/icons-x.json	registry:https://animate-ui.com/r/icons-x.json	free	install	react	motion	active		2026-10-08	9c1a65623e	
animateui	primitives-animate-avatar-group	Avatar Group	primitives/animate	https://animate-ui.com/docs/primitives/animate/avatar-group	npx shadcn@latest add https://animate-ui.com/r/primitives-animate-avatar-group.json	registry:https://animate-ui.com/r/primitives-animate-avatar-group.json	free	install	react	motion	active		2026-10-08	35495868ca	
animateui	primitives-animate-code-block	Code Block	primitives/animate	https://animate-ui.com/docs/primitives/animate/code-block	npx shadcn@latest add https://animate-ui.com/r/primitives-animate-code-block.json	registry:https://animate-ui.com/r/primitives-animate-code-block.json	free	install	react	shiki	active		2026-10-08	4a66b759c5	
animateui	primitives-animate-cursor	Cursor	primitives/animate	https://animate-ui.com/docs/primitives/animate/cursor	npx shadcn@latest add https://animate-ui.com/r/primitives-animate-cursor.json	registry:https://animate-ui.com/r/primitives-animate-cursor.json	free	install	react	motion	active		2026-10-08	16b167d7a4	
animateui	primitives-animate-github-stars	Github Stars	primitives/animate	https://animate-ui.com/docs/primitives/animate/github-stars	npx shadcn@latest add https://animate-ui.com/r/primitives-animate-github-stars.json	registry:https://animate-ui.com/r/primitives-animate-github-stars.json	free	install	react	motion	active		2026-10-08	6d8f851830	
animateui	primitives-animate-motion-grid	Motion Grid	primitives/animate	https://animate-ui.com/docs/primitives/animate/motion-grid	npx shadcn@latest add https://animate-ui.com/r/primitives-animate-motion-grid.json	registry:https://animate-ui.com/r/primitives-animate-motion-grid.json	free	install	react	motion	active		2026-10-08	725dbdcfbd	
animateui	primitives-animate-pinned-list	Pin List	primitives/animate	https://animate-ui.com/docs/primitives/animate/pinned-list	npx shadcn@latest add https://animate-ui.com/r/primitives-animate-pinned-list.json	registry:https://animate-ui.com/r/primitives-animate-pinned-list.json	free	install	react	motion	active		2026-10-08	941ded8b7e	
animateui	primitives-animate-scroll-progress	Scroll Progress	primitives/animate	https://animate-ui.com/docs/primitives/animate/scroll-progress	npx shadcn@latest add https://animate-ui.com/r/primitives-animate-scroll-progress.json	registry:https://animate-ui.com/r/primitives-animate-scroll-progress.json	free	install	react	motion	active		2026-10-08	afe04f3c07	
animateui	primitives-animate-slot	Animate Slot	primitives/animate	https://animate-ui.com/docs/primitives/animate/slot	npx shadcn@latest add https://animate-ui.com/r/primitives-animate-slot.json	registry:https://animate-ui.com/r/primitives-animate-slot.json	free	install	react	motion	active		2026-10-08	dd58c5eef6	
animateui	primitives-animate-spring	Spring	primitives/animate	https://animate-ui.com/docs/primitives/animate/spring	npx shadcn@latest add https://animate-ui.com/r/primitives-animate-spring.json	registry:https://animate-ui.com/r/primitives-animate-spring.json	free	install	react	motion	active		2026-10-08	deb926487f	
animateui	primitives-animate-tabs	Tabs	primitives/animate	https://animate-ui.com/docs/primitives/animate/tabs	npx shadcn@latest add https://animate-ui.com/r/primitives-animate-tabs.json	registry:https://animate-ui.com/r/primitives-animate-tabs.json	free	install	react	motion	active		2026-10-08	7c13cb437e	
animateui	primitives-animate-tooltip	Tooltip	primitives/animate	https://animate-ui.com/docs/primitives/animate/tooltip	npx shadcn@latest add https://animate-ui.com/r/primitives-animate-tooltip.json	registry:https://animate-ui.com/r/primitives-animate-tooltip.json	free	install	react	@floating-ui/react motion	active		2026-10-08	92e0d83424	
animateui	primitives-base-accordion	Base Accordion	primitives/base	https://animate-ui.com/docs/primitives/base/accordion	npx shadcn@latest add https://animate-ui.com/r/primitives-base-accordion.json	registry:https://animate-ui.com/r/primitives-base-accordion.json	free	install	react	@base-ui-components/react motion	active		2026-10-08	9f16f2c895	
animateui	primitives-base-alert-dialog	Base Alert Dialog	primitives/base	https://animate-ui.com/docs/primitives/base/alert-dialog	npx shadcn@latest add https://animate-ui.com/r/primitives-base-alert-dialog.json	registry:https://animate-ui.com/r/primitives-base-alert-dialog.json	free	install	react	@base-ui-components/react motion	active		2026-10-08	a88a5d4874	
animateui	primitives-base-checkbox	Base Checkbox	primitives/base	https://animate-ui.com/docs/primitives/base/checkbox	npx shadcn@latest add https://animate-ui.com/r/primitives-base-checkbox.json	registry:https://animate-ui.com/r/primitives-base-checkbox.json	free	install	react	@base-ui-components/react motion	active		2026-10-08	1b4dd62e28	
animateui	primitives-base-collapsible	Base Collapsible	primitives/base	https://animate-ui.com/docs/primitives/base/collapsible	npx shadcn@latest add https://animate-ui.com/r/primitives-base-collapsible.json	registry:https://animate-ui.com/r/primitives-base-collapsible.json	free	install	react	@base-ui-components/react motion	active		2026-10-08	9af9515b32	
animateui	primitives-base-dialog	Base Dialog	primitives/base	https://animate-ui.com/docs/primitives/base/dialog	npx shadcn@latest add https://animate-ui.com/r/primitives-base-dialog.json	registry:https://animate-ui.com/r/primitives-base-dialog.json	free	install	react	@base-ui-components/react motion	active		2026-10-08	7c952569fb	
animateui	primitives-base-files	Files	primitives/base	https://animate-ui.com/docs/primitives/base/files	npx shadcn@latest add https://animate-ui.com/r/primitives-base-files.json	registry:https://animate-ui.com/r/primitives-base-files.json	free	install	react	motion	active		2026-10-08	55189a5649	
animateui	primitives-base-menu	Base Menu	primitives/base	https://animate-ui.com/docs/primitives/base/menu	npx shadcn@latest add https://animate-ui.com/r/primitives-base-menu.json	registry:https://animate-ui.com/r/primitives-base-menu.json	free	install	react	@base-ui-components/react motion	active		2026-10-08	1e6961997c	
animateui	primitives-base-popover	Base Popover	primitives/base	https://animate-ui.com/docs/primitives/base/popover	npx shadcn@latest add https://animate-ui.com/r/primitives-base-popover.json	registry:https://animate-ui.com/r/primitives-base-popover.json	free	install	react	@base-ui-components/react motion	active		2026-10-08	0f8267ecb2	
animateui	primitives-base-preview-card	Base Preview Card	primitives/base	https://animate-ui.com/docs/primitives/base/preview-card	npx shadcn@latest add https://animate-ui.com/r/primitives-base-preview-card.json	registry:https://animate-ui.com/r/primitives-base-preview-card.json	free	install	react	@base-ui-components/react motion	active		2026-10-08	16c434f4dd	
animateui	primitives-base-preview-link-card	Base Preview Link Card	primitives/base	https://animate-ui.com/docs/primitives/base/preview-link-card	npx shadcn@latest add https://animate-ui.com/r/primitives-base-preview-link-card.json	registry:https://animate-ui.com/r/primitives-base-preview-link-card.json	free	install	react	@base-ui-components/react motion	active		2026-10-08	ab650894b4	
animateui	primitives-base-progress	Base Progress	primitives/base	https://animate-ui.com/docs/primitives/base/progress	npx shadcn@latest add https://animate-ui.com/r/primitives-base-progress.json	registry:https://animate-ui.com/r/primitives-base-progress.json	free	install	react	@base-ui-components/react motion	active		2026-10-08	bd11ff15ff	
animateui	primitives-base-radio	Base Radio	primitives/base	https://animate-ui.com/docs/primitives/base/radio	npx shadcn@latest add https://animate-ui.com/r/primitives-base-radio.json	registry:https://animate-ui.com/r/primitives-base-radio.json	free	install	react	@base-ui-components/react motion	active		2026-10-08	5d7e84128b	
animateui	primitives-base-switch	Base Switch	primitives/base	https://animate-ui.com/docs/primitives/base/switch	npx shadcn@latest add https://animate-ui.com/r/primitives-base-switch.json	registry:https://animate-ui.com/r/primitives-base-switch.json	free	install	react	@base-ui-components/react motion	active		2026-10-08	a475b32663	
animateui	primitives-base-tabs	Base Tabs	primitives/base	https://animate-ui.com/docs/primitives/base/tabs	npx shadcn@latest add https://animate-ui.com/r/primitives-base-tabs.json	registry:https://animate-ui.com/r/primitives-base-tabs.json	free	install	react	@base-ui-components/react motion	active		2026-10-08	be56da23c7	
animateui	primitives-base-toggle	Base Toggle	primitives/base	https://animate-ui.com/docs/primitives/base/toggle	npx shadcn@latest add https://animate-ui.com/r/primitives-base-toggle.json	registry:https://animate-ui.com/r/primitives-base-toggle.json	free	install	react	@base-ui-components/react motion	active		2026-10-08	7ad4a9a78b	
animateui	primitives-base-toggle-group	Base Toggle Group	primitives/base	https://animate-ui.com/docs/primitives/base/toggle-group	npx shadcn@latest add https://animate-ui.com/r/primitives-base-toggle-group.json	registry:https://animate-ui.com/r/primitives-base-toggle-group.json	free	install	react	@base-ui-components/react motion	active		2026-10-08	8ffc5ca297	
animateui	primitives-base-tooltip	Base Tooltip	primitives/base	https://animate-ui.com/docs/primitives/base/tooltip	npx shadcn@latest add https://animate-ui.com/r/primitives-base-tooltip.json	registry:https://animate-ui.com/r/primitives-base-tooltip.json	free	install	react	@base-ui-components/react motion	active		2026-10-08	cc520cd030	
animateui	primitives-buttons-button	Button	primitives/buttons	https://animate-ui.com/docs/primitives/buttons/button	npx shadcn@latest add https://animate-ui.com/r/primitives-buttons-button.json	registry:https://animate-ui.com/r/primitives-buttons-button.json	free	install	react	motion	active		2026-10-08	55de56692b	
animateui	primitives-buttons-flip	Flip Button	primitives/buttons	https://animate-ui.com/docs/primitives/buttons/flip	npx shadcn@latest add https://animate-ui.com/r/primitives-buttons-flip.json	registry:https://animate-ui.com/r/primitives-buttons-flip.json	free	install	react	motion	active		2026-10-08	5f53418acb	
animateui	primitives-buttons-liquid	Liquid Button	primitives/buttons	https://animate-ui.com/docs/primitives/buttons/liquid	npx shadcn@latest add https://animate-ui.com/r/primitives-buttons-liquid.json	registry:https://animate-ui.com/r/primitives-buttons-liquid.json	free	install	react	motion	active		2026-10-08	0078cd032b	
animateui	primitives-buttons-ripple	Ripple Button	primitives/buttons	https://animate-ui.com/docs/primitives/buttons/ripple	npx shadcn@latest add https://animate-ui.com/r/primitives-buttons-ripple.json	registry:https://animate-ui.com/r/primitives-buttons-ripple.json	free	install	react	motion	active		2026-10-08	c075c23e42	
animateui	primitives-effects-auto-height	Auto Height	primitives/effects	https://animate-ui.com/docs/primitives/effects/auto-height	npx shadcn@latest add https://animate-ui.com/r/primitives-effects-auto-height.json	registry:https://animate-ui.com/r/primitives-effects-auto-height.json	free	install	react	motion	active		2026-10-08	27ed42ed6a	
animateui	primitives-effects-blur	Blur	primitives/effects	https://animate-ui.com/docs/primitives/effects/blur	npx shadcn@latest add https://animate-ui.com/r/primitives-effects-blur.json	registry:https://animate-ui.com/r/primitives-effects-blur.json	free	install	react	motion	active		2026-10-08	f3c9a13c3c	
animateui	primitives-effects-click	Click	primitives/effects	https://animate-ui.com/docs/primitives/effects/click	npx shadcn@latest add https://animate-ui.com/r/primitives-effects-click.json	registry:https://animate-ui.com/r/primitives-effects-click.json	free	install	react	motion	active		2026-10-08	a1a986f209	
animateui	primitives-effects-effect	Effect	primitives/effects	https://animate-ui.com/docs/primitives/effects/effect	npx shadcn@latest add https://animate-ui.com/r/primitives-effects-effect.json	registry:https://animate-ui.com/r/primitives-effects-effect.json	free	install	react	motion	active		2026-10-08	3dde833377	
animateui	primitives-effects-fade	Fade	primitives/effects	https://animate-ui.com/docs/primitives/effects/fade	npx shadcn@latest add https://animate-ui.com/r/primitives-effects-fade.json	registry:https://animate-ui.com/r/primitives-effects-fade.json	free	install	react	motion	active		2026-10-08	f3ae3faa1a	
animateui	primitives-effects-highlight	Highlight	primitives/effects	https://animate-ui.com/docs/primitives/effects/highlight	npx shadcn@latest add https://animate-ui.com/r/primitives-effects-highlight.json	registry:https://animate-ui.com/r/primitives-effects-highlight.json	free	install	react	motion	active		2026-10-08	4939566814	
animateui	primitives-effects-image-zoom	Image Zoom	primitives/effects	https://animate-ui.com/docs/primitives/effects/image-zoom	npx shadcn@latest add https://animate-ui.com/r/primitives-effects-image-zoom.json	registry:https://animate-ui.com/r/primitives-effects-image-zoom.json	free	install	react	motion	active		2026-10-08	7aba517130	
animateui	primitives-effects-magnetic	Magnetic	primitives/effects	https://animate-ui.com/docs/primitives/effects/magnetic	npx shadcn@latest add https://animate-ui.com/r/primitives-effects-magnetic.json	registry:https://animate-ui.com/r/primitives-effects-magnetic.json	free	install	react	motion	active		2026-10-08	0a9367bfe7	
animateui	primitives-effects-particles	Particles	primitives/effects	https://animate-ui.com/docs/primitives/effects/particles	npx shadcn@latest add https://animate-ui.com/r/primitives-effects-particles.json	registry:https://animate-ui.com/r/primitives-effects-particles.json	free	install	react	motion	active		2026-10-08	ae077c86fb	
animateui	primitives-effects-shine	Shine	primitives/effects	https://animate-ui.com/docs/primitives/effects/shine	npx shadcn@latest add https://animate-ui.com/r/primitives-effects-shine.json	registry:https://animate-ui.com/r/primitives-effects-shine.json	free	install	react	motion	active		2026-10-08	4023910d00	
animateui	primitives-effects-slide	Slide	primitives/effects	https://animate-ui.com/docs/primitives/effects/slide	npx shadcn@latest add https://animate-ui.com/r/primitives-effects-slide.json	registry:https://animate-ui.com/r/primitives-effects-slide.json	free	install	react	motion	active		2026-10-08	5e737ba31c	
animateui	primitives-effects-theme-toggler	Theme Toggler	primitives/effects	https://animate-ui.com/docs/primitives/effects/theme-toggler	npx shadcn@latest add https://animate-ui.com/r/primitives-effects-theme-toggler.json	registry:https://animate-ui.com/r/primitives-effects-theme-toggler.json	free	install	react		active		2026-10-08	e5ca23b96e	
animateui	primitives-effects-tilt	Tilt	primitives/effects	https://animate-ui.com/docs/primitives/effects/tilt	npx shadcn@latest add https://animate-ui.com/r/primitives-effects-tilt.json	registry:https://animate-ui.com/r/primitives-effects-tilt.json	free	install	react	motion	active		2026-10-08	bf49430fb6	
animateui	primitives-effects-zoom	Zoom	primitives/effects	https://animate-ui.com/docs/primitives/effects/zoom	npx shadcn@latest add https://animate-ui.com/r/primitives-effects-zoom.json	registry:https://animate-ui.com/r/primitives-effects-zoom.json	free	install	react	motion	active		2026-10-08	746b0c30fe	
animateui	primitives-headless-checkbox	Headless Checkbox	primitives/headless	https://animate-ui.com/docs/primitives/headless/checkbox	npx shadcn@latest add https://animate-ui.com/r/primitives-headless-checkbox.json	registry:https://animate-ui.com/r/primitives-headless-checkbox.json	free	install	react	@headlessui/react motion	active		2026-10-08	e722f8160a	
animateui	primitives-headless-dialog	Headless Dialog	primitives/headless	https://animate-ui.com/docs/primitives/headless/dialog	npx shadcn@latest add https://animate-ui.com/r/primitives-headless-dialog.json	registry:https://animate-ui.com/r/primitives-headless-dialog.json	free	install	react	@headlessui/react motion	active		2026-10-08	cf4ea7a294	
animateui	primitives-headless-disclosure	Headless Disclosure	primitives/headless	https://animate-ui.com/docs/primitives/headless/disclosure	npx shadcn@latest add https://animate-ui.com/r/primitives-headless-disclosure.json	registry:https://animate-ui.com/r/primitives-headless-disclosure.json	free	install	react	@headlessui/react motion	active		2026-10-08	4ff908e19a	
animateui	primitives-headless-popover	Headless Popover	primitives/headless	https://animate-ui.com/docs/primitives/headless/popover	npx shadcn@latest add https://animate-ui.com/r/primitives-headless-popover.json	registry:https://animate-ui.com/r/primitives-headless-popover.json	free	install	react	@headlessui/react motion	active		2026-10-08	9e22999afc	
animateui	primitives-headless-switch	Headless Switch	primitives/headless	https://animate-ui.com/docs/primitives/headless/switch	npx shadcn@latest add https://animate-ui.com/r/primitives-headless-switch.json	registry:https://animate-ui.com/r/primitives-headless-switch.json	free	install	react	@headlessui/react motion	active		2026-10-08	c30a8f1f3b	
animateui	primitives-headless-tabs	Headless Tabs	primitives/headless	https://animate-ui.com/docs/primitives/headless/tabs	npx shadcn@latest add https://animate-ui.com/r/primitives-headless-tabs.json	registry:https://animate-ui.com/r/primitives-headless-tabs.json	free	install	react	@headlessui/react motion	active		2026-10-08	a5470a4e7e	
animateui	primitives-radix-accordion	Radix Accordion	primitives/radix	https://animate-ui.com/docs/primitives/radix/accordion	npx shadcn@latest add https://animate-ui.com/r/primitives-radix-accordion.json	registry:https://animate-ui.com/r/primitives-radix-accordion.json	free	install	react	motion radix-ui	active		2026-10-08	0e39853bfb	
animateui	primitives-radix-alert-dialog	Radix Alert Dialog	primitives/radix	https://animate-ui.com/docs/primitives/radix/alert-dialog	npx shadcn@latest add https://animate-ui.com/r/primitives-radix-alert-dialog.json	registry:https://animate-ui.com/r/primitives-radix-alert-dialog.json	free	install	react	motion radix-ui	active		2026-10-08	75f4786f6f	
animateui	primitives-radix-checkbox	Radix Checkbox	primitives/radix	https://animate-ui.com/docs/primitives/radix/checkbox	npx shadcn@latest add https://animate-ui.com/r/primitives-radix-checkbox.json	registry:https://animate-ui.com/r/primitives-radix-checkbox.json	free	install	react	motion radix-ui	active		2026-10-08	00e828e8b0	
animateui	primitives-radix-collapsible	Radix Collapsible	primitives/radix	https://animate-ui.com/docs/primitives/radix/collapsible	npx shadcn@latest add https://animate-ui.com/r/primitives-radix-collapsible.json	registry:https://animate-ui.com/r/primitives-radix-collapsible.json	free	install	react	motion radix-ui	active		2026-10-08	a0e88e9309	
animateui	primitives-radix-dialog	Radix Dialog	primitives/radix	https://animate-ui.com/docs/primitives/radix/dialog	npx shadcn@latest add https://animate-ui.com/r/primitives-radix-dialog.json	registry:https://animate-ui.com/r/primitives-radix-dialog.json	free	install	react	motion radix-ui	active		2026-10-08	07282e35ff	
animateui	primitives-radix-dropdown-menu	Radix Dropdown Menu	primitives/radix	https://animate-ui.com/docs/primitives/radix/dropdown-menu	npx shadcn@latest add https://animate-ui.com/r/primitives-radix-dropdown-menu.json	registry:https://animate-ui.com/r/primitives-radix-dropdown-menu.json	free	install	react	motion radix-ui	active		2026-10-08	6274306fca	
animateui	primitives-radix-files	Files	primitives/radix	https://animate-ui.com/docs/primitives/radix/files	npx shadcn@latest add https://animate-ui.com/r/primitives-radix-files.json	registry:https://animate-ui.com/r/primitives-radix-files.json	free	install	react	motion	active		2026-10-08	98cd4c231c	
animateui	primitives-radix-hover-card	Radix Hover Card	primitives/radix	https://animate-ui.com/docs/primitives/radix/hover-card	npx shadcn@latest add https://animate-ui.com/r/primitives-radix-hover-card.json	registry:https://animate-ui.com/r/primitives-radix-hover-card.json	free	install	react	motion radix-ui	active		2026-10-08	f8826a5ba0	
animateui	primitives-radix-popover	Radix Popover	primitives/radix	https://animate-ui.com/docs/primitives/radix/popover	npx shadcn@latest add https://animate-ui.com/r/primitives-radix-popover.json	registry:https://animate-ui.com/r/primitives-radix-popover.json	free	install	react	motion radix-ui	active		2026-10-08	0a34a7bb05	
animateui	primitives-radix-preview-link-card	Radix Preview Link Card	primitives/radix	https://animate-ui.com/docs/primitives/radix/preview-link-card	npx shadcn@latest add https://animate-ui.com/r/primitives-radix-preview-link-card.json	registry:https://animate-ui.com/r/primitives-radix-preview-link-card.json	free	install	react	radix-ui	active		2026-10-08	d4b7a657b3	
animateui	primitives-radix-progress	Radix Progress	primitives/radix	https://animate-ui.com/docs/primitives/radix/progress	npx shadcn@latest add https://animate-ui.com/r/primitives-radix-progress.json	registry:https://animate-ui.com/r/primitives-radix-progress.json	free	install	react	motion radix-ui	active		2026-10-08	6d85f87eee	
animateui	primitives-radix-radio-group	Radix Radio Group	primitives/radix	https://animate-ui.com/docs/primitives/radix/radio-group	npx shadcn@latest add https://animate-ui.com/r/primitives-radix-radio-group.json	registry:https://animate-ui.com/r/primitives-radix-radio-group.json	free	install	react	motion radix-ui	active		2026-10-08	0a5761b081	
animateui	primitives-radix-sheet	Radix Sheet	primitives/radix	https://animate-ui.com/docs/primitives/radix/sheet	npx shadcn@latest add https://animate-ui.com/r/primitives-radix-sheet.json	registry:https://animate-ui.com/r/primitives-radix-sheet.json	free	install	react	motion radix-ui	active		2026-10-08	b13ecc5f52	
animateui	primitives-radix-switch	Radix Switch	primitives/radix	https://animate-ui.com/docs/primitives/radix/switch	npx shadcn@latest add https://animate-ui.com/r/primitives-radix-switch.json	registry:https://animate-ui.com/r/primitives-radix-switch.json	free	install	react	motion radix-ui	active		2026-10-08	7850f21934	
animateui	primitives-radix-tabs	Radix Tabs	primitives/radix	https://animate-ui.com/docs/primitives/radix/tabs	npx shadcn@latest add https://animate-ui.com/r/primitives-radix-tabs.json	registry:https://animate-ui.com/r/primitives-radix-tabs.json	free	install	react	motion radix-ui	active		2026-10-08	794eeb630c	
animateui	primitives-radix-toggle	Radix Toggle	primitives/radix	https://animate-ui.com/docs/primitives/radix/toggle	npx shadcn@latest add https://animate-ui.com/r/primitives-radix-toggle.json	registry:https://animate-ui.com/r/primitives-radix-toggle.json	free	install	react	motion radix-ui	active		2026-10-08	d3cae55410	
animateui	primitives-radix-toggle-group	Radix Toggle Group	primitives/radix	https://animate-ui.com/docs/primitives/radix/toggle-group	npx shadcn@latest add https://animate-ui.com/r/primitives-radix-toggle-group.json	registry:https://animate-ui.com/r/primitives-radix-toggle-group.json	free	install	react	motion radix-ui	active		2026-10-08	b73f808d71	
animateui	primitives-radix-tooltip	Radix Tooltip	primitives/radix	https://animate-ui.com/docs/primitives/radix/tooltip	npx shadcn@latest add https://animate-ui.com/r/primitives-radix-tooltip.json	registry:https://animate-ui.com/r/primitives-radix-tooltip.json	free	install	react	motion radix-ui	active		2026-10-08	aa8e9a1885	
animateui	primitives-texts-counting-number	Counting Number	primitives/texts	https://animate-ui.com/docs/primitives/texts/counting-number	npx shadcn@latest add https://animate-ui.com/r/primitives-texts-counting-number.json	registry:https://animate-ui.com/r/primitives-texts-counting-number.json	free	install	react	motion	active		2026-10-08	26828e31cf	
animateui	primitives-texts-gradient	Gradient Text	primitives/texts	https://animate-ui.com/docs/primitives/texts/gradient	npx shadcn@latest add https://animate-ui.com/r/primitives-texts-gradient.json	registry:https://animate-ui.com/r/primitives-texts-gradient.json	free	install	react	motion	active		2026-10-08	6db65ade2e	
animateui	primitives-texts-highlight	Highlight Text	primitives/texts	https://animate-ui.com/docs/primitives/texts/highlight	npx shadcn@latest add https://animate-ui.com/r/primitives-texts-highlight.json	registry:https://animate-ui.com/r/primitives-texts-highlight.json	free	install	react	motion	active		2026-10-08	e2ed782aee	
animateui	primitives-texts-morphing	Morphing Text	primitives/texts	https://animate-ui.com/docs/primitives/texts/morphing	npx shadcn@latest add https://animate-ui.com/r/primitives-texts-morphing.json	registry:https://animate-ui.com/r/primitives-texts-morphing.json	free	install	react	motion	active		2026-10-08	486b89049e	
animateui	primitives-texts-rolling	Rolling Text	primitives/texts	https://animate-ui.com/docs/primitives/texts/rolling	npx shadcn@latest add https://animate-ui.com/r/primitives-texts-rolling.json	registry:https://animate-ui.com/r/primitives-texts-rolling.json	free	install	react	motion	active		2026-10-08	edd14e2e39	
animateui	primitives-texts-rotating	Rotating Text	primitives/texts	https://animate-ui.com/docs/primitives/texts/rotating	npx shadcn@latest add https://animate-ui.com/r/primitives-texts-rotating.json	registry:https://animate-ui.com/r/primitives-texts-rotating.json	free	install	react	motion	active		2026-10-08	d29d002800	
animateui	primitives-texts-scrolling-number	Scrolling Number	primitives/texts	https://animate-ui.com/docs/primitives/texts/scrolling-number	npx shadcn@latest add https://animate-ui.com/r/primitives-texts-scrolling-number.json	registry:https://animate-ui.com/r/primitives-texts-scrolling-number.json	free	install	react	motion	active		2026-10-08	35a59a1d5c	
animateui	primitives-texts-shimmering	Shimmering Text	primitives/texts	https://animate-ui.com/docs/primitives/texts/shimmering	npx shadcn@latest add https://animate-ui.com/r/primitives-texts-shimmering.json	registry:https://animate-ui.com/r/primitives-texts-shimmering.json	free	install	react	motion	active		2026-10-08	2c456559fe	
animateui	primitives-texts-sliding-number	Sliding Number	primitives/texts	https://animate-ui.com/docs/primitives/texts/sliding-number	npx shadcn@latest add https://animate-ui.com/r/primitives-texts-sliding-number.json	registry:https://animate-ui.com/r/primitives-texts-sliding-number.json	free	install	react	motion react-use-measure	active		2026-10-08	0d98c59c59	
animateui	primitives-texts-splitting	Splitting Text	primitives/texts	https://animate-ui.com/docs/primitives/texts/splitting	npx shadcn@latest add https://animate-ui.com/r/primitives-texts-splitting.json	registry:https://animate-ui.com/r/primitives-texts-splitting.json	free	install	react	motion	active		2026-10-08	998dcbc14d	
animateui	primitives-texts-typing	Typing Text	primitives/texts	https://animate-ui.com/docs/primitives/texts/typing	npx shadcn@latest add https://animate-ui.com/r/primitives-texts-typing.json	registry:https://animate-ui.com/r/primitives-texts-typing.json	free	install	react	motion	active		2026-10-08	9707f443db	
