lucide	a-arrow-down	AArrowDown	text	图标 a-arrow-down；分类: text, design；tags: letter, font size, text, formatting, smaller	https://unpkg.com/lucide-static@latest/icons/a-arrow-down.svg	free	install	url:https://unpkg.com/lucide-static@latest/icons/a-arrow-down.svg
lucide	a-arrow-up	AArrowUp	text	图标 a-arrow-up；分类: text, design；tags: letter, font size, text, formatting, larger, bigger	https://unpkg.com/lucide-static@latest/icons/a-arrow-up.svg	free	install	url:https://unpkg.com/lucide-static@latest/icons/a-arrow-up.svg
lucide	a-large-small	ALargeSmall	text	图标 a-large-small；分类: text, design；tags: letter, font size, text, formatting	https://unpkg.com/lucide-static@latest/icons/a-large-small.svg	free	install	url:https://unpkg.com/lucide-static@latest/icons/a-large-small.svg
lucide	accessibility	Accessibility	accessibility	图标 accessibility；分类: accessibility, medical；tags: disability, disabled, dda, wheelchair	https://unpkg.com/lucide-static@latest/icons/accessibility.svg	free	install	url:https://unpkg.com/lucide-static@latest/icons/accessibility.svg
lucide	activity	Activity	medical	图标 activity；分类: medical, account, social, science, multimedia；tags: pulse, action, motion, movement, exercise, fitness, healthcare, heart rate monitor, vital signs, vitals, emergency room, er, intensive care, hospital, defibrillator, earthquake, seismic, magnitude, richter scale, aftershock, tremor, shockwave, audio, waveform, synthesizer, synthesiser, music	https://unpkg.com/lucide-static@latest/icons/activity.svg	free	install	url:https://unpkg.com/lucide-static@latest/icons/activity.svg
lucide	ad	Ad	multimedia	图标 ad；分类: multimedia, accessibility, notifications；tags: advert, affiliate, brand, campaign, commercial, marketing, monetize, paid, partner, promo, sponsor, audio description, video description, described video, visual description	https://unpkg.com/lucide-static@latest/icons/ad.svg	free	install	url:https://unpkg.com/lucide-static@latest/icons/ad.svg
lucide	air-vent	AirVent	home	图标 air-vent；分类: home；tags: air conditioner, ac, central air, cooling, climate-control	https://unpkg.com/lucide-static@latest/icons/air-vent.svg	free	install	url:https://unpkg.com/lucide-static@latest/icons/air-vent.svg
lucide	airplay	Airplay	multimedia	图标 airplay；分类: multimedia, connectivity；tags: stream, cast, mirroring, screen, monitor, macos, osx	https://unpkg.com/lucide-static@latest/icons/airplay.svg	free	install	url:https://unpkg.com/lucide-static@latest/icons/airplay.svg
lucide	alarm-clock	AlarmClock	devices	图标 alarm-clock；分类: devices, notifications, time；tags: morning	https://unpkg.com/lucide-static@latest/icons/alarm-clock.svg	free	install	url:https://unpkg.com/lucide-static@latest/icons/alarm-clock.svg
lucide	alarm-clock-check	AlarmClockCheck	devices	图标 alarm-clock-check；分类: devices, notifications, time；tags: done, todo, tick, complete, task	https://unpkg.com/lucide-static@latest/icons/alarm-clock-check.svg	free	install	url:https://unpkg.com/lucide-static@latest/icons/alarm-clock-check.svg
lucide	alarm-clock-minus	AlarmClockMinus	devices	图标 alarm-clock-minus；分类: devices, notifications, time；tags: remove	https://unpkg.com/lucide-static@latest/icons/alarm-clock-minus.svg	free	install	url:https://unpkg.com/lucide-static@latest/icons/alarm-clock-minus.svg
lucide	alarm-clock-off	AlarmClockOff	devices	图标 alarm-clock-off；分类: devices, notifications, time；tags: morning, turn-off	https://unpkg.com/lucide-static@latest/icons/alarm-clock-off.svg	free	install	url:https://unpkg.com/lucide-static@latest/icons/alarm-clock-off.svg
lucide	alarm-clock-plus	AlarmClockPlus	devices	图标 alarm-clock-plus；分类: devices, notifications, time；tags: add	https://unpkg.com/lucide-static@latest/icons/alarm-clock-plus.svg	free	install	url:https://unpkg.com/lucide-static@latest/icons/alarm-clock-plus.svg
lucide	alarm-smoke	AlarmSmoke	home	图标 alarm-smoke；分类: home, devices, travel；tags: fire, alert, warning, detector, carbon monoxide, safety, equipment, amenities	https://unpkg.com/lucide-static@latest/icons/alarm-smoke.svg	free	install	url:https://unpkg.com/lucide-static@latest/icons/alarm-smoke.svg
lucide	align-center-horizontal	AlignCenterHorizontal	layout	图标 align-center-horizontal；分类: layout；tags: items, flex, justify	https://unpkg.com/lucide-static@latest/icons/align-center-horizontal.svg	free	install	url:https://unpkg.com/lucide-static@latest/icons/align-center-horizontal.svg
lucide	align-center-vertical	AlignCenterVertical	layout	图标 align-center-vertical；分类: layout；tags: items, flex, justify	https://unpkg.com/lucide-static@latest/icons/align-center-vertical.svg	free	install	url:https://unpkg.com/lucide-static@latest/icons/align-center-vertical.svg
lucide	align-end-horizontal	AlignEndHorizontal	layout	图标 align-end-horizontal；分类: layout；tags: items, bottom, flex, justify	https://unpkg.com/lucide-static@latest/icons/align-end-horizontal.svg	free	install	url:https://unpkg.com/lucide-static@latest/icons/align-end-horizontal.svg
lucide	align-end-vertical	AlignEndVertical	layout	图标 align-end-vertical；分类: layout；tags: items, right, flex, justify	https://unpkg.com/lucide-static@latest/icons/align-end-vertical.svg	free	install	url:https://unpkg.com/lucide-static@latest/icons/align-end-vertical.svg
lucide	align-horizontal-distribute-center	AlignHorizontalDistributeCenter	layout	图标 align-horizontal-distribute-center；分类: layout；tags: items, flex, justify, space, evenly, around	https://unpkg.com/lucide-static@latest/icons/align-horizontal-distribute-center.svg	free	install	url:https://unpkg.com/lucide-static@latest/icons/align-horizontal-distribute-center.svg
lucide	align-horizontal-distribute-end	AlignHorizontalDistributeEnd	layout	图标 align-horizontal-distribute-end；分类: layout；tags: right, items, flex, justify	https://unpkg.com/lucide-static@latest/icons/align-horizontal-distribute-end.svg	free	install	url:https://unpkg.com/lucide-static@latest/icons/align-horizontal-distribute-end.svg
lucide	align-horizontal-distribute-start	AlignHorizontalDistributeStart	layout	图标 align-horizontal-distribute-start；分类: layout；tags: left, items, flex, justify	https://unpkg.com/lucide-static@latest/icons/align-horizontal-distribute-start.svg	free	install	url:https://unpkg.com/lucide-static@latest/icons/align-horizontal-distribute-start.svg
lucide	align-horizontal-justify-center	AlignHorizontalJustifyCenter	layout	图标 align-horizontal-justify-center；分类: layout；tags: center, items, flex, justify	https://unpkg.com/lucide-static@latest/icons/align-horizontal-justify-center.svg	free	install	url:https://unpkg.com/lucide-static@latest/icons/align-horizontal-justify-center.svg
lucide	align-horizontal-justify-end	AlignHorizontalJustifyEnd	layout	图标 align-horizontal-justify-end；分类: layout；tags: right, items, flex, justify	https://unpkg.com/lucide-static@latest/icons/align-horizontal-justify-end.svg	free	install	url:https://unpkg.com/lucide-static@latest/icons/align-horizontal-justify-end.svg
lucide	align-horizontal-justify-start	AlignHorizontalJustifyStart	layout	图标 align-horizontal-justify-start；分类: layout；tags: left, items, flex, justify	https://unpkg.com/lucide-static@latest/icons/align-horizontal-justify-start.svg	free	install	url:https://unpkg.com/lucide-static@latest/icons/align-horizontal-justify-start.svg
lucide	align-horizontal-space-around	AlignHorizontalSpaceAround	layout	图标 align-horizontal-space-around；分类: layout；tags: center, items, flex, justify, distribute, between	https://unpkg.com/lucide-static@latest/icons/align-horizontal-space-around.svg	free	install	url:https://unpkg.com/lucide-static@latest/icons/align-horizontal-space-around.svg
lucide	align-horizontal-space-between	AlignHorizontalSpaceBetween	layout	图标 align-horizontal-space-between；分类: layout；tags: around, items, bottom, flex, justify	https://unpkg.com/lucide-static@latest/icons/align-horizontal-space-between.svg	free	install	url:https://unpkg.com/lucide-static@latest/icons/align-horizontal-space-between.svg
lucide	align-start-horizontal	AlignStartHorizontal	layout	图标 align-start-horizontal；分类: layout；tags: top, items, flex, justify	https://unpkg.com/lucide-static@latest/icons/align-start-horizontal.svg	free	install	url:https://unpkg.com/lucide-static@latest/icons/align-start-horizontal.svg
lucide	align-start-vertical	AlignStartVertical	layout	图标 align-start-vertical；分类: layout；tags: left, items, flex, justify	https://unpkg.com/lucide-static@latest/icons/align-start-vertical.svg	free	install	url:https://unpkg.com/lucide-static@latest/icons/align-start-vertical.svg
lucide	align-vertical-distribute-center	AlignVerticalDistributeCenter	layout	图标 align-vertical-distribute-center；分类: layout；tags: items, flex, justify, space, evenly, around	https://unpkg.com/lucide-static@latest/icons/align-vertical-distribute-center.svg	free	install	url:https://unpkg.com/lucide-static@latest/icons/align-vertical-distribute-center.svg
lucide	align-vertical-distribute-end	AlignVerticalDistributeEnd	layout	图标 align-vertical-distribute-end；分类: layout；tags: bottom, items, flex, justify	https://unpkg.com/lucide-static@latest/icons/align-vertical-distribute-end.svg	free	install	url:https://unpkg.com/lucide-static@latest/icons/align-vertical-distribute-end.svg
lucide	align-vertical-distribute-start	AlignVerticalDistributeStart	layout	图标 align-vertical-distribute-start；分类: layout；tags: top, items, flex, justify	https://unpkg.com/lucide-static@latest/icons/align-vertical-distribute-start.svg	free	install	url:https://unpkg.com/lucide-static@latest/icons/align-vertical-distribute-start.svg
lucide	align-vertical-justify-center	AlignVerticalJustifyCenter	layout	图标 align-vertical-justify-center；分类: layout；tags: center, items, flex, justify, distribute, between	https://unpkg.com/lucide-static@latest/icons/align-vertical-justify-center.svg	free	install	url:https://unpkg.com/lucide-static@latest/icons/align-vertical-justify-center.svg
lucide	align-vertical-justify-end	AlignVerticalJustifyEnd	layout	图标 align-vertical-justify-end；分类: layout；tags: bottom, items, flex, justify, distribute, between	https://unpkg.com/lucide-static@latest/icons/align-vertical-justify-end.svg	free	install	url:https://unpkg.com/lucide-static@latest/icons/align-vertical-justify-end.svg
lucide	align-vertical-justify-start	AlignVerticalJustifyStart	layout	图标 align-vertical-justify-start；分类: layout；tags: top, items, flex, justify, distribute, between	https://unpkg.com/lucide-static@latest/icons/align-vertical-justify-start.svg	free	install	url:https://unpkg.com/lucide-static@latest/icons/align-vertical-justify-start.svg
lucide	align-vertical-space-around	AlignVerticalSpaceAround	layout	图标 align-vertical-space-around；分类: layout；tags: center, items, flex, justify, distribute, between	https://unpkg.com/lucide-static@latest/icons/align-vertical-space-around.svg	free	install	url:https://unpkg.com/lucide-static@latest/icons/align-vertical-space-around.svg
lucide	align-vertical-space-between	AlignVerticalSpaceBetween	layout	图标 align-vertical-space-between；分类: layout；tags: center, items, flex, justify, distribute, between	https://unpkg.com/lucide-static@latest/icons/align-vertical-space-between.svg	free	install	url:https://unpkg.com/lucide-static@latest/icons/align-vertical-space-between.svg
lucide	ambulance	Ambulance	medical	图标 ambulance；分类: medical, transportation；tags: ambulance, emergency, medical, vehicle, siren, healthcare, transportation, rescue, urgent, first aid	https://unpkg.com/lucide-static@latest/icons/ambulance.svg	free	install	url:https://unpkg.com/lucide-static@latest/icons/ambulance.svg
lucide	ampersand	Ampersand	text	图标 ampersand；分类: text, development；tags: and, typography, operator, join, concatenate, code, &	https://unpkg.com/lucide-static@latest/icons/ampersand.svg	free	install	url:https://unpkg.com/lucide-static@latest/icons/ampersand.svg
lucide	ampersands	Ampersands	text	图标 ampersands；分类: text, development；tags: and, operator, then, code, &&	https://unpkg.com/lucide-static@latest/icons/ampersands.svg	free	install	url:https://unpkg.com/lucide-static@latest/icons/ampersands.svg
lucide	amphora	Amphora	food-beverage	图标 amphora；分类: food-beverage, gaming；tags: pottery, artifact, artefact, vase, ceramics, clay, archaeology, museum, wine, oil	https://unpkg.com/lucide-static@latest/icons/amphora.svg	free	install	url:https://unpkg.com/lucide-static@latest/icons/amphora.svg
lucide	anchor	Anchor	transportation	图标 anchor；分类: transportation, text；tags: ship	https://unpkg.com/lucide-static@latest/icons/anchor.svg	free	install	url:https://unpkg.com/lucide-static@latest/icons/anchor.svg
lucide	angle	Angle	math	图标 angle；分类: math, design；tags: angle, degree, corner, geometry, measure, math, rotate, vertex, slope, protractor, measurement, dimension, arc, drafting, cad	https://unpkg.com/lucide-static@latest/icons/angle.svg	free	install	url:https://unpkg.com/lucide-static@latest/icons/angle.svg
lucide	antenna	Antenna	devices	图标 antenna；分类: devices, multimedia, communication；tags: signal, connection, connectivity, tv, television, broadcast, live, frequency, tune, scan, channels, aerial, receiver, transmission, transducer, terrestrial, satellite, cable	https://unpkg.com/lucide-static@latest/icons/antenna.svg	free	install	url:https://unpkg.com/lucide-static@latest/icons/antenna.svg
lucide	anvil	Anvil	buildings	图标 anvil；分类: buildings, tools, gaming；tags: metal, iron, alloy, materials, heavy, weight, blacksmith, forge, acme	https://unpkg.com/lucide-static@latest/icons/anvil.svg	free	install	url:https://unpkg.com/lucide-static@latest/icons/anvil.svg
lucide	aperture	Aperture	photography	图标 aperture；分类: photography；tags: camera, photo, pictures, shutter, exposure	https://unpkg.com/lucide-static@latest/icons/aperture.svg	free	install	url:https://unpkg.com/lucide-static@latest/icons/aperture.svg
lucide	app-window	AppWindow	layout	图标 app-window；分类: layout, design, development, files；tags: application, menu bar, pane, executable	https://unpkg.com/lucide-static@latest/icons/app-window.svg	free	install	url:https://unpkg.com/lucide-static@latest/icons/app-window.svg
lucide	app-window-mac	AppWindowMac	layout	图标 app-window-mac；分类: layout, design, development, files；tags: application, menu bar, pane, preferences, macos, osx, executable	https://unpkg.com/lucide-static@latest/icons/app-window-mac.svg	free	install	url:https://unpkg.com/lucide-static@latest/icons/app-window-mac.svg
lucide	apple	Apple	food-beverage	图标 apple；分类: food-beverage；tags: fruit, food, healthy, snack, nutrition, fresh, produce, grocery, organic, harvest, vitamin, red, green, juicy, sweet, tart, bite, orchard, plant, core, raw, diet	https://unpkg.com/lucide-static@latest/icons/apple.svg	free	install	url:https://unpkg.com/lucide-static@latest/icons/apple.svg
lucide	archive	Archive	files	图标 archive；分类: files, mail；tags: index, backup, box, storage, records	https://unpkg.com/lucide-static@latest/icons/archive.svg	free	install	url:https://unpkg.com/lucide-static@latest/icons/archive.svg
lucide	archive-restore	ArchiveRestore	files	图标 archive-restore；分类: files, mail；tags: unarchive, index, backup, box, storage, records	https://unpkg.com/lucide-static@latest/icons/archive-restore.svg	free	install	url:https://unpkg.com/lucide-static@latest/icons/archive-restore.svg
lucide	archive-x	ArchiveX	files	图标 archive-x；分类: files, mail；tags: index, backup, box, storage, records, junk	https://unpkg.com/lucide-static@latest/icons/archive-x.svg	free	install	url:https://unpkg.com/lucide-static@latest/icons/archive-x.svg
lucide	armchair	Armchair	home	图标 armchair；分类: home；tags: sofa, furniture, leisure, lounge, loveseat, couch	https://unpkg.com/lucide-static@latest/icons/armchair.svg	free	install	url:https://unpkg.com/lucide-static@latest/icons/armchair.svg
lucide	armenian-dram	ArmenianDram	finance	图标 armenian-dram；分类: finance；tags: finance, symbol, banking, economy, currency, money, payment	https://unpkg.com/lucide-static@latest/icons/armenian-dram.svg	free	install	url:https://unpkg.com/lucide-static@latest/icons/armenian-dram.svg
lucide	arrow-big-down	ArrowBigDown	arrows	图标 arrow-big-down；分类: arrows, gaming；tags: backwards, reverse, direction, south	https://unpkg.com/lucide-static@latest/icons/arrow-big-down.svg	free	install	url:https://unpkg.com/lucide-static@latest/icons/arrow-big-down.svg
lucide	arrow-big-down-dash	ArrowBigDownDash	arrows	图标 arrow-big-down-dash；分类: arrows, gaming, files；tags: backwards, reverse, slow, direction, south, download	https://unpkg.com/lucide-static@latest/icons/arrow-big-down-dash.svg	free	install	url:https://unpkg.com/lucide-static@latest/icons/arrow-big-down-dash.svg
lucide	arrow-big-left	ArrowBigLeft	arrows	图标 arrow-big-left；分类: arrows, gaming；tags: previous, back, direction, west, indicate turn	https://unpkg.com/lucide-static@latest/icons/arrow-big-left.svg	free	install	url:https://unpkg.com/lucide-static@latest/icons/arrow-big-left.svg
lucide	arrow-big-left-dash	ArrowBigLeftDash	arrows	图标 arrow-big-left-dash；分类: arrows, gaming；tags: previous, back, direction, west, turn, corner	https://unpkg.com/lucide-static@latest/icons/arrow-big-left-dash.svg	free	install	url:https://unpkg.com/lucide-static@latest/icons/arrow-big-left-dash.svg
lucide	arrow-big-right	ArrowBigRight	arrows	图标 arrow-big-right；分类: arrows, gaming；tags: next, forward, direction, east, indicate turn	https://unpkg.com/lucide-static@latest/icons/arrow-big-right.svg	free	install	url:https://unpkg.com/lucide-static@latest/icons/arrow-big-right.svg
lucide	arrow-big-right-dash	ArrowBigRightDash	arrows	图标 arrow-big-right-dash；分类: arrows, gaming；tags: next, forward, direction, east, turn, corner	https://unpkg.com/lucide-static@latest/icons/arrow-big-right-dash.svg	free	install	url:https://unpkg.com/lucide-static@latest/icons/arrow-big-right-dash.svg
lucide	arrow-big-up	ArrowBigUp	arrows	图标 arrow-big-up；分类: arrows, text, development, gaming；tags: shift, keyboard, button, mac, capitalize, capitalise, forward, direction, north	https://unpkg.com/lucide-static@latest/icons/arrow-big-up.svg	free	install	url:https://unpkg.com/lucide-static@latest/icons/arrow-big-up.svg
lucide	arrow-big-up-dash	ArrowBigUpDash	arrows	图标 arrow-big-up-dash；分类: arrows, text, development, gaming；tags: caps lock, capitals, keyboard, button, mac, forward, direction, north, faster, speed, boost	https://unpkg.com/lucide-static@latest/icons/arrow-big-up-dash.svg	free	install	url:https://unpkg.com/lucide-static@latest/icons/arrow-big-up-dash.svg
lucide	arrow-down	ArrowDown	arrows	图标 arrow-down；分类: arrows；tags: backwards, reverse, direction, south	https://unpkg.com/lucide-static@latest/icons/arrow-down.svg	free	install	url:https://unpkg.com/lucide-static@latest/icons/arrow-down.svg
lucide	arrow-down-0-1	ArrowDown01	text	图标 arrow-down-0-1；分类: text, layout, arrows；tags: filter, sort, ascending, descending, increasing, decreasing, rising, falling, numerical	https://unpkg.com/lucide-static@latest/icons/arrow-down-0-1.svg	free	install	url:https://unpkg.com/lucide-static@latest/icons/arrow-down-0-1.svg
lucide	arrow-down-1-0	ArrowDown10	text	图标 arrow-down-1-0；分类: text, layout, arrows；tags: filter, sort, ascending, descending, increasing, decreasing, rising, falling, numerical	https://unpkg.com/lucide-static@latest/icons/arrow-down-1-0.svg	free	install	url:https://unpkg.com/lucide-static@latest/icons/arrow-down-1-0.svg
lucide	arrow-down-a-z	ArrowDownAZ	text	图标 arrow-down-a-z；分类: text, layout, arrows；tags: filter, sort, ascending, descending, increasing, decreasing, rising, falling, alphabetical	https://unpkg.com/lucide-static@latest/icons/arrow-down-a-z.svg	free	install	url:https://unpkg.com/lucide-static@latest/icons/arrow-down-a-z.svg
lucide	arrow-down-from-line	ArrowDownFromLine	arrows	图标 arrow-down-from-line；分类: arrows, files；tags: backwards, reverse, direction, south, download, expand, fold, vertical	https://unpkg.com/lucide-static@latest/icons/arrow-down-from-line.svg	free	install	url:https://unpkg.com/lucide-static@latest/icons/arrow-down-from-line.svg
lucide	arrow-down-left	ArrowDownLeft	arrows	图标 arrow-down-left；分类: arrows；tags: direction, south-west, diagonal	https://unpkg.com/lucide-static@latest/icons/arrow-down-left.svg	free	install	url:https://unpkg.com/lucide-static@latest/icons/arrow-down-left.svg
lucide	arrow-down-narrow-wide	ArrowDownNarrowWide	text	图标 arrow-down-narrow-wide；分类: text, layout, arrows；tags: filter, sort, ascending, descending, increasing, decreasing, rising, falling	https://unpkg.com/lucide-static@latest/icons/arrow-down-narrow-wide.svg	free	install	url:https://unpkg.com/lucide-static@latest/icons/arrow-down-narrow-wide.svg
lucide	arrow-down-right	ArrowDownRight	arrows	图标 arrow-down-right；分类: arrows；tags: direction, south-east, diagonal	https://unpkg.com/lucide-static@latest/icons/arrow-down-right.svg	free	install	url:https://unpkg.com/lucide-static@latest/icons/arrow-down-right.svg
lucide	arrow-down-to-dot	ArrowDownToDot	arrows	图标 arrow-down-to-dot；分类: arrows；tags: direction, south, waypoint, location, step, into	https://unpkg.com/lucide-static@latest/icons/arrow-down-to-dot.svg	free	install	url:https://unpkg.com/lucide-static@latest/icons/arrow-down-to-dot.svg
lucide	arrow-down-to-line	ArrowDownToLine	arrows	图标 arrow-down-to-line；分类: arrows, files, development；tags: behind, direction, south, download, save, git, version control, pull, collapse, fold, vertical	https://unpkg.com/lucide-static@latest/icons/arrow-down-to-line.svg	free	install	url:https://unpkg.com/lucide-static@latest/icons/arrow-down-to-line.svg
lucide	arrow-down-up	ArrowDownUp	arrows	图标 arrow-down-up；分类: arrows；tags: bidirectional, two-way, 2-way, swap, switch, network, traffic, flow, mobile data, internet, sort, reorder, move	https://unpkg.com/lucide-static@latest/icons/arrow-down-up.svg	free	install	url:https://unpkg.com/lucide-static@latest/icons/arrow-down-up.svg
lucide	arrow-down-wide-narrow	ArrowDownWideNarrow	text	图标 arrow-down-wide-narrow；分类: text, layout, arrows；tags: filter, sort, ascending, descending, increasing, decreasing, rising, falling	https://unpkg.com/lucide-static@latest/icons/arrow-down-wide-narrow.svg	free	install	url:https://unpkg.com/lucide-static@latest/icons/arrow-down-wide-narrow.svg
lucide	arrow-down-z-a	ArrowDownZA	text	图标 arrow-down-z-a；分类: text, layout, arrows；tags: filter, sort, ascending, descending, increasing, decreasing, rising, falling, alphabetical, reverse	https://unpkg.com/lucide-static@latest/icons/arrow-down-z-a.svg	free	install	url:https://unpkg.com/lucide-static@latest/icons/arrow-down-z-a.svg
lucide	arrow-left	ArrowLeft	arrows	图标 arrow-left；分类: arrows；tags: previous, back, direction, west, <-	https://unpkg.com/lucide-static@latest/icons/arrow-left.svg	free	install	url:https://unpkg.com/lucide-static@latest/icons/arrow-left.svg
lucide	arrow-left-from-line	ArrowLeftFromLine	arrows	图标 arrow-left-from-line；分类: arrows；tags: previous, back, direction, west, expand, fold, horizontal, <-|	https://unpkg.com/lucide-static@latest/icons/arrow-left-from-line.svg	free	install	url:https://unpkg.com/lucide-static@latest/icons/arrow-left-from-line.svg
lucide	arrow-left-right	ArrowLeftRight	arrows	图标 arrow-left-right；分类: arrows；tags: bidirectional, two-way, 2-way, swap, switch, transaction, reorder, move, <-, ->	https://unpkg.com/lucide-static@latest/icons/arrow-left-right.svg	free	install	url:https://unpkg.com/lucide-static@latest/icons/arrow-left-right.svg
lucide	arrow-left-to-line	ArrowLeftToLine	arrows	图标 arrow-left-to-line；分类: arrows；tags: previous, back, direction, west, collapse, fold, horizontal, |<-	https://unpkg.com/lucide-static@latest/icons/arrow-left-to-line.svg	free	install	url:https://unpkg.com/lucide-static@latest/icons/arrow-left-to-line.svg
lucide	arrow-right	ArrowRight	arrows	图标 arrow-right；分类: arrows；tags: forward, next, direction, east, ->	https://unpkg.com/lucide-static@latest/icons/arrow-right.svg	free	install	url:https://unpkg.com/lucide-static@latest/icons/arrow-right.svg
lucide	arrow-right-from-line	ArrowRightFromLine	arrows	图标 arrow-right-from-line；分类: arrows；tags: next, forward, direction, east, export, expand, fold, horizontal, |->	https://unpkg.com/lucide-static@latest/icons/arrow-right-from-line.svg	free	install	url:https://unpkg.com/lucide-static@latest/icons/arrow-right-from-line.svg
lucide	arrow-right-left	ArrowRightLeft	arrows	图标 arrow-right-left；分类: arrows；tags: bidirectional, two-way, 2-way, swap, switch, transaction, reorder, move, <-, ->	https://unpkg.com/lucide-static@latest/icons/arrow-right-left.svg	free	install	url:https://unpkg.com/lucide-static@latest/icons/arrow-right-left.svg
lucide	arrow-right-to-line	ArrowRightToLine	arrows	图标 arrow-right-to-line；分类: arrows, development；tags: next, forward, direction, east, tab, keyboard, mac, indent, collapse, fold, horizontal, ->|	https://unpkg.com/lucide-static@latest/icons/arrow-right-to-line.svg	free	install	url:https://unpkg.com/lucide-static@latest/icons/arrow-right-to-line.svg
lucide	arrow-up	ArrowUp	arrows	图标 arrow-up；分类: arrows；tags: forward, direction, north	https://unpkg.com/lucide-static@latest/icons/arrow-up.svg	free	install	url:https://unpkg.com/lucide-static@latest/icons/arrow-up.svg
lucide	arrow-up-0-1	ArrowUp01	text	图标 arrow-up-0-1；分类: text, layout, arrows；tags: filter, sort, ascending, descending, increasing, decreasing, rising, falling, numerical	https://unpkg.com/lucide-static@latest/icons/arrow-up-0-1.svg	free	install	url:https://unpkg.com/lucide-static@latest/icons/arrow-up-0-1.svg
lucide	arrow-up-1-0	ArrowUp10	text	图标 arrow-up-1-0；分类: text, layout, arrows；tags: filter, sort, ascending, descending, increasing, decreasing, rising, falling, numerical	https://unpkg.com/lucide-static@latest/icons/arrow-up-1-0.svg	free	install	url:https://unpkg.com/lucide-static@latest/icons/arrow-up-1-0.svg
lucide	arrow-up-a-z	ArrowUpAZ	text	图标 arrow-up-a-z；分类: text, layout, arrows；tags: filter, sort, ascending, descending, increasing, decreasing, rising, falling, alphabetical	https://unpkg.com/lucide-static@latest/icons/arrow-up-a-z.svg	free	install	url:https://unpkg.com/lucide-static@latest/icons/arrow-up-a-z.svg
lucide	arrow-up-down	ArrowUpDown	arrows	图标 arrow-up-down；分类: arrows；tags: bidirectional, two-way, 2-way, swap, switch, network, mobile data, internet, sort, reorder, move	https://unpkg.com/lucide-static@latest/icons/arrow-up-down.svg	free	install	url:https://unpkg.com/lucide-static@latest/icons/arrow-up-down.svg
lucide	arrow-up-from-dot	ArrowUpFromDot	arrows	图标 arrow-up-from-dot；分类: arrows；tags: direction, north, step, out	https://unpkg.com/lucide-static@latest/icons/arrow-up-from-dot.svg	free	install	url:https://unpkg.com/lucide-static@latest/icons/arrow-up-from-dot.svg
lucide	arrow-up-from-line	ArrowUpFromLine	arrows	图标 arrow-up-from-line；分类: arrows, files, development；tags: forward, direction, north, upload, git, version control, push, expand, fold, vertical	https://unpkg.com/lucide-static@latest/icons/arrow-up-from-line.svg	free	install	url:https://unpkg.com/lucide-static@latest/icons/arrow-up-from-line.svg
lucide	arrow-up-left	ArrowUpLeft	arrows	图标 arrow-up-left；分类: arrows；tags: direction, north-west, diagonal	https://unpkg.com/lucide-static@latest/icons/arrow-up-left.svg	free	install	url:https://unpkg.com/lucide-static@latest/icons/arrow-up-left.svg
lucide	arrow-up-narrow-wide	ArrowUpNarrowWide	text	图标 arrow-up-narrow-wide；分类: text, layout, arrows；tags: filter, sort, ascending, descending, increasing, decreasing, rising, falling	https://unpkg.com/lucide-static@latest/icons/arrow-up-narrow-wide.svg	free	install	url:https://unpkg.com/lucide-static@latest/icons/arrow-up-narrow-wide.svg
lucide	arrow-up-right	ArrowUpRight	arrows	图标 arrow-up-right；分类: arrows；tags: direction, north-east, diagonal	https://unpkg.com/lucide-static@latest/icons/arrow-up-right.svg	free	install	url:https://unpkg.com/lucide-static@latest/icons/arrow-up-right.svg
lucide	arrow-up-to-line	ArrowUpToLine	arrows	图标 arrow-up-to-line；分类: arrows, files；tags: forward, direction, north, upload, collapse, fold, vertical	https://unpkg.com/lucide-static@latest/icons/arrow-up-to-line.svg	free	install	url:https://unpkg.com/lucide-static@latest/icons/arrow-up-to-line.svg
lucide	arrow-up-wide-narrow	ArrowUpWideNarrow	text	图标 arrow-up-wide-narrow；分类: text, layout, arrows；tags: filter, sort, ascending, descending, increasing, decreasing, rising, falling	https://unpkg.com/lucide-static@latest/icons/arrow-up-wide-narrow.svg	free	install	url:https://unpkg.com/lucide-static@latest/icons/arrow-up-wide-narrow.svg
lucide	arrow-up-z-a	ArrowUpZA	text	图标 arrow-up-z-a；分类: text, layout, arrows；tags: filter, sort, ascending, descending, increasing, decreasing, rising, falling, alphabetical, reverse	https://unpkg.com/lucide-static@latest/icons/arrow-up-z-a.svg	free	install	url:https://unpkg.com/lucide-static@latest/icons/arrow-up-z-a.svg
lucide	arrows-up-from-line	ArrowsUpFromLine	arrows	图标 arrows-up-from-line；分类: arrows, transportation, mail；tags: direction, orientation, this way up, vertical, package, box, fragile, postage, shipping	https://unpkg.com/lucide-static@latest/icons/arrows-up-from-line.svg	free	install	url:https://unpkg.com/lucide-static@latest/icons/arrows-up-from-line.svg
lucide	asterisk	Asterisk	text	图标 asterisk；分类: text, math, development；tags: symbol, sterisk, mark, pointer, pencil, sign, alert, notification, indicator, symbolic, reference, times, multiply, multiplication, operator, code, glob pattern, wildcard, *	https://unpkg.com/lucide-static@latest/icons/asterisk.svg	free	install	url:https://unpkg.com/lucide-static@latest/icons/asterisk.svg
lucide	astroid	Astroid	shapes	图标 astroid；分类: shapes, math；tags: star, math, shape, curve, sharp, four-pointed, hypocycloid, ai, artificial intelligence	https://unpkg.com/lucide-static@latest/icons/astroid.svg	free	install	url:https://unpkg.com/lucide-static@latest/icons/astroid.svg
lucide	at-sign	AtSign	text	图标 at-sign；分类: text, account；tags: mention, at, email, message, @	https://unpkg.com/lucide-static@latest/icons/at-sign.svg	free	install	url:https://unpkg.com/lucide-static@latest/icons/at-sign.svg
lucide	atom	Atom	science	图标 atom；分类: science；tags: atomic, nuclear, physics, particle, element, molecule, electricity, energy, chemistry	https://unpkg.com/lucide-static@latest/icons/atom.svg	free	install	url:https://unpkg.com/lucide-static@latest/icons/atom.svg
lucide	audio-lines	AudioLines	multimedia	图标 audio-lines；分类: multimedia, communication；tags: graphic equaliser, sound, noise, listen, hearing, hertz, frequency, wavelength, vibrate, sine, synthesizer, synthesiser, levels, track, music, playback, radio, broadcast, airwaves, voice, vocals, singer, song	https://unpkg.com/lucide-static@latest/icons/audio-lines.svg	free	install	url:https://unpkg.com/lucide-static@latest/icons/audio-lines.svg
lucide	audio-lines-off	AudioLinesOff	multimedia	图标 audio-lines-off；分类: multimedia, communication；tags: audio, sound, noise, mute, silence, off, disabled, inactive, listen, hearing, equalizer, equaliser, hertz, frequency, wavelength, vibrate, sine, waveform, synthesizer, synthesiser, levels, track, music, playback, radio, broadcast, airwaves, voice, vocals, singer, song	https://unpkg.com/lucide-static@latest/icons/audio-lines-off.svg	free	install	url:https://unpkg.com/lucide-static@latest/icons/audio-lines-off.svg
lucide	audio-lines-x	AudioLinesX	multimedia	图标 audio-lines-x；分类: multimedia, communication；tags: sound, noise, mute, silence, disabled, cancel, remove, unavailable, listen, hearing, equalizer, equaliser, hertz, frequency, wavelength, vibrate, sine, waveform, synthesizer, synthesiser, levels, track, music, playback, radio, broadcast, airwaves, voice, vocals, singer, song	https://unpkg.com/lucide-static@latest/icons/audio-lines-x.svg	free	install	url:https://unpkg.com/lucide-static@latest/icons/audio-lines-x.svg
lucide	audio-waveform	AudioWaveform	multimedia	图标 audio-waveform；分类: multimedia, communication；tags: sound, noise, listen, hearing, hertz, frequency, wavelength, vibrate, sine, synthesizer, synthesiser, levels, track, music, playback, radio, broadcast, airwaves, voice, vocals, singer, song	https://unpkg.com/lucide-static@latest/icons/audio-waveform.svg	free	install	url:https://unpkg.com/lucide-static@latest/icons/audio-waveform.svg
lucide	award	Award	account	图标 award；分类: account, sports, gaming；tags: achievement, badge, rosette, prize, winner	https://unpkg.com/lucide-static@latest/icons/award.svg	free	install	url:https://unpkg.com/lucide-static@latest/icons/award.svg
lucide	axe	Axe	tools	图标 axe；分类: tools, gaming；tags: hatchet, weapon, chop, sharp, equipment, fireman, firefighter, brigade, lumberjack, woodcutter, logger, forestry	https://unpkg.com/lucide-static@latest/icons/axe.svg	free	install	url:https://unpkg.com/lucide-static@latest/icons/axe.svg
lucide	axis-3d	Axis3d	design	图标 axis-3d；分类: design；tags: gizmo, coordinates	https://unpkg.com/lucide-static@latest/icons/axis-3d.svg	free	install	url:https://unpkg.com/lucide-static@latest/icons/axis-3d.svg
lucide	baby	Baby	accessibility	图标 baby；分类: accessibility, people；tags: child, childproof, children	https://unpkg.com/lucide-static@latest/icons/baby.svg	free	install	url:https://unpkg.com/lucide-static@latest/icons/baby.svg
lucide	backpack	Backpack	gaming	图标 backpack；分类: gaming, photography, travel；tags: bag, hiking, travel, camping, school, childhood	https://unpkg.com/lucide-static@latest/icons/backpack.svg	free	install	url:https://unpkg.com/lucide-static@latest/icons/backpack.svg
lucide	badge	Badge	account	图标 badge；分类: account, social, shapes；tags: check, verified, unverified	https://unpkg.com/lucide-static@latest/icons/badge.svg	free	install	url:https://unpkg.com/lucide-static@latest/icons/badge.svg
lucide	badge-alert	BadgeAlert	account	图标 badge-alert；分类: account, social；tags: check, verified, unverified, security, safety, issue	https://unpkg.com/lucide-static@latest/icons/badge-alert.svg	free	install	url:https://unpkg.com/lucide-static@latest/icons/badge-alert.svg
lucide	badge-cent	BadgeCent	shopping	图标 badge-cent；分类: shopping, finance；tags: discount, offer, sale, voucher, tag, monetization, marketing, finance, financial, exchange, transaction, payment, cents, dollar, usd, $, ¢	https://unpkg.com/lucide-static@latest/icons/badge-cent.svg	free	install	url:https://unpkg.com/lucide-static@latest/icons/badge-cent.svg
lucide	badge-check	BadgeCheck	social	图标 badge-check；分类: social；tags: verified, check	https://unpkg.com/lucide-static@latest/icons/badge-check.svg	free	install	url:https://unpkg.com/lucide-static@latest/icons/badge-check.svg
lucide	badge-dollar-sign	BadgeDollarSign	shopping	图标 badge-dollar-sign；分类: shopping, finance；tags: discount, offer, sale, voucher, tag, monetization, marketing, finance, financial, exchange, transaction, payment, usd, $	https://unpkg.com/lucide-static@latest/icons/badge-dollar-sign.svg	free	install	url:https://unpkg.com/lucide-static@latest/icons/badge-dollar-sign.svg
lucide	badge-euro	BadgeEuro	shopping	图标 badge-euro；分类: shopping, finance；tags: discount, offer, sale, voucher, tag, monetization, marketing, finance, financial, exchange, transaction, payment, €	https://unpkg.com/lucide-static@latest/icons/badge-euro.svg	free	install	url:https://unpkg.com/lucide-static@latest/icons/badge-euro.svg
lucide	badge-indian-rupee	BadgeIndianRupee	shopping	图标 badge-indian-rupee；分类: shopping, finance；tags: discount, offer, sale, voucher, tag, monetization, marketing, finance, financial, exchange, transaction, payment, inr, ₹	https://unpkg.com/lucide-static@latest/icons/badge-indian-rupee.svg	free	install	url:https://unpkg.com/lucide-static@latest/icons/badge-indian-rupee.svg
lucide	badge-info	BadgeInfo	account	图标 badge-info；分类: account, accessibility, social；tags: verified, unverified, help	https://unpkg.com/lucide-static@latest/icons/badge-info.svg	free	install	url:https://unpkg.com/lucide-static@latest/icons/badge-info.svg
lucide	badge-japanese-yen	BadgeJapaneseYen	shopping	图标 badge-japanese-yen；分类: shopping, finance；tags: discount, offer, sale, voucher, tag, monetization, marketing, finance, financial, exchange, transaction, payment, jpy, ¥	https://unpkg.com/lucide-static@latest/icons/badge-japanese-yen.svg	free	install	url:https://unpkg.com/lucide-static@latest/icons/badge-japanese-yen.svg
lucide	badge-minus	BadgeMinus	social	图标 badge-minus；分类: social；tags: verified, unverified, delete, remove, erase	https://unpkg.com/lucide-static@latest/icons/badge-minus.svg	free	install	url:https://unpkg.com/lucide-static@latest/icons/badge-minus.svg
lucide	badge-percent	BadgePercent	social	图标 badge-percent；分类: social, finance, shopping, math；tags: verified, unverified, sale, discount, offer, marketing, sticker, price tag	https://unpkg.com/lucide-static@latest/icons/badge-percent.svg	free	install	url:https://unpkg.com/lucide-static@latest/icons/badge-percent.svg
lucide	badge-plus	BadgePlus	social	图标 badge-plus；分类: social；tags: verified, unverified, add, create, new	https://unpkg.com/lucide-static@latest/icons/badge-plus.svg	free	install	url:https://unpkg.com/lucide-static@latest/icons/badge-plus.svg
lucide	badge-pound-sterling	BadgePoundSterling	shopping	图标 badge-pound-sterling；分类: shopping, finance；tags: discount, offer, sale, voucher, tag, monetization, marketing, finance, financial, exchange, transaction, payment, british, gbp, £	https://unpkg.com/lucide-static@latest/icons/badge-pound-sterling.svg	free	install	url:https://unpkg.com/lucide-static@latest/icons/badge-pound-sterling.svg
lucide	badge-question-mark	BadgeQuestionMark	accessibility	图标 badge-question-mark；分类: accessibility, social, shapes；tags: verified, unverified, help	https://unpkg.com/lucide-static@latest/icons/badge-question-mark.svg	free	install	url:https://unpkg.com/lucide-static@latest/icons/badge-question-mark.svg
lucide	badge-russian-ruble	BadgeRussianRuble	shopping	图标 badge-russian-ruble；分类: shopping, finance；tags: discount, offer, sale, voucher, tag, monetization, marketing, finance, financial, exchange, transaction, payment, rub, ₽	https://unpkg.com/lucide-static@latest/icons/badge-russian-ruble.svg	free	install	url:https://unpkg.com/lucide-static@latest/icons/badge-russian-ruble.svg
lucide	badge-swiss-franc	BadgeSwissFranc	shopping	图标 badge-swiss-franc；分类: shopping, finance；tags: discount, offer, sale, voucher, tag, monetization, marketing, finance, financial, exchange, transaction, payment, chf, ₣	https://unpkg.com/lucide-static@latest/icons/badge-swiss-franc.svg	free	install	url:https://unpkg.com/lucide-static@latest/icons/badge-swiss-franc.svg
lucide	badge-turkish-lira	BadgeTurkishLira	shopping	图标 badge-turkish-lira；分类: shopping, finance；tags: discount, offer, sale, voucher, tag, monetization, marketing, finance, financial, exchange, transaction, payment, try, ₺	https://unpkg.com/lucide-static@latest/icons/badge-turkish-lira.svg	free	install	url:https://unpkg.com/lucide-static@latest/icons/badge-turkish-lira.svg
lucide	badge-x	BadgeX	social	图标 badge-x；分类: social；tags: verified, unverified, lost, delete, remove	https://unpkg.com/lucide-static@latest/icons/badge-x.svg	free	install	url:https://unpkg.com/lucide-static@latest/icons/badge-x.svg
lucide	baggage-claim	BaggageClaim	transportation	图标 baggage-claim；分类: transportation, travel；tags: baggage, luggage, travel, cart, trolley, suitcase	https://unpkg.com/lucide-static@latest/icons/baggage-claim.svg	free	install	url:https://unpkg.com/lucide-static@latest/icons/baggage-claim.svg
lucide	balloon	Balloon	emoji	图标 balloon；分类: emoji；tags: party, festival, congratulations, celebration, decoration, colorful, floating, fun, birthday, event, entertainment	https://unpkg.com/lucide-static@latest/icons/balloon.svg	free	install	url:https://unpkg.com/lucide-static@latest/icons/balloon.svg
lucide	ban	Ban	account	图标 ban；分类: account；tags: cancel, no, stop, forbidden, prohibited, error, incorrect, mistake, wrong, failure, circle, slash, null, void	https://unpkg.com/lucide-static@latest/icons/ban.svg	free	install	url:https://unpkg.com/lucide-static@latest/icons/ban.svg
lucide	banana	Banana	food-beverage	图标 banana；分类: food-beverage；tags: fruit, food	https://unpkg.com/lucide-static@latest/icons/banana.svg	free	install	url:https://unpkg.com/lucide-static@latest/icons/banana.svg
lucide	bandage	Bandage	medical	图标 bandage；分类: medical；tags: plaster, band-aid, first aid, medical, health, wound, injury, care, treatment, healing, protection, emergency, aid, safety, patch	https://unpkg.com/lucide-static@latest/icons/bandage.svg	free	install	url:https://unpkg.com/lucide-static@latest/icons/bandage.svg
lucide	bangladeshi-taka	BangladeshiTaka	finance	图标 bangladeshi-taka；分类: finance, shopping, travel；tags: currency, money, payment, bdt, ৳, currencysymbol, cash, banknote, price, remittance, ecommerce	https://unpkg.com/lucide-static@latest/icons/bangladeshi-taka.svg	free	install	url:https://unpkg.com/lucide-static@latest/icons/bangladeshi-taka.svg
lucide	banknote	Banknote	finance	图标 banknote；分类: finance；tags: currency, money, payment	https://unpkg.com/lucide-static@latest/icons/banknote.svg	free	install	url:https://unpkg.com/lucide-static@latest/icons/banknote.svg
lucide	banknote-arrow-down	BanknoteArrowDown	finance	图标 banknote-arrow-down；分类: finance；tags: bill, currency, money, payment, funds, transaction, cash, finance, withdraw, expense, out, payout, refund, debit, spending, decrease	https://unpkg.com/lucide-static@latest/icons/banknote-arrow-down.svg	free	install	url:https://unpkg.com/lucide-static@latest/icons/banknote-arrow-down.svg
lucide	banknote-arrow-up	BanknoteArrowUp	finance	图标 banknote-arrow-up；分类: finance；tags: bill, currency, money, payment, funds, transaction, cash, finance, deposit, earnings, income, in, credit, prepaid, growth, increase	https://unpkg.com/lucide-static@latest/icons/banknote-arrow-up.svg	free	install	url:https://unpkg.com/lucide-static@latest/icons/banknote-arrow-up.svg
lucide	banknote-check	BanknoteCheck	finance	图标 banknote-check；分类: finance；tags: banknote, bill, currency, payment, money, finance, document, verification, tick, verified, accepted, done, complete, found, paid, task, check, success	https://unpkg.com/lucide-static@latest/icons/banknote-check.svg	free	install	url:https://unpkg.com/lucide-static@latest/icons/banknote-check.svg
lucide	banknote-x	BanknoteX	finance	图标 banknote-x；分类: finance；tags: bill, currency, money, payment, funds, transaction, cash, finance, error, failed, rejected, canceled, declined, lost, delete, remove	https://unpkg.com/lucide-static@latest/icons/banknote-x.svg	free	install	url:https://unpkg.com/lucide-static@latest/icons/banknote-x.svg
lucide	barcode	Barcode	shopping	图标 barcode；分类: shopping；tags: scan, checkout, till, cart, transaction, purchase, buy, product, packaging, retail, consumer	https://unpkg.com/lucide-static@latest/icons/barcode.svg	free	install	url:https://unpkg.com/lucide-static@latest/icons/barcode.svg
lucide	barrel	Barrel	food-beverage	图标 barrel；分类: food-beverage, navigation；tags: keg, drum, tank, wine, beer, oak, wood, firkin, hogshead, kilderkin, barrique, solera, aging, whiskey, brewery, distillery, winery, vineyard	https://unpkg.com/lucide-static@latest/icons/barrel.svg	free	install	url:https://unpkg.com/lucide-static@latest/icons/barrel.svg
lucide	baseline	Baseline	text	图标 baseline；分类: text；tags: text, format, color	https://unpkg.com/lucide-static@latest/icons/baseline.svg	free	install	url:https://unpkg.com/lucide-static@latest/icons/baseline.svg
lucide	bath	Bath	travel	图标 bath；分类: travel；tags: amenities, services, bathroom, shower	https://unpkg.com/lucide-static@latest/icons/bath.svg	free	install	url:https://unpkg.com/lucide-static@latest/icons/bath.svg
lucide	battery	Battery	connectivity	图标 battery；分类: connectivity, devices；tags: power, electricity, energy, accumulator, charge	https://unpkg.com/lucide-static@latest/icons/battery.svg	free	install	url:https://unpkg.com/lucide-static@latest/icons/battery.svg
lucide	battery-charging	BatteryCharging	connectivity	图标 battery-charging；分类: connectivity, devices；tags: power, electricity, energy, accumulator, charge	https://unpkg.com/lucide-static@latest/icons/battery-charging.svg	free	install	url:https://unpkg.com/lucide-static@latest/icons/battery-charging.svg
lucide	battery-full	BatteryFull	connectivity	图标 battery-full；分类: connectivity, devices；tags: power, electricity, energy, accumulator, charge	https://unpkg.com/lucide-static@latest/icons/battery-full.svg	free	install	url:https://unpkg.com/lucide-static@latest/icons/battery-full.svg
lucide	battery-low	BatteryLow	connectivity	图标 battery-low；分类: connectivity, devices；tags: power, electricity, energy, accumulator, charge	https://unpkg.com/lucide-static@latest/icons/battery-low.svg	free	install	url:https://unpkg.com/lucide-static@latest/icons/battery-low.svg
lucide	battery-medium	BatteryMedium	connectivity	图标 battery-medium；分类: connectivity, devices；tags: power, electricity, energy, accumulator, charge	https://unpkg.com/lucide-static@latest/icons/battery-medium.svg	free	install	url:https://unpkg.com/lucide-static@latest/icons/battery-medium.svg
lucide	battery-plus	BatteryPlus	devices	图标 battery-plus；分类: devices；tags: power, electricity, energy, accumulator, charge, plus, economy, health, add, new, maximum, upgrade, extra, +	https://unpkg.com/lucide-static@latest/icons/battery-plus.svg	free	install	url:https://unpkg.com/lucide-static@latest/icons/battery-plus.svg
lucide	battery-warning	BatteryWarning	connectivity	图标 battery-warning；分类: connectivity, devices；tags: power, electricity, energy, accumulator, charge, exclamation mark	https://unpkg.com/lucide-static@latest/icons/battery-warning.svg	free	install	url:https://unpkg.com/lucide-static@latest/icons/battery-warning.svg
lucide	beaker	Beaker	science	图标 beaker；分类: science, gaming；tags: cup, lab, chemistry, experiment, test	https://unpkg.com/lucide-static@latest/icons/beaker.svg	free	install	url:https://unpkg.com/lucide-static@latest/icons/beaker.svg
lucide	bean	Bean	food-beverage	图标 bean；分类: food-beverage；tags: legume, soy, food, seed	https://unpkg.com/lucide-static@latest/icons/bean.svg	free	install	url:https://unpkg.com/lucide-static@latest/icons/bean.svg
lucide	bean-off	BeanOff	food-beverage	图标 bean-off；分类: food-beverage；tags: soy free, legume, soy, food, seed, allergy, intolerance, diet	https://unpkg.com/lucide-static@latest/icons/bean-off.svg	free	install	url:https://unpkg.com/lucide-static@latest/icons/bean-off.svg
lucide	bed	Bed	home	图标 bed；分类: home；tags: sleep, hotel, furniture	https://unpkg.com/lucide-static@latest/icons/bed.svg	free	install	url:https://unpkg.com/lucide-static@latest/icons/bed.svg
lucide	bed-double	BedDouble	home	图标 bed-double；分类: home；tags: sleep, hotel, furniture	https://unpkg.com/lucide-static@latest/icons/bed-double.svg	free	install	url:https://unpkg.com/lucide-static@latest/icons/bed-double.svg
lucide	bed-single	BedSingle	home	图标 bed-single；分类: home；tags: sleep, hotel, furniture	https://unpkg.com/lucide-static@latest/icons/bed-single.svg	free	install	url:https://unpkg.com/lucide-static@latest/icons/bed-single.svg
lucide	beef	Beef	food-beverage	图标 beef；分类: food-beverage；tags: food, dish, restaurant, course, meal, meat, bbq, steak	https://unpkg.com/lucide-static@latest/icons/beef.svg	free	install	url:https://unpkg.com/lucide-static@latest/icons/beef.svg
lucide	beef-off	BeefOff	food-beverage	图标 beef-off；分类: food-beverage；tags: food, dish, restaurant, course, meal, meat, bbq, steak, vegetarian	https://unpkg.com/lucide-static@latest/icons/beef-off.svg	free	install	url:https://unpkg.com/lucide-static@latest/icons/beef-off.svg
lucide	beer	Beer	food-beverage	图标 beer；分类: food-beverage；tags: alcohol, bar, beverage, brewery, drink	https://unpkg.com/lucide-static@latest/icons/beer.svg	free	install	url:https://unpkg.com/lucide-static@latest/icons/beer.svg
lucide	beer-off	BeerOff	food-beverage	图标 beer-off；分类: food-beverage；tags: alcohol, bar, beverage, brewery, drink	https://unpkg.com/lucide-static@latest/icons/beer-off.svg	free	install	url:https://unpkg.com/lucide-static@latest/icons/beer-off.svg
lucide	bell	Bell	account	图标 bell；分类: account, notifications；tags: alarm, notification, sound, reminder	https://unpkg.com/lucide-static@latest/icons/bell.svg	free	install	url:https://unpkg.com/lucide-static@latest/icons/bell.svg
lucide	bell-check	BellCheck	account	图标 bell-check；分类: account, notifications；tags: alarm, notification, sound, reminder	https://unpkg.com/lucide-static@latest/icons/bell-check.svg	free	install	url:https://unpkg.com/lucide-static@latest/icons/bell-check.svg
lucide	bell-dot	BellDot	account	图标 bell-dot；分类: account, notifications；tags: alarm, notification, sound, reminder, unread	https://unpkg.com/lucide-static@latest/icons/bell-dot.svg	free	install	url:https://unpkg.com/lucide-static@latest/icons/bell-dot.svg
lucide	bell-electric	BellElectric	devices	图标 bell-electric；分类: devices, notifications, home；tags: fire alarm, flames, smoke, firefighter, fireman, department, brigade, station, emergency, alert, safety, school bell, period break, recess, doorbell, entrance, entry, ring, reception	https://unpkg.com/lucide-static@latest/icons/bell-electric.svg	free	install	url:https://unpkg.com/lucide-static@latest/icons/bell-electric.svg
lucide	bell-minus	BellMinus	notifications	图标 bell-minus；分类: notifications；tags: alarm, notification, silent, reminder, delete, remove, erase	https://unpkg.com/lucide-static@latest/icons/bell-minus.svg	free	install	url:https://unpkg.com/lucide-static@latest/icons/bell-minus.svg
lucide	bell-off	BellOff	notifications	图标 bell-off；分类: notifications；tags: alarm, notification, silent, reminder	https://unpkg.com/lucide-static@latest/icons/bell-off.svg	free	install	url:https://unpkg.com/lucide-static@latest/icons/bell-off.svg
lucide	bell-plus	BellPlus	notifications	图标 bell-plus；分类: notifications；tags: notification, silent, reminder, add, create, new	https://unpkg.com/lucide-static@latest/icons/bell-plus.svg	free	install	url:https://unpkg.com/lucide-static@latest/icons/bell-plus.svg
lucide	bell-ring	BellRing	notifications	图标 bell-ring；分类: notifications；tags: alarm, notification, sound, reminder	https://unpkg.com/lucide-static@latest/icons/bell-ring.svg	free	install	url:https://unpkg.com/lucide-static@latest/icons/bell-ring.svg
lucide	between-horizontal-end	BetweenHorizontalEnd	layout	图标 between-horizontal-end；分类: layout, design, tools；tags: insert, add, left, slot, squeeze, space, vertical, grid, table, rows, cells, excel, spreadsheet, accountancy, data, enter, entry, entries, blocks, rectangles, chevron	https://unpkg.com/lucide-static@latest/icons/between-horizontal-end.svg	free	install	url:https://unpkg.com/lucide-static@latest/icons/between-horizontal-end.svg
lucide	between-horizontal-start	BetweenHorizontalStart	layout	图标 between-horizontal-start；分类: layout, design, tools；tags: insert, add, right, slot, squeeze, space, vertical, grid, table, rows, cells, excel, spreadsheet, accountancy, data, enter, entry, entries, blocks, rectangles, chevron	https://unpkg.com/lucide-static@latest/icons/between-horizontal-start.svg	free	install	url:https://unpkg.com/lucide-static@latest/icons/between-horizontal-start.svg
lucide	between-vertical-end	BetweenVerticalEnd	layout	图标 between-vertical-end；分类: layout, design, tools；tags: insert, add, top, slot, squeeze, space, vertical, grid, table, columns, cells, data, enter, entry, entries, blocks, rectangles, chevron	https://unpkg.com/lucide-static@latest/icons/between-vertical-end.svg	free	install	url:https://unpkg.com/lucide-static@latest/icons/between-vertical-end.svg
lucide	between-vertical-start	BetweenVerticalStart	layout	图标 between-vertical-start；分类: layout, design, tools；tags: insert, add, bottom, slot, squeeze, space, vertical, grid, table, columns, cells, data, enter, entry, entries, blocks, rectangles, chevron	https://unpkg.com/lucide-static@latest/icons/between-vertical-start.svg	free	install	url:https://unpkg.com/lucide-static@latest/icons/between-vertical-start.svg
lucide	biceps-flexed	BicepsFlexed	emoji	图标 biceps-flexed；分类: emoji；tags: arm, muscle, strong, working out, athletic, toned, muscular, forelimb, curled	https://unpkg.com/lucide-static@latest/icons/biceps-flexed.svg	free	install	url:https://unpkg.com/lucide-static@latest/icons/biceps-flexed.svg
lucide	bike	Bike	transportation	图标 bike；分类: transportation；tags: bicycle, transport, trip	https://unpkg.com/lucide-static@latest/icons/bike.svg	free	install	url:https://unpkg.com/lucide-static@latest/icons/bike.svg
lucide	binary	Binary	text	图标 binary；分类: text, development；tags: code, digits, computer, zero, one, boolean	https://unpkg.com/lucide-static@latest/icons/binary.svg	free	install	url:https://unpkg.com/lucide-static@latest/icons/binary.svg
lucide	binoculars	Binoculars	navigation	图标 binoculars；分类: navigation, nature, photography, science, travel, development；tags: field glasses, lorgnette, pince-nez, observation, sightseeing, nature, wildlife, birdwatching, scouting, surveillance, search, discovery, monitoring, lookout, viewpoint, travel, tourism, research	https://unpkg.com/lucide-static@latest/icons/binoculars.svg	free	install	url:https://unpkg.com/lucide-static@latest/icons/binoculars.svg
lucide	biohazard	Biohazard	science	图标 biohazard；分类: science；tags: fallout, waste, biology, chemistry, chemical, element	https://unpkg.com/lucide-static@latest/icons/biohazard.svg	free	install	url:https://unpkg.com/lucide-static@latest/icons/biohazard.svg
lucide	bird	Bird	animals	图标 bird；分类: animals；tags: peace, freedom, wing, avian, tweet	https://unpkg.com/lucide-static@latest/icons/bird.svg	free	install	url:https://unpkg.com/lucide-static@latest/icons/bird.svg
lucide	birdhouse	Birdhouse	nature	图标 birdhouse；分类: nature, animals, navigation, home；tags: birdhouse, bird, garden, home, house, woodwork	https://unpkg.com/lucide-static@latest/icons/birdhouse.svg	free	install	url:https://unpkg.com/lucide-static@latest/icons/birdhouse.svg
lucide	bitcoin	Bitcoin	development	图标 bitcoin；分类: development, finance；tags: cryptocurrency, digital, blockchain, finance, coin, market, decentralized, investment, crypto, currency, money, payment	https://unpkg.com/lucide-static@latest/icons/bitcoin.svg	free	install	url:https://unpkg.com/lucide-static@latest/icons/bitcoin.svg
lucide	blend	Blend	design	图标 blend；分类: design, photography, tools, development；tags: mode, overlay, multiply, screen, opacity, transparency, alpha, filters, lenses, mixed, shades, tints, hues, saturation, brightness, overlap, colors, colours, marriage, rings, couple, connection	https://unpkg.com/lucide-static@latest/icons/blend.svg	free	install	url:https://unpkg.com/lucide-static@latest/icons/blend.svg
lucide	blender	Blender	food-beverage	图标 blender；分类: food-beverage, home；tags: mixer, appliances, food, liquid, juicer, vitamizer, mix, emulsify, smoothie, drink, blade, container, kitchen, milkshake, cocktail, beverage, culinary, shredder, processor, cooking, recipe, chef, restaurant	https://unpkg.com/lucide-static@latest/icons/blender.svg	free	install	url:https://unpkg.com/lucide-static@latest/icons/blender.svg
lucide	blinds	Blinds	home	图标 blinds；分类: home；tags: shades, screen, curtain, shutter, roller blind, window, lighting, household, home	https://unpkg.com/lucide-static@latest/icons/blinds.svg	free	install	url:https://unpkg.com/lucide-static@latest/icons/blinds.svg
lucide	blocks	Blocks	development	图标 blocks；分类: development, layout, shapes；tags: addon, plugin, integration, extension, package, build, stack, toys, kids, children, learning, squares, corner	https://unpkg.com/lucide-static@latest/icons/blocks.svg	free	install	url:https://unpkg.com/lucide-static@latest/icons/blocks.svg
lucide	bluetooth	Bluetooth	connectivity	图标 bluetooth；分类: connectivity, devices；tags: wireless	https://unpkg.com/lucide-static@latest/icons/bluetooth.svg	free	install	url:https://unpkg.com/lucide-static@latest/icons/bluetooth.svg
lucide	bluetooth-connected	BluetoothConnected	connectivity	图标 bluetooth-connected；分类: connectivity, devices；tags: paired	https://unpkg.com/lucide-static@latest/icons/bluetooth-connected.svg	free	install	url:https://unpkg.com/lucide-static@latest/icons/bluetooth-connected.svg
lucide	bluetooth-off	BluetoothOff	connectivity	图标 bluetooth-off；分类: connectivity, devices；tags: lost	https://unpkg.com/lucide-static@latest/icons/bluetooth-off.svg	free	install	url:https://unpkg.com/lucide-static@latest/icons/bluetooth-off.svg
lucide	bluetooth-searching	BluetoothSearching	connectivity	图标 bluetooth-searching；分类: connectivity, devices；tags: pairing	https://unpkg.com/lucide-static@latest/icons/bluetooth-searching.svg	free	install	url:https://unpkg.com/lucide-static@latest/icons/bluetooth-searching.svg
lucide	bold	Bold	text	图标 bold；分类: text；tags: text, strong, format	https://unpkg.com/lucide-static@latest/icons/bold.svg	free	install	url:https://unpkg.com/lucide-static@latest/icons/bold.svg
lucide	bolt	Bolt	tools	图标 bolt；分类: tools, home；tags: nut, screw, settings, preferences, configuration, controls, edit, diy, fixed, build, construction, parts	https://unpkg.com/lucide-static@latest/icons/bolt.svg	free	install	url:https://unpkg.com/lucide-static@latest/icons/bolt.svg
lucide	bomb	Bomb	security	图标 bomb；分类: security, tools；tags: fatal, error, crash, blockbuster, mine, explosion, explode, explosive	https://unpkg.com/lucide-static@latest/icons/bomb.svg	free	install	url:https://unpkg.com/lucide-static@latest/icons/bomb.svg
lucide	bone	Bone	animals	图标 bone；分类: animals, medical, gaming；tags: health, skeleton, skull, death, pets, dog	https://unpkg.com/lucide-static@latest/icons/bone.svg	free	install	url:https://unpkg.com/lucide-static@latest/icons/bone.svg
lucide	bone-fracture	BoneFracture	medical	图标 bone-fracture；分类: medical, animals；tags: bone, fracture, injury, orthopedic, medical, anatomy, skeletal, broken, xray, trauma, health, vet, veterinary, crack, break, damage	https://unpkg.com/lucide-static@latest/icons/bone-fracture.svg	free	install	url:https://unpkg.com/lucide-static@latest/icons/bone-fracture.svg
lucide	book	Book	text	图标 book；分类: text, development, gaming；tags: reading, paperback, booklet, magazine, leaflet, pamphlet, tome, library, writing, written, writer, author, story, script, fiction, novel, information, knowledge, education, high school, university, college, academy, student, study, learning, homework, research, documentation	https://unpkg.com/lucide-static@latest/icons/book.svg	free	install	url:https://unpkg.com/lucide-static@latest/icons/book.svg
lucide	book-a	BookA	text	图标 book-a；分类: text, gaming；tags: dictionary, define, definition, thesaurus, encyclopedia, encyclopaedia, reading, booklet, magazine, leaflet, pamphlet, tome, library, writing, written, writer, author, story, script, fiction, novel, information, knowledge, education, high school, university, college, academy, student, study, learning, homework, research, language, translate, alphabetical, a-z, ordered	https://unpkg.com/lucide-static@latest/icons/book-a.svg	free	install	url:https://unpkg.com/lucide-static@latest/icons/book-a.svg
lucide	book-alert	BookAlert	text	图标 book-alert；分类: text, development, gaming；tags: reading, paperback, booklet, magazine, leaflet, pamphlet, tome, library, writing, written, writer, author, story, script, fiction, novel, information, knowledge, education, high school, university, college, academy, student, study, learning, homework, research, documentation, warning, alert, danger, exclamation mark	https://unpkg.com/lucide-static@latest/icons/book-alert.svg	free	install	url:https://unpkg.com/lucide-static@latest/icons/book-alert.svg
lucide	book-audio	BookAudio	multimedia	图标 book-audio；分类: multimedia, text；tags: audiobook, reading, listening, sound, story, fiction, novel, information, knowledge, education, student, study, learning, research	https://unpkg.com/lucide-static@latest/icons/book-audio.svg	free	install	url:https://unpkg.com/lucide-static@latest/icons/book-audio.svg
lucide	book-bookmark	BookBookmark	text	图标 book-bookmark；分类: text, development, gaming；tags: dictionary, reading, booklet, magazine, leaflet, pamphlet, tome, library, writing, written, writer, author, story, script, fiction, novel, information, knowledge, education, high school, university, college, academy, student, study, learning, homework, research, documentation, saved, later, future, reference, index, code, coding, version control, git, repository	https://unpkg.com/lucide-static@latest/icons/book-bookmark.svg	free	install	url:https://unpkg.com/lucide-static@latest/icons/book-bookmark.svg
lucide	book-check	BookCheck	text	图标 book-check；分类: text, development, gaming；tags: read, booklet, magazine, leaflet, pamphlet, library, written, authored, published, informed, knowledgeable, educated, schooled, homework, examined, tested, marked, passed, graduated, studied, learned, lesson, researched, documented, revealed, blank, plain language, true, truth, verified, corrected, task, todo, done, completed, finished, ticked	https://unpkg.com/lucide-static@latest/icons/book-check.svg	free	install	url:https://unpkg.com/lucide-static@latest/icons/book-check.svg
lucide	book-copy	BookCopy	development	图标 book-copy；分类: development, text, gaming；tags: code, coding, version control, git, repository, clone, fork, duplicate, multiple, books, library, copies, copied, plagiarism, plagiarised, plagiarized, reading list, information, informed, knowledge, knowledgeable, knowledgable, education, high school, university, college, academy, student, study, learning, research, smart, intelligent, intellectual	https://unpkg.com/lucide-static@latest/icons/book-copy.svg	free	install	url:https://unpkg.com/lucide-static@latest/icons/book-copy.svg
lucide	book-dashed	BookDashed	development	图标 book-dashed；分类: development；tags: code, coding, version control, git, repository, template, draft, script, screenplay, writing, writer, author, unwritten, unpublished, untold	https://unpkg.com/lucide-static@latest/icons/book-dashed.svg	free	install	url:https://unpkg.com/lucide-static@latest/icons/book-dashed.svg
lucide	book-down	BookDown	development	图标 book-down；分类: development；tags: code, coding, version control, git, repository, pull	https://unpkg.com/lucide-static@latest/icons/book-down.svg	free	install	url:https://unpkg.com/lucide-static@latest/icons/book-down.svg
lucide	book-headphones	BookHeadphones	multimedia	图标 book-headphones；分类: multimedia, text；tags: audiobook, reading, listening, sound, story, fiction, novel, information, knowledge, education, student, study, learning, research	https://unpkg.com/lucide-static@latest/icons/book-headphones.svg	free	install	url:https://unpkg.com/lucide-static@latest/icons/book-headphones.svg
lucide	book-heart	BookHeart	social	图标 book-heart；分类: social, text, gaming；tags: diary, romance, novel, journal, entry, entries, personal, private, secret, crush, like, love, emotion, feminine, girls, teens, teenager, therapy, therapeutic, therapist, planner, organizer, organiser, notes, notepad, stationery, sketchbook, writing, written, reading, favorite, favourite, high school	https://unpkg.com/lucide-static@latest/icons/book-heart.svg	free	install	url:https://unpkg.com/lucide-static@latest/icons/book-heart.svg
lucide	book-image	BookImage	photography	图标 book-image；分类: photography, text, multimedia, files, social, shopping, travel；tags: images, pictures, photos, album, collection, event, magazine, catalog, catalogue, brochure, browse, gallery	https://unpkg.com/lucide-static@latest/icons/book-image.svg	free	install	url:https://unpkg.com/lucide-static@latest/icons/book-image.svg
lucide	book-key	BookKey	development	图标 book-key；分类: development, security, gaming；tags: code, coding, version control, git, repository, private, public, secret, unlocked, hidden, revealed, knowledge, learning	https://unpkg.com/lucide-static@latest/icons/book-key.svg	free	install	url:https://unpkg.com/lucide-static@latest/icons/book-key.svg
lucide	book-lock	BookLock	development	图标 book-lock；分类: development, security, gaming；tags: code, coding, version control, git, repository, private, secret, hidden, knowledge	https://unpkg.com/lucide-static@latest/icons/book-lock.svg	free	install	url:https://unpkg.com/lucide-static@latest/icons/book-lock.svg
lucide	book-minus	BookMinus	development	图标 book-minus；分类: development, text, gaming；tags: code, coding, version control, git, repository, remove, delete, censor, cancel, forbid, prohibit, ban, uneducated, re-educate, unlearn, downgrade	https://unpkg.com/lucide-static@latest/icons/book-minus.svg	free	install	url:https://unpkg.com/lucide-static@latest/icons/book-minus.svg
lucide	book-open	BookOpen	text	图标 book-open；分类: text, development, gaming；tags: reading, pages, booklet, magazine, leaflet, pamphlet, library, writing, written, writer, author, story, script, screenplay, fiction, novel, information, knowledge, education, high school, university, college, academy, student, study, learning, homework, research, documentation, revealed, blank, plain	https://unpkg.com/lucide-static@latest/icons/book-open.svg	free	install	url:https://unpkg.com/lucide-static@latest/icons/book-open.svg
lucide	book-open-check	BookOpenCheck	text	图标 book-open-check；分类: text, development, gaming；tags: read, pages, booklet, magazine, leaflet, pamphlet, library, written, authored, published, informed, knowledgeable, educated, schooled, homework, examined, tested, marked, passed, graduated, studied, learned, lesson, researched, documented, revealed, blank, plain language, true, truth, verified, corrected, task, todo, done, completed, finished, ticked	https://unpkg.com/lucide-static@latest/icons/book-open-check.svg	free	install	url:https://unpkg.com/lucide-static@latest/icons/book-open-check.svg
lucide	book-open-text	BookOpenText	text	图标 book-open-text；分类: text, development；tags: reading, pages, booklet, magazine, leaflet, pamphlet, library, writing, written, writer, author, story, script, fiction, novel, information, knowledge, education, high school, university, college, academy, student, study, learning, homework, research, documentation, revealed	https://unpkg.com/lucide-static@latest/icons/book-open-text.svg	free	install	url:https://unpkg.com/lucide-static@latest/icons/book-open-text.svg
lucide	book-plus	BookPlus	development	图标 book-plus；分类: development, text, gaming；tags: code, coding, version control, git, repository, remove, delete, read, write, author, publish, inform, graduate, re-educate, study, learn, research, knowledge, improve, upgrade, level up	https://unpkg.com/lucide-static@latest/icons/book-plus.svg	free	install	url:https://unpkg.com/lucide-static@latest/icons/book-plus.svg
lucide	book-search	BookSearch	text	图标 book-search；分类: text, development, gaming；tags: reading, library, study, education, research, knowledge, discover, browsing, lookup, finding, scanning	https://unpkg.com/lucide-static@latest/icons/book-search.svg	free	install	url:https://unpkg.com/lucide-static@latest/icons/book-search.svg
lucide	book-text	BookText	text	图标 book-text；分类: text, gaming；tags: reading, booklet, magazine, leaflet, pamphlet, tome, library, writing, written, writer, author, story, script, fiction, novel, information, knowledge, education, high school, university, college, academy, student, study, learning, homework, research, documentation	https://unpkg.com/lucide-static@latest/icons/book-text.svg	free	install	url:https://unpkg.com/lucide-static@latest/icons/book-text.svg
lucide	book-type	BookType	text	图标 book-type；分类: text, design, gaming；tags: thesaurus, synonym, reading, booklet, magazine, leaflet, pamphlet, tome, library, writing, written, writer, author, story, script, fiction, novel, information, knowledge, education, high school, university, college, academy, student, study, learning, homework, research, language, translate, typography, fonts, collection	https://unpkg.com/lucide-static@latest/icons/book-type.svg	free	install	url:https://unpkg.com/lucide-static@latest/icons/book-type.svg
lucide	book-up	BookUp	development	图标 book-up；分类: development；tags: code, coding, version control, git, repository, push	https://unpkg.com/lucide-static@latest/icons/book-up.svg	free	install	url:https://unpkg.com/lucide-static@latest/icons/book-up.svg
lucide	book-up-2	BookUp2	development	图标 book-up-2；分类: development；tags: code, coding, version control, git, repository, push, force	https://unpkg.com/lucide-static@latest/icons/book-up-2.svg	free	install	url:https://unpkg.com/lucide-static@latest/icons/book-up-2.svg
lucide	book-user	BookUser	account	图标 book-user；分类: account, connectivity, communication, social；tags: person, people, family, friends, acquaintances, contacts, details, addresses, phone numbers, directory, listing, networking	https://unpkg.com/lucide-static@latest/icons/book-user.svg	free	install	url:https://unpkg.com/lucide-static@latest/icons/book-user.svg
lucide	book-x	BookX	text	图标 book-x；分类: text, gaming；tags: code, coding, version control, git, repository, remove, delete, reading, misinformation, disinformation, misinformed, charlatan, sophistry, false, lies, untruth, propaganda, censored, cancelled, forbidden, prohibited, banned, uneducated, re-education, unlearn	https://unpkg.com/lucide-static@latest/icons/book-x.svg	free	install	url:https://unpkg.com/lucide-static@latest/icons/book-x.svg
lucide	bookmark	Bookmark	account	图标 bookmark；分类: account；tags: save, favorite, mark, label, attachment, file, stick, pin, read, clip, marker, tag	https://unpkg.com/lucide-static@latest/icons/bookmark.svg	free	install	url:https://unpkg.com/lucide-static@latest/icons/bookmark.svg
lucide	bookmark-check	BookmarkCheck	account	图标 bookmark-check；分类: account；tags: read, finished, complete, clip, marker, tag, task, todo	https://unpkg.com/lucide-static@latest/icons/bookmark-check.svg	free	install	url:https://unpkg.com/lucide-static@latest/icons/bookmark-check.svg
lucide	bookmark-minus	BookmarkMinus	account	图标 bookmark-minus；分类: account；tags: delete, remove	https://unpkg.com/lucide-static@latest/icons/bookmark-minus.svg	free	install	url:https://unpkg.com/lucide-static@latest/icons/bookmark-minus.svg
lucide	bookmark-off	BookmarkOff	account	图标 bookmark-off；分类: account；tags: unsaved, unfavorite, unmarked, unlabel, disabled, removed, unpin, unread, unclip, marker, untag	https://unpkg.com/lucide-static@latest/icons/bookmark-off.svg	free	install	url:https://unpkg.com/lucide-static@latest/icons/bookmark-off.svg
lucide	bookmark-plus	BookmarkPlus	account	图标 bookmark-plus；分类: account；tags: add	https://unpkg.com/lucide-static@latest/icons/bookmark-plus.svg	free	install	url:https://unpkg.com/lucide-static@latest/icons/bookmark-plus.svg
lucide	bookmark-x	BookmarkX	account	图标 bookmark-x；分类: account；tags: read, clip, marker, tag, cancel, close, delete, remove, clear	https://unpkg.com/lucide-static@latest/icons/bookmark-x.svg	free	install	url:https://unpkg.com/lucide-static@latest/icons/bookmark-x.svg
lucide	boom-box	BoomBox	devices	图标 boom-box；分类: devices, multimedia, social；tags: radio, speakers, audio, music, sound, broadcast, live, frequency	https://unpkg.com/lucide-static@latest/icons/boom-box.svg	free	install	url:https://unpkg.com/lucide-static@latest/icons/boom-box.svg
lucide	bot	Bot	development	图标 bot；分类: development, social；tags: robot, ai, chat, assistant	https://unpkg.com/lucide-static@latest/icons/bot.svg	free	install	url:https://unpkg.com/lucide-static@latest/icons/bot.svg
lucide	bot-message-square	BotMessageSquare	development	图标 bot-message-square；分类: development, social；tags: robot, ai, chat, assistant	https://unpkg.com/lucide-static@latest/icons/bot-message-square.svg	free	install	url:https://unpkg.com/lucide-static@latest/icons/bot-message-square.svg
lucide	bot-off	BotOff	development	图标 bot-off；分类: development, social；tags: robot, ai, chat, assistant	https://unpkg.com/lucide-static@latest/icons/bot-off.svg	free	install	url:https://unpkg.com/lucide-static@latest/icons/bot-off.svg
lucide	bottle-wine	BottleWine	food-beverage	图标 bottle-wine；分类: food-beverage；tags: alcohol, drink, glass, goblet, chalice, vineyard, winery, red, white, rose, dry, sparkling, bar, party, nightclub, nightlife, sommelier, restaurant, dinner, meal	https://unpkg.com/lucide-static@latest/icons/bottle-wine.svg	free	install	url:https://unpkg.com/lucide-static@latest/icons/bottle-wine.svg
lucide	bow-arrow	BowArrow	gaming	图标 bow-arrow；分类: gaming, tools；tags: archer, archery, game, war, weapon	https://unpkg.com/lucide-static@latest/icons/bow-arrow.svg	free	install	url:https://unpkg.com/lucide-static@latest/icons/bow-arrow.svg
lucide	box	Box	shapes	图标 box；分类: shapes, gaming, development, math；tags: cube, package, container, storage, geometry, 3d, isometric	https://unpkg.com/lucide-static@latest/icons/box.svg	free	install	url:https://unpkg.com/lucide-static@latest/icons/box.svg
lucide	boxes	Boxes	shapes	图标 boxes；分类: shapes, gaming, development；tags: cubes, packages, parts, group, units, collection, cluster, geometry	https://unpkg.com/lucide-static@latest/icons/boxes.svg	free	install	url:https://unpkg.com/lucide-static@latest/icons/boxes.svg
lucide	braces	Braces	development	图标 braces；分类: development, files；tags: json, code, token, curly brackets, data, {, }	https://unpkg.com/lucide-static@latest/icons/braces.svg	free	install	url:https://unpkg.com/lucide-static@latest/icons/braces.svg
lucide	brackets	Brackets	development	图标 brackets；分类: development, files；tags: code, token, array, list, square, [, ]	https://unpkg.com/lucide-static@latest/icons/brackets.svg	free	install	url:https://unpkg.com/lucide-static@latest/icons/brackets.svg
lucide	brain	Brain	medical	图标 brain；分类: medical, science；tags: medical, mind, mental, intellect, cerebral, consciousness, genius, artificial intelligence, ai, think, thought, insight, intelligent, smart	https://unpkg.com/lucide-static@latest/icons/brain.svg	free	install	url:https://unpkg.com/lucide-static@latest/icons/brain.svg
lucide	brain-circuit	BrainCircuit	science	图标 brain-circuit；分类: science, development；tags: mind, intellect, artificial intelligence, ai, deep learning, machine learning, computing	https://unpkg.com/lucide-static@latest/icons/brain-circuit.svg	free	install	url:https://unpkg.com/lucide-static@latest/icons/brain-circuit.svg
lucide	brain-cog	BrainCog	science	图标 brain-cog；分类: science, development；tags: mind, intellect, artificial intelligence, ai, deep learning, machine learning, computing	https://unpkg.com/lucide-static@latest/icons/brain-cog.svg	free	install	url:https://unpkg.com/lucide-static@latest/icons/brain-cog.svg
lucide	brick-wall	BrickWall	buildings	图标 brick-wall；分类: buildings, home；tags: bricks, mortar, cement, materials, construction, builder, labourer, quantity surveyor, blocks, stone	https://unpkg.com/lucide-static@latest/icons/brick-wall.svg	free	install	url:https://unpkg.com/lucide-static@latest/icons/brick-wall.svg
lucide	brick-wall-fire	BrickWallFire	security	图标 brick-wall-fire；分类: security, home, connectivity；tags: firewall, security, bricks, mortar, cement, materials, construction, builder, labourer, quantity surveyor, blocks, stone, campfire, camping, wilderness, outdoors, lit, warmth, wood, twigs, sticks	https://unpkg.com/lucide-static@latest/icons/brick-wall-fire.svg	free	install	url:https://unpkg.com/lucide-static@latest/icons/brick-wall-fire.svg
lucide	brick-wall-shield	BrickWallShield	security	图标 brick-wall-shield；分类: security, home, connectivity；tags: firewall, security, bricks, mortar, cement, materials, construction, builder, labourer, quantity surveyor, blocks, stone, cybersecurity, secure, safety, protection, guardian, armored, armoured, defense, defence, defender, block, threat, prevention, antivirus, vigilance, vigilant, detection, scan, find, strength, strong, tough, invincible, invincibility, invulnerable, undamaged, audit, admin, verification, crest, bravery, knight, foot soldier, infantry, trooper, pawn, battle, war, military, army, cadet, scout	https://unpkg.com/lucide-static@latest/icons/brick-wall-shield.svg	free	install	url:https://unpkg.com/lucide-static@latest/icons/brick-wall-shield.svg
lucide	bridge	Bridge	travel	图标 bridge；分类: travel, transportation, buildings；tags: overpass, cross over, traverse, viaduct, suspension, infrastructure, transportation, crossing, road, river, gate, golden, travel, landmark, route, maritime, clearance	https://unpkg.com/lucide-static@latest/icons/bridge.svg	free	install	url:https://unpkg.com/lucide-static@latest/icons/bridge.svg
lucide	briefcase	Briefcase	transportation	图标 briefcase；分类: transportation；tags: work, bag, baggage, folder	https://unpkg.com/lucide-static@latest/icons/briefcase.svg	free	install	url:https://unpkg.com/lucide-static@latest/icons/briefcase.svg
lucide	briefcase-business	BriefcaseBusiness	transportation	图标 briefcase-business；分类: transportation；tags: work, bag, baggage, folder, portfolio	https://unpkg.com/lucide-static@latest/icons/briefcase-business.svg	free	install	url:https://unpkg.com/lucide-static@latest/icons/briefcase-business.svg
lucide	briefcase-conveyor-belt	BriefcaseConveyorBelt	travel	图标 briefcase-conveyor-belt；分类: travel, transportation；tags: baggage, luggage, travel, suitcase, conveyor, carousel	https://unpkg.com/lucide-static@latest/icons/briefcase-conveyor-belt.svg	free	install	url:https://unpkg.com/lucide-static@latest/icons/briefcase-conveyor-belt.svg
lucide	briefcase-medical	BriefcaseMedical	medical	图标 briefcase-medical；分类: medical, transportation；tags: doctor, medicine, first aid	https://unpkg.com/lucide-static@latest/icons/briefcase-medical.svg	free	install	url:https://unpkg.com/lucide-static@latest/icons/briefcase-medical.svg
lucide	briefcase-plus	BriefcasePlus	transportation	图标 briefcase-plus；分类: transportation, files, account；tags: work, bag, baggage, folder, new, add, create, increase, briefcase, portfolio, business, career, employment, professional, plus	https://unpkg.com/lucide-static@latest/icons/briefcase-plus.svg	free	install	url:https://unpkg.com/lucide-static@latest/icons/briefcase-plus.svg
lucide	bring-to-front	BringToFront	design	图标 bring-to-front；分类: design, layout；tags: bring, send, move, over, forward, front, overlap, layer, order	https://unpkg.com/lucide-static@latest/icons/bring-to-front.svg	free	install	url:https://unpkg.com/lucide-static@latest/icons/bring-to-front.svg
lucide	broccoli	Broccoli	food-beverage	图标 broccoli；分类: food-beverage；tags: leafy, crisp, fresh, culinary, vegetation, vegetable, food, healthy, vegan, vegetarian, nutrition, diet, plant, green, produce	https://unpkg.com/lucide-static@latest/icons/broccoli.svg	free	install	url:https://unpkg.com/lucide-static@latest/icons/broccoli.svg
lucide	broom	Broom	tools	图标 broom；分类: tools, home, gaming；tags: broomstick, brush, sweep, sweeping, floor, cleaning, housekeeping, chores, tidy, spotless, dust, debris, bristles, handle, janitor, maintenance, witch, halloween	https://unpkg.com/lucide-static@latest/icons/broom.svg	free	install	url:https://unpkg.com/lucide-static@latest/icons/broom.svg
lucide	broom-sparkles	BroomSparkles	tools	图标 broom-sparkles；分类: tools, home, gaming；tags: broomstick, brush, sweep, sweeping, floor, cleaning, ai, magic, sparkle, smart, automation, housekeeping, chores, tidy, spotless, pristine, dust, debris, bristles, handle, janitor, maintenance, witch, halloween	https://unpkg.com/lucide-static@latest/icons/broom-sparkles.svg	free	install	url:https://unpkg.com/lucide-static@latest/icons/broom-sparkles.svg
lucide	brush	Brush	text	图标 brush；分类: text, design, tools；tags: clean, sweep, refactor, remove, draw, paint, color, artist	https://unpkg.com/lucide-static@latest/icons/brush.svg	free	install	url:https://unpkg.com/lucide-static@latest/icons/brush.svg
lucide	brush-cleaning	BrushCleaning	home	图标 brush-cleaning；分类: home, tools, design；tags: cleaning, utensil, housekeeping, tool, sweeping, scrubbing, hygiene, maintenance, household, cleaner, chores, equipment, sanitation, bristles, handle, home care, sanitize, purify, wash, disinfect, sterilize, scrub, polish, decontaminate, wipe, spotless, remove, empty, erase, purge, eliminate	https://unpkg.com/lucide-static@latest/icons/brush-cleaning.svg	free	install	url:https://unpkg.com/lucide-static@latest/icons/brush-cleaning.svg
lucide	bubbles	Bubbles	weather	图标 bubbles；分类: weather；tags: water, cleaning, soap, bath, hygiene, freshness, wash, foam, cleanliness, shampoo, purity, splash, lightness, airy, relaxation, spa, bubbly, fluid, floating, drop	https://unpkg.com/lucide-static@latest/icons/bubbles.svg	free	install	url:https://unpkg.com/lucide-static@latest/icons/bubbles.svg
lucide	bug	Bug	development	图标 bug；分类: development, animals；tags: issue, error, defect, testing, troubleshoot, problem, report, debug, code, insect, beetle	https://unpkg.com/lucide-static@latest/icons/bug.svg	free	install	url:https://unpkg.com/lucide-static@latest/icons/bug.svg
lucide	bug-off	BugOff	development	图标 bug-off；分类: development, animals；tags: issue, fixed, resolved, testing, debug, code, insect, kill, exterminate, pest control	https://unpkg.com/lucide-static@latest/icons/bug-off.svg	free	install	url:https://unpkg.com/lucide-static@latest/icons/bug-off.svg
lucide	bug-play	BugPlay	development	图标 bug-play；分类: development, animals；tags: issue, testing, debug, reproduce, code, insect	https://unpkg.com/lucide-static@latest/icons/bug-play.svg	free	install	url:https://unpkg.com/lucide-static@latest/icons/bug-play.svg
lucide	building	Building	account	图标 building；分类: account, buildings；tags: organisation, organization	https://unpkg.com/lucide-static@latest/icons/building.svg	free	install	url:https://unpkg.com/lucide-static@latest/icons/building.svg
lucide	building-complex	BuildingComplex	account	图标 building-complex；分类: account, buildings；tags: business, company, enterprise, skyscraper, organisation, organization, city	https://unpkg.com/lucide-static@latest/icons/building-complex.svg	free	install	url:https://unpkg.com/lucide-static@latest/icons/building-complex.svg
lucide	building-complex-plus	BuildingComplexPlus	account	图标 building-complex-plus；分类: account, buildings；tags: business, company, enterprise, skyscraper, organisation, organization, city, new, add, create, increase, office, headquarters, startup, registration, onboarding, realestate, property	https://unpkg.com/lucide-static@latest/icons/building-complex-plus.svg	free	install	url:https://unpkg.com/lucide-static@latest/icons/building-complex-plus.svg
lucide	bus	Bus	transportation	图标 bus；分类: transportation；tags: bus, vehicle, transport, trip	https://unpkg.com/lucide-static@latest/icons/bus.svg	free	install	url:https://unpkg.com/lucide-static@latest/icons/bus.svg
lucide	bus-front	BusFront	transportation	图标 bus-front；分类: transportation；tags: coach, vehicle, trip, road	https://unpkg.com/lucide-static@latest/icons/bus-front.svg	free	install	url:https://unpkg.com/lucide-static@latest/icons/bus-front.svg
lucide	cable	Cable	connectivity	图标 cable；分类: connectivity, devices, multimedia；tags: cord, wire, connector, connection, link, signal, console, computer, equipment, electricity, energy, electronics, recharging, charger, power, supply, disconnected, unplugged, plugs, interface, input, output, audio video, av, rca, scart, tv, television, optical	https://unpkg.com/lucide-static@latest/icons/cable.svg	free	install	url:https://unpkg.com/lucide-static@latest/icons/cable.svg
lucide	cable-car	CableCar	transportation	图标 cable-car；分类: transportation, travel；tags: ski lift, winter holiday, alpine, resort, mountains	https://unpkg.com/lucide-static@latest/icons/cable-car.svg	free	install	url:https://unpkg.com/lucide-static@latest/icons/cable-car.svg
lucide	cake	Cake	food-beverage	图标 cake；分类: food-beverage, social, account；tags: birthday, birthdate, celebration, party, surprise, gateaux, dessert, fondant, icing sugar, sweet, baking	https://unpkg.com/lucide-static@latest/icons/cake.svg	free	install	url:https://unpkg.com/lucide-static@latest/icons/cake.svg
lucide	cake-slice	CakeSlice	food-beverage	图标 cake-slice；分类: food-beverage, social；tags: birthday, birthdate, celebration, party, surprise, gateaux, dessert, candles, wish, fondant, icing sugar, sweet, baking	https://unpkg.com/lucide-static@latest/icons/cake-slice.svg	free	install	url:https://unpkg.com/lucide-static@latest/icons/cake-slice.svg
lucide	calculator	Calculator	math	图标 calculator；分类: math, devices；tags: count, calculating machine	https://unpkg.com/lucide-static@latest/icons/calculator.svg	free	install	url:https://unpkg.com/lucide-static@latest/icons/calculator.svg
lucide	calendar	Calendar	time	图标 calendar；分类: time；tags: date, month, year, event, birthday, birthdate	https://unpkg.com/lucide-static@latest/icons/calendar.svg	free	install	url:https://unpkg.com/lucide-static@latest/icons/calendar.svg
lucide	calendar-1	Calendar1	time	图标 calendar-1；分类: time；tags: date, month, year, event, single, singular, once, 1, first	https://unpkg.com/lucide-static@latest/icons/calendar-1.svg	free	install	url:https://unpkg.com/lucide-static@latest/icons/calendar-1.svg
lucide	calendar-arrow-down	CalendarArrowDown	time	图标 calendar-arrow-down；分类: time；tags: date, month, year, event, sort, order, ascending, descending, increasing, decreasing, rising, falling	https://unpkg.com/lucide-static@latest/icons/calendar-arrow-down.svg	free	install	url:https://unpkg.com/lucide-static@latest/icons/calendar-arrow-down.svg
lucide	calendar-arrow-up	CalendarArrowUp	time	图标 calendar-arrow-up；分类: time；tags: date, month, year, event, sort, order, ascending, descending, increasing, decreasing, rising, falling	https://unpkg.com/lucide-static@latest/icons/calendar-arrow-up.svg	free	install	url:https://unpkg.com/lucide-static@latest/icons/calendar-arrow-up.svg
lucide	calendar-check	CalendarCheck	time	图标 calendar-check；分类: time；tags: date, day, month, year, event, confirm, subscribe, schedule, done, todo, tick, complete, task	https://unpkg.com/lucide-static@latest/icons/calendar-check.svg	free	install	url:https://unpkg.com/lucide-static@latest/icons/calendar-check.svg
lucide	calendar-check-2	CalendarCheck2	time	图标 calendar-check-2；分类: time；tags: date, day, month, year, event, confirm, subscribe, schedule, done, todo, tick, complete, task	https://unpkg.com/lucide-static@latest/icons/calendar-check-2.svg	free	install	url:https://unpkg.com/lucide-static@latest/icons/calendar-check-2.svg
lucide	calendar-chevrons-right	CalendarChevronsRight	time	图标 calendar-chevrons-right；分类: time, arrows, navigation；tags: navigation, arrow, right, chevron, direction, symbol, pointer, indicator, next, menu, date, day, month, year, events, chevrons	https://unpkg.com/lucide-static@latest/icons/calendar-chevrons-right.svg	free	install	url:https://unpkg.com/lucide-static@latest/icons/calendar-chevrons-right.svg
lucide	calendar-clock	CalendarClock	time	图标 calendar-clock；分类: time；tags: date, day, month, year, event, clock, hour	https://unpkg.com/lucide-static@latest/icons/calendar-clock.svg	free	install	url:https://unpkg.com/lucide-static@latest/icons/calendar-clock.svg
lucide	calendar-cog	CalendarCog	time	图标 calendar-cog；分类: time；tags: date, day, month, year, events, settings, gear, cog	https://unpkg.com/lucide-static@latest/icons/calendar-cog.svg	free	install	url:https://unpkg.com/lucide-static@latest/icons/calendar-cog.svg
lucide	calendar-days	CalendarDays	time	图标 calendar-days；分类: time；tags: date, month, year, event	https://unpkg.com/lucide-static@latest/icons/calendar-days.svg	free	install	url:https://unpkg.com/lucide-static@latest/icons/calendar-days.svg
lucide	calendar-fold	CalendarFold	time	图标 calendar-fold；分类: time, files；tags: date, month, year, event, birthday, birthdate, ics	https://unpkg.com/lucide-static@latest/icons/calendar-fold.svg	free	install	url:https://unpkg.com/lucide-static@latest/icons/calendar-fold.svg
lucide	calendar-heart	CalendarHeart	time	图标 calendar-heart；分类: time；tags: date, month, year, event, heart, favourite, subscribe, valentines day	https://unpkg.com/lucide-static@latest/icons/calendar-heart.svg	free	install	url:https://unpkg.com/lucide-static@latest/icons/calendar-heart.svg
lucide	calendar-minus	CalendarMinus	time	图标 calendar-minus；分类: time；tags: date, day, month, year, event, delete, remove	https://unpkg.com/lucide-static@latest/icons/calendar-minus.svg	free	install	url:https://unpkg.com/lucide-static@latest/icons/calendar-minus.svg
lucide	calendar-minus-2	CalendarMinus2	time	图标 calendar-minus-2；分类: time；tags: date, day, month, year, event, delete, remove	https://unpkg.com/lucide-static@latest/icons/calendar-minus-2.svg	free	install	url:https://unpkg.com/lucide-static@latest/icons/calendar-minus-2.svg
lucide	calendar-off	CalendarOff	time	图标 calendar-off；分类: time；tags: date, day, month, year, event, delete, remove	https://unpkg.com/lucide-static@latest/icons/calendar-off.svg	free	install	url:https://unpkg.com/lucide-static@latest/icons/calendar-off.svg
lucide	calendar-plus	CalendarPlus	time	图标 calendar-plus；分类: time；tags: date, day, month, year, event, add, subscribe, create, new	https://unpkg.com/lucide-static@latest/icons/calendar-plus.svg	free	install	url:https://unpkg.com/lucide-static@latest/icons/calendar-plus.svg
lucide	calendar-plus-2	CalendarPlus2	time	图标 calendar-plus-2；分类: time；tags: date, day, month, year, event, add, subscribe, create, new	https://unpkg.com/lucide-static@latest/icons/calendar-plus-2.svg	free	install	url:https://unpkg.com/lucide-static@latest/icons/calendar-plus-2.svg
lucide	calendar-range	CalendarRange	time	图标 calendar-range；分类: time；tags: date, day, month, year, event, range, period	https://unpkg.com/lucide-static@latest/icons/calendar-range.svg	free	install	url:https://unpkg.com/lucide-static@latest/icons/calendar-range.svg
lucide	calendar-search	CalendarSearch	time	图标 calendar-search；分类: time；tags: date, day, month, year, events, search, lens	https://unpkg.com/lucide-static@latest/icons/calendar-search.svg	free	install	url:https://unpkg.com/lucide-static@latest/icons/calendar-search.svg
lucide	calendar-sync	CalendarSync	arrows	图标 calendar-sync；分类: arrows, time；tags: repeat, refresh, reconnect, transfer, backup, date, month, year, event, subscribe, recurring, schedule, reminder, automatic, auto	https://unpkg.com/lucide-static@latest/icons/calendar-sync.svg	free	install	url:https://unpkg.com/lucide-static@latest/icons/calendar-sync.svg
lucide	calendar-x	CalendarX	time	图标 calendar-x；分类: time；tags: date, day, month, year, event, remove, busy	https://unpkg.com/lucide-static@latest/icons/calendar-x.svg	free	install	url:https://unpkg.com/lucide-static@latest/icons/calendar-x.svg
lucide	calendar-x-2	CalendarX2	time	图标 calendar-x-2；分类: time；tags: date, day, month, year, event, remove	https://unpkg.com/lucide-static@latest/icons/calendar-x-2.svg	free	install	url:https://unpkg.com/lucide-static@latest/icons/calendar-x-2.svg
lucide	calendars	Calendars	time	图标 calendars；分类: time；tags: date, month, year, event, dates, months, years, events	https://unpkg.com/lucide-static@latest/icons/calendars.svg	free	install	url:https://unpkg.com/lucide-static@latest/icons/calendars.svg
lucide	camera	Camera	photography	图标 camera；分类: photography, devices, communication；tags: photography, lens, focus, capture, shot, visual, image, device, equipment, photo, webcam, video	https://unpkg.com/lucide-static@latest/icons/camera.svg	free	install	url:https://unpkg.com/lucide-static@latest/icons/camera.svg
lucide	camera-off	CameraOff	photography	图标 camera-off；分类: photography, devices, communication；tags: photo, webcam, video	https://unpkg.com/lucide-static@latest/icons/camera-off.svg	free	install	url:https://unpkg.com/lucide-static@latest/icons/camera-off.svg
lucide	can	Can	food-beverage	图标 can；分类: food-beverage；tags: food, storage, groceries, tin, metal, recyclable, container, pantry, grocery, preserved	https://unpkg.com/lucide-static@latest/icons/can.svg	free	install	url:https://unpkg.com/lucide-static@latest/icons/can.svg
lucide	can-soda	CanSoda	food-beverage	图标 can-soda；分类: food-beverage；tags: beverage, drink, food, soda, tin, beer, alcohol, waste	https://unpkg.com/lucide-static@latest/icons/can-soda.svg	free	install	url:https://unpkg.com/lucide-static@latest/icons/can-soda.svg
lucide	candy	Candy	food-beverage	图标 candy；分类: food-beverage；tags: sugar, food, sweet	https://unpkg.com/lucide-static@latest/icons/candy.svg	free	install	url:https://unpkg.com/lucide-static@latest/icons/candy.svg
lucide	candy-cane	CandyCane	food-beverage	图标 candy-cane；分类: food-beverage；tags: sugar, food, sweet, christmas, xmas	https://unpkg.com/lucide-static@latest/icons/candy-cane.svg	free	install	url:https://unpkg.com/lucide-static@latest/icons/candy-cane.svg
lucide	candy-off	CandyOff	food-beverage	图标 candy-off；分类: food-beverage；tags: sugar free, food, sweet, allergy, intolerance, diet	https://unpkg.com/lucide-static@latest/icons/candy-off.svg	free	install	url:https://unpkg.com/lucide-static@latest/icons/candy-off.svg
lucide	cannabis	Cannabis	nature	图标 cannabis；分类: nature；tags: cannabis, weed, leaf	https://unpkg.com/lucide-static@latest/icons/cannabis.svg	free	install	url:https://unpkg.com/lucide-static@latest/icons/cannabis.svg
lucide	cannabis-off	CannabisOff	nature	图标 cannabis-off；分类: nature；tags: cannabis, weed, leaf	https://unpkg.com/lucide-static@latest/icons/cannabis-off.svg	free	install	url:https://unpkg.com/lucide-static@latest/icons/cannabis-off.svg
lucide	captions	Captions	multimedia	图标 captions；分类: multimedia；tags: closed captions, subtitles, subhead, transcription, transcribe, dialogue, accessibility	https://unpkg.com/lucide-static@latest/icons/captions.svg	free	install	url:https://unpkg.com/lucide-static@latest/icons/captions.svg
lucide	captions-off	CaptionsOff	multimedia	图标 captions-off；分类: multimedia；tags: closed captions, subtitles, subhead, transcription, transcribe, dialogue, accessibility	https://unpkg.com/lucide-static@latest/icons/captions-off.svg	free	install	url:https://unpkg.com/lucide-static@latest/icons/captions-off.svg
lucide	car	Car	transportation	图标 car；分类: transportation；tags: vehicle, drive, trip, journey	https://unpkg.com/lucide-static@latest/icons/car.svg	free	install	url:https://unpkg.com/lucide-static@latest/icons/car.svg
lucide	car-battery	CarBattery	connectivity	图标 car-battery；分类: connectivity, transportation；tags: battery, automobile, powercell, electric, power, electricity, energy, accumulator, charge, transport, vehicle, car	https://unpkg.com/lucide-static@latest/icons/car-battery.svg	free	install	url:https://unpkg.com/lucide-static@latest/icons/car-battery.svg
lucide	car-front	CarFront	transportation	图标 car-front；分类: transportation；tags: vehicle, drive, trip, journey	https://unpkg.com/lucide-static@latest/icons/car-front.svg	free	install	url:https://unpkg.com/lucide-static@latest/icons/car-front.svg
lucide	car-taxi-front	CarTaxiFront	transportation	图标 car-taxi-front；分类: transportation；tags: cab, vehicle, drive, trip, journey	https://unpkg.com/lucide-static@latest/icons/car-taxi-front.svg	free	install	url:https://unpkg.com/lucide-static@latest/icons/car-taxi-front.svg
lucide	caravan	Caravan	transportation	图标 caravan；分类: transportation, travel, nature；tags: trailer, tow, camping, campsite, mobile home, holiday, nomadic, wilderness, outdoors	https://unpkg.com/lucide-static@latest/icons/caravan.svg	free	install	url:https://unpkg.com/lucide-static@latest/icons/caravan.svg
lucide	card-sim	CardSim	connectivity	图标 card-sim；分类: connectivity, communication, multimedia, devices；tags: cellphone, smartphone, mobile, network, cellular, service, provider, signal, coverage, disk, data, format, storage, flash, digital, contacts, phone book, contractual, circuit board, chip	https://unpkg.com/lucide-static@latest/icons/card-sim.svg	free	install	url:https://unpkg.com/lucide-static@latest/icons/card-sim.svg
lucide	carrot	Carrot	food-beverage	图标 carrot；分类: food-beverage；tags: orange, healthy, nature, fresh, root, produce, organic, nutrition, vegetable, food, eat	https://unpkg.com/lucide-static@latest/icons/carrot.svg	free	install	url:https://unpkg.com/lucide-static@latest/icons/carrot.svg
lucide	carton	Carton	food-beverage	图标 carton；分类: food-beverage；tags: milk, dairy, beverage, drink, diet, lactose, liquid, liter, litre, pint, pints, pasteurized, skim, skimmed, container, packaging, grocery, juice, cream, cow	https://unpkg.com/lucide-static@latest/icons/carton.svg	free	install	url:https://unpkg.com/lucide-static@latest/icons/carton.svg
lucide	carton-off	CartonOff	food-beverage	图标 carton-off；分类: food-beverage；tags: milk, dairy, beverage, drink, diet, lactose free, non dairy, liquid, liter, litre, pint, pints, pasteurized, skim, skimmed, container, packaging, allergy, intolerance, vegan, unavailable	https://unpkg.com/lucide-static@latest/icons/carton-off.svg	free	install	url:https://unpkg.com/lucide-static@latest/icons/carton-off.svg
lucide	case-lower	CaseLower	text	图标 case-lower；分类: text, development；tags: text, letters, characters, font, typography	https://unpkg.com/lucide-static@latest/icons/case-lower.svg	free	install	url:https://unpkg.com/lucide-static@latest/icons/case-lower.svg
lucide	case-sensitive	CaseSensitive	text	图标 case-sensitive；分类: text；tags: text, letters, characters, font, typography	https://unpkg.com/lucide-static@latest/icons/case-sensitive.svg	free	install	url:https://unpkg.com/lucide-static@latest/icons/case-sensitive.svg
lucide	case-upper	CaseUpper	text	图标 case-upper；分类: text, development；tags: text, letters, characters, font, typography	https://unpkg.com/lucide-static@latest/icons/case-upper.svg	free	install	url:https://unpkg.com/lucide-static@latest/icons/case-upper.svg
lucide	cassette-tape	CassetteTape	connectivity	图标 cassette-tape；分类: connectivity, devices, multimedia, communication, files；tags: audio, music, recording, play	https://unpkg.com/lucide-static@latest/icons/cassette-tape.svg	free	install	url:https://unpkg.com/lucide-static@latest/icons/cassette-tape.svg
lucide	cast	Cast	devices	图标 cast；分类: devices, connectivity；tags: stream, streaming, screen, display, wireless, broadcast, transmit, media, receiver, remote display, screen sharing, media streaming	https://unpkg.com/lucide-static@latest/icons/cast.svg	free	install	url:https://unpkg.com/lucide-static@latest/icons/cast.svg
lucide	castle	Castle	buildings	图标 castle；分类: buildings, gaming, navigation；tags: fortress, stronghold, palace, chateau, building	https://unpkg.com/lucide-static@latest/icons/castle.svg	free	install	url:https://unpkg.com/lucide-static@latest/icons/castle.svg
lucide	cat	Cat	animals	图标 cat；分类: animals；tags: animal, pet, kitten, feline	https://unpkg.com/lucide-static@latest/icons/cat.svg	free	install	url:https://unpkg.com/lucide-static@latest/icons/cat.svg
lucide	cctv	Cctv	security	图标 cctv；分类: security, devices, communication, connectivity, photography；tags: camera, surveillance, recording, film, videotape, crime, watching	https://unpkg.com/lucide-static@latest/icons/cctv.svg	free	install	url:https://unpkg.com/lucide-static@latest/icons/cctv.svg
lucide	cctv-off	CctvOff	security	图标 cctv-off；分类: security, devices, communication, connectivity, photography；tags: camera, surveillance, recording, film, videotape, crime, watching	https://unpkg.com/lucide-static@latest/icons/cctv-off.svg	free	install	url:https://unpkg.com/lucide-static@latest/icons/cctv-off.svg
lucide	chart-area	ChartArea	charts	图标 chart-area；分类: charts；tags: statistics, analytics, diagram, graph, area	https://unpkg.com/lucide-static@latest/icons/chart-area.svg	free	install	url:https://unpkg.com/lucide-static@latest/icons/chart-area.svg
lucide	chart-bar	ChartBar	charts	图标 chart-bar；分类: charts；tags: statistics, analytics, diagram, graph	https://unpkg.com/lucide-static@latest/icons/chart-bar.svg	free	install	url:https://unpkg.com/lucide-static@latest/icons/chart-bar.svg
lucide	chart-bar-big	ChartBarBig	charts	图标 chart-bar-big；分类: charts；tags: statistics, analytics, diagram, graph	https://unpkg.com/lucide-static@latest/icons/chart-bar-big.svg	free	install	url:https://unpkg.com/lucide-static@latest/icons/chart-bar-big.svg
lucide	chart-bar-decreasing	ChartBarDecreasing	charts	图标 chart-bar-decreasing；分类: charts；tags: statistics, analytics, diagram, graph, trending down	https://unpkg.com/lucide-static@latest/icons/chart-bar-decreasing.svg	free	install	url:https://unpkg.com/lucide-static@latest/icons/chart-bar-decreasing.svg
lucide	chart-bar-increasing	ChartBarIncreasing	charts	图标 chart-bar-increasing；分类: charts；tags: statistics, analytics, diagram, graph, trending up	https://unpkg.com/lucide-static@latest/icons/chart-bar-increasing.svg	free	install	url:https://unpkg.com/lucide-static@latest/icons/chart-bar-increasing.svg
lucide	chart-bar-stacked	ChartBarStacked	charts	图标 chart-bar-stacked；分类: charts；tags: statistics, analytics, diagram, graph, multivariate, categorical, comparison	https://unpkg.com/lucide-static@latest/icons/chart-bar-stacked.svg	free	install	url:https://unpkg.com/lucide-static@latest/icons/chart-bar-stacked.svg
lucide	chart-candlestick	ChartCandlestick	charts	图标 chart-candlestick；分类: charts, finance；tags: trading, trader, financial, markets, portfolio, assets, prices, value, valuation, commodities, currencies, currency, stocks, exchange, hedge fund, statistics, analytics, diagram, graph	https://unpkg.com/lucide-static@latest/icons/chart-candlestick.svg	free	install	url:https://unpkg.com/lucide-static@latest/icons/chart-candlestick.svg
lucide	chart-column	ChartColumn	charts	图标 chart-column；分类: charts；tags: statistics, analytics, diagram, graph	https://unpkg.com/lucide-static@latest/icons/chart-column.svg	free	install	url:https://unpkg.com/lucide-static@latest/icons/chart-column.svg
lucide	chart-column-big	ChartColumnBig	charts	图标 chart-column-big；分类: charts；tags: statistics, analytics, diagram, graph	https://unpkg.com/lucide-static@latest/icons/chart-column-big.svg	free	install	url:https://unpkg.com/lucide-static@latest/icons/chart-column-big.svg
lucide	chart-column-decreasing	ChartColumnDecreasing	charts	图标 chart-column-decreasing；分类: charts；tags: statistics, analytics, diagram, graph, trending down	https://unpkg.com/lucide-static@latest/icons/chart-column-decreasing.svg	free	install	url:https://unpkg.com/lucide-static@latest/icons/chart-column-decreasing.svg
lucide	chart-column-increasing	ChartColumnIncreasing	charts	图标 chart-column-increasing；分类: charts；tags: statistics, analytics, diagram, graph, trending up	https://unpkg.com/lucide-static@latest/icons/chart-column-increasing.svg	free	install	url:https://unpkg.com/lucide-static@latest/icons/chart-column-increasing.svg
lucide	chart-column-stacked	ChartColumnStacked	charts	图标 chart-column-stacked；分类: charts；tags: statistics, analytics, diagram, graph, multivariate, categorical, comparison	https://unpkg.com/lucide-static@latest/icons/chart-column-stacked.svg	free	install	url:https://unpkg.com/lucide-static@latest/icons/chart-column-stacked.svg
lucide	chart-gantt	ChartGantt	charts	图标 chart-gantt；分类: charts；tags: diagram, graph, timeline, planning	https://unpkg.com/lucide-static@latest/icons/chart-gantt.svg	free	install	url:https://unpkg.com/lucide-static@latest/icons/chart-gantt.svg
lucide	chart-line	ChartLine	charts	图标 chart-line；分类: charts；tags: statistics, analytics, diagram, graph	https://unpkg.com/lucide-static@latest/icons/chart-line.svg	free	install	url:https://unpkg.com/lucide-static@latest/icons/chart-line.svg
lucide	chart-network	ChartNetwork	charts	图标 chart-network；分类: charts；tags: statistics, analytics, diagram, graph, topology, cluster, web, nodes, connections, edges	https://unpkg.com/lucide-static@latest/icons/chart-network.svg	free	install	url:https://unpkg.com/lucide-static@latest/icons/chart-network.svg
lucide	chart-no-axes-column	ChartNoAxesColumn	charts	图标 chart-no-axes-column；分类: charts；tags: statistics, analytics, diagram, graph	https://unpkg.com/lucide-static@latest/icons/chart-no-axes-column.svg	free	install	url:https://unpkg.com/lucide-static@latest/icons/chart-no-axes-column.svg
lucide	chart-no-axes-column-decreasing	ChartNoAxesColumnDecreasing	charts	图标 chart-no-axes-column-decreasing；分类: charts；tags: statistics, analytics, diagram, graph, trending down	https://unpkg.com/lucide-static@latest/icons/chart-no-axes-column-decreasing.svg	free	install	url:https://unpkg.com/lucide-static@latest/icons/chart-no-axes-column-decreasing.svg
lucide	chart-no-axes-column-increasing	ChartNoAxesColumnIncreasing	charts	图标 chart-no-axes-column-increasing；分类: charts；tags: statistics, analytics, diagram, graph, trending up	https://unpkg.com/lucide-static@latest/icons/chart-no-axes-column-increasing.svg	free	install	url:https://unpkg.com/lucide-static@latest/icons/chart-no-axes-column-increasing.svg
lucide	chart-no-axes-combined	ChartNoAxesCombined	charts	图标 chart-no-axes-combined；分类: charts；tags: statistics, analytics, diagram, graph, trending up	https://unpkg.com/lucide-static@latest/icons/chart-no-axes-combined.svg	free	install	url:https://unpkg.com/lucide-static@latest/icons/chart-no-axes-combined.svg
lucide	chart-no-axes-gantt	ChartNoAxesGantt	charts	图标 chart-no-axes-gantt；分类: charts, time, development, design；tags: projects, manage, overview, roadmap, plan, intentions, timeline, deadline, date, event, range, period, productivity, work, agile, code, coding	https://unpkg.com/lucide-static@latest/icons/chart-no-axes-gantt.svg	free	install	url:https://unpkg.com/lucide-static@latest/icons/chart-no-axes-gantt.svg
lucide	chart-pie	ChartPie	charts	图标 chart-pie；分类: charts, files；tags: statistics, analytics, diagram, presentation	https://unpkg.com/lucide-static@latest/icons/chart-pie.svg	free	install	url:https://unpkg.com/lucide-static@latest/icons/chart-pie.svg
lucide	chart-scatter	ChartScatter	charts	图标 chart-scatter；分类: charts；tags: statistics, analytics, diagram, graph	https://unpkg.com/lucide-static@latest/icons/chart-scatter.svg	free	install	url:https://unpkg.com/lucide-static@latest/icons/chart-scatter.svg
lucide	chart-spline	ChartSpline	charts	图标 chart-spline；分类: charts；tags: statistics, analytics, diagram, graph, curve, continuous, smooth, polynomial, quadratic, function, interpolation	https://unpkg.com/lucide-static@latest/icons/chart-spline.svg	free	install	url:https://unpkg.com/lucide-static@latest/icons/chart-spline.svg
lucide	check	Check	notifications	图标 check；分类: notifications；tags: done, todo, tick, complete, task	https://unpkg.com/lucide-static@latest/icons/check.svg	free	install	url:https://unpkg.com/lucide-static@latest/icons/check.svg
lucide	check-check	CheckCheck	notifications	图标 check-check；分类: notifications；tags: done, received, double, todo, tick, complete, task	https://unpkg.com/lucide-static@latest/icons/check-check.svg	free	install	url:https://unpkg.com/lucide-static@latest/icons/check-check.svg
lucide	check-line	CheckLine	notifications	图标 check-line；分类: notifications；tags: done, todo, tick, complete, task	https://unpkg.com/lucide-static@latest/icons/check-line.svg	free	install	url:https://unpkg.com/lucide-static@latest/icons/check-line.svg
lucide	chef-hat	ChefHat	food-beverage	图标 chef-hat；分类: food-beverage；tags: cooking, food, kitchen, restaurant	https://unpkg.com/lucide-static@latest/icons/chef-hat.svg	free	install	url:https://unpkg.com/lucide-static@latest/icons/chef-hat.svg
lucide	cherry	Cherry	food-beverage	图标 cherry；分类: food-beverage；tags: fruit, food	https://unpkg.com/lucide-static@latest/icons/cherry.svg	free	install	url:https://unpkg.com/lucide-static@latest/icons/cherry.svg
lucide	chess-bishop	ChessBishop	gaming	图标 chess-bishop；分类: gaming, emoji；tags: mitre, miter, piece, board game, religion	https://unpkg.com/lucide-static@latest/icons/chess-bishop.svg	free	install	url:https://unpkg.com/lucide-static@latest/icons/chess-bishop.svg
lucide	chess-king	ChessKing	gaming	图标 chess-king；分类: gaming, emoji；tags: ruler, crown, piece, board game, stalemate	https://unpkg.com/lucide-static@latest/icons/chess-king.svg	free	install	url:https://unpkg.com/lucide-static@latest/icons/chess-king.svg
lucide	chess-knight	ChessKnight	gaming	图标 chess-knight；分类: gaming, emoji；tags: piece, horse, board game	https://unpkg.com/lucide-static@latest/icons/chess-knight.svg	free	install	url:https://unpkg.com/lucide-static@latest/icons/chess-knight.svg
lucide	chess-pawn	ChessPawn	gaming	图标 chess-pawn；分类: gaming, emoji；tags: piece, board game	https://unpkg.com/lucide-static@latest/icons/chess-pawn.svg	free	install	url:https://unpkg.com/lucide-static@latest/icons/chess-pawn.svg
lucide	chess-queen	ChessQueen	gaming	图标 chess-queen；分类: gaming, emoji；tags: ruler, crown, piece, board game, stalemate	https://unpkg.com/lucide-static@latest/icons/chess-queen.svg	free	install	url:https://unpkg.com/lucide-static@latest/icons/chess-queen.svg
lucide	chess-rook	ChessRook	gaming	图标 chess-rook；分类: gaming, emoji；tags: castle, piece, board game	https://unpkg.com/lucide-static@latest/icons/chess-rook.svg	free	install	url:https://unpkg.com/lucide-static@latest/icons/chess-rook.svg
lucide	chevron-down	ChevronDown	arrows	图标 chevron-down；分类: arrows, gaming；tags: backwards, reverse, slow, dropdown	https://unpkg.com/lucide-static@latest/icons/chevron-down.svg	free	install	url:https://unpkg.com/lucide-static@latest/icons/chevron-down.svg
lucide	chevron-first	ChevronFirst	arrows	图标 chevron-first；分类: arrows, multimedia；tags: previous, music	https://unpkg.com/lucide-static@latest/icons/chevron-first.svg	free	install	url:https://unpkg.com/lucide-static@latest/icons/chevron-first.svg
lucide	chevron-last	ChevronLast	arrows	图标 chevron-last；分类: arrows, multimedia；tags: skip, next, music	https://unpkg.com/lucide-static@latest/icons/chevron-last.svg	free	install	url:https://unpkg.com/lucide-static@latest/icons/chevron-last.svg
lucide	chevron-left	ChevronLeft	arrows	图标 chevron-left；分类: arrows；tags: back, previous, less than, fewer, menu, <	https://unpkg.com/lucide-static@latest/icons/chevron-left.svg	free	install	url:https://unpkg.com/lucide-static@latest/icons/chevron-left.svg
lucide	chevron-right	ChevronRight	arrows	图标 chevron-right；分类: arrows, math, development；tags: forward, next, more than, greater, menu, code, coding, command line, terminal, prompt, shell, >	https://unpkg.com/lucide-static@latest/icons/chevron-right.svg	free	install	url:https://unpkg.com/lucide-static@latest/icons/chevron-right.svg
lucide	chevron-up	ChevronUp	arrows	图标 chevron-up；分类: arrows, math, gaming；tags: caret, keyboard, mac, control, ctrl, superscript, exponential, power, ahead, fast, ^, dropdown	https://unpkg.com/lucide-static@latest/icons/chevron-up.svg	free	install	url:https://unpkg.com/lucide-static@latest/icons/chevron-up.svg
lucide	chevrons-down	ChevronsDown	arrows	图标 chevrons-down；分类: arrows, gaming；tags: backwards, reverse, slower	https://unpkg.com/lucide-static@latest/icons/chevrons-down.svg	free	install	url:https://unpkg.com/lucide-static@latest/icons/chevrons-down.svg
lucide	chevrons-down-up	ChevronsDownUp	arrows	图标 chevrons-down-up；分类: arrows；tags: collapse, fold, vertical	https://unpkg.com/lucide-static@latest/icons/chevrons-down-up.svg	free	install	url:https://unpkg.com/lucide-static@latest/icons/chevrons-down-up.svg
lucide	chevrons-left	ChevronsLeft	arrows	图标 chevrons-left；分类: arrows, gaming；tags: turn, corner	https://unpkg.com/lucide-static@latest/icons/chevrons-left.svg	free	install	url:https://unpkg.com/lucide-static@latest/icons/chevrons-left.svg
lucide	chevrons-left-right	ChevronsLeftRight	arrows	图标 chevrons-left-right；分类: arrows；tags: expand, horizontal, unfold	https://unpkg.com/lucide-static@latest/icons/chevrons-left-right.svg	free	install	url:https://unpkg.com/lucide-static@latest/icons/chevrons-left-right.svg
lucide	chevrons-left-right-ellipsis	ChevronsLeftRightEllipsis	communication	图标 chevrons-left-right-ellipsis；分类: communication, devices, multimedia, gaming；tags: internet, network, connection, cable, lan, port, router, switch, hub, modem, web, online, networking, communication, socket, plug, slot, controller, connector, interface, console, signal, data, input, output	https://unpkg.com/lucide-static@latest/icons/chevrons-left-right-ellipsis.svg	free	install	url:https://unpkg.com/lucide-static@latest/icons/chevrons-left-right-ellipsis.svg
lucide	chevrons-right	ChevronsRight	arrows	图标 chevrons-right；分类: arrows, gaming；tags: turn, corner	https://unpkg.com/lucide-static@latest/icons/chevrons-right.svg	free	install	url:https://unpkg.com/lucide-static@latest/icons/chevrons-right.svg
lucide	chevrons-right-left	ChevronsRightLeft	arrows	图标 chevrons-right-left；分类: arrows；tags: collapse, fold, horizontal	https://unpkg.com/lucide-static@latest/icons/chevrons-right-left.svg	free	install	url:https://unpkg.com/lucide-static@latest/icons/chevrons-right-left.svg
lucide	chevrons-up	ChevronsUp	arrows	图标 chevrons-up；分类: arrows, gaming；tags: forward, ahead, faster, speed, boost	https://unpkg.com/lucide-static@latest/icons/chevrons-up.svg	free	install	url:https://unpkg.com/lucide-static@latest/icons/chevrons-up.svg
lucide	chevrons-up-down	ChevronsUpDown	arrows	图标 chevrons-up-down；分类: arrows；tags: expand, unfold, vertical	https://unpkg.com/lucide-static@latest/icons/chevrons-up-down.svg	free	install	url:https://unpkg.com/lucide-static@latest/icons/chevrons-up-down.svg
lucide	church	Church	buildings	图标 church；分类: buildings, navigation；tags: temple, building	https://unpkg.com/lucide-static@latest/icons/church.svg	free	install	url:https://unpkg.com/lucide-static@latest/icons/church.svg
lucide	cigarette	Cigarette	travel	图标 cigarette；分类: travel, transportation, medical；tags: smoking	https://unpkg.com/lucide-static@latest/icons/cigarette.svg	free	install	url:https://unpkg.com/lucide-static@latest/icons/cigarette.svg
lucide	cigarette-off	CigaretteOff	travel	图标 cigarette-off；分类: travel, transportation, medical；tags: smoking, no-smoking	https://unpkg.com/lucide-static@latest/icons/cigarette-off.svg	free	install	url:https://unpkg.com/lucide-static@latest/icons/cigarette-off.svg
lucide	circle	Circle	shapes	图标 circle；分类: shapes；tags: off, zero, record, shape	https://unpkg.com/lucide-static@latest/icons/circle.svg	free	install	url:https://unpkg.com/lucide-static@latest/icons/circle.svg
lucide	circle-alert	CircleAlert	notifications	图标 circle-alert；分类: notifications；tags: warning, alert, danger, exclamation mark	https://unpkg.com/lucide-static@latest/icons/circle-alert.svg	free	install	url:https://unpkg.com/lucide-static@latest/icons/circle-alert.svg
lucide	circle-arrow-down	CircleArrowDown	arrows	图标 circle-arrow-down；分类: arrows, gaming；tags: backwards, reverse, direction, south, sign, button	https://unpkg.com/lucide-static@latest/icons/circle-arrow-down.svg	free	install	url:https://unpkg.com/lucide-static@latest/icons/circle-arrow-down.svg
lucide	circle-arrow-left	CircleArrowLeft	arrows	图标 circle-arrow-left；分类: arrows, gaming；tags: previous, back, direction, west, sign, turn, button, <-	https://unpkg.com/lucide-static@latest/icons/circle-arrow-left.svg	free	install	url:https://unpkg.com/lucide-static@latest/icons/circle-arrow-left.svg
lucide	circle-arrow-out-down-left	CircleArrowOutDownLeft	arrows	图标 circle-arrow-out-down-left；分类: arrows；tags: outwards, direction, south-west, diagonal	https://unpkg.com/lucide-static@latest/icons/circle-arrow-out-down-left.svg	free	install	url:https://unpkg.com/lucide-static@latest/icons/circle-arrow-out-down-left.svg
lucide	circle-arrow-out-down-right	CircleArrowOutDownRight	arrows	图标 circle-arrow-out-down-right；分类: arrows；tags: outwards, direction, south-east, diagonal	https://unpkg.com/lucide-static@latest/icons/circle-arrow-out-down-right.svg	free	install	url:https://unpkg.com/lucide-static@latest/icons/circle-arrow-out-down-right.svg
lucide	circle-arrow-out-up-left	CircleArrowOutUpLeft	arrows	图标 circle-arrow-out-up-left；分类: arrows, development；tags: outwards, direction, north-west, diagonal, keyboard, button, escape	https://unpkg.com/lucide-static@latest/icons/circle-arrow-out-up-left.svg	free	install	url:https://unpkg.com/lucide-static@latest/icons/circle-arrow-out-up-left.svg
lucide	circle-arrow-out-up-right	CircleArrowOutUpRight	arrows	图标 circle-arrow-out-up-right；分类: arrows；tags: outwards, direction, north-east, diagonal	https://unpkg.com/lucide-static@latest/icons/circle-arrow-out-up-right.svg	free	install	url:https://unpkg.com/lucide-static@latest/icons/circle-arrow-out-up-right.svg
lucide	circle-arrow-right	CircleArrowRight	arrows	图标 circle-arrow-right；分类: arrows, gaming；tags: next, forward, direction, east, sign, turn, button, ->	https://unpkg.com/lucide-static@latest/icons/circle-arrow-right.svg	free	install	url:https://unpkg.com/lucide-static@latest/icons/circle-arrow-right.svg
lucide	circle-arrow-up	CircleArrowUp	arrows	图标 circle-arrow-up；分类: arrows, gaming；tags: forward, direction, north, sign, button	https://unpkg.com/lucide-static@latest/icons/circle-arrow-up.svg	free	install	url:https://unpkg.com/lucide-static@latest/icons/circle-arrow-up.svg
lucide	circle-check	CircleCheck	notifications	图标 circle-check；分类: notifications；tags: done, todo, tick, complete, task	https://unpkg.com/lucide-static@latest/icons/circle-check.svg	free	install	url:https://unpkg.com/lucide-static@latest/icons/circle-check.svg
lucide	circle-check-big	CircleCheckBig	notifications	图标 circle-check-big；分类: notifications；tags: done, todo, tick, complete, task	https://unpkg.com/lucide-static@latest/icons/circle-check-big.svg	free	install	url:https://unpkg.com/lucide-static@latest/icons/circle-check-big.svg
lucide	circle-chevron-down	CircleChevronDown	arrows	图标 circle-chevron-down；分类: arrows；tags: back, menu	https://unpkg.com/lucide-static@latest/icons/circle-chevron-down.svg	free	install	url:https://unpkg.com/lucide-static@latest/icons/circle-chevron-down.svg
lucide	circle-chevron-left	CircleChevronLeft	arrows	图标 circle-chevron-left；分类: arrows；tags: back, previous, less than, fewer, menu, <	https://unpkg.com/lucide-static@latest/icons/circle-chevron-left.svg	free	install	url:https://unpkg.com/lucide-static@latest/icons/circle-chevron-left.svg
lucide	circle-chevron-right	CircleChevronRight	arrows	图标 circle-chevron-right；分类: arrows；tags: back, more than, greater, menu, >	https://unpkg.com/lucide-static@latest/icons/circle-chevron-right.svg	free	install	url:https://unpkg.com/lucide-static@latest/icons/circle-chevron-right.svg
lucide	circle-chevron-up	CircleChevronUp	arrows	图标 circle-chevron-up；分类: arrows；tags: caret, ahead, menu, ^	https://unpkg.com/lucide-static@latest/icons/circle-chevron-up.svg	free	install	url:https://unpkg.com/lucide-static@latest/icons/circle-chevron-up.svg
lucide	circle-dashed	CircleDashed	development	图标 circle-dashed；分类: development, shapes；tags: pending, dot, progress, issue, draft, code, coding, version control	https://unpkg.com/lucide-static@latest/icons/circle-dashed.svg	free	install	url:https://unpkg.com/lucide-static@latest/icons/circle-dashed.svg
lucide	circle-dashed-check	CircleDashedCheck	shapes	图标 circle-dashed-check；分类: shapes, development, notifications；tags: approved, pending, changes, revision, reapproval, published, schedule, assignment, request, review, progress, issue, draft, code, coding, version control	https://unpkg.com/lucide-static@latest/icons/circle-dashed-check.svg	free	install	url:https://unpkg.com/lucide-static@latest/icons/circle-dashed-check.svg
lucide	circle-divide	CircleDivide	math	图标 circle-divide；分类: math；tags: calculate, math, ÷, /	https://unpkg.com/lucide-static@latest/icons/circle-divide.svg	free	install	url:https://unpkg.com/lucide-static@latest/icons/circle-divide.svg
lucide	circle-dollar-sign	CircleDollarSign	finance	图标 circle-dollar-sign；分类: finance；tags: monetization, marketing, currency, money, payment	https://unpkg.com/lucide-static@latest/icons/circle-dollar-sign.svg	free	install	url:https://unpkg.com/lucide-static@latest/icons/circle-dollar-sign.svg
lucide	circle-dot	CircleDot	development	图标 circle-dot；分类: development, shapes；tags: pending, dot, progress, issue, code, coding, version control, choices, multiple choice, choose, album, music, songs, format, cd, dvd, vinyl, sleeve, cover, platinum, compilation, ep, recording, playback, spin, rotate, rpm, dj	https://unpkg.com/lucide-static@latest/icons/circle-dot.svg	free	install	url:https://unpkg.com/lucide-static@latest/icons/circle-dot.svg
lucide	circle-dot-dashed	CircleDotDashed	development	图标 circle-dot-dashed；分类: development, shapes；tags: pending, dot, progress, issue, draft, code, coding, version control	https://unpkg.com/lucide-static@latest/icons/circle-dot-dashed.svg	free	install	url:https://unpkg.com/lucide-static@latest/icons/circle-dot-dashed.svg
lucide	circle-ellipsis	CircleEllipsis	layout	图标 circle-ellipsis；分类: layout, development；tags: ellipsis, et cetera, etc, loader, loading, progress, pending, throbber, menu, options, operator, code, spread, rest, more, further, extra, overflow, dots, …, ...	https://unpkg.com/lucide-static@latest/icons/circle-ellipsis.svg	free	install	url:https://unpkg.com/lucide-static@latest/icons/circle-ellipsis.svg
lucide	circle-equal	CircleEqual	math	图标 circle-equal；分类: math；tags: calculate, shape, =	https://unpkg.com/lucide-static@latest/icons/circle-equal.svg	free	install	url:https://unpkg.com/lucide-static@latest/icons/circle-equal.svg
lucide	circle-euro	CircleEuro	shopping	图标 circle-euro；分类: shopping, finance；tags: symbol, economy, banking, europe, €, euro, currency, money, payment, coin, finance, financial, exchange	https://unpkg.com/lucide-static@latest/icons/circle-euro.svg	free	install	url:https://unpkg.com/lucide-static@latest/icons/circle-euro.svg
lucide	circle-fading-arrow-up	CircleFadingArrowUp	arrows	图标 circle-fading-arrow-up；分类: arrows, development；tags: north, up, upgrade, improve, circle, button	https://unpkg.com/lucide-static@latest/icons/circle-fading-arrow-up.svg	free	install	url:https://unpkg.com/lucide-static@latest/icons/circle-fading-arrow-up.svg
lucide	circle-fading-plus	CircleFadingPlus	communication	图标 circle-fading-plus；分类: communication, social；tags: stories, social media, sharing, content	https://unpkg.com/lucide-static@latest/icons/circle-fading-plus.svg	free	install	url:https://unpkg.com/lucide-static@latest/icons/circle-fading-plus.svg
lucide	circle-gauge	CircleGauge	transportation	图标 circle-gauge；分类: transportation, sports, science；tags: dashboard, dial, meter, speed, pressure, measure, level	https://unpkg.com/lucide-static@latest/icons/circle-gauge.svg	free	install	url:https://unpkg.com/lucide-static@latest/icons/circle-gauge.svg
lucide	circle-minus	CircleMinus	math	图标 circle-minus；分类: math；tags: subtract, remove, decrease, reduce, calculate, line, operator, code, coding, minimum, downgrade, -	https://unpkg.com/lucide-static@latest/icons/circle-minus.svg	free	install	url:https://unpkg.com/lucide-static@latest/icons/circle-minus.svg
lucide	circle-off	CircleOff	shapes	图标 circle-off；分类: shapes；tags: diameter, zero, Ø, nothing, null, void, cancel, ban, no, stop, forbidden, prohibited, error, incorrect, mistake, wrong, failure	https://unpkg.com/lucide-static@latest/icons/circle-off.svg	free	install	url:https://unpkg.com/lucide-static@latest/icons/circle-off.svg
lucide	circle-parking	CircleParking	transportation	图标 circle-parking；分类: transportation, navigation；tags: parking lot, car park	https://unpkg.com/lucide-static@latest/icons/circle-parking.svg	free	install	url:https://unpkg.com/lucide-static@latest/icons/circle-parking.svg
lucide	circle-parking-off	CircleParkingOff	transportation	图标 circle-parking-off；分类: transportation, navigation；tags: parking lot, car park, no parking	https://unpkg.com/lucide-static@latest/icons/circle-parking-off.svg	free	install	url:https://unpkg.com/lucide-static@latest/icons/circle-parking-off.svg
lucide	circle-pause	CirclePause	multimedia	图标 circle-pause；分类: multimedia；tags: music, audio, stop	https://unpkg.com/lucide-static@latest/icons/circle-pause.svg	free	install	url:https://unpkg.com/lucide-static@latest/icons/circle-pause.svg
lucide	circle-percent	CirclePercent	social	图标 circle-percent；分类: social, finance, shopping, math；tags: verified, unverified, sale, discount, offer, marketing, sticker, price tag	https://unpkg.com/lucide-static@latest/icons/circle-percent.svg	free	install	url:https://unpkg.com/lucide-static@latest/icons/circle-percent.svg
lucide	circle-pile	CirclePile	shapes	图标 circle-pile；分类: shapes；tags: off, zero, record, shape, circle-pile, circle, pile, stack, layer, structure, form, group, collection, stock, inventory, materials, warehouse	https://unpkg.com/lucide-static@latest/icons/circle-pile.svg	free	install	url:https://unpkg.com/lucide-static@latest/icons/circle-pile.svg
lucide	circle-play	CirclePlay	multimedia	图标 circle-play；分类: multimedia；tags: music, start, run	https://unpkg.com/lucide-static@latest/icons/circle-play.svg	free	install	url:https://unpkg.com/lucide-static@latest/icons/circle-play.svg
lucide	circle-plus	CirclePlus	math	图标 circle-plus；分类: math, development, cursors, gaming；tags: add, new, increase, increment, positive, calculate, crosshair, aim, target, scope, sight, reticule, maximum, upgrade, extra, operator, join, concatenate, code, coding, +	https://unpkg.com/lucide-static@latest/icons/circle-plus.svg	free	install	url:https://unpkg.com/lucide-static@latest/icons/circle-plus.svg
lucide	circle-pound-sterling	CirclePoundSterling	finance	图标 circle-pound-sterling；分类: finance；tags: monetization, coin, penny, marketing, currency, money, payment, british, gbp, £	https://unpkg.com/lucide-static@latest/icons/circle-pound-sterling.svg	free	install	url:https://unpkg.com/lucide-static@latest/icons/circle-pound-sterling.svg
lucide	circle-power	CirclePower	connectivity	图标 circle-power；分类: connectivity；tags: on, off, device, switch, toggle, binary, boolean, reboot, restart, button, keyboard, troubleshoot	https://unpkg.com/lucide-static@latest/icons/circle-power.svg	free	install	url:https://unpkg.com/lucide-static@latest/icons/circle-power.svg
lucide	circle-question-mark	CircleQuestionMark	accessibility	图标 circle-question-mark；分类: accessibility, text, notifications；tags: question mark	https://unpkg.com/lucide-static@latest/icons/circle-question-mark.svg	free	install	url:https://unpkg.com/lucide-static@latest/icons/circle-question-mark.svg
lucide	circle-slash	CircleSlash	development	图标 circle-slash；分类: development, math；tags: diameter, zero, Ø, nothing, null, void, cancel, ban, no, stop, forbidden, prohibited, error, incorrect, mistake, wrong, failure, divide, division, or, /	https://unpkg.com/lucide-static@latest/icons/circle-slash.svg	free	install	url:https://unpkg.com/lucide-static@latest/icons/circle-slash.svg
lucide	circle-slash-2	CircleSlash2	shapes	图标 circle-slash-2；分类: shapes, math, development；tags: diameter, zero, ø, nothing, null, void, ban, math, divide, division, half, split, /, average, avg, mean, median, normal	https://unpkg.com/lucide-static@latest/icons/circle-slash-2.svg	free	install	url:https://unpkg.com/lucide-static@latest/icons/circle-slash-2.svg
lucide	circle-small	CircleSmall	shapes	图标 circle-small；分类: shapes, medical；tags: shape, bullet, gender, genderless	https://unpkg.com/lucide-static@latest/icons/circle-small.svg	free	install	url:https://unpkg.com/lucide-static@latest/icons/circle-small.svg
lucide	circle-star	CircleStar	sports	图标 circle-star；分类: sports, gaming；tags: badge, medal, honour, decoration, order, pin, laurel, trophy, medallion, insignia, bronze, silver, gold	https://unpkg.com/lucide-static@latest/icons/circle-star.svg	free	install	url:https://unpkg.com/lucide-static@latest/icons/circle-star.svg
lucide	circle-stop	CircleStop	multimedia	图标 circle-stop；分类: multimedia；tags: media, music	https://unpkg.com/lucide-static@latest/icons/circle-stop.svg	free	install	url:https://unpkg.com/lucide-static@latest/icons/circle-stop.svg
lucide	circle-user	CircleUser	account	图标 circle-user；分类: account；tags: person, account, contact	https://unpkg.com/lucide-static@latest/icons/circle-user.svg	free	install	url:https://unpkg.com/lucide-static@latest/icons/circle-user.svg
lucide	circle-user-round	CircleUserRound	account	图标 circle-user-round；分类: account；tags: person, account, contact	https://unpkg.com/lucide-static@latest/icons/circle-user-round.svg	free	install	url:https://unpkg.com/lucide-static@latest/icons/circle-user-round.svg
lucide	circle-x	CircleX	math	图标 circle-x；分类: math, development；tags: cancel, close, delete, remove, times, clear, error, incorrect, wrong, mistake, failure, linter, multiply, multiplication	https://unpkg.com/lucide-static@latest/icons/circle-x.svg	free	install	url:https://unpkg.com/lucide-static@latest/icons/circle-x.svg
lucide	circuit-board	CircuitBoard	science	图标 circuit-board；分类: science, development；tags: computing, electricity, electronics	https://unpkg.com/lucide-static@latest/icons/circuit-board.svg	free	install	url:https://unpkg.com/lucide-static@latest/icons/circuit-board.svg
lucide	citrus	Citrus	food-beverage	图标 citrus；分类: food-beverage；tags: lemon, orange, grapefruit, fruit	https://unpkg.com/lucide-static@latest/icons/citrus.svg	free	install	url:https://unpkg.com/lucide-static@latest/icons/citrus.svg
lucide	clapperboard	Clapperboard	multimedia	图标 clapperboard；分类: multimedia；tags: movie, film, video, camera, cinema, cut, action, television, tv, show, entertainment	https://unpkg.com/lucide-static@latest/icons/clapperboard.svg	free	install	url:https://unpkg.com/lucide-static@latest/icons/clapperboard.svg
lucide	clef-alto	ClefAlto	multimedia	图标 clef-alto；分类: multimedia；tags: do, c, music, note, key, soprano, mezzo, alto, staff, pitch, baritone, major, scale	https://unpkg.com/lucide-static@latest/icons/clef-alto.svg	free	install	url:https://unpkg.com/lucide-static@latest/icons/clef-alto.svg
lucide	clef-bass	ClefBass	multimedia	图标 clef-bass；分类: multimedia；tags: fa, f, music, note, key, baritone, staff, pitch, bass, subbass, major, scale	https://unpkg.com/lucide-static@latest/icons/clef-bass.svg	free	install	url:https://unpkg.com/lucide-static@latest/icons/clef-bass.svg
lucide	clef-treble	ClefTreble	multimedia	图标 clef-treble；分类: multimedia；tags: sol, g, music, note, key, treble, staff, pitch, violin, solfege, major, scale	https://unpkg.com/lucide-static@latest/icons/clef-treble.svg	free	install	url:https://unpkg.com/lucide-static@latest/icons/clef-treble.svg
lucide	clipboard	Clipboard	text	图标 clipboard；分类: text；tags: copy, paste	https://unpkg.com/lucide-static@latest/icons/clipboard.svg	free	install	url:https://unpkg.com/lucide-static@latest/icons/clipboard.svg
lucide	clipboard-check	ClipboardCheck	text	图标 clipboard-check；分类: text；tags: copied, pasted, done, todo, tick, complete, task	https://unpkg.com/lucide-static@latest/icons/clipboard-check.svg	free	install	url:https://unpkg.com/lucide-static@latest/icons/clipboard-check.svg
lucide	clipboard-clock	ClipboardClock	time	图标 clipboard-clock；分类: time, text；tags: copy, paste, history, log, clock, time, watch, alarm, hour, minute, reminder, scheduled, deadline, pending, time tracking, timesheets, appointment, logbook	https://unpkg.com/lucide-static@latest/icons/clipboard-clock.svg	free	install	url:https://unpkg.com/lucide-static@latest/icons/clipboard-clock.svg
lucide	clipboard-copy	ClipboardCopy	text	图标 clipboard-copy；分类: text, arrows；tags: copy, paste	https://unpkg.com/lucide-static@latest/icons/clipboard-copy.svg	free	install	url:https://unpkg.com/lucide-static@latest/icons/clipboard-copy.svg
lucide	clipboard-list	ClipboardList	text	图标 clipboard-list；分类: text；tags: copy, paste, tasks	https://unpkg.com/lucide-static@latest/icons/clipboard-list.svg	free	install	url:https://unpkg.com/lucide-static@latest/icons/clipboard-list.svg
lucide	clipboard-minus	ClipboardMinus	text	图标 clipboard-minus；分类: text, medical；tags: copy, delete, remove, erase, document, medical, report, doctor	https://unpkg.com/lucide-static@latest/icons/clipboard-minus.svg	free	install	url:https://unpkg.com/lucide-static@latest/icons/clipboard-minus.svg
lucide	clipboard-paste	ClipboardPaste	text	图标 clipboard-paste；分类: text, arrows；tags: copy, paste	https://unpkg.com/lucide-static@latest/icons/clipboard-paste.svg	free	install	url:https://unpkg.com/lucide-static@latest/icons/clipboard-paste.svg
lucide	clipboard-pen	ClipboardPen	text	图标 clipboard-pen；分类: text；tags: paste, signature	https://unpkg.com/lucide-static@latest/icons/clipboard-pen.svg	free	install	url:https://unpkg.com/lucide-static@latest/icons/clipboard-pen.svg
lucide	clipboard-pen-line	ClipboardPenLine	text	图标 clipboard-pen-line；分类: text；tags: paste	https://unpkg.com/lucide-static@latest/icons/clipboard-pen-line.svg	free	install	url:https://unpkg.com/lucide-static@latest/icons/clipboard-pen-line.svg
lucide	clipboard-plus	ClipboardPlus	text	图标 clipboard-plus；分类: text, medical；tags: copy, paste, add, create, new, document, medical, report, doctor	https://unpkg.com/lucide-static@latest/icons/clipboard-plus.svg	free	install	url:https://unpkg.com/lucide-static@latest/icons/clipboard-plus.svg
lucide	clipboard-type	ClipboardType	text	图标 clipboard-type；分类: text；tags: paste, format, text	https://unpkg.com/lucide-static@latest/icons/clipboard-type.svg	free	install	url:https://unpkg.com/lucide-static@latest/icons/clipboard-type.svg
lucide	clipboard-x	ClipboardX	text	图标 clipboard-x；分类: text；tags: copy, paste, discard, remove	https://unpkg.com/lucide-static@latest/icons/clipboard-x.svg	free	install	url:https://unpkg.com/lucide-static@latest/icons/clipboard-x.svg
lucide	clock	Clock	time	图标 clock；分类: time；tags: time, watch, alarm	https://unpkg.com/lucide-static@latest/icons/clock.svg	free	install	url:https://unpkg.com/lucide-static@latest/icons/clock.svg
lucide	clock-1	Clock1	time	图标 clock-1；分类: time；tags: time, watch, alarm	https://unpkg.com/lucide-static@latest/icons/clock-1.svg	free	install	url:https://unpkg.com/lucide-static@latest/icons/clock-1.svg
lucide	clock-10	Clock10	time	图标 clock-10；分类: time；tags: time, watch, alarm	https://unpkg.com/lucide-static@latest/icons/clock-10.svg	free	install	url:https://unpkg.com/lucide-static@latest/icons/clock-10.svg
lucide	clock-11	Clock11	time	图标 clock-11；分类: time；tags: time, watch, alarm	https://unpkg.com/lucide-static@latest/icons/clock-11.svg	free	install	url:https://unpkg.com/lucide-static@latest/icons/clock-11.svg
lucide	clock-12	Clock12	time	图标 clock-12；分类: time；tags: time, watch, alarm, noon, midnight	https://unpkg.com/lucide-static@latest/icons/clock-12.svg	free	install	url:https://unpkg.com/lucide-static@latest/icons/clock-12.svg
lucide	clock-2	Clock2	time	图标 clock-2；分类: time；tags: time, watch, alarm	https://unpkg.com/lucide-static@latest/icons/clock-2.svg	free	install	url:https://unpkg.com/lucide-static@latest/icons/clock-2.svg
lucide	clock-3	Clock3	time	图标 clock-3；分类: time；tags: time, watch, alarm	https://unpkg.com/lucide-static@latest/icons/clock-3.svg	free	install	url:https://unpkg.com/lucide-static@latest/icons/clock-3.svg
lucide	clock-4	Clock4	time	图标 clock-4；分类: time；tags: time, watch, alarm	https://unpkg.com/lucide-static@latest/icons/clock-4.svg	free	install	url:https://unpkg.com/lucide-static@latest/icons/clock-4.svg
lucide	clock-5	Clock5	time	图标 clock-5；分类: time；tags: time, watch, alarm	https://unpkg.com/lucide-static@latest/icons/clock-5.svg	free	install	url:https://unpkg.com/lucide-static@latest/icons/clock-5.svg
lucide	clock-6	Clock6	time	图标 clock-6；分类: time；tags: time, watch, alarm	https://unpkg.com/lucide-static@latest/icons/clock-6.svg	free	install	url:https://unpkg.com/lucide-static@latest/icons/clock-6.svg
lucide	clock-7	Clock7	time	图标 clock-7；分类: time；tags: time, watch, alarm	https://unpkg.com/lucide-static@latest/icons/clock-7.svg	free	install	url:https://unpkg.com/lucide-static@latest/icons/clock-7.svg
lucide	clock-8	Clock8	time	图标 clock-8；分类: time；tags: time, watch, alarm	https://unpkg.com/lucide-static@latest/icons/clock-8.svg	free	install	url:https://unpkg.com/lucide-static@latest/icons/clock-8.svg
lucide	clock-9	Clock9	time	图标 clock-9；分类: time；tags: time, watch, alarm	https://unpkg.com/lucide-static@latest/icons/clock-9.svg	free	install	url:https://unpkg.com/lucide-static@latest/icons/clock-9.svg
lucide	clock-alert	ClockAlert	time	图标 clock-alert；分类: time；tags: time, watch, alarm, warning, wrong	https://unpkg.com/lucide-static@latest/icons/clock-alert.svg	free	install	url:https://unpkg.com/lucide-static@latest/icons/clock-alert.svg
lucide	clock-arrow-down	ClockArrowDown	time	图标 clock-arrow-down；分类: time；tags: time, watch, alarm, sort, order, ascending, descending, increasing, decreasing, rising, falling	https://unpkg.com/lucide-static@latest/icons/clock-arrow-down.svg	free	install	url:https://unpkg.com/lucide-static@latest/icons/clock-arrow-down.svg
lucide	clock-arrow-left	ClockArrowLeft	time	图标 clock-arrow-left；分类: time；tags: time, watch, alarm, assign, range	https://unpkg.com/lucide-static@latest/icons/clock-arrow-left.svg	free	install	url:https://unpkg.com/lucide-static@latest/icons/clock-arrow-left.svg
lucide	clock-arrow-right	ClockArrowRight	time	图标 clock-arrow-right；分类: time, people, arrows；tags: time, watch, alarm, range, unassign	https://unpkg.com/lucide-static@latest/icons/clock-arrow-right.svg	free	install	url:https://unpkg.com/lucide-static@latest/icons/clock-arrow-right.svg
lucide	clock-arrow-up	ClockArrowUp	time	图标 clock-arrow-up；分类: time；tags: time, watch, alarm, sort, order, ascending, descending, increasing, decreasing, rising, falling	https://unpkg.com/lucide-static@latest/icons/clock-arrow-up.svg	free	install	url:https://unpkg.com/lucide-static@latest/icons/clock-arrow-up.svg
lucide	clock-check	ClockCheck	time	图标 clock-check；分类: time；tags: time, watch, alarm	https://unpkg.com/lucide-static@latest/icons/clock-check.svg	free	install	url:https://unpkg.com/lucide-static@latest/icons/clock-check.svg
lucide	clock-fading	ClockFading	time	图标 clock-fading；分类: time；tags: time, watch, alarm	https://unpkg.com/lucide-static@latest/icons/clock-fading.svg	free	install	url:https://unpkg.com/lucide-static@latest/icons/clock-fading.svg
lucide	clock-plus	ClockPlus	time	图标 clock-plus；分类: time；tags: time, watch, alarm, add, create, new	https://unpkg.com/lucide-static@latest/icons/clock-plus.svg	free	install	url:https://unpkg.com/lucide-static@latest/icons/clock-plus.svg
lucide	closed-caption	ClosedCaption	accessibility	图标 closed-caption；分类: accessibility, multimedia；tags: tv, movie, video, closed captions, subtitles, subhead, transcription, transcribe, dialogue, accessibility	https://unpkg.com/lucide-static@latest/icons/closed-caption.svg	free	install	url:https://unpkg.com/lucide-static@latest/icons/closed-caption.svg
lucide	cloud	Cloud	weather	图标 cloud；分类: weather；tags: weather	https://unpkg.com/lucide-static@latest/icons/cloud.svg	free	install	url:https://unpkg.com/lucide-static@latest/icons/cloud.svg
lucide	cloud-alert	CloudAlert	development	图标 cloud-alert；分类: development；tags: weather, danger, warning, alert, error, sync, network, exclamation	https://unpkg.com/lucide-static@latest/icons/cloud-alert.svg	free	install	url:https://unpkg.com/lucide-static@latest/icons/cloud-alert.svg
lucide	cloud-backup	CloudBackup	arrows	图标 cloud-backup；分类: arrows, files；tags: storage, memory, bytes, servers, backup, timemachine, rotate, synchronize, synchronise, refresh, reconnect, transfer, data, security, upload, save, remote, safety	https://unpkg.com/lucide-static@latest/icons/cloud-backup.svg	free	install	url:https://unpkg.com/lucide-static@latest/icons/cloud-backup.svg
lucide	cloud-check	CloudCheck	development	图标 cloud-check；分类: development；tags: sync, network, success, done, completed, saved, persisted	https://unpkg.com/lucide-static@latest/icons/cloud-check.svg	free	install	url:https://unpkg.com/lucide-static@latest/icons/cloud-check.svg
lucide	cloud-cog	CloudCog	development	图标 cloud-cog；分类: development；tags: computing, ai, cluster, network	https://unpkg.com/lucide-static@latest/icons/cloud-cog.svg	free	install	url:https://unpkg.com/lucide-static@latest/icons/cloud-cog.svg
lucide	cloud-download	CloudDownload	arrows	图标 cloud-download；分类: arrows, files；tags: import	https://unpkg.com/lucide-static@latest/icons/cloud-download.svg	free	install	url:https://unpkg.com/lucide-static@latest/icons/cloud-download.svg
lucide	cloud-drizzle	CloudDrizzle	weather	图标 cloud-drizzle；分类: weather；tags: weather, shower	https://unpkg.com/lucide-static@latest/icons/cloud-drizzle.svg	free	install	url:https://unpkg.com/lucide-static@latest/icons/cloud-drizzle.svg
lucide	cloud-fog	CloudFog	weather	图标 cloud-fog；分类: weather；tags: weather, mist	https://unpkg.com/lucide-static@latest/icons/cloud-fog.svg	free	install	url:https://unpkg.com/lucide-static@latest/icons/cloud-fog.svg
lucide	cloud-hail	CloudHail	weather	图标 cloud-hail；分类: weather；tags: weather, rainfall	https://unpkg.com/lucide-static@latest/icons/cloud-hail.svg	free	install	url:https://unpkg.com/lucide-static@latest/icons/cloud-hail.svg
lucide	cloud-lightning	CloudLightning	weather	图标 cloud-lightning；分类: weather；tags: weather, bolt	https://unpkg.com/lucide-static@latest/icons/cloud-lightning.svg	free	install	url:https://unpkg.com/lucide-static@latest/icons/cloud-lightning.svg
lucide	cloud-moon	CloudMoon	weather	图标 cloud-moon；分类: weather；tags: weather, night	https://unpkg.com/lucide-static@latest/icons/cloud-moon.svg	free	install	url:https://unpkg.com/lucide-static@latest/icons/cloud-moon.svg
lucide	cloud-moon-rain	CloudMoonRain	weather	图标 cloud-moon-rain；分类: weather；tags: weather, partly, night, rainfall	https://unpkg.com/lucide-static@latest/icons/cloud-moon-rain.svg	free	install	url:https://unpkg.com/lucide-static@latest/icons/cloud-moon-rain.svg
lucide	cloud-off	CloudOff	connectivity	图标 cloud-off；分类: connectivity, weather；tags: disconnect	https://unpkg.com/lucide-static@latest/icons/cloud-off.svg	free	install	url:https://unpkg.com/lucide-static@latest/icons/cloud-off.svg
lucide	cloud-rain	CloudRain	weather	图标 cloud-rain；分类: weather；tags: weather, rainfall	https://unpkg.com/lucide-static@latest/icons/cloud-rain.svg	free	install	url:https://unpkg.com/lucide-static@latest/icons/cloud-rain.svg
lucide	cloud-rain-wind	CloudRainWind	weather	图标 cloud-rain-wind；分类: weather；tags: weather, rainfall	https://unpkg.com/lucide-static@latest/icons/cloud-rain-wind.svg	free	install	url:https://unpkg.com/lucide-static@latest/icons/cloud-rain-wind.svg
lucide	cloud-snow	CloudSnow	weather	图标 cloud-snow；分类: weather；tags: weather, blizzard	https://unpkg.com/lucide-static@latest/icons/cloud-snow.svg	free	install	url:https://unpkg.com/lucide-static@latest/icons/cloud-snow.svg
lucide	cloud-sun	CloudSun	weather	图标 cloud-sun；分类: weather；tags: weather, partly	https://unpkg.com/lucide-static@latest/icons/cloud-sun.svg	free	install	url:https://unpkg.com/lucide-static@latest/icons/cloud-sun.svg
lucide	cloud-sun-rain	CloudSunRain	weather	图标 cloud-sun-rain；分类: weather；tags: weather, partly, rainfall	https://unpkg.com/lucide-static@latest/icons/cloud-sun-rain.svg	free	install	url:https://unpkg.com/lucide-static@latest/icons/cloud-sun-rain.svg
lucide	cloud-sync	CloudSync	arrows	图标 cloud-sync；分类: arrows, files；tags: synchronize, synchronise, refresh, reconnect, transfer, backup, storage, upload, download, connection, network, data	https://unpkg.com/lucide-static@latest/icons/cloud-sync.svg	free	install	url:https://unpkg.com/lucide-static@latest/icons/cloud-sync.svg
lucide	cloud-upload	CloudUpload	arrows	图标 cloud-upload；分类: arrows, files；tags: file	https://unpkg.com/lucide-static@latest/icons/cloud-upload.svg	free	install	url:https://unpkg.com/lucide-static@latest/icons/cloud-upload.svg
lucide	cloudy	Cloudy	weather	图标 cloudy；分类: weather；tags: weather, clouds	https://unpkg.com/lucide-static@latest/icons/cloudy.svg	free	install	url:https://unpkg.com/lucide-static@latest/icons/cloudy.svg
lucide	clover	Clover	gaming	图标 clover；分类: gaming；tags: leaf, luck, plant	https://unpkg.com/lucide-static@latest/icons/clover.svg	free	install	url:https://unpkg.com/lucide-static@latest/icons/clover.svg
lucide	club	Club	shapes	图标 club；分类: shapes, gaming；tags: shape, suit, playing, cards	https://unpkg.com/lucide-static@latest/icons/club.svg	free	install	url:https://unpkg.com/lucide-static@latest/icons/club.svg
lucide	code	Code	text	图标 code；分类: text, development；tags: source, programming, html, xml	https://unpkg.com/lucide-static@latest/icons/code.svg	free	install	url:https://unpkg.com/lucide-static@latest/icons/code.svg
lucide	code-xml	CodeXml	text	图标 code-xml；分类: text, development；tags: source, programming, html, xml	https://unpkg.com/lucide-static@latest/icons/code-xml.svg	free	install	url:https://unpkg.com/lucide-static@latest/icons/code-xml.svg
lucide	coffee	Coffee	food-beverage	图标 coffee；分类: food-beverage；tags: drink, cup, mug, tea, cafe, hot, beverage	https://unpkg.com/lucide-static@latest/icons/coffee.svg	free	install	url:https://unpkg.com/lucide-static@latest/icons/coffee.svg
lucide	cog	Cog	account	图标 cog；分类: account；tags: computing, settings, cog, edit, gear, preferences, controls, configuration, fixed, build, construction, parts	https://unpkg.com/lucide-static@latest/icons/cog.svg	free	install	url:https://unpkg.com/lucide-static@latest/icons/cog.svg
lucide	coins	Coins	gaming	图标 coins；分类: gaming；tags: money, cash, finance, gamble	https://unpkg.com/lucide-static@latest/icons/coins.svg	free	install	url:https://unpkg.com/lucide-static@latest/icons/coins.svg
lucide	columns-2	Columns2	layout	图标 columns-2；分类: layout, design, text；tags: lines, list, queue, preview, panel, parallel, series, split, vertical, horizontal, half, center, middle, even, sidebar, drawer, gutter, fold, reflow, typography, pagination, pages	https://unpkg.com/lucide-static@latest/icons/columns-2.svg	free	install	url:https://unpkg.com/lucide-static@latest/icons/columns-2.svg
lucide	columns-3	Columns3	layout	图标 columns-3；分类: layout, design, text；tags: lines, list, queue, preview, parallel, series, split, vertical, horizontal, thirds, triple, center, middle, alignment, even, sidebars, drawers, gutters, fold, reflow, typography, pagination, pages	https://unpkg.com/lucide-static@latest/icons/columns-3.svg	free	install	url:https://unpkg.com/lucide-static@latest/icons/columns-3.svg
lucide	columns-3-cog	Columns3Cog	layout	图标 columns-3-cog；分类: layout, design；tags: columns, settings, customize, table, grid, adjust, configuration, panel, layout	https://unpkg.com/lucide-static@latest/icons/columns-3-cog.svg	free	install	url:https://unpkg.com/lucide-static@latest/icons/columns-3-cog.svg
lucide	columns-4	Columns4	layout	图标 columns-4；分类: layout, design, text, security；tags: lines, list, queue, preview, parallel, series, split, vertical, horizontal, thirds, triple, center, middle, alignment, even, sidebars, drawers, gutters, fold, reflow, typography, pagination, pages, prison, jail, bars, sentence, police, cops, cell, crime, criminal, justice, law, enforcement, grill	https://unpkg.com/lucide-static@latest/icons/columns-4.svg	free	install	url:https://unpkg.com/lucide-static@latest/icons/columns-4.svg
lucide	combine	Combine	development	图标 combine；分类: development, files；tags: cubes, packages, parts, units, collection, cluster, combine, gather, merge	https://unpkg.com/lucide-static@latest/icons/combine.svg	free	install	url:https://unpkg.com/lucide-static@latest/icons/combine.svg
lucide	command	Command	development	图标 command；分类: development；tags: keyboard, key, mac, cmd, button	https://unpkg.com/lucide-static@latest/icons/command.svg	free	install	url:https://unpkg.com/lucide-static@latest/icons/command.svg
lucide	compass	Compass	navigation	图标 compass；分类: navigation, travel；tags: direction, north, east, south, west, browser	https://unpkg.com/lucide-static@latest/icons/compass.svg	free	install	url:https://unpkg.com/lucide-static@latest/icons/compass.svg
lucide	component	Component	design	图标 component；分类: design, development；tags: design, element, group, module, part, symbol	https://unpkg.com/lucide-static@latest/icons/component.svg	free	install	url:https://unpkg.com/lucide-static@latest/icons/component.svg
lucide	computer	Computer	devices	图标 computer；分类: devices, development, gaming；tags: pc, chassis, codespaces	https://unpkg.com/lucide-static@latest/icons/computer.svg	free	install	url:https://unpkg.com/lucide-static@latest/icons/computer.svg
lucide	concierge-bell	ConciergeBell	travel	图标 concierge-bell；分类: travel；tags: reception, bell, porter	https://unpkg.com/lucide-static@latest/icons/concierge-bell.svg	free	install	url:https://unpkg.com/lucide-static@latest/icons/concierge-bell.svg
lucide	cone	Cone	shapes	图标 cone；分类: shapes, math；tags: conical, triangle, triangular, geometry, filter, funnel, hopper, spotlight, searchlight	https://unpkg.com/lucide-static@latest/icons/cone.svg	free	install	url:https://unpkg.com/lucide-static@latest/icons/cone.svg
lucide	construction	Construction	development	图标 construction；分类: development；tags: roadwork, maintenance, blockade, barricade	https://unpkg.com/lucide-static@latest/icons/construction.svg	free	install	url:https://unpkg.com/lucide-static@latest/icons/construction.svg
lucide	contact	Contact	account	图标 contact；分类: account, connectivity, communication, social；tags: user, person, family, friend, acquaintance, listing, networking	https://unpkg.com/lucide-static@latest/icons/contact.svg	free	install	url:https://unpkg.com/lucide-static@latest/icons/contact.svg
lucide	contact-round	ContactRound	account	图标 contact-round；分类: account, connectivity, communication, social；tags: user, person, family, friend, acquaintance, listing, networking	https://unpkg.com/lucide-static@latest/icons/contact-round.svg	free	install	url:https://unpkg.com/lucide-static@latest/icons/contact-round.svg
lucide	container	Container	development	图标 container；分类: development, transportation, mail；tags: storage, shipping, freight, supply chain, environment, devops, code, coding	https://unpkg.com/lucide-static@latest/icons/container.svg	free	install	url:https://unpkg.com/lucide-static@latest/icons/container.svg
lucide	contrast	Contrast	photography	图标 contrast；分类: photography, accessibility, design；tags: display, accessibility	https://unpkg.com/lucide-static@latest/icons/contrast.svg	free	install	url:https://unpkg.com/lucide-static@latest/icons/contrast.svg
lucide	cookie	Cookie	account	图标 cookie；分类: account, food-beverage；tags: biscuit, snack, dessert, food, sweet, bakery, consent, privacy, legal, tracking, browser, website	https://unpkg.com/lucide-static@latest/icons/cookie.svg	free	install	url:https://unpkg.com/lucide-static@latest/icons/cookie.svg
lucide	cooking-pot	CookingPot	food-beverage	图标 cooking-pot；分类: food-beverage, home；tags: pod, cooking, recipe, food, kitchen, chef, restaurant, dinner, lunch, breakfast, meal, eat	https://unpkg.com/lucide-static@latest/icons/cooking-pot.svg	free	install	url:https://unpkg.com/lucide-static@latest/icons/cooking-pot.svg
lucide	copy	Copy	text	图标 copy；分类: text；tags: clone, duplicate, multiple	https://unpkg.com/lucide-static@latest/icons/copy.svg	free	install	url:https://unpkg.com/lucide-static@latest/icons/copy.svg
lucide	copy-check	CopyCheck	text	图标 copy-check；分类: text, notifications；tags: clone, duplicate, done, multiple	https://unpkg.com/lucide-static@latest/icons/copy-check.svg	free	install	url:https://unpkg.com/lucide-static@latest/icons/copy-check.svg
lucide	copy-minus	CopyMinus	text	图标 copy-minus；分类: text, math；tags: clone, duplicate, remove, delete, collapse, subtract, multiple, -	https://unpkg.com/lucide-static@latest/icons/copy-minus.svg	free	install	url:https://unpkg.com/lucide-static@latest/icons/copy-minus.svg
lucide	copy-plus	CopyPlus	text	图标 copy-plus；分类: text, math；tags: clone, duplicate, add, multiple, expand, +	https://unpkg.com/lucide-static@latest/icons/copy-plus.svg	free	install	url:https://unpkg.com/lucide-static@latest/icons/copy-plus.svg
lucide	copy-slash	CopySlash	text	图标 copy-slash；分类: text, development, math；tags: clone, duplicate, cancel, ban, no, stop, forbidden, prohibited, error, multiple, divide, division, split, or, /	https://unpkg.com/lucide-static@latest/icons/copy-slash.svg	free	install	url:https://unpkg.com/lucide-static@latest/icons/copy-slash.svg
lucide	copy-x	CopyX	notifications	图标 copy-x；分类: notifications, math；tags: cancel, close, delete, remove, clear, multiple, multiply, multiplication, times	https://unpkg.com/lucide-static@latest/icons/copy-x.svg	free	install	url:https://unpkg.com/lucide-static@latest/icons/copy-x.svg
lucide	copyleft	Copyleft	text	图标 copyleft；分类: text；tags: licence	https://unpkg.com/lucide-static@latest/icons/copyleft.svg	free	install	url:https://unpkg.com/lucide-static@latest/icons/copyleft.svg
lucide	copyright	Copyright	text	图标 copyright；分类: text；tags: licence, license	https://unpkg.com/lucide-static@latest/icons/copyright.svg	free	install	url:https://unpkg.com/lucide-static@latest/icons/copyright.svg
lucide	corner-down-left	CornerDownLeft	arrows	图标 corner-down-left；分类: arrows；tags: arrow, return	https://unpkg.com/lucide-static@latest/icons/corner-down-left.svg	free	install	url:https://unpkg.com/lucide-static@latest/icons/corner-down-left.svg
lucide	corner-down-right	CornerDownRight	arrows	图标 corner-down-right；分类: arrows, text, development；tags: arrow, indent, tab	https://unpkg.com/lucide-static@latest/icons/corner-down-right.svg	free	install	url:https://unpkg.com/lucide-static@latest/icons/corner-down-right.svg
lucide	corner-left-down	CornerLeftDown	arrows	图标 corner-left-down；分类: arrows；tags: arrow	https://unpkg.com/lucide-static@latest/icons/corner-left-down.svg	free	install	url:https://unpkg.com/lucide-static@latest/icons/corner-left-down.svg
lucide	corner-left-up	CornerLeftUp	arrows	图标 corner-left-up；分类: arrows；tags: arrow	https://unpkg.com/lucide-static@latest/icons/corner-left-up.svg	free	install	url:https://unpkg.com/lucide-static@latest/icons/corner-left-up.svg
lucide	corner-right-down	CornerRightDown	arrows	图标 corner-right-down；分类: arrows；tags: arrow	https://unpkg.com/lucide-static@latest/icons/corner-right-down.svg	free	install	url:https://unpkg.com/lucide-static@latest/icons/corner-right-down.svg
lucide	corner-right-up	CornerRightUp	arrows	图标 corner-right-up；分类: arrows；tags: arrow	https://unpkg.com/lucide-static@latest/icons/corner-right-up.svg	free	install	url:https://unpkg.com/lucide-static@latest/icons/corner-right-up.svg
lucide	corner-up-left	CornerUpLeft	arrows	图标 corner-up-left；分类: arrows；tags: arrow	https://unpkg.com/lucide-static@latest/icons/corner-up-left.svg	free	install	url:https://unpkg.com/lucide-static@latest/icons/corner-up-left.svg
lucide	corner-up-right	CornerUpRight	arrows	图标 corner-up-right；分类: arrows；tags: arrow	https://unpkg.com/lucide-static@latest/icons/corner-up-right.svg	free	install	url:https://unpkg.com/lucide-static@latest/icons/corner-up-right.svg
lucide	cpu	Cpu	devices	图标 cpu；分类: devices；tags: processor, cores, technology, computer, chip, circuit, memory, ram, specs, gigahertz, ghz	https://unpkg.com/lucide-static@latest/icons/cpu.svg	free	install	url:https://unpkg.com/lucide-static@latest/icons/cpu.svg
lucide	creative-commons	CreativeCommons	text	图标 creative-commons；分类: text；tags: licence, license	https://unpkg.com/lucide-static@latest/icons/creative-commons.svg	free	install	url:https://unpkg.com/lucide-static@latest/icons/creative-commons.svg
lucide	credit-card	CreditCard	account	图标 credit-card；分类: account, finance；tags: bank, purchase, payment, cc	https://unpkg.com/lucide-static@latest/icons/credit-card.svg	free	install	url:https://unpkg.com/lucide-static@latest/icons/credit-card.svg
lucide	credit-card-check	CreditCardCheck	account	图标 credit-card-check；分类: account, finance, shopping；tags: debit, payment, banking, finance, transaction, wallet, purchase, checkout, billing, account, cardholder, verified, approved, authorized, valid, success, complete, check, bank, cc	https://unpkg.com/lucide-static@latest/icons/credit-card-check.svg	free	install	url:https://unpkg.com/lucide-static@latest/icons/credit-card-check.svg
lucide	credit-card-minus	CreditCardMinus	account	图标 credit-card-minus；分类: account, finance, shopping；tags: debit, payment, remove, delete, unlink, revoke, decline, canceled, banking, finance, wallet, transaction, billing, account, purchase, checkout, subtract, minus, bank, cc	https://unpkg.com/lucide-static@latest/icons/credit-card-minus.svg	free	install	url:https://unpkg.com/lucide-static@latest/icons/credit-card-minus.svg
lucide	credit-card-plus	CreditCardPlus	account	图标 credit-card-plus；分类: account, finance, shopping；tags: debit, payment, banking, finance, transaction, wallet, purchase, checkout, billing, account, cardholder, add, new, link, save, method, plastic, bank, cc	https://unpkg.com/lucide-static@latest/icons/credit-card-plus.svg	free	install	url:https://unpkg.com/lucide-static@latest/icons/credit-card-plus.svg
lucide	credit-card-reader	CreditCardReader	finance	图标 credit-card-reader；分类: finance, navigation, shopping；tags: bank, purchase, payment, cc, atm, terminal, checkout, kiosk, pos, point of sale, transaction, contactless, chip, swipe, tap, banking, finance, retail	https://unpkg.com/lucide-static@latest/icons/credit-card-reader.svg	free	install	url:https://unpkg.com/lucide-static@latest/icons/credit-card-reader.svg
lucide	credit-card-x	CreditCardX	account	图标 credit-card-x；分类: account, finance, shopping；tags: debit, payment, banking, finance, transaction, wallet, purchase, checkout, billing, account, cardholder, declined, rejected, failed, invalid, canceled, error, cancel, bank, cc	https://unpkg.com/lucide-static@latest/icons/credit-card-x.svg	free	install	url:https://unpkg.com/lucide-static@latest/icons/credit-card-x.svg
lucide	croissant	Croissant	food-beverage	图标 croissant；分类: food-beverage；tags: bakery, cooking, food, pastry	https://unpkg.com/lucide-static@latest/icons/croissant.svg	free	install	url:https://unpkg.com/lucide-static@latest/icons/croissant.svg
lucide	crop	Crop	photography	图标 crop；分类: photography, design；tags: photo, image	https://unpkg.com/lucide-static@latest/icons/crop.svg	free	install	url:https://unpkg.com/lucide-static@latest/icons/crop.svg
lucide	cross	Cross	shapes	图标 cross；分类: shapes；tags: healthcare, first aid	https://unpkg.com/lucide-static@latest/icons/cross.svg	free	install	url:https://unpkg.com/lucide-static@latest/icons/cross.svg
lucide	crosshair	Crosshair	photography	图标 crosshair；分类: photography；tags: aim, target	https://unpkg.com/lucide-static@latest/icons/crosshair.svg	free	install	url:https://unpkg.com/lucide-static@latest/icons/crosshair.svg
lucide	crown	Crown	gaming	图标 crown；分类: gaming；tags: diadem, tiara, circlet, corona, king, ruler, winner, favourite	https://unpkg.com/lucide-static@latest/icons/crown.svg	free	install	url:https://unpkg.com/lucide-static@latest/icons/crown.svg
lucide	cuboid	Cuboid	shapes	图标 cuboid；分类: shapes, math, food-beverage；tags: brick, block, box, 3d, solid, volume, container, storage, shipping, carton, geometry, rectangular, hexahedron, butter, tofu, soap, cheese, package, parcel, crate	https://unpkg.com/lucide-static@latest/icons/cuboid.svg	free	install	url:https://unpkg.com/lucide-static@latest/icons/cuboid.svg
lucide	cup-soda	CupSoda	food-beverage	图标 cup-soda；分类: food-beverage；tags: beverage, cup, drink, soda, straw, water	https://unpkg.com/lucide-static@latest/icons/cup-soda.svg	free	install	url:https://unpkg.com/lucide-static@latest/icons/cup-soda.svg
lucide	cupcake	Cupcake	food-beverage	图标 cupcake；分类: food-beverage；tags: cake, dessert, food, celebration, sweet, baking, cooking	https://unpkg.com/lucide-static@latest/icons/cupcake.svg	free	install	url:https://unpkg.com/lucide-static@latest/icons/cupcake.svg
lucide	currency	Currency	finance	图标 currency；分类: finance；tags: finance, money	https://unpkg.com/lucide-static@latest/icons/currency.svg	free	install	url:https://unpkg.com/lucide-static@latest/icons/currency.svg
lucide	cylinder	Cylinder	shapes	图标 cylinder；分类: shapes, design, math；tags: shape, elliptical, geometry, container, storage, tin, pot	https://unpkg.com/lucide-static@latest/icons/cylinder.svg	free	install	url:https://unpkg.com/lucide-static@latest/icons/cylinder.svg
lucide	dam	Dam	buildings	图标 dam；分类: buildings, sustainability, navigation；tags: electricity, energy, water	https://unpkg.com/lucide-static@latest/icons/dam.svg	free	install	url:https://unpkg.com/lucide-static@latest/icons/dam.svg
lucide	database	Database	devices	图标 database；分类: devices, development；tags: storage, memory, container, tin, pot, bytes, servers	https://unpkg.com/lucide-static@latest/icons/database.svg	free	install	url:https://unpkg.com/lucide-static@latest/icons/database.svg
lucide	database-arrow-down	DatabaseArrowDown	devices	图标 database-arrow-down；分类: devices, development；tags: storage, memory, bytes, server, export, download, backup, pull, downsize	https://unpkg.com/lucide-static@latest/icons/database-arrow-down.svg	free	install	url:https://unpkg.com/lucide-static@latest/icons/database-arrow-down.svg
lucide	database-arrow-up	DatabaseArrowUp	devices	图标 database-arrow-up；分类: devices, development；tags: storage, memory, bytes, server, import, upload, backup, push, upscale	https://unpkg.com/lucide-static@latest/icons/database-arrow-up.svg	free	install	url:https://unpkg.com/lucide-static@latest/icons/database-arrow-up.svg
lucide	database-backup	DatabaseBackup	devices	图标 database-backup；分类: devices, arrows, design, development, photography；tags: storage, memory, bytes, servers, backup, timemachine, rotate, arrow, left	https://unpkg.com/lucide-static@latest/icons/database-backup.svg	free	install	url:https://unpkg.com/lucide-static@latest/icons/database-backup.svg
lucide	database-check	DatabaseCheck	devices	图标 database-check；分类: devices, development；tags: storage, memory, bytes, server, check, success, valid, verified, confirmed, complete	https://unpkg.com/lucide-static@latest/icons/database-check.svg	free	install	url:https://unpkg.com/lucide-static@latest/icons/database-check.svg
lucide	database-minus	DatabaseMinus	devices	图标 database-minus；分类: devices, development；tags: storage, memory, bytes, server, minus, remove, delete, reduce	https://unpkg.com/lucide-static@latest/icons/database-minus.svg	free	install	url:https://unpkg.com/lucide-static@latest/icons/database-minus.svg
lucide	database-plus	DatabasePlus	devices	图标 database-plus；分类: devices, development；tags: storage, memory, bytes, server, plus, add, create, insert, new, expand	https://unpkg.com/lucide-static@latest/icons/database-plus.svg	free	install	url:https://unpkg.com/lucide-static@latest/icons/database-plus.svg
lucide	database-search	DatabaseSearch	devices	图标 database-search；分类: devices, development；tags: storage, memory, container, tin, pot, bytes, servers	https://unpkg.com/lucide-static@latest/icons/database-search.svg	free	install	url:https://unpkg.com/lucide-static@latest/icons/database-search.svg
lucide	database-x	DatabaseX	devices	图标 database-x；分类: devices, development；tags: storage, memory, bytes, server, x, error, failed, invalid, rejected, denied, clear, remove, disconnect	https://unpkg.com/lucide-static@latest/icons/database-x.svg	free	install	url:https://unpkg.com/lucide-static@latest/icons/database-x.svg
lucide	database-zap	DatabaseZap	devices	图标 database-zap；分类: devices, development；tags: cache busting, storage, memory, bytes, servers, power, crash	https://unpkg.com/lucide-static@latest/icons/database-zap.svg	free	install	url:https://unpkg.com/lucide-static@latest/icons/database-zap.svg
lucide	decimals-arrow-left	DecimalsArrowLeft	design	图标 decimals-arrow-left；分类: design, text, arrows, math；tags: numerical, decimal, decrease, less, fewer, precision, rounding, digits, fraction, float, number	https://unpkg.com/lucide-static@latest/icons/decimals-arrow-left.svg	free	install	url:https://unpkg.com/lucide-static@latest/icons/decimals-arrow-left.svg
lucide	decimals-arrow-right	DecimalsArrowRight	design	图标 decimals-arrow-right；分类: design, text, arrows, math；tags: numerical, decimal, increase, more, precision, rounding, digits, fraction, float, number	https://unpkg.com/lucide-static@latest/icons/decimals-arrow-right.svg	free	install	url:https://unpkg.com/lucide-static@latest/icons/decimals-arrow-right.svg
lucide	delete	Delete	text	图标 delete；分类: text, arrows；tags: backspace, remove	https://unpkg.com/lucide-static@latest/icons/delete.svg	free	install	url:https://unpkg.com/lucide-static@latest/icons/delete.svg
lucide	dessert	Dessert	food-beverage	图标 dessert；分类: food-beverage；tags: pudding, christmas, xmas, custard, iced bun, icing, fondant, cake, ice cream, gelato, sundae, scoop, dollop, sugar, food, sweet	https://unpkg.com/lucide-static@latest/icons/dessert.svg	free	install	url:https://unpkg.com/lucide-static@latest/icons/dessert.svg
lucide	diameter	Diameter	shapes	图标 diameter；分类: shapes, math, design, tools；tags: shape, circle, geometry, trigonometry, width, height, size, calculate, measure	https://unpkg.com/lucide-static@latest/icons/diameter.svg	free	install	url:https://unpkg.com/lucide-static@latest/icons/diameter.svg
lucide	diamond	Diamond	shapes	图标 diamond；分类: shapes, gaming；tags: square, rectangle, oblique, rhombus, shape, suit, playing, cards	https://unpkg.com/lucide-static@latest/icons/diamond.svg	free	install	url:https://unpkg.com/lucide-static@latest/icons/diamond.svg
lucide	diamond-minus	DiamondMinus	multimedia	图标 diamond-minus；分类: multimedia, photography, tools, devices；tags: keyframe, subtract, remove, decrease, reduce, calculator, button, keyboard, line, divider, separator, horizontal rule, hr, html, markup, markdown, ---, toolbar, operator, code, coding, minimum, downgrade	https://unpkg.com/lucide-static@latest/icons/diamond-minus.svg	free	install	url:https://unpkg.com/lucide-static@latest/icons/diamond-minus.svg
lucide	diamond-percent	DiamondPercent	social	图标 diamond-percent；分类: social, finance, shopping, math；tags: verified, unverified, sale, discount, offer, marketing, sticker, price tag	https://unpkg.com/lucide-static@latest/icons/diamond-percent.svg	free	install	url:https://unpkg.com/lucide-static@latest/icons/diamond-percent.svg
lucide	diamond-plus	DiamondPlus	multimedia	图标 diamond-plus；分类: multimedia, photography, tools, devices；tags: keyframe, add, new, increase, increment, positive, calculate, toolbar, crosshair, aim, target, scope, sight, reticule, maximum, upgrade, extra, +	https://unpkg.com/lucide-static@latest/icons/diamond-plus.svg	free	install	url:https://unpkg.com/lucide-static@latest/icons/diamond-plus.svg
lucide	dice-1	Dice1	gaming	图标 dice-1；分类: gaming；tags: dice, random, tabletop, 1, board, game	https://unpkg.com/lucide-static@latest/icons/dice-1.svg	free	install	url:https://unpkg.com/lucide-static@latest/icons/dice-1.svg
lucide	dice-2	Dice2	gaming	图标 dice-2；分类: gaming；tags: dice, random, tabletop, 2, board, game	https://unpkg.com/lucide-static@latest/icons/dice-2.svg	free	install	url:https://unpkg.com/lucide-static@latest/icons/dice-2.svg
lucide	dice-3	Dice3	gaming	图标 dice-3；分类: gaming；tags: dice, random, tabletop, 3, board, game	https://unpkg.com/lucide-static@latest/icons/dice-3.svg	free	install	url:https://unpkg.com/lucide-static@latest/icons/dice-3.svg
lucide	dice-4	Dice4	gaming	图标 dice-4；分类: gaming；tags: dice, random, tabletop, 4, board, game	https://unpkg.com/lucide-static@latest/icons/dice-4.svg	free	install	url:https://unpkg.com/lucide-static@latest/icons/dice-4.svg
lucide	dice-5	Dice5	gaming	图标 dice-5；分类: gaming；tags: dice, random, tabletop, 5, board, game	https://unpkg.com/lucide-static@latest/icons/dice-5.svg	free	install	url:https://unpkg.com/lucide-static@latest/icons/dice-5.svg
lucide	dice-6	Dice6	gaming	图标 dice-6；分类: gaming；tags: dice, random, tabletop, 6, board, game	https://unpkg.com/lucide-static@latest/icons/dice-6.svg	free	install	url:https://unpkg.com/lucide-static@latest/icons/dice-6.svg
lucide	dices	Dices	gaming	图标 dices；分类: gaming；tags: dice, random, tabletop, board, game	https://unpkg.com/lucide-static@latest/icons/dices.svg	free	install	url:https://unpkg.com/lucide-static@latest/icons/dices.svg
lucide	diff	Diff	development	图标 diff；分类: development, files；tags: patch, difference, compare, plus, minus, plus-minus, math	https://unpkg.com/lucide-static@latest/icons/diff.svg	free	install	url:https://unpkg.com/lucide-static@latest/icons/diff.svg
lucide	disc	Disc	devices	图标 disc；分类: devices, multimedia；tags: album, music, songs, format, cd, dvd, vinyl, sleeve, cover, platinum, compilation, ep, recording, playback, spin, rotate, rpm, dj	https://unpkg.com/lucide-static@latest/icons/disc.svg	free	install	url:https://unpkg.com/lucide-static@latest/icons/disc.svg
lucide	disc-2	Disc2	devices	图标 disc-2；分类: devices, multimedia；tags: album, music, vinyl, record, cd, dvd, format, dj, spin, rotate, rpm	https://unpkg.com/lucide-static@latest/icons/disc-2.svg	free	install	url:https://unpkg.com/lucide-static@latest/icons/disc-2.svg
lucide	disc-3	Disc3	devices	图标 disc-3；分类: devices, multimedia；tags: album, music, vinyl, record, cd, dvd, format, dj, spin, rotate, rpm	https://unpkg.com/lucide-static@latest/icons/disc-3.svg	free	install	url:https://unpkg.com/lucide-static@latest/icons/disc-3.svg
lucide	disc-album	DiscAlbum	devices	图标 disc-album；分类: devices, multimedia；tags: album, music, songs, format, cd, dvd, vinyl, sleeve, cover, platinum, compilation, ep, recording, playback, spin, rotate, rpm, dj	https://unpkg.com/lucide-static@latest/icons/disc-album.svg	free	install	url:https://unpkg.com/lucide-static@latest/icons/disc-album.svg
lucide	divide	Divide	math	图标 divide；分类: math, development；tags: calculate, math, division, operator, code, ÷, /	https://unpkg.com/lucide-static@latest/icons/divide.svg	free	install	url:https://unpkg.com/lucide-static@latest/icons/divide.svg
lucide	dna	Dna	medical	图标 dna；分类: medical；tags: gene, gmo, helix, heredity, chromosome, nucleic acid	https://unpkg.com/lucide-static@latest/icons/dna.svg	free	install	url:https://unpkg.com/lucide-static@latest/icons/dna.svg
lucide	dna-off	DnaOff	medical	图标 dna-off；分类: medical, food-beverage；tags: gene, gmo free, helix, heredity, chromosome, nucleic acid	https://unpkg.com/lucide-static@latest/icons/dna-off.svg	free	install	url:https://unpkg.com/lucide-static@latest/icons/dna-off.svg
lucide	dock	Dock	layout	图标 dock；分类: layout, design, development, files；tags: desktop, applications, launch, home, menu bar, bottom, line, macos, osx	https://unpkg.com/lucide-static@latest/icons/dock.svg	free	install	url:https://unpkg.com/lucide-static@latest/icons/dock.svg
lucide	dog	Dog	animals	图标 dog；分类: animals；tags: animal, pet, puppy, hound, canine	https://unpkg.com/lucide-static@latest/icons/dog.svg	free	install	url:https://unpkg.com/lucide-static@latest/icons/dog.svg
lucide	dollar-sign	DollarSign	finance	图标 dollar-sign；分类: finance；tags: currency, money, payment	https://unpkg.com/lucide-static@latest/icons/dollar-sign.svg	free	install	url:https://unpkg.com/lucide-static@latest/icons/dollar-sign.svg
lucide	dome	Dome	buildings	图标 dome；分类: buildings, navigation, travel；tags: roof, cupola, rotunda, shelter, building, architecture, structure, church, christian, orthodox, byzantine, cathedral, basilica, chapel, monument, landmark, museum, observatory, heritage	https://unpkg.com/lucide-static@latest/icons/dome.svg	free	install	url:https://unpkg.com/lucide-static@latest/icons/dome.svg
lucide	donut	Donut	food-beverage	图标 donut；分类: food-beverage；tags: doughnut, sprinkles, topping, fast food, junk food, snack, treat, sweet, sugar, dessert, hollow, ring	https://unpkg.com/lucide-static@latest/icons/donut.svg	free	install	url:https://unpkg.com/lucide-static@latest/icons/donut.svg
lucide	door-closed	DoorClosed	home	图标 door-closed；分类: home, travel, security；tags: entrance, entry, exit, ingress, egress, gate, gateway, emergency exit	https://unpkg.com/lucide-static@latest/icons/door-closed.svg	free	install	url:https://unpkg.com/lucide-static@latest/icons/door-closed.svg
lucide	door-closed-cog	DoorClosedCog	home	图标 door-closed-cog；分类: home, security；tags: room, entrance, entry, settings, gear, access, automation	https://unpkg.com/lucide-static@latest/icons/door-closed-cog.svg	free	install	url:https://unpkg.com/lucide-static@latest/icons/door-closed-cog.svg
lucide	door-closed-locked	DoorClosedLocked	home	图标 door-closed-locked；分类: home, travel, security；tags: entrance, entry, exit, ingress, egress, gate, gateway, emergency exit, lock	https://unpkg.com/lucide-static@latest/icons/door-closed-locked.svg	free	install	url:https://unpkg.com/lucide-static@latest/icons/door-closed-locked.svg
lucide	door-closed-package	DoorClosedPackage	home	图标 door-closed-package；分类: home, food-beverage, transportation；tags: delivery, parcel, doorstep, shipping, drop-off, courier	https://unpkg.com/lucide-static@latest/icons/door-closed-package.svg	free	install	url:https://unpkg.com/lucide-static@latest/icons/door-closed-package.svg
lucide	door-open	DoorOpen	home	图标 door-open；分类: home, travel, security；tags: entrance, entry, exit, ingress, egress, gate, gateway, emergency exit	https://unpkg.com/lucide-static@latest/icons/door-open.svg	free	install	url:https://unpkg.com/lucide-static@latest/icons/door-open.svg
lucide	door-stairwell	DoorStairwell	home	图标 door-stairwell；分类: home, travel；tags: staircase, stairway, stairs, steps, ladder, transition, access, structure, spiral, building, vertical, movement, floor, level, entrance, entry, exit, egress, route, indoor, emergency exit	https://unpkg.com/lucide-static@latest/icons/door-stairwell.svg	free	install	url:https://unpkg.com/lucide-static@latest/icons/door-stairwell.svg
lucide	dot	Dot	shapes	图标 dot；分类: shapes, text；tags: interpunct, interpoint, middot, step, punctuation, period, full stop, end, finish, final, characters, font, typography, type, center, .	https://unpkg.com/lucide-static@latest/icons/dot.svg	free	install	url:https://unpkg.com/lucide-static@latest/icons/dot.svg
lucide	download	Download	arrows	图标 download；分类: arrows, files；tags: import, export, save	https://unpkg.com/lucide-static@latest/icons/download.svg	free	install	url:https://unpkg.com/lucide-static@latest/icons/download.svg
lucide	drafting-compass	DraftingCompass	math	图标 drafting-compass；分类: math, design, tools；tags: geometry, trigonometry, radius, diameter, circumference, calculate, measure, arc, curve, draw, sketch	https://unpkg.com/lucide-static@latest/icons/drafting-compass.svg	free	install	url:https://unpkg.com/lucide-static@latest/icons/drafting-compass.svg
lucide	drama	Drama	multimedia	图标 drama；分类: multimedia；tags: drama, masks, theater, theatre, entertainment, show	https://unpkg.com/lucide-static@latest/icons/drama.svg	free	install	url:https://unpkg.com/lucide-static@latest/icons/drama.svg
lucide	drill	Drill	tools	图标 drill；分类: tools, home, devices；tags: power, bit, head, hole, diy, toolbox, build, construction	https://unpkg.com/lucide-static@latest/icons/drill.svg	free	install	url:https://unpkg.com/lucide-static@latest/icons/drill.svg
lucide	drone	Drone	transportation	图标 drone；分类: transportation, devices；tags: quadcopter, uav, aerial, flight, flying, technology, airborne, robotics	https://unpkg.com/lucide-static@latest/icons/drone.svg	free	install	url:https://unpkg.com/lucide-static@latest/icons/drone.svg
lucide	droplet	Droplet	weather	图标 droplet；分类: weather, gaming；tags: water, weather, liquid, fluid, wet, moisture, damp, bead, globule	https://unpkg.com/lucide-static@latest/icons/droplet.svg	free	install	url:https://unpkg.com/lucide-static@latest/icons/droplet.svg
lucide	droplet-off	DropletOff	weather	图标 droplet-off；分类: weather, gaming；tags: water, weather, liquid, fluid, wet, moisture, damp, bead, globule	https://unpkg.com/lucide-static@latest/icons/droplet-off.svg	free	install	url:https://unpkg.com/lucide-static@latest/icons/droplet-off.svg
lucide	droplets	Droplets	weather	图标 droplets；分类: weather；tags: water, weather, liquid, fluid, wet, moisture, damp, bead, globule	https://unpkg.com/lucide-static@latest/icons/droplets.svg	free	install	url:https://unpkg.com/lucide-static@latest/icons/droplets.svg
lucide	drum	Drum	multimedia	图标 drum；分类: multimedia, devices；tags: drummer, kit, sticks, instrument, beat, bang, bass, backing track, band, play, performance, concert, march, music, audio, sound, noise, loud	https://unpkg.com/lucide-static@latest/icons/drum.svg	free	install	url:https://unpkg.com/lucide-static@latest/icons/drum.svg
lucide	drumstick	Drumstick	food-beverage	图标 drumstick；分类: food-beverage；tags: food, chicken, meat	https://unpkg.com/lucide-static@latest/icons/drumstick.svg	free	install	url:https://unpkg.com/lucide-static@latest/icons/drumstick.svg
lucide	dumbbell	Dumbbell	navigation	图标 dumbbell；分类: navigation, sports；tags: barbell, weight, workout, gym	https://unpkg.com/lucide-static@latest/icons/dumbbell.svg	free	install	url:https://unpkg.com/lucide-static@latest/icons/dumbbell.svg
lucide	ear	Ear	medical	图标 ear；分类: medical, accessibility；tags: hearing, noise, audio, accessibility	https://unpkg.com/lucide-static@latest/icons/ear.svg	free	install	url:https://unpkg.com/lucide-static@latest/icons/ear.svg
lucide	ear-off	EarOff	medical	图标 ear-off；分类: medical, accessibility；tags: hearing, hard of hearing, hearing loss, deafness, noise, silence, audio, accessibility	https://unpkg.com/lucide-static@latest/icons/ear-off.svg	free	install	url:https://unpkg.com/lucide-static@latest/icons/ear-off.svg
lucide	earth	Earth	navigation	图标 earth；分类: navigation；tags: world, browser, language, translate, globe	https://unpkg.com/lucide-static@latest/icons/earth.svg	free	install	url:https://unpkg.com/lucide-static@latest/icons/earth.svg
lucide	earth-lock	EarthLock	security	图标 earth-lock；分类: security, development, devices；tags: vpn, private, privacy, network, world, browser, security, encryption, protection, connection	https://unpkg.com/lucide-static@latest/icons/earth-lock.svg	free	install	url:https://unpkg.com/lucide-static@latest/icons/earth-lock.svg
lucide	eclipse	Eclipse	science	图标 eclipse；分类: science, design, development, accessibility, photography；tags: lunar, solar, crescent moon, sun, earth, day, night, planet, space, mode, dark, light, toggle, switch, color, css, styles, display, accessibility, contrast, brightness, blend, shade	https://unpkg.com/lucide-static@latest/icons/eclipse.svg	free	install	url:https://unpkg.com/lucide-static@latest/icons/eclipse.svg
lucide	egg	Egg	food-beverage	图标 egg；分类: food-beverage, animals；tags: bird, chicken, nest, hatch, shell, incubate, soft boiled, hard, breakfast, brunch, morning, easter	https://unpkg.com/lucide-static@latest/icons/egg.svg	free	install	url:https://unpkg.com/lucide-static@latest/icons/egg.svg
lucide	egg-fried	EggFried	food-beverage	图标 egg-fried；分类: food-beverage；tags: food, breakfast	https://unpkg.com/lucide-static@latest/icons/egg-fried.svg	free	install	url:https://unpkg.com/lucide-static@latest/icons/egg-fried.svg
lucide	egg-off	EggOff	food-beverage	图标 egg-off；分类: food-beverage；tags: egg free, vegan, hatched, bad egg	https://unpkg.com/lucide-static@latest/icons/egg-off.svg	free	install	url:https://unpkg.com/lucide-static@latest/icons/egg-off.svg
lucide	eject	Eject	devices	图标 eject；分类: devices, files, multimedia；tags: disc, drive, dvd, blu-ray, cd, media, optical, optical drive, removable media, storage, tray, unmount, usb	https://unpkg.com/lucide-static@latest/icons/eject.svg	free	install	url:https://unpkg.com/lucide-static@latest/icons/eject.svg
lucide	ellipse	Ellipse	shapes	图标 ellipse；分类: shapes；tags: shape, geometry, rounded, smooth, outline, form, boundary, curve, shapes, ellipse, oval	https://unpkg.com/lucide-static@latest/icons/ellipse.svg	free	install	url:https://unpkg.com/lucide-static@latest/icons/ellipse.svg
lucide	ellipsis	Ellipsis	layout	图标 ellipsis；分类: layout, development；tags: et cetera, etc, loader, loading, progress, pending, throbber, menu, options, operator, code, coding, spread, rest, more, further, extra, overflow, dots, …, ...	https://unpkg.com/lucide-static@latest/icons/ellipsis.svg	free	install	url:https://unpkg.com/lucide-static@latest/icons/ellipsis.svg
lucide	ellipsis-vertical	EllipsisVertical	layout	图标 ellipsis-vertical；分类: layout；tags: menu, options, spread, more, further, extra, overflow, dots, …, ...	https://unpkg.com/lucide-static@latest/icons/ellipsis-vertical.svg	free	install	url:https://unpkg.com/lucide-static@latest/icons/ellipsis-vertical.svg
lucide	engine	Engine	transportation	图标 engine；分类: transportation；tags: vehicle, power, energy, drive, repair, car, motor, mechanical, diagnostics, maintenance, warning, dashboard, parts	https://unpkg.com/lucide-static@latest/icons/engine.svg	free	install	url:https://unpkg.com/lucide-static@latest/icons/engine.svg
lucide	equal	Equal	math	图标 equal；分类: math, development；tags: calculate, math, operator, assignment, code, =	https://unpkg.com/lucide-static@latest/icons/equal.svg	free	install	url:https://unpkg.com/lucide-static@latest/icons/equal.svg
lucide	equal-approximately	EqualApproximately	math	图标 equal-approximately；分类: math；tags: about, calculate, math, operator	https://unpkg.com/lucide-static@latest/icons/equal-approximately.svg	free	install	url:https://unpkg.com/lucide-static@latest/icons/equal-approximately.svg
lucide	equal-approximately-not	EqualApproximatelyNot	math	图标 equal-approximately-not；分类: math, development, charts, science；tags: calculate, math, operator, not, approximately, unequal, code, ≇, tolerance, threshold, mismatch, comparison, assertion, variance	https://unpkg.com/lucide-static@latest/icons/equal-approximately-not.svg	free	install	url:https://unpkg.com/lucide-static@latest/icons/equal-approximately-not.svg
lucide	equal-not	EqualNot	math	图标 equal-not；分类: math, development；tags: calculate, off, math, operator, code, ≠	https://unpkg.com/lucide-static@latest/icons/equal-not.svg	free	install	url:https://unpkg.com/lucide-static@latest/icons/equal-not.svg
lucide	eraser	Eraser	text	图标 eraser；分类: text；tags: pencil, drawing, undo, delete, clear, trash, remove	https://unpkg.com/lucide-static@latest/icons/eraser.svg	free	install	url:https://unpkg.com/lucide-static@latest/icons/eraser.svg
lucide	ethernet-port	EthernetPort	communication	图标 ethernet-port；分类: communication, devices, multimedia, gaming；tags: internet, network, connection, cable, lan, port, router, switch, hub, modem, web, online, networking, communication, socket, plug, slot, controller, connector, interface, console, signal, data, input, output	https://unpkg.com/lucide-static@latest/icons/ethernet-port.svg	free	install	url:https://unpkg.com/lucide-static@latest/icons/ethernet-port.svg
lucide	euro	Euro	finance	图标 euro；分类: finance；tags: currency, money, payment	https://unpkg.com/lucide-static@latest/icons/euro.svg	free	install	url:https://unpkg.com/lucide-static@latest/icons/euro.svg
lucide	ev-charger	EvCharger	transportation	图标 ev-charger；分类: transportation, navigation；tags: electric, charger, station, vehicle, fast, plug, ev, power, electricity, energy, accumulator, charge	https://unpkg.com/lucide-static@latest/icons/ev-charger.svg	free	install	url:https://unpkg.com/lucide-static@latest/icons/ev-charger.svg
lucide	expand	Expand	text	图标 expand；分类: text, arrows；tags: scale, fullscreen, maximize, minimize, contract	https://unpkg.com/lucide-static@latest/icons/expand.svg	free	install	url:https://unpkg.com/lucide-static@latest/icons/expand.svg
lucide	external-link	ExternalLink	arrows	图标 external-link；分类: arrows, text, social；tags: outbound, open, share	https://unpkg.com/lucide-static@latest/icons/external-link.svg	free	install	url:https://unpkg.com/lucide-static@latest/icons/external-link.svg
lucide	eye	Eye	accessibility	图标 eye；分类: accessibility, photography, design, security；tags: view, watch, see, show, expose, reveal, display, visible, visibility, vision, preview, read	https://unpkg.com/lucide-static@latest/icons/eye.svg	free	install	url:https://unpkg.com/lucide-static@latest/icons/eye.svg
lucide	eye-closed	EyeClosed	accessibility	图标 eye-closed；分类: accessibility, photography, design, security；tags: view, watch, see, hide, conceal, mask, hidden, visibility, vision	https://unpkg.com/lucide-static@latest/icons/eye-closed.svg	free	install	url:https://unpkg.com/lucide-static@latest/icons/eye-closed.svg
lucide	eye-dashed	EyeDashed	accessibility	图标 eye-dashed；分类: accessibility, photography, design, security；tags: view, watch, see, hide, conceal, mask, hidden, invisible, visibility, vision	https://unpkg.com/lucide-static@latest/icons/eye-dashed.svg	free	install	url:https://unpkg.com/lucide-static@latest/icons/eye-dashed.svg
lucide	eye-off	EyeOff	accessibility	图标 eye-off；分类: accessibility, photography, design, security；tags: view, watch, see, hide, conceal, mask, hidden, visibility, vision	https://unpkg.com/lucide-static@latest/icons/eye-off.svg	free	install	url:https://unpkg.com/lucide-static@latest/icons/eye-off.svg
lucide	face-angry	FaceAngry	emoji	图标 face-angry；分类: emoji；tags: anger, rage, fury, resentment, irritation, disgust, emoji, emotion	https://unpkg.com/lucide-static@latest/icons/face-angry.svg	free	install	url:https://unpkg.com/lucide-static@latest/icons/face-angry.svg
lucide	face-expressionless	FaceExpressionless	emoji	图标 face-expressionless；分类: emoji；tags: nuisance, annoyed, annoyance, frustration, emoji, emotion	https://unpkg.com/lucide-static@latest/icons/face-expressionless.svg	free	install	url:https://unpkg.com/lucide-static@latest/icons/face-expressionless.svg
lucide	face-grinning	FaceGrinning	emoji	图标 face-grinning；分类: emoji；tags: happy, happiness, good, laugh, broad smile, pleasure, good cheer, humour, funny, emoji, emotion	https://unpkg.com/lucide-static@latest/icons/face-grinning.svg	free	install	url:https://unpkg.com/lucide-static@latest/icons/face-grinning.svg
lucide	face-neutral	FaceNeutral	emoji	图标 face-neutral；分类: emoji；tags: emoji, neutral, emotion, meh, blank stare, social masking, irritation, concern, deadpan	https://unpkg.com/lucide-static@latest/icons/face-neutral.svg	free	install	url:https://unpkg.com/lucide-static@latest/icons/face-neutral.svg
lucide	face-slightly-frowning	FaceSlightlyFrowning	emoji	图标 face-slightly-frowning；分类: emoji, account；tags: emoji, bad, sadness, emotion, concern, disappointment	https://unpkg.com/lucide-static@latest/icons/face-slightly-frowning.svg	free	install	url:https://unpkg.com/lucide-static@latest/icons/face-slightly-frowning.svg
lucide	face-slightly-smiling	FaceSlightlySmiling	emoji	图标 face-slightly-smiling；分类: emoji, account；tags: smile, happy, happiness, good, positive, friendly, patronizing, passive aggressive, ironic, emoji, emotion	https://unpkg.com/lucide-static@latest/icons/face-slightly-smiling.svg	free	install	url:https://unpkg.com/lucide-static@latest/icons/face-slightly-smiling.svg
lucide	face-slightly-smiling-plus	FaceSlightlySmilingPlus	emoji	图标 face-slightly-smiling-plus；分类: emoji, social, notifications, communication；tags: smile, happy, good, react, reaction, emoji, add, emotion	https://unpkg.com/lucide-static@latest/icons/face-slightly-smiling-plus.svg	free	install	url:https://unpkg.com/lucide-static@latest/icons/face-slightly-smiling-plus.svg
lucide	factory	Factory	buildings	图标 factory；分类: buildings, navigation；tags: building, business, energy, industry, manufacture, sector	https://unpkg.com/lucide-static@latest/icons/factory.svg	free	install	url:https://unpkg.com/lucide-static@latest/icons/factory.svg
lucide	fan	Fan	home	图标 fan；分类: home；tags: air, cooler, ventilation, ventilator, blower	https://unpkg.com/lucide-static@latest/icons/fan.svg	free	install	url:https://unpkg.com/lucide-static@latest/icons/fan.svg
lucide	fast-forward	FastForward	multimedia	图标 fast-forward；分类: multimedia, arrows；tags: music	https://unpkg.com/lucide-static@latest/icons/fast-forward.svg	free	install	url:https://unpkg.com/lucide-static@latest/icons/fast-forward.svg
lucide	faucet	Faucet	food-beverage	图标 faucet；分类: food-beverage, home, navigation, travel；tags: tap, spigot, water, drinking, fresh, source, pipes, plumbing, plumber, sink, basin, kitchen, bathroom, washroom, fixture, valve, flow, drinkable, potable, amenities, utilities, hydration	https://unpkg.com/lucide-static@latest/icons/faucet.svg	free	install	url:https://unpkg.com/lucide-static@latest/icons/faucet.svg
lucide	feather	Feather	nature	图标 feather；分类: nature, animals, gaming, text；tags: quill, plume, writing, author, literature, poetry, manuscript, bird, plumage, lightweight, soft	https://unpkg.com/lucide-static@latest/icons/feather.svg	free	install	url:https://unpkg.com/lucide-static@latest/icons/feather.svg
lucide	fence	Fence	home	图标 fence；分类: home, buildings；tags: picket, panels, woodwork, diy, materials, suburban, garden, property, territory	https://unpkg.com/lucide-static@latest/icons/fence.svg	free	install	url:https://unpkg.com/lucide-static@latest/icons/fence.svg
lucide	ferris-wheel	FerrisWheel	navigation	图标 ferris-wheel；分类: navigation；tags: big wheel, daisy wheel, observation, attraction, entertainment, amusement park, theme park, funfair	https://unpkg.com/lucide-static@latest/icons/ferris-wheel.svg	free	install	url:https://unpkg.com/lucide-static@latest/icons/ferris-wheel.svg
lucide	file	File	files	图标 file；分类: files；tags: document	https://unpkg.com/lucide-static@latest/icons/file.svg	free	install	url:https://unpkg.com/lucide-static@latest/icons/file.svg
lucide	file-archive	FileArchive	files	图标 file-archive；分类: files；tags: zip, package, archive	https://unpkg.com/lucide-static@latest/icons/file-archive.svg	free	install	url:https://unpkg.com/lucide-static@latest/icons/file-archive.svg
lucide	file-axis-3d	FileAxis3d	design	图标 file-axis-3d；分类: design, files；tags: model, 3d, axis, coordinates	https://unpkg.com/lucide-static@latest/icons/file-axis-3d.svg	free	install	url:https://unpkg.com/lucide-static@latest/icons/file-axis-3d.svg
lucide	file-badge	FileBadge	files	图标 file-badge；分类: files；tags: award, achievement, badge, rosette, prize, winner	https://unpkg.com/lucide-static@latest/icons/file-badge.svg	free	install	url:https://unpkg.com/lucide-static@latest/icons/file-badge.svg
lucide	file-box	FileBox	files	图标 file-box；分类: files, design, development；tags: document, page, sheet, cube, box, 3d, model, asset, object, geometry, mesh, ar, augmented reality, cad, design, blueprint, draft, package, scene	https://unpkg.com/lucide-static@latest/icons/file-box.svg	free	install	url:https://unpkg.com/lucide-static@latest/icons/file-box.svg
lucide	file-braces	FileBraces	files	图标 file-braces；分类: files, development；tags: code, json, curly braces, curly brackets	https://unpkg.com/lucide-static@latest/icons/file-braces.svg	free	install	url:https://unpkg.com/lucide-static@latest/icons/file-braces.svg
lucide	file-braces-corner	FileBracesCorner	files	图标 file-braces-corner；分类: files, development；tags: code, json, curly braces, curly brackets	https://unpkg.com/lucide-static@latest/icons/file-braces-corner.svg	free	install	url:https://unpkg.com/lucide-static@latest/icons/file-braces-corner.svg
lucide	file-chart-column	FileChartColumn	files	图标 file-chart-column；分类: files；tags: statistics, analytics, diagram, graph, presentation	https://unpkg.com/lucide-static@latest/icons/file-chart-column.svg	free	install	url:https://unpkg.com/lucide-static@latest/icons/file-chart-column.svg
lucide	file-chart-column-increasing	FileChartColumnIncreasing	files	图标 file-chart-column-increasing；分类: files；tags: statistics, analytics, diagram, graph, presentation, trending up	https://unpkg.com/lucide-static@latest/icons/file-chart-column-increasing.svg	free	install	url:https://unpkg.com/lucide-static@latest/icons/file-chart-column-increasing.svg
lucide	file-chart-line	FileChartLine	files	图标 file-chart-line；分类: files；tags: statistics, analytics, diagram, graph, presentation	https://unpkg.com/lucide-static@latest/icons/file-chart-line.svg	free	install	url:https://unpkg.com/lucide-static@latest/icons/file-chart-line.svg
lucide	file-chart-pie	FileChartPie	files	图标 file-chart-pie；分类: files；tags: statistics, analytics, diagram, graph, presentation	https://unpkg.com/lucide-static@latest/icons/file-chart-pie.svg	free	install	url:https://unpkg.com/lucide-static@latest/icons/file-chart-pie.svg
lucide	file-check	FileCheck	files	图标 file-check；分类: files；tags: done, document, todo, tick, complete, task	https://unpkg.com/lucide-static@latest/icons/file-check.svg	free	install	url:https://unpkg.com/lucide-static@latest/icons/file-check.svg
lucide	file-check-corner	FileCheckCorner	files	图标 file-check-corner；分类: files；tags: done, document, todo, tick, complete, task	https://unpkg.com/lucide-static@latest/icons/file-check-corner.svg	free	install	url:https://unpkg.com/lucide-static@latest/icons/file-check-corner.svg
lucide	file-clock	FileClock	files	图标 file-clock；分类: files, time；tags: history, log, clock	https://unpkg.com/lucide-static@latest/icons/file-clock.svg	free	install	url:https://unpkg.com/lucide-static@latest/icons/file-clock.svg
lucide	file-code	FileCode	files	图标 file-code；分类: files, development；tags: script, document, gist, html, xml, property list, plist	https://unpkg.com/lucide-static@latest/icons/file-code.svg	free	install	url:https://unpkg.com/lucide-static@latest/icons/file-code.svg
lucide	file-code-corner	FileCodeCorner	files	图标 file-code-corner；分类: files, development；tags: script, document, html, xml, property list, plist	https://unpkg.com/lucide-static@latest/icons/file-code-corner.svg	free	install	url:https://unpkg.com/lucide-static@latest/icons/file-code-corner.svg
lucide	file-cog	FileCog	files	图标 file-cog；分类: files；tags: executable, settings, cog, edit, gear	https://unpkg.com/lucide-static@latest/icons/file-cog.svg	free	install	url:https://unpkg.com/lucide-static@latest/icons/file-cog.svg
lucide	file-diff	FileDiff	files	图标 file-diff；分类: files, development；tags: diff, patch	https://unpkg.com/lucide-static@latest/icons/file-diff.svg	free	install	url:https://unpkg.com/lucide-static@latest/icons/file-diff.svg
lucide	file-digit	FileDigit	files	图标 file-digit；分类: files, development；tags: number, document	https://unpkg.com/lucide-static@latest/icons/file-digit.svg	free	install	url:https://unpkg.com/lucide-static@latest/icons/file-digit.svg
lucide	file-down	FileDown	files	图标 file-down；分类: files, arrows；tags: download, import, export	https://unpkg.com/lucide-static@latest/icons/file-down.svg	free	install	url:https://unpkg.com/lucide-static@latest/icons/file-down.svg
lucide	file-exclamation-point	FileExclamationPoint	files	图标 file-exclamation-point；分类: files, notifications；tags: hidden, warning, alert, danger, protected, exclamation mark	https://unpkg.com/lucide-static@latest/icons/file-exclamation-point.svg	free	install	url:https://unpkg.com/lucide-static@latest/icons/file-exclamation-point.svg
lucide	file-headphone	FileHeadphone	files	图标 file-headphone；分类: files；tags: music, audio, sound, headphones	https://unpkg.com/lucide-static@latest/icons/file-headphone.svg	free	install	url:https://unpkg.com/lucide-static@latest/icons/file-headphone.svg
lucide	file-heart	FileHeart	files	图标 file-heart；分类: files；tags: heart, favourite, bookmark, quick link	https://unpkg.com/lucide-static@latest/icons/file-heart.svg	free	install	url:https://unpkg.com/lucide-static@latest/icons/file-heart.svg
lucide	file-image	FileImage	files	图标 file-image；分类: files；tags: image, graphics, photo, picture	https://unpkg.com/lucide-static@latest/icons/file-image.svg	free	install	url:https://unpkg.com/lucide-static@latest/icons/file-image.svg
lucide	file-input	FileInput	files	图标 file-input；分类: files, arrows；tags: document	https://unpkg.com/lucide-static@latest/icons/file-input.svg	free	install	url:https://unpkg.com/lucide-static@latest/icons/file-input.svg
lucide	file-key	FileKey	files	图标 file-key；分类: files, security；tags: key, private, public, security	https://unpkg.com/lucide-static@latest/icons/file-key.svg	free	install	url:https://unpkg.com/lucide-static@latest/icons/file-key.svg
lucide	file-lock	FileLock	files	图标 file-lock；分类: files, security；tags: lock, password, security	https://unpkg.com/lucide-static@latest/icons/file-lock.svg	free	install	url:https://unpkg.com/lucide-static@latest/icons/file-lock.svg
lucide	file-minus	FileMinus	files	图标 file-minus；分类: files；tags: delete, remove, erase, document	https://unpkg.com/lucide-static@latest/icons/file-minus.svg	free	install	url:https://unpkg.com/lucide-static@latest/icons/file-minus.svg
lucide	file-minus-corner	FileMinusCorner	files	图标 file-minus-corner；分类: files；tags: document	https://unpkg.com/lucide-static@latest/icons/file-minus-corner.svg	free	install	url:https://unpkg.com/lucide-static@latest/icons/file-minus-corner.svg
lucide	file-music	FileMusic	files	图标 file-music；分类: files, multimedia；tags: audio, sound, noise, track, digital, recording, playback, piano, keyboard, keys, notes, chord, midi, octave	https://unpkg.com/lucide-static@latest/icons/file-music.svg	free	install	url:https://unpkg.com/lucide-static@latest/icons/file-music.svg
lucide	file-output	FileOutput	files	图标 file-output；分类: files, arrows；tags: document	https://unpkg.com/lucide-static@latest/icons/file-output.svg	free	install	url:https://unpkg.com/lucide-static@latest/icons/file-output.svg
lucide	file-pen	FilePen	files	图标 file-pen；分类: files；tags: signature	https://unpkg.com/lucide-static@latest/icons/file-pen.svg	free	install	url:https://unpkg.com/lucide-static@latest/icons/file-pen.svg
lucide	file-pen-line	FilePenLine	files	图标 file-pen-line；分类: files；tags: edit	https://unpkg.com/lucide-static@latest/icons/file-pen-line.svg	free	install	url:https://unpkg.com/lucide-static@latest/icons/file-pen-line.svg
lucide	file-play	FilePlay	files	图标 file-play；分类: files；tags: movie, video, film	https://unpkg.com/lucide-static@latest/icons/file-play.svg	free	install	url:https://unpkg.com/lucide-static@latest/icons/file-play.svg
lucide	file-plus	FilePlus	files	图标 file-plus；分类: files；tags: add, create, new, document	https://unpkg.com/lucide-static@latest/icons/file-plus.svg	free	install	url:https://unpkg.com/lucide-static@latest/icons/file-plus.svg
lucide	file-plus-corner	FilePlusCorner	files	图标 file-plus-corner；分类: files；tags: add, create, new, document	https://unpkg.com/lucide-static@latest/icons/file-plus-corner.svg	free	install	url:https://unpkg.com/lucide-static@latest/icons/file-plus-corner.svg
lucide	file-question-mark	FileQuestionMark	files	图标 file-question-mark；分类: files；tags: readme, help, question	https://unpkg.com/lucide-static@latest/icons/file-question-mark.svg	free	install	url:https://unpkg.com/lucide-static@latest/icons/file-question-mark.svg
lucide	file-scan	FileScan	files	图标 file-scan；分类: files；tags: scan, code, qr-code	https://unpkg.com/lucide-static@latest/icons/file-scan.svg	free	install	url:https://unpkg.com/lucide-static@latest/icons/file-scan.svg
lucide	file-search	FileSearch	files	图标 file-search；分类: files；tags: lost, document, find, browser, lens	https://unpkg.com/lucide-static@latest/icons/file-search.svg	free	install	url:https://unpkg.com/lucide-static@latest/icons/file-search.svg
lucide	file-search-corner	FileSearchCorner	files	图标 file-search-corner；分类: files；tags: lost, document, find, browser, lens	https://unpkg.com/lucide-static@latest/icons/file-search-corner.svg	free	install	url:https://unpkg.com/lucide-static@latest/icons/file-search-corner.svg
lucide	file-signal	FileSignal	files	图标 file-signal；分类: files；tags: audio, music, volume	https://unpkg.com/lucide-static@latest/icons/file-signal.svg	free	install	url:https://unpkg.com/lucide-static@latest/icons/file-signal.svg
lucide	file-sliders	FileSliders	files	图标 file-sliders；分类: files, development；tags: cogged, gear, mechanical, machinery, configuration, controls, preferences, settings, system, admin, edit, executable	https://unpkg.com/lucide-static@latest/icons/file-sliders.svg	free	install	url:https://unpkg.com/lucide-static@latest/icons/file-sliders.svg
lucide	file-spreadsheet	FileSpreadsheet	files	图标 file-spreadsheet；分类: files；tags: spreadsheet, sheet, table	https://unpkg.com/lucide-static@latest/icons/file-spreadsheet.svg	free	install	url:https://unpkg.com/lucide-static@latest/icons/file-spreadsheet.svg
lucide	file-stack	FileStack	files	图标 file-stack；分类: files, development；tags: versions, multiple, copy, documents, revisions, version control, history	https://unpkg.com/lucide-static@latest/icons/file-stack.svg	free	install	url:https://unpkg.com/lucide-static@latest/icons/file-stack.svg
lucide	file-symlink	FileSymlink	files	图标 file-symlink；分类: files；tags: symlink, symbolic, link	https://unpkg.com/lucide-static@latest/icons/file-symlink.svg	free	install	url:https://unpkg.com/lucide-static@latest/icons/file-symlink.svg
lucide	file-terminal	FileTerminal	files	图标 file-terminal；分类: files, development；tags: terminal, bash, script, executable	https://unpkg.com/lucide-static@latest/icons/file-terminal.svg	free	install	url:https://unpkg.com/lucide-static@latest/icons/file-terminal.svg
lucide	file-text	FileText	files	图标 file-text；分类: files, text；tags: data, txt, pdf, document	https://unpkg.com/lucide-static@latest/icons/file-text.svg	free	install	url:https://unpkg.com/lucide-static@latest/icons/file-text.svg
lucide	file-type	FileType	files	图标 file-type；分类: files, text；tags: font, text, typography, type	https://unpkg.com/lucide-static@latest/icons/file-type.svg	free	install	url:https://unpkg.com/lucide-static@latest/icons/file-type.svg
lucide	file-type-corner	FileTypeCorner	files	图标 file-type-corner；分类: files, text；tags: font, text, typography, type	https://unpkg.com/lucide-static@latest/icons/file-type-corner.svg	free	install	url:https://unpkg.com/lucide-static@latest/icons/file-type-corner.svg
lucide	file-up	FileUp	files	图标 file-up；分类: files, arrows；tags: upload, import, export	https://unpkg.com/lucide-static@latest/icons/file-up.svg	free	install	url:https://unpkg.com/lucide-static@latest/icons/file-up.svg
lucide	file-user	FileUser	account	图标 file-user；分类: account, files；tags: person, personal information, people, listing, networking, document, contact, cover letter, resume, cv, curriculum vitae, application form	https://unpkg.com/lucide-static@latest/icons/file-user.svg	free	install	url:https://unpkg.com/lucide-static@latest/icons/file-user.svg
lucide	file-video-camera	FileVideoCamera	files	图标 file-video-camera；分类: files；tags: movie, video, film	https://unpkg.com/lucide-static@latest/icons/file-video-camera.svg	free	install	url:https://unpkg.com/lucide-static@latest/icons/file-video-camera.svg
lucide	file-volume	FileVolume	files	图标 file-volume；分类: files；tags: audio, music, volume	https://unpkg.com/lucide-static@latest/icons/file-volume.svg	free	install	url:https://unpkg.com/lucide-static@latest/icons/file-volume.svg
lucide	file-x	FileX	files	图标 file-x；分类: files；tags: lost, delete, remove, document	https://unpkg.com/lucide-static@latest/icons/file-x.svg	free	install	url:https://unpkg.com/lucide-static@latest/icons/file-x.svg
lucide	file-x-corner	FileXCorner	files	图标 file-x-corner；分类: files；tags: lost, delete, remove, document	https://unpkg.com/lucide-static@latest/icons/file-x-corner.svg	free	install	url:https://unpkg.com/lucide-static@latest/icons/file-x-corner.svg
lucide	files	Files	files	图标 files；分类: files；tags: multiple, copy, documents	https://unpkg.com/lucide-static@latest/icons/files.svg	free	install	url:https://unpkg.com/lucide-static@latest/icons/files.svg
lucide	film	Film	photography	图标 film；分类: photography, multimedia；tags: movie, video, reel, camera, cinema, entertainment	https://unpkg.com/lucide-static@latest/icons/film.svg	free	install	url:https://unpkg.com/lucide-static@latest/icons/film.svg
lucide	fingerprint-pattern	FingerprintPattern	account	图标 fingerprint-pattern；分类: account, security, medical, devices；tags: 2fa, authentication, biometric, identity, security	https://unpkg.com/lucide-static@latest/icons/fingerprint-pattern.svg	free	install	url:https://unpkg.com/lucide-static@latest/icons/fingerprint-pattern.svg
lucide	fire-extinguisher	FireExtinguisher	home	图标 fire-extinguisher；分类: home, tools, travel；tags: flames, smoke, foam, water, spray, hose, firefighter, fireman, department, brigade, station, emergency, suppress, compressed, tank, cylinder, safety, equipment, amenities	https://unpkg.com/lucide-static@latest/icons/fire-extinguisher.svg	free	install	url:https://unpkg.com/lucide-static@latest/icons/fire-extinguisher.svg
lucide	fish	Fish	food-beverage	图标 fish；分类: food-beverage, animals；tags: dish, restaurant, course, meal, seafood, pet, sea, marine	https://unpkg.com/lucide-static@latest/icons/fish.svg	free	install	url:https://unpkg.com/lucide-static@latest/icons/fish.svg
lucide	fish-off	FishOff	food-beverage	图标 fish-off；分类: food-beverage, animals；tags: food, dish, restaurant, course, meal, seafood, animal, pet, sea, marine, allergy, intolerance, diet	https://unpkg.com/lucide-static@latest/icons/fish-off.svg	free	install	url:https://unpkg.com/lucide-static@latest/icons/fish-off.svg
lucide	fish-symbol	FishSymbol	food-beverage	图标 fish-symbol；分类: food-beverage, animals；tags: dish, restaurant, course, meal, seafood, pet, sea, marine	https://unpkg.com/lucide-static@latest/icons/fish-symbol.svg	free	install	url:https://unpkg.com/lucide-static@latest/icons/fish-symbol.svg
lucide	fishing-hook	FishingHook	sports	图标 fishing-hook；分类: sports, travel；tags: sea, boating, angler, bait, reel, tackle, marine, outdoors, fish, fishing, hook, sports, travel	https://unpkg.com/lucide-static@latest/icons/fishing-hook.svg	free	install	url:https://unpkg.com/lucide-static@latest/icons/fishing-hook.svg
lucide	fishing-rod	FishingRod	sports	图标 fishing-rod；分类: sports, travel；tags: fishing, rod, hobby, equipment, reel	https://unpkg.com/lucide-static@latest/icons/fishing-rod.svg	free	install	url:https://unpkg.com/lucide-static@latest/icons/fishing-rod.svg
lucide	flag	Flag	account	图标 flag；分类: account, social；tags: report, marker, notification, warning, milestone, goal, notice, signal, attention, banner	https://unpkg.com/lucide-static@latest/icons/flag.svg	free	install	url:https://unpkg.com/lucide-static@latest/icons/flag.svg
lucide	flag-off	FlagOff	account	图标 flag-off；分类: account, social；tags: unflag, unmark, report, marker, notification, warning, milestone, goal, notice, signal, attention, banner	https://unpkg.com/lucide-static@latest/icons/flag-off.svg	free	install	url:https://unpkg.com/lucide-static@latest/icons/flag-off.svg
lucide	flag-triangle-left	FlagTriangleLeft	development	图标 flag-triangle-left；分类: development, navigation；tags: report, timeline, marker, pin	https://unpkg.com/lucide-static@latest/icons/flag-triangle-left.svg	free	install	url:https://unpkg.com/lucide-static@latest/icons/flag-triangle-left.svg
lucide	flag-triangle-right	FlagTriangleRight	development	图标 flag-triangle-right；分类: development, navigation；tags: report, timeline, marker, pin	https://unpkg.com/lucide-static@latest/icons/flag-triangle-right.svg	free	install	url:https://unpkg.com/lucide-static@latest/icons/flag-triangle-right.svg
lucide	flame	Flame	weather	图标 flame；分类: weather, social, gaming；tags: heat, burn, light, glow, ignite, passion, ember, fire, lit, burning, spark, embers, smoke, firefighter, fireman, department, brigade, station, emergency	https://unpkg.com/lucide-static@latest/icons/flame.svg	free	install	url:https://unpkg.com/lucide-static@latest/icons/flame.svg
lucide	flame-kindling	FlameKindling	nature	图标 flame-kindling；分类: nature, social, gaming；tags: campfire, camping, wilderness, outdoors, lit, warmth, wood, twigs, sticks	https://unpkg.com/lucide-static@latest/icons/flame-kindling.svg	free	install	url:https://unpkg.com/lucide-static@latest/icons/flame-kindling.svg
lucide	flashlight	Flashlight	photography	图标 flashlight；分类: photography, devices；tags: torch, light, beam, emergency, safety, tool, bright	https://unpkg.com/lucide-static@latest/icons/flashlight.svg	free	install	url:https://unpkg.com/lucide-static@latest/icons/flashlight.svg
lucide	flashlight-off	FlashlightOff	photography	图标 flashlight-off；分类: photography, devices；tags: torch, light, beam, emergency, safety, tool, bright	https://unpkg.com/lucide-static@latest/icons/flashlight-off.svg	free	install	url:https://unpkg.com/lucide-static@latest/icons/flashlight-off.svg
lucide	flask-conical	FlaskConical	science	图标 flask-conical；分类: science, gaming；tags: beaker, erlenmeyer, lab, chemistry, experiment, test	https://unpkg.com/lucide-static@latest/icons/flask-conical.svg	free	install	url:https://unpkg.com/lucide-static@latest/icons/flask-conical.svg
lucide	flask-conical-off	FlaskConicalOff	science	图标 flask-conical-off；分类: science, gaming；tags: beaker, erlenmeyer, non toxic, lab, chemistry, experiment, test	https://unpkg.com/lucide-static@latest/icons/flask-conical-off.svg	free	install	url:https://unpkg.com/lucide-static@latest/icons/flask-conical-off.svg
lucide	flask-round	FlaskRound	science	图标 flask-round；分类: science, gaming；tags: beaker, lab, chemistry, experiment, test	https://unpkg.com/lucide-static@latest/icons/flask-round.svg	free	install	url:https://unpkg.com/lucide-static@latest/icons/flask-round.svg
lucide	flower	Flower	nature	图标 flower；分类: nature, gaming, sustainability；tags: sustainability, nature, plant, spring	https://unpkg.com/lucide-static@latest/icons/flower.svg	free	install	url:https://unpkg.com/lucide-static@latest/icons/flower.svg
lucide	flower-2	Flower2	nature	图标 flower-2；分类: nature, sustainability, seasons；tags: sustainability, nature, plant	https://unpkg.com/lucide-static@latest/icons/flower-2.svg	free	install	url:https://unpkg.com/lucide-static@latest/icons/flower-2.svg
lucide	focus	Focus	photography	图标 focus；分类: photography；tags: camera, lens, photo, dashed	https://unpkg.com/lucide-static@latest/icons/focus.svg	free	install	url:https://unpkg.com/lucide-static@latest/icons/focus.svg
lucide	fold-horizontal	FoldHorizontal	arrows	图标 fold-horizontal；分类: arrows, layout；tags: arrow, collapse, fold, vertical, dashed	https://unpkg.com/lucide-static@latest/icons/fold-horizontal.svg	free	install	url:https://unpkg.com/lucide-static@latest/icons/fold-horizontal.svg
lucide	fold-vertical	FoldVertical	arrows	图标 fold-vertical；分类: arrows, layout；tags: arrow, collapse, fold, vertical, dashed	https://unpkg.com/lucide-static@latest/icons/fold-vertical.svg	free	install	url:https://unpkg.com/lucide-static@latest/icons/fold-vertical.svg
lucide	folder	Folder	files	图标 folder；分类: files；tags: directory	https://unpkg.com/lucide-static@latest/icons/folder.svg	free	install	url:https://unpkg.com/lucide-static@latest/icons/folder.svg
lucide	folder-archive	FolderArchive	files	图标 folder-archive；分类: files；tags: archive, zip, package	https://unpkg.com/lucide-static@latest/icons/folder-archive.svg	free	install	url:https://unpkg.com/lucide-static@latest/icons/folder-archive.svg
lucide	folder-bookmark	FolderBookmark	files	图标 folder-bookmark；分类: files；tags: folder, bookmark, file, mark, storage, archive, directory, project, favorite, save, read later	https://unpkg.com/lucide-static@latest/icons/folder-bookmark.svg	free	install	url:https://unpkg.com/lucide-static@latest/icons/folder-bookmark.svg
lucide	folder-check	FolderCheck	files	图标 folder-check；分类: files；tags: done, directory, todo, tick, complete, task	https://unpkg.com/lucide-static@latest/icons/folder-check.svg	free	install	url:https://unpkg.com/lucide-static@latest/icons/folder-check.svg
lucide	folder-clock	FolderClock	files	图标 folder-clock；分类: files, time；tags: history, directory, clock	https://unpkg.com/lucide-static@latest/icons/folder-clock.svg	free	install	url:https://unpkg.com/lucide-static@latest/icons/folder-clock.svg
lucide	folder-closed	FolderClosed	files	图标 folder-closed；分类: files；tags: directory, closed	https://unpkg.com/lucide-static@latest/icons/folder-closed.svg	free	install	url:https://unpkg.com/lucide-static@latest/icons/folder-closed.svg
lucide	folder-code	FolderCode	files	图标 folder-code；分类: files, development；tags: directory, coding, develop, software	https://unpkg.com/lucide-static@latest/icons/folder-code.svg	free	install	url:https://unpkg.com/lucide-static@latest/icons/folder-code.svg
lucide	folder-cog	FolderCog	files	图标 folder-cog；分类: files；tags: directory, settings, control, preferences, cog, edit, gear	https://unpkg.com/lucide-static@latest/icons/folder-cog.svg	free	install	url:https://unpkg.com/lucide-static@latest/icons/folder-cog.svg
lucide	folder-dot	FolderDot	files	图标 folder-dot；分类: files, development；tags: directory, root, project, pinned, active, current, cogged, gear, mechanical, machinery, configuration, controls, preferences, settings, system, admin, edit	https://unpkg.com/lucide-static@latest/icons/folder-dot.svg	free	install	url:https://unpkg.com/lucide-static@latest/icons/folder-dot.svg
lucide	folder-down	FolderDown	files	图标 folder-down；分类: files, arrows；tags: directory, download, import, export	https://unpkg.com/lucide-static@latest/icons/folder-down.svg	free	install	url:https://unpkg.com/lucide-static@latest/icons/folder-down.svg
lucide	folder-git	FolderGit	files	图标 folder-git；分类: files；tags: directory, root, project, git, repo	https://unpkg.com/lucide-static@latest/icons/folder-git.svg	free	install	url:https://unpkg.com/lucide-static@latest/icons/folder-git.svg
lucide	folder-git-2	FolderGit2	files	图标 folder-git-2；分类: files；tags: directory, root, project, git, repo	https://unpkg.com/lucide-static@latest/icons/folder-git-2.svg	free	install	url:https://unpkg.com/lucide-static@latest/icons/folder-git-2.svg
lucide	folder-heart	FolderHeart	files	图标 folder-heart；分类: files；tags: directory, heart, favourite, bookmark, quick link	https://unpkg.com/lucide-static@latest/icons/folder-heart.svg	free	install	url:https://unpkg.com/lucide-static@latest/icons/folder-heart.svg
lucide	folder-input	FolderInput	files	图标 folder-input；分类: files, arrows；tags: directory, import, export	https://unpkg.com/lucide-static@latest/icons/folder-input.svg	free	install	url:https://unpkg.com/lucide-static@latest/icons/folder-input.svg
lucide	folder-kanban	FolderKanban	charts	图标 folder-kanban；分类: charts, development, design, files；tags: projects, manage, overview, board, tickets, issues, roadmap, plan, intentions, productivity, work, agile, code, coding, directory, project, root	https://unpkg.com/lucide-static@latest/icons/folder-kanban.svg	free	install	url:https://unpkg.com/lucide-static@latest/icons/folder-kanban.svg
lucide	folder-key	FolderKey	files	图标 folder-key；分类: files, security；tags: directory, key, private, security, protected	https://unpkg.com/lucide-static@latest/icons/folder-key.svg	free	install	url:https://unpkg.com/lucide-static@latest/icons/folder-key.svg
lucide	folder-lock	FolderLock	files	图标 folder-lock；分类: files, security；tags: directory, lock, private, security, protected	https://unpkg.com/lucide-static@latest/icons/folder-lock.svg	free	install	url:https://unpkg.com/lucide-static@latest/icons/folder-lock.svg
lucide	folder-minus	FolderMinus	files	图标 folder-minus；分类: files；tags: directory, remove, delete	https://unpkg.com/lucide-static@latest/icons/folder-minus.svg	free	install	url:https://unpkg.com/lucide-static@latest/icons/folder-minus.svg
lucide	folder-open	FolderOpen	files	图标 folder-open；分类: files；tags: directory	https://unpkg.com/lucide-static@latest/icons/folder-open.svg	free	install	url:https://unpkg.com/lucide-static@latest/icons/folder-open.svg
lucide	folder-open-dot	FolderOpenDot	files	图标 folder-open-dot；分类: files, development；tags: directory, root, project, active, current, pinned	https://unpkg.com/lucide-static@latest/icons/folder-open-dot.svg	free	install	url:https://unpkg.com/lucide-static@latest/icons/folder-open-dot.svg
lucide	folder-output	FolderOutput	files	图标 folder-output；分类: files, arrows；tags: directory, import, export	https://unpkg.com/lucide-static@latest/icons/folder-output.svg	free	install	url:https://unpkg.com/lucide-static@latest/icons/folder-output.svg
lucide	folder-pen	FolderPen	files	图标 folder-pen；分类: files；tags: directory, rename	https://unpkg.com/lucide-static@latest/icons/folder-pen.svg	free	install	url:https://unpkg.com/lucide-static@latest/icons/folder-pen.svg
lucide	folder-plus	FolderPlus	files	图标 folder-plus；分类: files；tags: directory, add, create, new	https://unpkg.com/lucide-static@latest/icons/folder-plus.svg	free	install	url:https://unpkg.com/lucide-static@latest/icons/folder-plus.svg
lucide	folder-root	FolderRoot	files	图标 folder-root；分类: files, development；tags: directory, root, project, git, repo	https://unpkg.com/lucide-static@latest/icons/folder-root.svg	free	install	url:https://unpkg.com/lucide-static@latest/icons/folder-root.svg
lucide	folder-search	FolderSearch	files	图标 folder-search；分类: files；tags: directory, search, find, lost, browser, lens	https://unpkg.com/lucide-static@latest/icons/folder-search.svg	free	install	url:https://unpkg.com/lucide-static@latest/icons/folder-search.svg
lucide	folder-search-2	FolderSearch2	files	图标 folder-search-2；分类: files；tags: directory, search, find, lost, browser, lens	https://unpkg.com/lucide-static@latest/icons/folder-search-2.svg	free	install	url:https://unpkg.com/lucide-static@latest/icons/folder-search-2.svg
lucide	folder-symlink	FolderSymlink	files	图标 folder-symlink；分类: files；tags: directory, symlink, symbolic, link	https://unpkg.com/lucide-static@latest/icons/folder-symlink.svg	free	install	url:https://unpkg.com/lucide-static@latest/icons/folder-symlink.svg
lucide	folder-sync	FolderSync	files	图标 folder-sync；分类: files, arrows；tags: directory, synchronize, synchronise, refresh, reconnect, transfer, backup	https://unpkg.com/lucide-static@latest/icons/folder-sync.svg	free	install	url:https://unpkg.com/lucide-static@latest/icons/folder-sync.svg
lucide	folder-tree	FolderTree	files	图标 folder-tree；分类: files；tags: directory, tree, browser	https://unpkg.com/lucide-static@latest/icons/folder-tree.svg	free	install	url:https://unpkg.com/lucide-static@latest/icons/folder-tree.svg
lucide	folder-up	FolderUp	files	图标 folder-up；分类: files, arrows；tags: directory, upload, import, export	https://unpkg.com/lucide-static@latest/icons/folder-up.svg	free	install	url:https://unpkg.com/lucide-static@latest/icons/folder-up.svg
lucide	folder-x	FolderX	files	图标 folder-x；分类: files；tags: directory, remove, delete	https://unpkg.com/lucide-static@latest/icons/folder-x.svg	free	install	url:https://unpkg.com/lucide-static@latest/icons/folder-x.svg
lucide	folders	Folders	files	图标 folders；分类: files；tags: multiple, copy, directories	https://unpkg.com/lucide-static@latest/icons/folders.svg	free	install	url:https://unpkg.com/lucide-static@latest/icons/folders.svg
lucide	footprints	Footprints	navigation	图标 footprints；分类: navigation；tags: steps, walking, foot, feet, trail, shoe	https://unpkg.com/lucide-static@latest/icons/footprints.svg	free	install	url:https://unpkg.com/lucide-static@latest/icons/footprints.svg
lucide	forklift	Forklift	transportation	图标 forklift；分类: transportation；tags: machinery, industrial, warehouse, lifting, storage, equipment, heavy-duty, moving, vehicle, transport, logistics	https://unpkg.com/lucide-static@latest/icons/forklift.svg	free	install	url:https://unpkg.com/lucide-static@latest/icons/forklift.svg
lucide	form	Form	development	图标 form；分类: development；tags: document, page, file, layout, paper, stub, formality, structure, template, inputs, design, components	https://unpkg.com/lucide-static@latest/icons/form.svg	free	install	url:https://unpkg.com/lucide-static@latest/icons/form.svg
lucide	forward	Forward	mail	图标 forward；分类: mail；tags: send, share, email	https://unpkg.com/lucide-static@latest/icons/forward.svg	free	install	url:https://unpkg.com/lucide-static@latest/icons/forward.svg
lucide	frame	Frame	design	图标 frame；分类: design, photography；tags: logo, design, tool	https://unpkg.com/lucide-static@latest/icons/frame.svg	free	install	url:https://unpkg.com/lucide-static@latest/icons/frame.svg
lucide	fuel	Fuel	transportation	图标 fuel；分类: transportation, navigation；tags: filling-station, gas, petrol, tank	https://unpkg.com/lucide-static@latest/icons/fuel.svg	free	install	url:https://unpkg.com/lucide-static@latest/icons/fuel.svg
lucide	fullscreen	Fullscreen	layout	图标 fullscreen；分类: layout, multimedia, design, photography；tags: expand, zoom, preview, focus, camera, lens, image	https://unpkg.com/lucide-static@latest/icons/fullscreen.svg	free	install	url:https://unpkg.com/lucide-static@latest/icons/fullscreen.svg
lucide	funnel	Funnel	layout	图标 funnel；分类: layout；tags: filter, hopper	https://unpkg.com/lucide-static@latest/icons/funnel.svg	free	install	url:https://unpkg.com/lucide-static@latest/icons/funnel.svg
lucide	funnel-plus	FunnelPlus	layout	图标 funnel-plus；分类: layout；tags: filter, hopper, add, create, new	https://unpkg.com/lucide-static@latest/icons/funnel-plus.svg	free	install	url:https://unpkg.com/lucide-static@latest/icons/funnel-plus.svg
lucide	funnel-x	FunnelX	layout	图标 funnel-x；分类: layout；tags: filter, hopper, remove, delete	https://unpkg.com/lucide-static@latest/icons/funnel-x.svg	free	install	url:https://unpkg.com/lucide-static@latest/icons/funnel-x.svg
lucide	galaxy	Galaxy	science	图标 galaxy；分类: science；tags: astronomy, space, stars, cosmos, universe, spiral, milky way, nebula, cosmology, interstellar, celestial, constellation, stargazing, spaceflight	https://unpkg.com/lucide-static@latest/icons/galaxy.svg	free	install	url:https://unpkg.com/lucide-static@latest/icons/galaxy.svg
lucide	gallery-horizontal	GalleryHorizontal	layout	图标 gallery-horizontal；分类: layout, design, development, photography, multimedia；tags: carousel, pictures, images, scroll, swipe, album, portfolio	https://unpkg.com/lucide-static@latest/icons/gallery-horizontal.svg	free	install	url:https://unpkg.com/lucide-static@latest/icons/gallery-horizontal.svg
lucide	gallery-horizontal-end	GalleryHorizontalEnd	layout	图标 gallery-horizontal-end；分类: layout, design, development, photography, multimedia, files；tags: carousel, pictures, images, scroll, swipe, album, portfolio, history, versions, backup, time machine	https://unpkg.com/lucide-static@latest/icons/gallery-horizontal-end.svg	free	install	url:https://unpkg.com/lucide-static@latest/icons/gallery-horizontal-end.svg
lucide	gallery-thumbnails	GalleryThumbnails	layout	图标 gallery-thumbnails；分类: layout, design, development, photography, multimedia；tags: carousel, pictures, images, album, portfolio, preview	https://unpkg.com/lucide-static@latest/icons/gallery-thumbnails.svg	free	install	url:https://unpkg.com/lucide-static@latest/icons/gallery-thumbnails.svg
lucide	gallery-vertical	GalleryVertical	layout	图标 gallery-vertical；分类: layout, design, development, photography, multimedia；tags: carousel, pictures, images, scroll, swipe, album, portfolio	https://unpkg.com/lucide-static@latest/icons/gallery-vertical.svg	free	install	url:https://unpkg.com/lucide-static@latest/icons/gallery-vertical.svg
lucide	gallery-vertical-end	GalleryVerticalEnd	layout	图标 gallery-vertical-end；分类: layout, design, development, photography, multimedia, files；tags: carousel, pictures, images, scroll, swipe, album, portfolio, history, versions, backup, time machine	https://unpkg.com/lucide-static@latest/icons/gallery-vertical-end.svg	free	install	url:https://unpkg.com/lucide-static@latest/icons/gallery-vertical-end.svg
lucide	gamepad	Gamepad	gaming	图标 gamepad；分类: gaming, devices；tags: console	https://unpkg.com/lucide-static@latest/icons/gamepad.svg	free	install	url:https://unpkg.com/lucide-static@latest/icons/gamepad.svg
lucide	gamepad-2	Gamepad2	gaming	图标 gamepad-2；分类: gaming, devices；tags: console	https://unpkg.com/lucide-static@latest/icons/gamepad-2.svg	free	install	url:https://unpkg.com/lucide-static@latest/icons/gamepad-2.svg
lucide	gamepad-directional	GamepadDirectional	gaming	图标 gamepad-directional；分类: gaming, devices；tags: direction, arrow, controller, navigation, button, move, pointer, arrowhead, console, game, gaming	https://unpkg.com/lucide-static@latest/icons/gamepad-directional.svg	free	install	url:https://unpkg.com/lucide-static@latest/icons/gamepad-directional.svg
lucide	gap-horizontal	GapHorizontal	design	图标 gap-horizontal；分类: design, layout；tags: gap, spacing, space, between, padding, margin, horizontal, auto layout, layout, distance, frame, distribute	https://unpkg.com/lucide-static@latest/icons/gap-horizontal.svg	free	install	url:https://unpkg.com/lucide-static@latest/icons/gap-horizontal.svg
lucide	gap-vertical	GapVertical	design	图标 gap-vertical；分类: design, layout；tags: gap, spacing, space, between, padding, margin, vertical, auto layout, layout, distance, frame, distribute	https://unpkg.com/lucide-static@latest/icons/gap-vertical.svg	free	install	url:https://unpkg.com/lucide-static@latest/icons/gap-vertical.svg
lucide	gauge	Gauge	transportation	图标 gauge；分类: transportation, sports, science；tags: dashboard, dial, meter, speed, pressure, measure, level	https://unpkg.com/lucide-static@latest/icons/gauge.svg	free	install	url:https://unpkg.com/lucide-static@latest/icons/gauge.svg
lucide	gavel	Gavel	navigation	图标 gavel；分类: navigation, tools；tags: justice, law, court, judgment, legal, hands, penalty, decision, authority, hammer, mallet	https://unpkg.com/lucide-static@latest/icons/gavel.svg	free	install	url:https://unpkg.com/lucide-static@latest/icons/gavel.svg
lucide	gem	Gem	gaming	图标 gem；分类: gaming, development, finance；tags: diamond, crystal, ruby, jewellery, price, special, present, gift, ring, wedding, proposal, marriage, rubygems	https://unpkg.com/lucide-static@latest/icons/gem.svg	free	install	url:https://unpkg.com/lucide-static@latest/icons/gem.svg
lucide	georgian-lari	GeorgianLari	finance	图标 georgian-lari；分类: finance；tags: currency, money, payment	https://unpkg.com/lucide-static@latest/icons/georgian-lari.svg	free	install	url:https://unpkg.com/lucide-static@latest/icons/georgian-lari.svg
lucide	germ	Germ	medical	图标 germ；分类: medical, science, security；tags: virus, microbe, bacterium, bacteria, germ, organism, cilia, pathogen, infection, disease, contagion, contamination, microbiology, health, medicine, biology, science, microorganism, pandemic, epidemic, outbreak, amoeba, flu, security, single cell, unicellular, vaccine, immunity, quarantine	https://unpkg.com/lucide-static@latest/icons/germ.svg	free	install	url:https://unpkg.com/lucide-static@latest/icons/germ.svg
lucide	germ-off	GermOff	medical	图标 germ-off；分类: medical, science, security；tags: virus, microbe, bacterium, bacteria, germ, organism, cilia, pathogen, infection, disease, contagion, contamination, microbiology, health, medicine, biology, science, microorganism, pandemic, epidemic, outbreak, amoeba, flu, security, single cell, unicellular, vaccine, immunity, quarantine	https://unpkg.com/lucide-static@latest/icons/germ-off.svg	free	install	url:https://unpkg.com/lucide-static@latest/icons/germ-off.svg
lucide	ghost	Ghost	gaming	图标 ghost；分类: gaming；tags: spirit, haunt, specter, apparition, wraith, shade, phantom, entity, shadow, silhouette, pac-man, spooky, halloween, haunted, invisible, hidden, empty, dead, obsolete, outdated	https://unpkg.com/lucide-static@latest/icons/ghost.svg	free	install	url:https://unpkg.com/lucide-static@latest/icons/ghost.svg
lucide	gift	Gift	gaming	图标 gift；分类: gaming, account；tags: present, box, birthday, party	https://unpkg.com/lucide-static@latest/icons/gift.svg	free	install	url:https://unpkg.com/lucide-static@latest/icons/gift.svg
lucide	git-branch	GitBranch	development	图标 git-branch；分类: development；tags: code, version control, vcs, repository	https://unpkg.com/lucide-static@latest/icons/git-branch.svg	free	install	url:https://unpkg.com/lucide-static@latest/icons/git-branch.svg
lucide	git-branch-minus	GitBranchMinus	development	图标 git-branch-minus；分类: development；tags: code, version control, vcs, repository, delete, remove, -	https://unpkg.com/lucide-static@latest/icons/git-branch-minus.svg	free	install	url:https://unpkg.com/lucide-static@latest/icons/git-branch-minus.svg
lucide	git-branch-plus	GitBranchPlus	development	图标 git-branch-plus；分类: development；tags: code, version control, vcs, repository, add, create, +	https://unpkg.com/lucide-static@latest/icons/git-branch-plus.svg	free	install	url:https://unpkg.com/lucide-static@latest/icons/git-branch-plus.svg
lucide	git-commit-horizontal	GitCommitHorizontal	development	图标 git-commit-horizontal；分类: development, navigation；tags: code, version control, waypoint, stop, station	https://unpkg.com/lucide-static@latest/icons/git-commit-horizontal.svg	free	install	url:https://unpkg.com/lucide-static@latest/icons/git-commit-horizontal.svg
lucide	git-commit-vertical	GitCommitVertical	development	图标 git-commit-vertical；分类: development, navigation；tags: code, version control, waypoint, stop, station	https://unpkg.com/lucide-static@latest/icons/git-commit-vertical.svg	free	install	url:https://unpkg.com/lucide-static@latest/icons/git-commit-vertical.svg
lucide	git-compare	GitCompare	development	图标 git-compare；分类: development；tags: code, version control, diff	https://unpkg.com/lucide-static@latest/icons/git-compare.svg	free	install	url:https://unpkg.com/lucide-static@latest/icons/git-compare.svg
lucide	git-compare-arrows	GitCompareArrows	development	图标 git-compare-arrows；分类: development, arrows；tags: code, version control, diff	https://unpkg.com/lucide-static@latest/icons/git-compare-arrows.svg	free	install	url:https://unpkg.com/lucide-static@latest/icons/git-compare-arrows.svg
lucide	git-fork	GitFork	development	图标 git-fork；分类: development；tags: code, version control	https://unpkg.com/lucide-static@latest/icons/git-fork.svg	free	install	url:https://unpkg.com/lucide-static@latest/icons/git-fork.svg
lucide	git-graph	GitGraph	development	图标 git-graph；分类: development；tags: code, version control, commit graph, commits, gitlens	https://unpkg.com/lucide-static@latest/icons/git-graph.svg	free	install	url:https://unpkg.com/lucide-static@latest/icons/git-graph.svg
lucide	git-merge	GitMerge	development	图标 git-merge；分类: development；tags: code, version control	https://unpkg.com/lucide-static@latest/icons/git-merge.svg	free	install	url:https://unpkg.com/lucide-static@latest/icons/git-merge.svg
lucide	git-merge-conflict	GitMergeConflict	development	图标 git-merge-conflict；分类: development；tags: code, version control, commits, diff, error, conflict	https://unpkg.com/lucide-static@latest/icons/git-merge-conflict.svg	free	install	url:https://unpkg.com/lucide-static@latest/icons/git-merge-conflict.svg
lucide	git-pull-request	GitPullRequest	development	图标 git-pull-request；分类: development；tags: code, version control, open	https://unpkg.com/lucide-static@latest/icons/git-pull-request.svg	free	install	url:https://unpkg.com/lucide-static@latest/icons/git-pull-request.svg
lucide	git-pull-request-arrow	GitPullRequestArrow	development	图标 git-pull-request-arrow；分类: development, arrows；tags: code, version control, open	https://unpkg.com/lucide-static@latest/icons/git-pull-request-arrow.svg	free	install	url:https://unpkg.com/lucide-static@latest/icons/git-pull-request-arrow.svg
lucide	git-pull-request-closed	GitPullRequestClosed	development	图标 git-pull-request-closed；分类: development；tags: code, version control, rejected, closed, cancelled, x	https://unpkg.com/lucide-static@latest/icons/git-pull-request-closed.svg	free	install	url:https://unpkg.com/lucide-static@latest/icons/git-pull-request-closed.svg
lucide	git-pull-request-create	GitPullRequestCreate	development	图标 git-pull-request-create；分类: development；tags: code, version control, open, plus, add, +	https://unpkg.com/lucide-static@latest/icons/git-pull-request-create.svg	free	install	url:https://unpkg.com/lucide-static@latest/icons/git-pull-request-create.svg
lucide	git-pull-request-create-arrow	GitPullRequestCreateArrow	development	图标 git-pull-request-create-arrow；分类: development, arrows；tags: code, version control, open, plus, add, +	https://unpkg.com/lucide-static@latest/icons/git-pull-request-create-arrow.svg	free	install	url:https://unpkg.com/lucide-static@latest/icons/git-pull-request-create-arrow.svg
lucide	git-pull-request-draft	GitPullRequestDraft	development	图标 git-pull-request-draft；分类: development；tags: code, version control, open, draft, dashed	https://unpkg.com/lucide-static@latest/icons/git-pull-request-draft.svg	free	install	url:https://unpkg.com/lucide-static@latest/icons/git-pull-request-draft.svg
lucide	glass-water	GlassWater	food-beverage	图标 glass-water；分类: food-beverage；tags: beverage, drink, glass, water	https://unpkg.com/lucide-static@latest/icons/glass-water.svg	free	install	url:https://unpkg.com/lucide-static@latest/icons/glass-water.svg
lucide	glasses	Glasses	accessibility	图标 glasses；分类: accessibility；tags: glasses, spectacles	https://unpkg.com/lucide-static@latest/icons/glasses.svg	free	install	url:https://unpkg.com/lucide-static@latest/icons/glasses.svg
lucide	globe	Globe	navigation	图标 globe；分类: navigation；tags: world, browser, language, translate	https://unpkg.com/lucide-static@latest/icons/globe.svg	free	install	url:https://unpkg.com/lucide-static@latest/icons/globe.svg
lucide	globe-check	GlobeCheck	navigation	图标 globe-check；分类: navigation；tags: world, browser, language, translate, internet, web, check, verified, success, valid, available, online, status	https://unpkg.com/lucide-static@latest/icons/globe-check.svg	free	install	url:https://unpkg.com/lucide-static@latest/icons/globe-check.svg
lucide	globe-code	GlobeCode	navigation	图标 globe-code；分类: navigation, development；tags: website, internet, globe, connection, network, digital, access, global, link, world, browser, language, translate	https://unpkg.com/lucide-static@latest/icons/globe-code.svg	free	install	url:https://unpkg.com/lucide-static@latest/icons/globe-code.svg
lucide	globe-lock	GlobeLock	security	图标 globe-lock；分类: security, development, devices；tags: vpn, private, privacy, network, world, browser, security, encryption, protection, connection	https://unpkg.com/lucide-static@latest/icons/globe-lock.svg	free	install	url:https://unpkg.com/lucide-static@latest/icons/globe-lock.svg
lucide	globe-off	GlobeOff	navigation	图标 globe-off；分类: navigation, connectivity, devices；tags: globe, earth, planet, disable, mute, off, hide, avoid, world, browser, language, translate, internet, offline, disconnected, network, connection, no connection, network failure, signal off	https://unpkg.com/lucide-static@latest/icons/globe-off.svg	free	install	url:https://unpkg.com/lucide-static@latest/icons/globe-off.svg
lucide	globe-x	GlobeX	connectivity	图标 globe-x；分类: connectivity, devices, navigation；tags: globe, internet, offline, disconnected, network, connection, world, no connection, network failure, signal off	https://unpkg.com/lucide-static@latest/icons/globe-x.svg	free	install	url:https://unpkg.com/lucide-static@latest/icons/globe-x.svg
lucide	goal	Goal	gaming	图标 goal；分类: gaming；tags: flag, bullseye	https://unpkg.com/lucide-static@latest/icons/goal.svg	free	install	url:https://unpkg.com/lucide-static@latest/icons/goal.svg
lucide	gpu	Gpu	devices	图标 gpu；分类: devices, gaming；tags: processor, cores, technology, computer, chip, circuit, specs, graphics processing unit, video card, display adapter, gddr, rendering, digital image processing, crypto mining	https://unpkg.com/lucide-static@latest/icons/gpu.svg	free	install	url:https://unpkg.com/lucide-static@latest/icons/gpu.svg
lucide	graduation-cap	GraduationCap	buildings	图标 graduation-cap；分类: buildings；tags: school, university, learn, study, mortarboard, education, ceremony, academic, hat, diploma, bachelor's, master's, doctorate	https://unpkg.com/lucide-static@latest/icons/graduation-cap.svg	free	install	url:https://unpkg.com/lucide-static@latest/icons/graduation-cap.svg
lucide	grape	Grape	food-beverage	图标 grape；分类: food-beverage；tags: fruit, wine, food	https://unpkg.com/lucide-static@latest/icons/grape.svg	free	install	url:https://unpkg.com/lucide-static@latest/icons/grape.svg
lucide	grid-2x2	Grid2x2	text	图标 grid-2x2；分类: text, layout, design, math；tags: table, rows, columns, blocks, plot, land, geometry, measure, size, width, height, distance, surface area, square meter, acre, window, skylight	https://unpkg.com/lucide-static@latest/icons/grid-2x2.svg	free	install	url:https://unpkg.com/lucide-static@latest/icons/grid-2x2.svg
lucide	grid-2x2-check	Grid2x2Check	text	图标 grid-2x2-check；分类: text, layout, math；tags: table, rows, columns, blocks, plot, land, geometry, measure, data, size, width, height, distance, surface area, square meter, acre	https://unpkg.com/lucide-static@latest/icons/grid-2x2-check.svg	free	install	url:https://unpkg.com/lucide-static@latest/icons/grid-2x2-check.svg
lucide	grid-2x2-plus	Grid2x2Plus	text	图标 grid-2x2-plus；分类: text, layout, math；tags: table, rows, columns, blocks, plot, land, geometry, measure, data, size, width, height, distance, surface area, square meter, acre	https://unpkg.com/lucide-static@latest/icons/grid-2x2-plus.svg	free	install	url:https://unpkg.com/lucide-static@latest/icons/grid-2x2-plus.svg
lucide	grid-2x2-x	Grid2x2X	text	图标 grid-2x2-x；分类: text, layout, math；tags: table, rows, columns, data, blocks, plot, land, geometry, measure, size, width, height, distance, surface area, square meter, acre	https://unpkg.com/lucide-static@latest/icons/grid-2x2-x.svg	free	install	url:https://unpkg.com/lucide-static@latest/icons/grid-2x2-x.svg
lucide	grid-3x2	Grid3x2	text	图标 grid-3x2；分类: text, math, layout, design；tags: table, rows, columns, blocks, plot, land, geometry, measure, size, width, height, distance, surface area, square meter, acre, window	https://unpkg.com/lucide-static@latest/icons/grid-3x2.svg	free	install	url:https://unpkg.com/lucide-static@latest/icons/grid-3x2.svg
lucide	grid-3x3	Grid3x3	text	图标 grid-3x3；分类: text, layout, design；tags: table, rows, columns	https://unpkg.com/lucide-static@latest/icons/grid-3x3.svg	free	install	url:https://unpkg.com/lucide-static@latest/icons/grid-3x3.svg
lucide	grip	Grip	layout	图标 grip；分类: layout；tags: grab, dots, handle, move, drag	https://unpkg.com/lucide-static@latest/icons/grip.svg	free	install	url:https://unpkg.com/lucide-static@latest/icons/grip.svg
lucide	grip-horizontal	GripHorizontal	layout	图标 grip-horizontal；分类: layout；tags: grab, dots, handle, move, drag	https://unpkg.com/lucide-static@latest/icons/grip-horizontal.svg	free	install	url:https://unpkg.com/lucide-static@latest/icons/grip-horizontal.svg
lucide	grip-vertical	GripVertical	layout	图标 grip-vertical；分类: layout；tags: grab, dots, handle, move, drag	https://unpkg.com/lucide-static@latest/icons/grip-vertical.svg	free	install	url:https://unpkg.com/lucide-static@latest/icons/grip-vertical.svg
lucide	group	Group	files	图标 group；分类: files；tags: cubes, packages, parts, units, collection, cluster, gather, dashed	https://unpkg.com/lucide-static@latest/icons/group.svg	free	install	url:https://unpkg.com/lucide-static@latest/icons/group.svg
lucide	guitar	Guitar	multimedia	图标 guitar；分类: multimedia；tags: acoustic, instrument, strings, riff, rock, band, country, concert, performance, play, lead, loud, music, audio, sound, noise	https://unpkg.com/lucide-static@latest/icons/guitar.svg	free	install	url:https://unpkg.com/lucide-static@latest/icons/guitar.svg
lucide	ham	Ham	food-beverage	图标 ham；分类: food-beverage；tags: food, pork, pig, meat, bone, hock, knuckle, gammon, cured	https://unpkg.com/lucide-static@latest/icons/ham.svg	free	install	url:https://unpkg.com/lucide-static@latest/icons/ham.svg
lucide	hamburger	Hamburger	food-beverage	图标 hamburger；分类: food-beverage；tags: burger, cheeseburger, meat, beef, patty, bun, fast food, junk food, takeaway, takeout, snack, dish, restaurant, lunch, meal, savory, savoury, cookery, cooking, grilled, barbecue, barbeque, bbq, lettuce, tomato, relish, pickles, onions, ketchup, mustard, mayonnaise	https://unpkg.com/lucide-static@latest/icons/hamburger.svg	free	install	url:https://unpkg.com/lucide-static@latest/icons/hamburger.svg
lucide	hammer	Hammer	tools	图标 hammer；分类: tools, home；tags: mallet, nails, diy, toolbox, build, construction	https://unpkg.com/lucide-static@latest/icons/hammer.svg	free	install	url:https://unpkg.com/lucide-static@latest/icons/hammer.svg
lucide	hand	Hand	cursors	图标 hand；分类: cursors, accessibility；tags: wave, move, mouse, grab	https://unpkg.com/lucide-static@latest/icons/hand.svg	free	install	url:https://unpkg.com/lucide-static@latest/icons/hand.svg
lucide	hand-coins	HandCoins	finance	图标 hand-coins；分类: finance, account；tags: savings, banking, money, finance, offers, mortgage, payment, received, wage, payroll, allowance, pocket money, handout, pennies	https://unpkg.com/lucide-static@latest/icons/hand-coins.svg	free	install	url:https://unpkg.com/lucide-static@latest/icons/hand-coins.svg
lucide	hand-fist	HandFist	social	图标 hand-fist；分类: social, emoji, communication, sports；tags: clench, strength, power, unity, solidarity, rebellion, victory, triumph, support, fight, combat, brawl	https://unpkg.com/lucide-static@latest/icons/hand-fist.svg	free	install	url:https://unpkg.com/lucide-static@latest/icons/hand-fist.svg
lucide	hand-grab	HandGrab	cursors	图标 hand-grab；分类: cursors, design, layout；tags: hand	https://unpkg.com/lucide-static@latest/icons/hand-grab.svg	free	install	url:https://unpkg.com/lucide-static@latest/icons/hand-grab.svg
lucide	hand-heart	HandHeart	social	图标 hand-heart；分类: social；tags: love, like, emotion	https://unpkg.com/lucide-static@latest/icons/hand-heart.svg	free	install	url:https://unpkg.com/lucide-static@latest/icons/hand-heart.svg
lucide	hand-helping	HandHelping	emoji	图标 hand-helping；分类: emoji；tags: agreement, help, proposal, charity, begging, terms	https://unpkg.com/lucide-static@latest/icons/hand-helping.svg	free	install	url:https://unpkg.com/lucide-static@latest/icons/hand-helping.svg
lucide	hand-metal	HandMetal	emoji	图标 hand-metal；分类: emoji, multimedia；tags: rock	https://unpkg.com/lucide-static@latest/icons/hand-metal.svg	free	install	url:https://unpkg.com/lucide-static@latest/icons/hand-metal.svg
lucide	hand-platter	HandPlatter	food-beverage	图标 hand-platter；分类: food-beverage, people；tags: waiter, waitress, restaurant, table service, served, dinner, dining, meal, course, luxury	https://unpkg.com/lucide-static@latest/icons/hand-platter.svg	free	install	url:https://unpkg.com/lucide-static@latest/icons/hand-platter.svg
lucide	handbag	Handbag	shopping	图标 handbag；分类: shopping, transportation；tags: bag, baggage, carry, clutch, fashion, luggage, purse, tote, travel	https://unpkg.com/lucide-static@latest/icons/handbag.svg	free	install	url:https://unpkg.com/lucide-static@latest/icons/handbag.svg
lucide	handshake	Handshake	account	图标 handshake；分类: account, social, communication, finance, security；tags: agreement, partnership, deal, business, assistance, cooperation, friendship, union, terms	https://unpkg.com/lucide-static@latest/icons/handshake.svg	free	install	url:https://unpkg.com/lucide-static@latest/icons/handshake.svg
lucide	hard-drive	HardDrive	development	图标 hard-drive；分类: development, devices；tags: computer, server, memory, data, ssd, disk, hard disk, storage, hardware, backup, media	https://unpkg.com/lucide-static@latest/icons/hard-drive.svg	free	install	url:https://unpkg.com/lucide-static@latest/icons/hard-drive.svg
lucide	hard-drive-download	HardDriveDownload	development	图标 hard-drive-download；分类: development, devices, arrows, files；tags: computer, server, memory, data, ssd, disk, hard disk, save	https://unpkg.com/lucide-static@latest/icons/hard-drive-download.svg	free	install	url:https://unpkg.com/lucide-static@latest/icons/hard-drive-download.svg
lucide	hard-drive-upload	HardDriveUpload	development	图标 hard-drive-upload；分类: development, devices, arrows, files；tags: computer, server, memory, data, ssd, disk, hard disk, save	https://unpkg.com/lucide-static@latest/icons/hard-drive-upload.svg	free	install	url:https://unpkg.com/lucide-static@latest/icons/hard-drive-upload.svg
lucide	hard-hat	HardHat	tools	图标 hard-hat；分类: tools；tags: helmet, construction, safety	https://unpkg.com/lucide-static@latest/icons/hard-hat.svg	free	install	url:https://unpkg.com/lucide-static@latest/icons/hard-hat.svg
lucide	hash	Hash	text	图标 hash；分类: text, social；tags: hashtag, number, pound	https://unpkg.com/lucide-static@latest/icons/hash.svg	free	install	url:https://unpkg.com/lucide-static@latest/icons/hash.svg
lucide	hat-glasses	HatGlasses	social	图标 hat-glasses；分类: social, account, security；tags: incognito, disguise, costume, masked, anonymous, anonymity, privacy, private browsing, stealth, hidden, undercover, cloak, invisible, ghost, spy, agent, detective, identity, cap, fedora, spectacles, shades, sunglasses, eyewear	https://unpkg.com/lucide-static@latest/icons/hat-glasses.svg	free	install	url:https://unpkg.com/lucide-static@latest/icons/hat-glasses.svg
lucide	haze	Haze	weather	图标 haze；分类: weather；tags: mist, fog	https://unpkg.com/lucide-static@latest/icons/haze.svg	free	install	url:https://unpkg.com/lucide-static@latest/icons/haze.svg
lucide	hd	Hd	devices	图标 hd；分类: devices, multimedia；tags: tv, resolution, video, high definition, 720p, 1080p	https://unpkg.com/lucide-static@latest/icons/hd.svg	free	install	url:https://unpkg.com/lucide-static@latest/icons/hd.svg
lucide	hdmi-port	HdmiPort	devices	图标 hdmi-port；分类: devices, multimedia, gaming；tags: socket, plug, slot, controller, connector, interface, console, signal, audio, video, visual, av, data, input, output	https://unpkg.com/lucide-static@latest/icons/hdmi-port.svg	free	install	url:https://unpkg.com/lucide-static@latest/icons/hdmi-port.svg
lucide	heading	Heading	text	图标 heading；分类: text；tags: h1, html, markup, markdown	https://unpkg.com/lucide-static@latest/icons/heading.svg	free	install	url:https://unpkg.com/lucide-static@latest/icons/heading.svg
lucide	heading-1	Heading1	text	图标 heading-1；分类: text；tags: h1, html, markup, markdown	https://unpkg.com/lucide-static@latest/icons/heading-1.svg	free	install	url:https://unpkg.com/lucide-static@latest/icons/heading-1.svg
lucide	heading-2	Heading2	text	图标 heading-2；分类: text；tags: h2, html, markup, markdown	https://unpkg.com/lucide-static@latest/icons/heading-2.svg	free	install	url:https://unpkg.com/lucide-static@latest/icons/heading-2.svg
lucide	heading-3	Heading3	text	图标 heading-3；分类: text；tags: h3, html, markup, markdown	https://unpkg.com/lucide-static@latest/icons/heading-3.svg	free	install	url:https://unpkg.com/lucide-static@latest/icons/heading-3.svg
lucide	heading-4	Heading4	text	图标 heading-4；分类: text；tags: h4, html, markup, markdown	https://unpkg.com/lucide-static@latest/icons/heading-4.svg	free	install	url:https://unpkg.com/lucide-static@latest/icons/heading-4.svg
lucide	heading-5	Heading5	text	图标 heading-5；分类: text；tags: h5, html, markup, markdown	https://unpkg.com/lucide-static@latest/icons/heading-5.svg	free	install	url:https://unpkg.com/lucide-static@latest/icons/heading-5.svg
lucide	heading-6	Heading6	text	图标 heading-6；分类: text；tags: h6, html, markup, markdown	https://unpkg.com/lucide-static@latest/icons/heading-6.svg	free	install	url:https://unpkg.com/lucide-static@latest/icons/heading-6.svg
lucide	headphone-off	HeadphoneOff	multimedia	图标 headphone-off；分类: multimedia, connectivity, communication, devices, gaming；tags: music, audio, sound, mute, off	https://unpkg.com/lucide-static@latest/icons/headphone-off.svg	free	install	url:https://unpkg.com/lucide-static@latest/icons/headphone-off.svg
lucide	headphones	Headphones	multimedia	图标 headphones；分类: multimedia, connectivity, devices, files, gaming；tags: music, audio, sound	https://unpkg.com/lucide-static@latest/icons/headphones.svg	free	install	url:https://unpkg.com/lucide-static@latest/icons/headphones.svg
lucide	headset	Headset	multimedia	图标 headset；分类: multimedia, connectivity, devices, files, gaming；tags: music, audio, sound, gaming, headphones, headset, call, center, phone, telephone, voip, video	https://unpkg.com/lucide-static@latest/icons/headset.svg	free	install	url:https://unpkg.com/lucide-static@latest/icons/headset.svg
lucide	heart	Heart	medical	图标 heart；分类: medical, social, multimedia, emoji, gaming, shapes；tags: like, love, emotion, suit, playing, cards	https://unpkg.com/lucide-static@latest/icons/heart.svg	free	install	url:https://unpkg.com/lucide-static@latest/icons/heart.svg
lucide	heart-crack	HeartCrack	emoji	图标 heart-crack；分类: emoji；tags: heartbreak, sadness, emotion	https://unpkg.com/lucide-static@latest/icons/heart-crack.svg	free	install	url:https://unpkg.com/lucide-static@latest/icons/heart-crack.svg
lucide	heart-handshake	HeartHandshake	emoji	图标 heart-handshake；分类: emoji, account, security；tags: agreement, charity, help, deal, terms, emotion, together, handshake	https://unpkg.com/lucide-static@latest/icons/heart-handshake.svg	free	install	url:https://unpkg.com/lucide-static@latest/icons/heart-handshake.svg
lucide	heart-minus	HeartMinus	medical	图标 heart-minus；分类: medical, account, multimedia, gaming, social；tags: unlike, unfavorite, remove, delete, damage	https://unpkg.com/lucide-static@latest/icons/heart-minus.svg	free	install	url:https://unpkg.com/lucide-static@latest/icons/heart-minus.svg
lucide	heart-off	HeartOff	social	图标 heart-off；分类: social, multimedia；tags: unlike, dislike, hate, emotion	https://unpkg.com/lucide-static@latest/icons/heart-off.svg	free	install	url:https://unpkg.com/lucide-static@latest/icons/heart-off.svg
lucide	heart-plus	HeartPlus	medical	图标 heart-plus；分类: medical, account, multimedia, gaming, social；tags: plus, like, favorite, add, health, support	https://unpkg.com/lucide-static@latest/icons/heart-plus.svg	free	install	url:https://unpkg.com/lucide-static@latest/icons/heart-plus.svg
lucide	heart-pulse	HeartPulse	medical	图标 heart-pulse；分类: medical；tags: heartbeat, pulse, health, medical, blood pressure, cardiac, systole, diastole	https://unpkg.com/lucide-static@latest/icons/heart-pulse.svg	free	install	url:https://unpkg.com/lucide-static@latest/icons/heart-pulse.svg
lucide	heart-x	HeartX	social	图标 heart-x；分类: social, multimedia, design, shapes；tags: unlike, unfavorite, remove, reject, dismiss, delete, clear	https://unpkg.com/lucide-static@latest/icons/heart-x.svg	free	install	url:https://unpkg.com/lucide-static@latest/icons/heart-x.svg
lucide	heater	Heater	home	图标 heater；分类: home, devices, travel；tags: heating, warmth, comfort, fire, stove, electric, electronics, amenities	https://unpkg.com/lucide-static@latest/icons/heater.svg	free	install	url:https://unpkg.com/lucide-static@latest/icons/heater.svg
lucide	helicopter	Helicopter	transportation	图标 helicopter；分类: transportation, travel；tags: transport, flying, rotor, aviation, helipad, gear, flyer, technology, helicopter, aircraft, vehicle	https://unpkg.com/lucide-static@latest/icons/helicopter.svg	free	install	url:https://unpkg.com/lucide-static@latest/icons/helicopter.svg
lucide	hexagon	Hexagon	shapes	图标 hexagon；分类: shapes, development；tags: shape, node.js, logo	https://unpkg.com/lucide-static@latest/icons/hexagon.svg	free	install	url:https://unpkg.com/lucide-static@latest/icons/hexagon.svg
lucide	highlighter	Highlighter	text	图标 highlighter；分类: text, design；tags: mark, text	https://unpkg.com/lucide-static@latest/icons/highlighter.svg	free	install	url:https://unpkg.com/lucide-static@latest/icons/highlighter.svg
lucide	hop	Hop	food-beverage	图标 hop；分类: food-beverage；tags: beer, brewery, drink	https://unpkg.com/lucide-static@latest/icons/hop.svg	free	install	url:https://unpkg.com/lucide-static@latest/icons/hop.svg
lucide	hop-off	HopOff	food-beverage	图标 hop-off；分类: food-beverage；tags: beer, brewery, drink, hop free, allergy, intolerance, diet	https://unpkg.com/lucide-static@latest/icons/hop-off.svg	free	install	url:https://unpkg.com/lucide-static@latest/icons/hop-off.svg
lucide	hospital	Hospital	medical	图标 hospital；分类: medical, buildings, navigation, travel；tags: infirmary, sanatorium, healthcare, doctor, hospice, clinic, emergency room, ward, building, medical, vet	https://unpkg.com/lucide-static@latest/icons/hospital.svg	free	install	url:https://unpkg.com/lucide-static@latest/icons/hospital.svg
lucide	hotel	Hotel	buildings	图标 hotel；分类: buildings, navigation, travel；tags: building, hostel, motel, inn	https://unpkg.com/lucide-static@latest/icons/hotel.svg	free	install	url:https://unpkg.com/lucide-static@latest/icons/hotel.svg
lucide	hourglass	Hourglass	time	图标 hourglass；分类: time, gaming；tags: timer, time, sandglass	https://unpkg.com/lucide-static@latest/icons/hourglass.svg	free	install	url:https://unpkg.com/lucide-static@latest/icons/hourglass.svg
lucide	hourglass-cog	HourglassCog	time	图标 hourglass-cog；分类: time, tools；tags: timer, time, sandglass, duration, settings, gear, cog, edit, configuration, countdown, timeout, expiration	https://unpkg.com/lucide-static@latest/icons/hourglass-cog.svg	free	install	url:https://unpkg.com/lucide-static@latest/icons/hourglass-cog.svg
lucide	house	House	buildings	图标 house；分类: buildings, home, navigation；tags: home, living, building, residence, architecture	https://unpkg.com/lucide-static@latest/icons/house.svg	free	install	url:https://unpkg.com/lucide-static@latest/icons/house.svg
lucide	house-cog	HouseCog	buildings	图标 house-cog；分类: buildings, home；tags: home, building, residence, settings, gear, configuration, property, automation	https://unpkg.com/lucide-static@latest/icons/house-cog.svg	free	install	url:https://unpkg.com/lucide-static@latest/icons/house-cog.svg
lucide	house-heart	HouseHeart	home	图标 house-heart；分类: home, buildings, medical；tags: home sweet home, abode, building, residence, healthy living, lifestyle	https://unpkg.com/lucide-static@latest/icons/house-heart.svg	free	install	url:https://unpkg.com/lucide-static@latest/icons/house-heart.svg
lucide	house-plug	HousePlug	buildings	图标 house-plug；分类: buildings, home, sustainability；tags: home, living, building, residence, architecture, autarky, energy	https://unpkg.com/lucide-static@latest/icons/house-plug.svg	free	install	url:https://unpkg.com/lucide-static@latest/icons/house-plug.svg
lucide	house-plus	HousePlus	buildings	图标 house-plus；分类: buildings, medical；tags: home, living, medical, new, addition, building, residence, architecture	https://unpkg.com/lucide-static@latest/icons/house-plus.svg	free	install	url:https://unpkg.com/lucide-static@latest/icons/house-plus.svg
lucide	house-wifi	HouseWifi	home	图标 house-wifi；分类: home, buildings, connectivity；tags: home, living, building, wifi, connectivity	https://unpkg.com/lucide-static@latest/icons/house-wifi.svg	free	install	url:https://unpkg.com/lucide-static@latest/icons/house-wifi.svg
lucide	houses	Houses	buildings	图标 houses；分类: buildings, home；tags: homes, housing, estate, living, buildings, development, residences, residential, village, neighbourhood, accommodation, community, dwellings, architecture	https://unpkg.com/lucide-static@latest/icons/houses.svg	free	install	url:https://unpkg.com/lucide-static@latest/icons/houses.svg
lucide	ice-cream-bowl	IceCreamBowl	food-beverage	图标 ice-cream-bowl；分类: food-beverage；tags: gelato, food, dessert, dish, restaurant, course, meal	https://unpkg.com/lucide-static@latest/icons/ice-cream-bowl.svg	free	install	url:https://unpkg.com/lucide-static@latest/icons/ice-cream-bowl.svg
lucide	ice-cream-cone	IceCreamCone	food-beverage	图标 ice-cream-cone；分类: food-beverage；tags: gelato, food	https://unpkg.com/lucide-static@latest/icons/ice-cream-cone.svg	free	install	url:https://unpkg.com/lucide-static@latest/icons/ice-cream-cone.svg
lucide	id-card	IdCard	security	图标 id-card；分类: security, account；tags: card, badge, identity, authentication, secure	https://unpkg.com/lucide-static@latest/icons/id-card.svg	free	install	url:https://unpkg.com/lucide-static@latest/icons/id-card.svg
lucide	id-card-lanyard	IdCardLanyard	security	图标 id-card-lanyard；分类: security, account；tags: id-card, id-card-lanyard, identity, employee, gate-pass, badge	https://unpkg.com/lucide-static@latest/icons/id-card-lanyard.svg	free	install	url:https://unpkg.com/lucide-static@latest/icons/id-card-lanyard.svg
lucide	image	Image	photography	图标 image；分类: photography, text, multimedia, files；tags: picture, photo	https://unpkg.com/lucide-static@latest/icons/image.svg	free	install	url:https://unpkg.com/lucide-static@latest/icons/image.svg
lucide	image-down	ImageDown	photography	图标 image-down；分类: photography, text, multimedia, files；tags: picture, photo, download, save, export	https://unpkg.com/lucide-static@latest/icons/image-down.svg	free	install	url:https://unpkg.com/lucide-static@latest/icons/image-down.svg
lucide	image-minus	ImageMinus	photography	图标 image-minus；分类: photography, multimedia, files；tags: remove, delete	https://unpkg.com/lucide-static@latest/icons/image-minus.svg	free	install	url:https://unpkg.com/lucide-static@latest/icons/image-minus.svg
lucide	image-off	ImageOff	photography	图标 image-off；分类: photography, multimedia, files；tags: picture, photo	https://unpkg.com/lucide-static@latest/icons/image-off.svg	free	install	url:https://unpkg.com/lucide-static@latest/icons/image-off.svg
lucide	image-play	ImagePlay	photography	图标 image-play；分类: photography, text, multimedia, files；tags: picture, gif, photo	https://unpkg.com/lucide-static@latest/icons/image-play.svg	free	install	url:https://unpkg.com/lucide-static@latest/icons/image-play.svg
lucide	image-plus	ImagePlus	photography	图标 image-plus；分类: photography, multimedia, files；tags: add, create, picture	https://unpkg.com/lucide-static@latest/icons/image-plus.svg	free	install	url:https://unpkg.com/lucide-static@latest/icons/image-plus.svg
lucide	image-up	ImageUp	photography	图标 image-up；分类: photography, text, multimedia, files；tags: picture, photo, upload, import	https://unpkg.com/lucide-static@latest/icons/image-up.svg	free	install	url:https://unpkg.com/lucide-static@latest/icons/image-up.svg
lucide	image-upscale	ImageUpscale	photography	图标 image-upscale；分类: photography, multimedia；tags: resize, picture, sharpen, increase	https://unpkg.com/lucide-static@latest/icons/image-upscale.svg	free	install	url:https://unpkg.com/lucide-static@latest/icons/image-upscale.svg
lucide	images	Images	photography	图标 images；分类: photography, text, multimedia, files；tags: picture, photo, multiple, copy, gallery, album, collection, slideshow, showcase	https://unpkg.com/lucide-static@latest/icons/images.svg	free	install	url:https://unpkg.com/lucide-static@latest/icons/images.svg
lucide	import	Import	arrows	图标 import；分类: arrows, files；tags: save	https://unpkg.com/lucide-static@latest/icons/import.svg	free	install	url:https://unpkg.com/lucide-static@latest/icons/import.svg
lucide	inbox	Inbox	account	图标 inbox；分类: account, mail；tags: email	https://unpkg.com/lucide-static@latest/icons/inbox.svg	free	install	url:https://unpkg.com/lucide-static@latest/icons/inbox.svg
lucide	indian-rupee	IndianRupee	finance	图标 indian-rupee；分类: finance；tags: currency, money, payment	https://unpkg.com/lucide-static@latest/icons/indian-rupee.svg	free	install	url:https://unpkg.com/lucide-static@latest/icons/indian-rupee.svg
lucide	infinity	Infinity	multimedia	图标 infinity；分类: multimedia；tags: unlimited, forever, loop, math	https://unpkg.com/lucide-static@latest/icons/infinity.svg	free	install	url:https://unpkg.com/lucide-static@latest/icons/infinity.svg
lucide	info	Info	accessibility	图标 info；分类: accessibility, notifications；tags: about, advice, clue, details, help, hint, indicator, information, knowledge, notice, status, support, tooltip	https://unpkg.com/lucide-static@latest/icons/info.svg	free	install	url:https://unpkg.com/lucide-static@latest/icons/info.svg
lucide	inspection-panel	InspectionPanel	tools	图标 inspection-panel；分类: tools；tags: access, cover, tile, metal, materials, screws	https://unpkg.com/lucide-static@latest/icons/inspection-panel.svg	free	install	url:https://unpkg.com/lucide-static@latest/icons/inspection-panel.svg
lucide	italic	Italic	text	图标 italic；分类: text；tags: oblique, text, format	https://unpkg.com/lucide-static@latest/icons/italic.svg	free	install	url:https://unpkg.com/lucide-static@latest/icons/italic.svg
lucide	iteration-ccw	IterationCcw	arrows	图标 iteration-ccw；分类: arrows, design；tags: arrow, right	https://unpkg.com/lucide-static@latest/icons/iteration-ccw.svg	free	install	url:https://unpkg.com/lucide-static@latest/icons/iteration-ccw.svg
lucide	iteration-cw	IterationCw	arrows	图标 iteration-cw；分类: arrows, design；tags: arrow, left	https://unpkg.com/lucide-static@latest/icons/iteration-cw.svg	free	install	url:https://unpkg.com/lucide-static@latest/icons/iteration-cw.svg
lucide	iv-bag	IvBag	medical	图标 iv-bag；分类: medical；tags: intravenous, therapy, infusion, medicine, medication, treatment, healthcare, hydration, vitamin, supplement, blood, donation, chemotherapy, clinic, feeding tube, administration, health, regeneration	https://unpkg.com/lucide-static@latest/icons/iv-bag.svg	free	install	url:https://unpkg.com/lucide-static@latest/icons/iv-bag.svg
lucide	japanese-yen	JapaneseYen	finance	图标 japanese-yen；分类: finance；tags: currency, money, payment	https://unpkg.com/lucide-static@latest/icons/japanese-yen.svg	free	install	url:https://unpkg.com/lucide-static@latest/icons/japanese-yen.svg
lucide	joystick	Joystick	gaming	图标 joystick；分类: gaming, devices；tags: game, console, control stick	https://unpkg.com/lucide-static@latest/icons/joystick.svg	free	install	url:https://unpkg.com/lucide-static@latest/icons/joystick.svg
lucide	kanban	Kanban	charts	图标 kanban；分类: charts, development, design；tags: projects, manage, overview, board, tickets, issues, roadmap, plan, intentions, productivity, work, agile, code, coding	https://unpkg.com/lucide-static@latest/icons/kanban.svg	free	install	url:https://unpkg.com/lucide-static@latest/icons/kanban.svg
lucide	kayak	Kayak	transportation	图标 kayak；分类: transportation；tags: kayak, boat, paddle, water, sport, recreation, adventure, outdoors, equipment, lake, ocean	https://unpkg.com/lucide-static@latest/icons/kayak.svg	free	install	url:https://unpkg.com/lucide-static@latest/icons/kayak.svg
lucide	kazakh-tenge	KazakhTenge	finance	图标 kazakh-tenge；分类: finance；tags: currency, money, payment, kazakhstan, currency-symbol, exchange, cash	https://unpkg.com/lucide-static@latest/icons/kazakh-tenge.svg	free	install	url:https://unpkg.com/lucide-static@latest/icons/kazakh-tenge.svg
lucide	key	Key	security	图标 key；分类: security, account；tags: password, login, authentication, secure, unlock, keychain, key ring, fob	https://unpkg.com/lucide-static@latest/icons/key.svg	free	install	url:https://unpkg.com/lucide-static@latest/icons/key.svg
lucide	key-round	KeyRound	security	图标 key-round；分类: security, account；tags: password, login, authentication, secure, unlock	https://unpkg.com/lucide-static@latest/icons/key-round.svg	free	install	url:https://unpkg.com/lucide-static@latest/icons/key-round.svg
lucide	key-square	KeySquare	security	图标 key-square；分类: security, account；tags: password, login, authentication, secure, unlock, car key	https://unpkg.com/lucide-static@latest/icons/key-square.svg	free	install	url:https://unpkg.com/lucide-static@latest/icons/key-square.svg
lucide	keyboard	Keyboard	text	图标 keyboard；分类: text, devices, development；tags: layout, spell, settings, mouse	https://unpkg.com/lucide-static@latest/icons/keyboard.svg	free	install	url:https://unpkg.com/lucide-static@latest/icons/keyboard.svg
lucide	keyboard-music	KeyboardMusic	multimedia	图标 keyboard-music；分类: multimedia, devices；tags: music, audio, sound, noise, notes, keys, chord, octave, midi, controller, instrument, electric, signal, digital, studio, production, producer, pianist, piano, play, performance, concert	https://unpkg.com/lucide-static@latest/icons/keyboard-music.svg	free	install	url:https://unpkg.com/lucide-static@latest/icons/keyboard-music.svg
lucide	keyboard-off	KeyboardOff	devices	图标 keyboard-off；分类: devices, text, development；tags: unkeys, layout, spell, settings, mouse	https://unpkg.com/lucide-static@latest/icons/keyboard-off.svg	free	install	url:https://unpkg.com/lucide-static@latest/icons/keyboard-off.svg
lucide	lambda	Lambda	development	图标 lambda；分类: development, math, science, text；tags: greek, symbol, math, function, programming, serverless, anonymous, functional, cloud, wavelength, calculus, linear algebra	https://unpkg.com/lucide-static@latest/icons/lambda.svg	free	install	url:https://unpkg.com/lucide-static@latest/icons/lambda.svg
lucide	lamp	Lamp	home	图标 lamp；分类: home；tags: lighting, household, home, furniture	https://unpkg.com/lucide-static@latest/icons/lamp.svg	free	install	url:https://unpkg.com/lucide-static@latest/icons/lamp.svg
lucide	lamp-ceiling	LampCeiling	home	图标 lamp-ceiling；分类: home；tags: lighting, household, home, furniture	https://unpkg.com/lucide-static@latest/icons/lamp-ceiling.svg	free	install	url:https://unpkg.com/lucide-static@latest/icons/lamp-ceiling.svg
lucide	lamp-desk	LampDesk	home	图标 lamp-desk；分类: home；tags: lighting, household, office, desk, home, furniture	https://unpkg.com/lucide-static@latest/icons/lamp-desk.svg	free	install	url:https://unpkg.com/lucide-static@latest/icons/lamp-desk.svg
lucide	lamp-floor	LampFloor	home	图标 lamp-floor；分类: home；tags: lighting, household, floor, home, furniture	https://unpkg.com/lucide-static@latest/icons/lamp-floor.svg	free	install	url:https://unpkg.com/lucide-static@latest/icons/lamp-floor.svg
lucide	lamp-wall-down	LampWallDown	home	图标 lamp-wall-down；分类: home；tags: lighting, household, wall, home, furniture	https://unpkg.com/lucide-static@latest/icons/lamp-wall-down.svg	free	install	url:https://unpkg.com/lucide-static@latest/icons/lamp-wall-down.svg
lucide	lamp-wall-up	LampWallUp	home	图标 lamp-wall-up；分类: home；tags: lighting, household, wall, home, furniture	https://unpkg.com/lucide-static@latest/icons/lamp-wall-up.svg	free	install	url:https://unpkg.com/lucide-static@latest/icons/lamp-wall-up.svg
lucide	land-plot	LandPlot	design	图标 land-plot；分类: design, tools, math, sports, gaming；tags: area, surface, square metres, allotment, parcel, property, plane, acres, measure, distance, isometric, flag, golf course, hole	https://unpkg.com/lucide-static@latest/icons/land-plot.svg	free	install	url:https://unpkg.com/lucide-static@latest/icons/land-plot.svg
lucide	landmark	Landmark	finance	图标 landmark；分类: finance, navigation, buildings；tags: bank, building, capitol, finance, money, museum, art gallery, hall, institute, pediment, portico, doric, columns, pillars, classical, architecture, government, institution, monument, site, history, historic, library, temple, ancient, structure	https://unpkg.com/lucide-static@latest/icons/landmark.svg	free	install	url:https://unpkg.com/lucide-static@latest/icons/landmark.svg
lucide	languages	Languages	text	图标 languages；分类: text；tags: translate	https://unpkg.com/lucide-static@latest/icons/languages.svg	free	install	url:https://unpkg.com/lucide-static@latest/icons/languages.svg
lucide	laptop	Laptop	devices	图标 laptop；分类: devices；tags: computer, screen, remote	https://unpkg.com/lucide-static@latest/icons/laptop.svg	free	install	url:https://unpkg.com/lucide-static@latest/icons/laptop.svg
lucide	laptop-minimal	LaptopMinimal	devices	图标 laptop-minimal；分类: devices；tags: computer, screen, remote	https://unpkg.com/lucide-static@latest/icons/laptop-minimal.svg	free	install	url:https://unpkg.com/lucide-static@latest/icons/laptop-minimal.svg
lucide	laptop-minimal-check	LaptopMinimalCheck	devices	图标 laptop-minimal-check；分类: devices, notifications；tags: computer, screen, remote, success, done, todo, tick, complete, task	https://unpkg.com/lucide-static@latest/icons/laptop-minimal-check.svg	free	install	url:https://unpkg.com/lucide-static@latest/icons/laptop-minimal-check.svg
lucide	lasso	Lasso	design	图标 lasso；分类: design, cursors；tags: select, cursor	https://unpkg.com/lucide-static@latest/icons/lasso.svg	free	install	url:https://unpkg.com/lucide-static@latest/icons/lasso.svg
lucide	lasso-select	LassoSelect	arrows	图标 lasso-select；分类: arrows, design, cursors；tags: select, cursor	https://unpkg.com/lucide-static@latest/icons/lasso-select.svg	free	install	url:https://unpkg.com/lucide-static@latest/icons/lasso-select.svg
lucide	layer-arrow-down	LayerArrowDown	design	图标 layer-arrow-down；分类: design, layout；tags: move back, backward, lower, demote, step back, behind, reorder, arrange, layer, layers, stack, stacking, z-index, depth, graphics, design	https://unpkg.com/lucide-static@latest/icons/layer-arrow-down.svg	free	install	url:https://unpkg.com/lucide-static@latest/icons/layer-arrow-down.svg
lucide	layer-arrow-up	LayerArrowUp	design	图标 layer-arrow-up；分类: design, layout；tags: move forward, forward, raise, lift, promote, advance, step forward, reorder, arrange, stack, stacking, z-index, depth, graphics, design	https://unpkg.com/lucide-static@latest/icons/layer-arrow-up.svg	free	install	url:https://unpkg.com/lucide-static@latest/icons/layer-arrow-up.svg
lucide	layers	Layers	design	图标 layers；分类: design, layout；tags: stack, pile, pages, sheets, paperwork, copies, copy	https://unpkg.com/lucide-static@latest/icons/layers.svg	free	install	url:https://unpkg.com/lucide-static@latest/icons/layers.svg
lucide	layers-2	Layers2	design	图标 layers-2；分类: design, layout；tags: stack, pile, pages, sheets, paperwork, copies, copy, duplicate, double, shortcuts	https://unpkg.com/lucide-static@latest/icons/layers-2.svg	free	install	url:https://unpkg.com/lucide-static@latest/icons/layers-2.svg
lucide	layers-arrow-down	LayersArrowDown	design	图标 layers-arrow-down；分类: design, layout；tags: send to back, send backward, back, background, bottom, bottommost, lower, demote, behind, reorder, arrange, stack, stacking, z-index, depth, graphics, design	https://unpkg.com/lucide-static@latest/icons/layers-arrow-down.svg	free	install	url:https://unpkg.com/lucide-static@latest/icons/layers-arrow-down.svg
lucide	layers-arrow-up	LayersArrowUp	design	图标 layers-arrow-up；分类: design, layout, arrows；tags: bring to front, bring forward, front, foreground, top, topmost, raise, lift, promote, reorder, arrange, stack, stacking, z-index, depth, graphics, design	https://unpkg.com/lucide-static@latest/icons/layers-arrow-up.svg	free	install	url:https://unpkg.com/lucide-static@latest/icons/layers-arrow-up.svg
lucide	layers-minus	LayersMinus	design	图标 layers-minus；分类: design, layout；tags: stack, pile, pages, sheets, paperwork, copies, copy, layers, remove, delete	https://unpkg.com/lucide-static@latest/icons/layers-minus.svg	free	install	url:https://unpkg.com/lucide-static@latest/icons/layers-minus.svg
lucide	layers-plus	LayersPlus	design	图标 layers-plus；分类: design, layout；tags: stack, layers, add, new, increase, create, positive, copy, upgrade	https://unpkg.com/lucide-static@latest/icons/layers-plus.svg	free	install	url:https://unpkg.com/lucide-static@latest/icons/layers-plus.svg
lucide	layout-arrow-down	LayoutArrowDown	design	图标 layout-arrow-down；分类: design, layout；tags: layout, direction, flex, flexbox, flex-direction, column, auto layout, vertical, arrange, order, flow, stack	https://unpkg.com/lucide-static@latest/icons/layout-arrow-down.svg	free	install	url:https://unpkg.com/lucide-static@latest/icons/layout-arrow-down.svg
lucide	layout-arrow-right	LayoutArrowRight	design	图标 layout-arrow-right；分类: design, layout；tags: layout, direction, flex, flexbox, flex-direction, row, auto layout, horizontal, arrange, order, flow, stack	https://unpkg.com/lucide-static@latest/icons/layout-arrow-right.svg	free	install	url:https://unpkg.com/lucide-static@latest/icons/layout-arrow-right.svg
lucide	layout-dashboard	LayoutDashboard	design	图标 layout-dashboard；分类: design, layout；tags: masonry, brick	https://unpkg.com/lucide-static@latest/icons/layout-dashboard.svg	free	install	url:https://unpkg.com/lucide-static@latest/icons/layout-dashboard.svg
lucide	layout-freeform	LayoutFreeform	design	图标 layout-freeform；分类: design, layout；tags: layout, freeform, free, absolute, position, auto layout, unaligned, scattered, arrange, blocks, canvas, frame	https://unpkg.com/lucide-static@latest/icons/layout-freeform.svg	free	install	url:https://unpkg.com/lucide-static@latest/icons/layout-freeform.svg
lucide	layout-grid	LayoutGrid	design	图标 layout-grid；分类: design, layout；tags: app, home, start	https://unpkg.com/lucide-static@latest/icons/layout-grid.svg	free	install	url:https://unpkg.com/lucide-static@latest/icons/layout-grid.svg
lucide	layout-grid-circles	LayoutGridCircles	design	图标 layout-grid-circles；分类: design, layout；tags: app, home, start, dot matrix, dots, menu, dashboard, collection, overview, tiles, grid, matrix, launcher, apps, widgets, ui, circles, shortcuts	https://unpkg.com/lucide-static@latest/icons/layout-grid-circles.svg	free	install	url:https://unpkg.com/lucide-static@latest/icons/layout-grid-circles.svg
lucide	layout-list	LayoutList	design	图标 layout-list；分类: design, layout, photography, text；tags: todo, tasks, items, pending, image, photo	https://unpkg.com/lucide-static@latest/icons/layout-list.svg	free	install	url:https://unpkg.com/lucide-static@latest/icons/layout-list.svg
lucide	layout-panel-left	LayoutPanelLeft	design	图标 layout-panel-left；分类: design, layout；tags: app, home, start, grid	https://unpkg.com/lucide-static@latest/icons/layout-panel-left.svg	free	install	url:https://unpkg.com/lucide-static@latest/icons/layout-panel-left.svg
lucide	layout-panel-top	LayoutPanelTop	layout	图标 layout-panel-top；分类: layout；tags: window, webpage, block, section, grid, template, structure	https://unpkg.com/lucide-static@latest/icons/layout-panel-top.svg	free	install	url:https://unpkg.com/lucide-static@latest/icons/layout-panel-top.svg
lucide	layout-template	LayoutTemplate	layout	图标 layout-template；分类: layout；tags: window, webpage, block, section	https://unpkg.com/lucide-static@latest/icons/layout-template.svg	free	install	url:https://unpkg.com/lucide-static@latest/icons/layout-template.svg
lucide	leaf	Leaf	nature	图标 leaf；分类: nature, sustainability, seasons；tags: sustainability, nature, energy, plant, autumn	https://unpkg.com/lucide-static@latest/icons/leaf.svg	free	install	url:https://unpkg.com/lucide-static@latest/icons/leaf.svg
lucide	leafy-green	LeafyGreen	food-beverage	图标 leafy-green；分类: food-beverage, emoji, sustainability；tags: salad, lettuce, vegetable, chard, cabbage, bok choy	https://unpkg.com/lucide-static@latest/icons/leafy-green.svg	free	install	url:https://unpkg.com/lucide-static@latest/icons/leafy-green.svg
lucide	lectern	Lectern	communication	图标 lectern；分类: communication, multimedia；tags: pulpit, podium, stand	https://unpkg.com/lucide-static@latest/icons/lectern.svg	free	install	url:https://unpkg.com/lucide-static@latest/icons/lectern.svg
lucide	lens-concave	LensConcave	science	图标 lens-concave；分类: science, tools, shapes；tags: concave, lens, optics, light, magnification, curved, focus, refraction, science, physics, eyeglass, telescope, microscope	https://unpkg.com/lucide-static@latest/icons/lens-concave.svg	free	install	url:https://unpkg.com/lucide-static@latest/icons/lens-concave.svg
lucide	lens-convex	LensConvex	science	图标 lens-convex；分类: science, tools, shapes；tags: convex, lens, optics, magnification, focus, light, refraction, physics, eyeglass, telescope, microscope, curved, science	https://unpkg.com/lucide-static@latest/icons/lens-convex.svg	free	install	url:https://unpkg.com/lucide-static@latest/icons/lens-convex.svg
lucide	letters	Letters	text	图标 letters；分类: text；tags: abc, alphabet, alphabetical, text, characters, language, typography, literacy, spelling	https://unpkg.com/lucide-static@latest/icons/letters.svg	free	install	url:https://unpkg.com/lucide-static@latest/icons/letters.svg
lucide	library	Library	text	图标 library；分类: text, photography, multimedia, navigation, development；tags: books, reading, written, authors, stories, fiction, novels, information, knowledge, education, high school, university, college, academy, learning, study, research, collection, vinyl, records, albums, music, package	https://unpkg.com/lucide-static@latest/icons/library.svg	free	install	url:https://unpkg.com/lucide-static@latest/icons/library.svg
lucide	library-big	LibraryBig	text	图标 library-big；分类: text, photography, multimedia, navigation, development；tags: books, reading, written, authors, stories, fiction, novels, information, knowledge, education, high school, university, college, academy, learning, study, research, collection, vinyl, records, albums, music, package	https://unpkg.com/lucide-static@latest/icons/library-big.svg	free	install	url:https://unpkg.com/lucide-static@latest/icons/library-big.svg
lucide	life-buoy	LifeBuoy	accessibility	图标 life-buoy；分类: accessibility, medical；tags: preserver, life belt, lifesaver, help, rescue, ship, ring, raft, inflatable, wheel, donut	https://unpkg.com/lucide-static@latest/icons/life-buoy.svg	free	install	url:https://unpkg.com/lucide-static@latest/icons/life-buoy.svg
lucide	ligature	Ligature	text	图标 ligature；分类: text；tags: text, font, typography, alternates, alternatives	https://unpkg.com/lucide-static@latest/icons/ligature.svg	free	install	url:https://unpkg.com/lucide-static@latest/icons/ligature.svg
lucide	lightbulb	Lightbulb	photography	图标 lightbulb；分类: photography；tags: idea, bright, lights	https://unpkg.com/lucide-static@latest/icons/lightbulb.svg	free	install	url:https://unpkg.com/lucide-static@latest/icons/lightbulb.svg
lucide	lightbulb-off	LightbulbOff	photography	图标 lightbulb-off；分类: photography；tags: lights	https://unpkg.com/lucide-static@latest/icons/lightbulb-off.svg	free	install	url:https://unpkg.com/lucide-static@latest/icons/lightbulb-off.svg
lucide	lighthouse	Lighthouse	buildings	图标 lighthouse；分类: buildings, navigation, travel；tags: lighthouse, beacon, coast, navigation, tower, sea, ocean, maritime, guide, safety, light, shine, port, marine, faro, signal, nautical, harbor, shore, lightbeam, wayfinding, guidance, onboarding, help, landmark	https://unpkg.com/lucide-static@latest/icons/lighthouse.svg	free	install	url:https://unpkg.com/lucide-static@latest/icons/lighthouse.svg
lucide	line-dot-bottom-vertical	LineDotBottomVertical	development	图标 line-dot-bottom-vertical；分类: development, navigation；tags: code, version, control, station, waypoint, start, first	https://unpkg.com/lucide-static@latest/icons/line-dot-bottom-vertical.svg	free	install	url:https://unpkg.com/lucide-static@latest/icons/line-dot-bottom-vertical.svg
lucide	line-dot-left-horizontal	LineDotLeftHorizontal	development	图标 line-dot-left-horizontal；分类: development, navigation；tags: line, dot, left, horizontal, shape, symbol, navigation, arrow, pointer, code, version control, waypoint, stop, start, first, station	https://unpkg.com/lucide-static@latest/icons/line-dot-left-horizontal.svg	free	install	url:https://unpkg.com/lucide-static@latest/icons/line-dot-left-horizontal.svg
lucide	line-dot-right-horizontal	LineDotRightHorizontal	development	图标 line-dot-right-horizontal；分类: development, navigation；tags: code, version control, waypoint, stop, station, last, end	https://unpkg.com/lucide-static@latest/icons/line-dot-right-horizontal.svg	free	install	url:https://unpkg.com/lucide-static@latest/icons/line-dot-right-horizontal.svg
lucide	line-dot-top-vertical	LineDotTopVertical	development	图标 line-dot-top-vertical；分类: development, navigation；tags: arrow, pointer, direction, indicator, code, version, control, waypoint, stop, station, last, end	https://unpkg.com/lucide-static@latest/icons/line-dot-top-vertical.svg	free	install	url:https://unpkg.com/lucide-static@latest/icons/line-dot-top-vertical.svg
lucide	line-squiggle	LineSquiggle	shapes	图标 line-squiggle；分类: shapes, math, design；tags: line, snakes, annotate, curve, doodle, stroke, pen, tool, gesture, draw, wave, art, road	https://unpkg.com/lucide-static@latest/icons/line-squiggle.svg	free	install	url:https://unpkg.com/lucide-static@latest/icons/line-squiggle.svg
lucide	line-style	LineStyle	design	图标 line-style；分类: design, tools；tags: line, stroke, style, dashed, border	https://unpkg.com/lucide-static@latest/icons/line-style.svg	free	install	url:https://unpkg.com/lucide-static@latest/icons/line-style.svg
lucide	link	Link	text	图标 link；分类: text, account；tags: chain, url	https://unpkg.com/lucide-static@latest/icons/link.svg	free	install	url:https://unpkg.com/lucide-static@latest/icons/link.svg
lucide	link-2	Link2	text	图标 link-2；分类: text, account；tags: chain, url	https://unpkg.com/lucide-static@latest/icons/link-2.svg	free	install	url:https://unpkg.com/lucide-static@latest/icons/link-2.svg
lucide	link-2-off	Link2Off	text	图标 link-2-off；分类: text；tags: unchain, chain	https://unpkg.com/lucide-static@latest/icons/link-2-off.svg	free	install	url:https://unpkg.com/lucide-static@latest/icons/link-2-off.svg
lucide	list	List	text	图标 list；分类: text；tags: options	https://unpkg.com/lucide-static@latest/icons/list.svg	free	install	url:https://unpkg.com/lucide-static@latest/icons/list.svg
lucide	list-check	ListCheck	text	图标 list-check；分类: text；tags: done, check, tick, complete, list, to-do, bom	https://unpkg.com/lucide-static@latest/icons/list-check.svg	free	install	url:https://unpkg.com/lucide-static@latest/icons/list-check.svg
lucide	list-checks	ListChecks	text	图标 list-checks；分类: text；tags: todo, done, check, tick, complete, tasks, items, pending	https://unpkg.com/lucide-static@latest/icons/list-checks.svg	free	install	url:https://unpkg.com/lucide-static@latest/icons/list-checks.svg
lucide	list-chevrons-down-up	ListChevronsDownUp	text	图标 list-chevrons-down-up；分类: text, arrows；tags: options, items, collapse, expand, details, disclosure, show, hide, toggle, accordion, more, less, fold, unfold, vertical	https://unpkg.com/lucide-static@latest/icons/list-chevrons-down-up.svg	free	install	url:https://unpkg.com/lucide-static@latest/icons/list-chevrons-down-up.svg
lucide	list-chevrons-up-down	ListChevronsUpDown	text	图标 list-chevrons-up-down；分类: text, arrows；tags: options, items, collapse, expand, details, disclosure, show, hide, toggle, accordion, more, less, fold, unfold, vertical	https://unpkg.com/lucide-static@latest/icons/list-chevrons-up-down.svg	free	install	url:https://unpkg.com/lucide-static@latest/icons/list-chevrons-up-down.svg
lucide	list-clock	ListClock	text	图标 list-clock；分类: text, time, notifications；tags: history, log, clock, time, recent, updated, revision, activity, timestamp, audit, list	https://unpkg.com/lucide-static@latest/icons/list-clock.svg	free	install	url:https://unpkg.com/lucide-static@latest/icons/list-clock.svg
lucide	list-collapse	ListCollapse	text	图标 list-collapse；分类: text；tags: items, collapse, expand, details, disclosure, show, hide, toggle, accordion, more, less, fold, unfold	https://unpkg.com/lucide-static@latest/icons/list-collapse.svg	free	install	url:https://unpkg.com/lucide-static@latest/icons/list-collapse.svg
lucide	list-end	ListEnd	multimedia	图标 list-end；分类: multimedia, text；tags: queue, bottom, end, playlist	https://unpkg.com/lucide-static@latest/icons/list-end.svg	free	install	url:https://unpkg.com/lucide-static@latest/icons/list-end.svg
lucide	list-filter	ListFilter	text	图标 list-filter；分类: text；tags: options	https://unpkg.com/lucide-static@latest/icons/list-filter.svg	free	install	url:https://unpkg.com/lucide-static@latest/icons/list-filter.svg
lucide	list-filter-plus	ListFilterPlus	text	图标 list-filter-plus；分类: text, layout；tags: filter, plus, options, add	https://unpkg.com/lucide-static@latest/icons/list-filter-plus.svg	free	install	url:https://unpkg.com/lucide-static@latest/icons/list-filter-plus.svg
lucide	list-indent-decrease	ListIndentDecrease	text	图标 list-indent-decrease；分类: text, development；tags: text, tab	https://unpkg.com/lucide-static@latest/icons/list-indent-decrease.svg	free	install	url:https://unpkg.com/lucide-static@latest/icons/list-indent-decrease.svg
lucide	list-indent-increase	ListIndentIncrease	text	图标 list-indent-increase；分类: text, development；tags: text, tab	https://unpkg.com/lucide-static@latest/icons/list-indent-increase.svg	free	install	url:https://unpkg.com/lucide-static@latest/icons/list-indent-increase.svg
lucide	list-minus	ListMinus	multimedia	图标 list-minus；分类: multimedia, text；tags: playlist, remove, song, subtract, delete, unqueue	https://unpkg.com/lucide-static@latest/icons/list-minus.svg	free	install	url:https://unpkg.com/lucide-static@latest/icons/list-minus.svg
lucide	list-music	ListMusic	multimedia	图标 list-music；分类: multimedia；tags: playlist, queue, music, audio, playback	https://unpkg.com/lucide-static@latest/icons/list-music.svg	free	install	url:https://unpkg.com/lucide-static@latest/icons/list-music.svg
lucide	list-ordered	ListOrdered	text	图标 list-ordered；分类: text；tags: number, order, queue	https://unpkg.com/lucide-static@latest/icons/list-ordered.svg	free	install	url:https://unpkg.com/lucide-static@latest/icons/list-ordered.svg
lucide	list-plus	ListPlus	multimedia	图标 list-plus；分类: multimedia, text；tags: playlist, add, song, track, new	https://unpkg.com/lucide-static@latest/icons/list-plus.svg	free	install	url:https://unpkg.com/lucide-static@latest/icons/list-plus.svg
lucide	list-restart	ListRestart	multimedia	图标 list-restart；分类: multimedia, text；tags: reset, refresh, reload, playlist, replay	https://unpkg.com/lucide-static@latest/icons/list-restart.svg	free	install	url:https://unpkg.com/lucide-static@latest/icons/list-restart.svg
lucide	list-sort-ascending	ListSortAscending	text	图标 list-sort-ascending；分类: text, layout；tags: list, order, arrangement, organization, sequence, ranking, categories, presentation, filter, sort, ascending, descending, increasing, decreasing, rising, falling	https://unpkg.com/lucide-static@latest/icons/list-sort-ascending.svg	free	install	url:https://unpkg.com/lucide-static@latest/icons/list-sort-ascending.svg
lucide	list-sort-descending	ListSortDescending	text	图标 list-sort-descending；分类: text, layout；tags: list, order, arrangement, organization, sequence, ranking, categories, presentation, filter, sort, ascending, descending, increasing, decreasing, rising, falling	https://unpkg.com/lucide-static@latest/icons/list-sort-descending.svg	free	install	url:https://unpkg.com/lucide-static@latest/icons/list-sort-descending.svg
lucide	list-start	ListStart	multimedia	图标 list-start；分类: multimedia, text；tags: queue, top, start, next, playlist	https://unpkg.com/lucide-static@latest/icons/list-start.svg	free	install	url:https://unpkg.com/lucide-static@latest/icons/list-start.svg
lucide	list-todo	ListTodo	text	图标 list-todo；分类: text；tags: todo, done, check, tick, complete, tasks, items, pending	https://unpkg.com/lucide-static@latest/icons/list-todo.svg	free	install	url:https://unpkg.com/lucide-static@latest/icons/list-todo.svg
lucide	list-tree	ListTree	files	图标 list-tree；分类: files, text, layout；tags: tree, browser	https://unpkg.com/lucide-static@latest/icons/list-tree.svg	free	install	url:https://unpkg.com/lucide-static@latest/icons/list-tree.svg
lucide	list-video	ListVideo	multimedia	图标 list-video；分类: multimedia；tags: playlist, video, playback	https://unpkg.com/lucide-static@latest/icons/list-video.svg	free	install	url:https://unpkg.com/lucide-static@latest/icons/list-video.svg
lucide	list-x	ListX	multimedia	图标 list-x；分类: multimedia, text；tags: playlist, subtract, remove, delete, unqueue	https://unpkg.com/lucide-static@latest/icons/list-x.svg	free	install	url:https://unpkg.com/lucide-static@latest/icons/list-x.svg
lucide	loader	Loader	cursors	图标 loader；分类: cursors, multimedia, layout, design；tags: loading, wait, busy, progress, spinner, spinning, throbber	https://unpkg.com/lucide-static@latest/icons/loader.svg	free	install	url:https://unpkg.com/lucide-static@latest/icons/loader.svg
lucide	loader-circle	LoaderCircle	cursors	图标 loader-circle；分类: cursors, multimedia, layout；tags: loading, wait, busy, progress, spinner, spinning, throbber, circle	https://unpkg.com/lucide-static@latest/icons/loader-circle.svg	free	install	url:https://unpkg.com/lucide-static@latest/icons/loader-circle.svg
lucide	loader-pinwheel	LoaderPinwheel	cursors	图标 loader-pinwheel；分类: cursors, design；tags: loading, wait, busy, progress, throbber, spinner, spinning, beach ball, frozen, freeze	https://unpkg.com/lucide-static@latest/icons/loader-pinwheel.svg	free	install	url:https://unpkg.com/lucide-static@latest/icons/loader-pinwheel.svg
lucide	locate	Locate	navigation	图标 locate；分类: navigation；tags: map, gps, location, cross	https://unpkg.com/lucide-static@latest/icons/locate.svg	free	install	url:https://unpkg.com/lucide-static@latest/icons/locate.svg
lucide	locate-fixed	LocateFixed	navigation	图标 locate-fixed；分类: navigation；tags: map, gps, location, cross	https://unpkg.com/lucide-static@latest/icons/locate-fixed.svg	free	install	url:https://unpkg.com/lucide-static@latest/icons/locate-fixed.svg
lucide	locate-off	LocateOff	navigation	图标 locate-off；分类: navigation；tags: map, gps, location, cross	https://unpkg.com/lucide-static@latest/icons/locate-off.svg	free	install	url:https://unpkg.com/lucide-static@latest/icons/locate-off.svg
lucide	lock	Lock	security	图标 lock；分类: security；tags: security, password, secure, admin	https://unpkg.com/lucide-static@latest/icons/lock.svg	free	install	url:https://unpkg.com/lucide-static@latest/icons/lock.svg
lucide	lock-keyhole	LockKeyhole	security	图标 lock-keyhole；分类: security；tags: security, password, secure, admin	https://unpkg.com/lucide-static@latest/icons/lock-keyhole.svg	free	install	url:https://unpkg.com/lucide-static@latest/icons/lock-keyhole.svg
lucide	lock-keyhole-open	LockKeyholeOpen	security	图标 lock-keyhole-open；分类: security；tags: security	https://unpkg.com/lucide-static@latest/icons/lock-keyhole-open.svg	free	install	url:https://unpkg.com/lucide-static@latest/icons/lock-keyhole-open.svg
lucide	lock-open	LockOpen	security	图标 lock-open；分类: security；tags: security	https://unpkg.com/lucide-static@latest/icons/lock-open.svg	free	install	url:https://unpkg.com/lucide-static@latest/icons/lock-open.svg
lucide	log-in	LogIn	arrows	图标 log-in；分类: arrows, account；tags: sign in, arrow, enter, auth	https://unpkg.com/lucide-static@latest/icons/log-in.svg	free	install	url:https://unpkg.com/lucide-static@latest/icons/log-in.svg
lucide	log-out	LogOut	arrows	图标 log-out；分类: arrows, account；tags: sign out, arrow, exit, auth	https://unpkg.com/lucide-static@latest/icons/log-out.svg	free	install	url:https://unpkg.com/lucide-static@latest/icons/log-out.svg
lucide	logs	Logs	text	图标 logs；分类: text；tags: options, list, menu, order, queue, tasks, logs	https://unpkg.com/lucide-static@latest/icons/logs.svg	free	install	url:https://unpkg.com/lucide-static@latest/icons/logs.svg
lucide	lollipop	Lollipop	food-beverage	图标 lollipop；分类: food-beverage；tags: lolly, candy, sugar, food, sweet, dessert, spiral	https://unpkg.com/lucide-static@latest/icons/lollipop.svg	free	install	url:https://unpkg.com/lucide-static@latest/icons/lollipop.svg
lucide	luggage	Luggage	travel	图标 luggage；分类: travel, transportation；tags: baggage, luggage, travel, suitcase	https://unpkg.com/lucide-static@latest/icons/luggage.svg	free	install	url:https://unpkg.com/lucide-static@latest/icons/luggage.svg
lucide	magnet	Magnet	design	图标 magnet；分类: design；tags: horseshoe, lock, science, snap	https://unpkg.com/lucide-static@latest/icons/magnet.svg	free	install	url:https://unpkg.com/lucide-static@latest/icons/magnet.svg
lucide	mail	Mail	text	图标 mail；分类: text, account, mail；tags: email, message, letter, unread	https://unpkg.com/lucide-static@latest/icons/mail.svg	free	install	url:https://unpkg.com/lucide-static@latest/icons/mail.svg
lucide	mail-badge	MailBadge	mail	图标 mail-badge；分类: mail, communication, security；tags: email, message, letter, certified, registered, seal, stamp, verified, envelope, rosette, signed, official, delivery	https://unpkg.com/lucide-static@latest/icons/mail-badge.svg	free	install	url:https://unpkg.com/lucide-static@latest/icons/mail-badge.svg
lucide	mail-check	MailCheck	mail	图标 mail-check；分类: mail；tags: email, message, letter, subscribe, delivered, success, read, done, todo, tick, complete, task	https://unpkg.com/lucide-static@latest/icons/mail-check.svg	free	install	url:https://unpkg.com/lucide-static@latest/icons/mail-check.svg
lucide	mail-clock	MailClock	text	图标 mail-clock；分类: text, account, mail, time, notifications, communication；tags: email, message, letter, unread, scheduled, delayed, sendlater, delivery, reminder, pending, outgoing, timer	https://unpkg.com/lucide-static@latest/icons/mail-clock.svg	free	install	url:https://unpkg.com/lucide-static@latest/icons/mail-clock.svg
lucide	mail-minus	MailMinus	mail	图标 mail-minus；分类: mail；tags: email, message, letter, remove, delete	https://unpkg.com/lucide-static@latest/icons/mail-minus.svg	free	install	url:https://unpkg.com/lucide-static@latest/icons/mail-minus.svg
lucide	mail-open	MailOpen	mail	图标 mail-open；分类: mail；tags: email, message, letter, read	https://unpkg.com/lucide-static@latest/icons/mail-open.svg	free	install	url:https://unpkg.com/lucide-static@latest/icons/mail-open.svg
lucide	mail-pen	MailPen	mail	图标 mail-pen；分类: mail；tags: email, message, letter, pen, edit, compose, draft, write, writing, create, reply	https://unpkg.com/lucide-static@latest/icons/mail-pen.svg	free	install	url:https://unpkg.com/lucide-static@latest/icons/mail-pen.svg
lucide	mail-plus	MailPlus	mail	图标 mail-plus；分类: mail；tags: email, message, letter, add, create, new, compose	https://unpkg.com/lucide-static@latest/icons/mail-plus.svg	free	install	url:https://unpkg.com/lucide-static@latest/icons/mail-plus.svg
lucide	mail-question-mark	MailQuestionMark	mail	图标 mail-question-mark；分类: mail；tags: email, message, letter, delivery, undelivered	https://unpkg.com/lucide-static@latest/icons/mail-question-mark.svg	free	install	url:https://unpkg.com/lucide-static@latest/icons/mail-question-mark.svg
lucide	mail-search	MailSearch	mail	图标 mail-search；分类: mail；tags: email, message, letter, search, lens	https://unpkg.com/lucide-static@latest/icons/mail-search.svg	free	install	url:https://unpkg.com/lucide-static@latest/icons/mail-search.svg
lucide	mail-warning	MailWarning	mail	图标 mail-warning；分类: mail；tags: email, message, letter, delivery error, exclamation mark	https://unpkg.com/lucide-static@latest/icons/mail-warning.svg	free	install	url:https://unpkg.com/lucide-static@latest/icons/mail-warning.svg
lucide	mail-x	MailX	mail	图标 mail-x；分类: mail；tags: email, message, letter, remove, delete	https://unpkg.com/lucide-static@latest/icons/mail-x.svg	free	install	url:https://unpkg.com/lucide-static@latest/icons/mail-x.svg
lucide	mailbox	Mailbox	mail	图标 mailbox；分类: mail；tags: emails, messages, letters, mailing list, newsletter	https://unpkg.com/lucide-static@latest/icons/mailbox.svg	free	install	url:https://unpkg.com/lucide-static@latest/icons/mailbox.svg
lucide	mails	Mails	mail	图标 mails；分类: mail；tags: emails, messages, letters, multiple, mailing list, newsletter, copy	https://unpkg.com/lucide-static@latest/icons/mails.svg	free	install	url:https://unpkg.com/lucide-static@latest/icons/mails.svg
lucide	map	Map	text	图标 map；分类: text, navigation；tags: location, navigation, travel	https://unpkg.com/lucide-static@latest/icons/map.svg	free	install	url:https://unpkg.com/lucide-static@latest/icons/map.svg
lucide	map-minus	MapMinus	navigation	图标 map-minus；分类: navigation, travel；tags: location, navigation, travel, drop, delete, remove, erase	https://unpkg.com/lucide-static@latest/icons/map-minus.svg	free	install	url:https://unpkg.com/lucide-static@latest/icons/map-minus.svg
lucide	map-pin	MapPin	navigation	图标 map-pin；分类: navigation, travel, account；tags: location, waypoint, marker, drop	https://unpkg.com/lucide-static@latest/icons/map-pin.svg	free	install	url:https://unpkg.com/lucide-static@latest/icons/map-pin.svg
lucide	map-pin-check	MapPinCheck	navigation	图标 map-pin-check；分类: navigation, travel, account；tags: location, waypoint, marker, drop, done, tick, complete, task, added	https://unpkg.com/lucide-static@latest/icons/map-pin-check.svg	free	install	url:https://unpkg.com/lucide-static@latest/icons/map-pin-check.svg
lucide	map-pin-check-inside	MapPinCheckInside	navigation	图标 map-pin-check-inside；分类: navigation, travel, account；tags: location, waypoint, marker, drop, done, tick, complete, task, added	https://unpkg.com/lucide-static@latest/icons/map-pin-check-inside.svg	free	install	url:https://unpkg.com/lucide-static@latest/icons/map-pin-check-inside.svg
lucide	map-pin-house	MapPinHouse	navigation	图标 map-pin-house；分类: navigation, travel, account；tags: location, waypoint, marker, drop, home, living, building, residence, architecture, address, poi, real estate, property, navigation, destination, geolocation, place, landmark	https://unpkg.com/lucide-static@latest/icons/map-pin-house.svg	free	install	url:https://unpkg.com/lucide-static@latest/icons/map-pin-house.svg
lucide	map-pin-minus	MapPinMinus	navigation	图标 map-pin-minus；分类: navigation, travel, account；tags: location, waypoint, marker, drop, delete, remove, erase	https://unpkg.com/lucide-static@latest/icons/map-pin-minus.svg	free	install	url:https://unpkg.com/lucide-static@latest/icons/map-pin-minus.svg
lucide	map-pin-minus-inside	MapPinMinusInside	navigation	图标 map-pin-minus-inside；分类: navigation, travel, account；tags: location, waypoint, marker, drop, delete, remove, erase	https://unpkg.com/lucide-static@latest/icons/map-pin-minus-inside.svg	free	install	url:https://unpkg.com/lucide-static@latest/icons/map-pin-minus-inside.svg
lucide	map-pin-off	MapPinOff	navigation	图标 map-pin-off；分类: navigation, travel；tags: location, waypoint, marker, remove	https://unpkg.com/lucide-static@latest/icons/map-pin-off.svg	free	install	url:https://unpkg.com/lucide-static@latest/icons/map-pin-off.svg
lucide	map-pin-pen	MapPinPen	navigation	图标 map-pin-pen；分类: navigation, travel, account；tags: location, waypoint, marker, drop, edit	https://unpkg.com/lucide-static@latest/icons/map-pin-pen.svg	free	install	url:https://unpkg.com/lucide-static@latest/icons/map-pin-pen.svg
lucide	map-pin-plus	MapPinPlus	navigation	图标 map-pin-plus；分类: navigation, travel, account；tags: location, waypoint, marker, drop, add, create, new	https://unpkg.com/lucide-static@latest/icons/map-pin-plus.svg	free	install	url:https://unpkg.com/lucide-static@latest/icons/map-pin-plus.svg
lucide	map-pin-plus-inside	MapPinPlusInside	navigation	图标 map-pin-plus-inside；分类: navigation, travel, account；tags: location, waypoint, marker, drop, add, create, new	https://unpkg.com/lucide-static@latest/icons/map-pin-plus-inside.svg	free	install	url:https://unpkg.com/lucide-static@latest/icons/map-pin-plus-inside.svg
lucide	map-pin-search	MapPinSearch	text	图标 map-pin-search；分类: text, navigation, travel, account；tags: location, navigation, travel, waypoint, marker, drop	https://unpkg.com/lucide-static@latest/icons/map-pin-search.svg	free	install	url:https://unpkg.com/lucide-static@latest/icons/map-pin-search.svg
lucide	map-pin-x	MapPinX	navigation	图标 map-pin-x；分类: navigation, travel, account；tags: location, waypoint, marker, drop, delete, remove, erase	https://unpkg.com/lucide-static@latest/icons/map-pin-x.svg	free	install	url:https://unpkg.com/lucide-static@latest/icons/map-pin-x.svg
lucide	map-pin-x-inside	MapPinXInside	navigation	图标 map-pin-x-inside；分类: navigation, travel, account；tags: location, waypoint, marker, drop, delete, remove, erase	https://unpkg.com/lucide-static@latest/icons/map-pin-x-inside.svg	free	install	url:https://unpkg.com/lucide-static@latest/icons/map-pin-x-inside.svg
lucide	map-pinned	MapPinned	navigation	图标 map-pinned；分类: navigation, travel, account；tags: location, waypoint, marker, drop	https://unpkg.com/lucide-static@latest/icons/map-pinned.svg	free	install	url:https://unpkg.com/lucide-static@latest/icons/map-pinned.svg
lucide	map-plus	MapPlus	navigation	图标 map-plus；分类: navigation；tags: location, navigation, travel, new, add, create	https://unpkg.com/lucide-static@latest/icons/map-plus.svg	free	install	url:https://unpkg.com/lucide-static@latest/icons/map-plus.svg
lucide	mars	Mars	medical	图标 mars；分类: medical；tags: gender, sex, male, masculine, man, boy	https://unpkg.com/lucide-static@latest/icons/mars.svg	free	install	url:https://unpkg.com/lucide-static@latest/icons/mars.svg
lucide	mars-stroke	MarsStroke	medical	图标 mars-stroke；分类: medical；tags: gender, androgyne, transgender	https://unpkg.com/lucide-static@latest/icons/mars-stroke.svg	free	install	url:https://unpkg.com/lucide-static@latest/icons/mars-stroke.svg
lucide	martini	Martini	food-beverage	图标 martini；分类: food-beverage；tags: cocktail, alcohol, beverage, bar, drink, glass, spirit, party, celebration, mixer	https://unpkg.com/lucide-static@latest/icons/martini.svg	free	install	url:https://unpkg.com/lucide-static@latest/icons/martini.svg
lucide	maximize	Maximize	layout	图标 maximize；分类: layout, design；tags: fullscreen, expand, dashed	https://unpkg.com/lucide-static@latest/icons/maximize.svg	free	install	url:https://unpkg.com/lucide-static@latest/icons/maximize.svg
lucide	maximize-2	Maximize2	arrows	图标 maximize-2；分类: arrows, layout, design；tags: fullscreen, arrows, expand	https://unpkg.com/lucide-static@latest/icons/maximize-2.svg	free	install	url:https://unpkg.com/lucide-static@latest/icons/maximize-2.svg
lucide	medal	Medal	sports	图标 medal；分类: sports, gaming；tags: prize, sports, winner, trophy, award, achievement	https://unpkg.com/lucide-static@latest/icons/medal.svg	free	install	url:https://unpkg.com/lucide-static@latest/icons/medal.svg
lucide	megaphone	Megaphone	multimedia	图标 megaphone；分类: multimedia, notifications；tags: advertisement, announcement, attention, alert, loudspeaker, megaphone, notification	https://unpkg.com/lucide-static@latest/icons/megaphone.svg	free	install	url:https://unpkg.com/lucide-static@latest/icons/megaphone.svg
lucide	megaphone-off	MegaphoneOff	multimedia	图标 megaphone-off；分类: multimedia, notifications；tags: advertisement, announcement, attention, alert, loudspeaker, megaphone, notification, disable, silent	https://unpkg.com/lucide-static@latest/icons/megaphone-off.svg	free	install	url:https://unpkg.com/lucide-static@latest/icons/megaphone-off.svg
lucide	memory-stick	MemoryStick	devices	图标 memory-stick；分类: devices, gaming；tags: ram, random access, technology, computer, chip, circuit, specs, capacity, gigabytes, gb	https://unpkg.com/lucide-static@latest/icons/memory-stick.svg	free	install	url:https://unpkg.com/lucide-static@latest/icons/memory-stick.svg
lucide	menu	Menu	layout	图标 menu；分类: layout, account；tags: bars, navigation, hamburger, options	https://unpkg.com/lucide-static@latest/icons/menu.svg	free	install	url:https://unpkg.com/lucide-static@latest/icons/menu.svg
lucide	merge	Merge	development	图标 merge；分类: development, arrows；tags: combine, join, unite	https://unpkg.com/lucide-static@latest/icons/merge.svg	free	install	url:https://unpkg.com/lucide-static@latest/icons/merge.svg
lucide	message-circle	MessageCircle	social	图标 message-circle；分类: social；tags: comment, chat, conversation, dialog, feedback, speech bubble	https://unpkg.com/lucide-static@latest/icons/message-circle.svg	free	install	url:https://unpkg.com/lucide-static@latest/icons/message-circle.svg
lucide	message-circle-check	MessageCircleCheck	social	图标 message-circle-check；分类: social, account；tags: comment, chat, conversation, dialog, feedback, speech bubble, moderate, check, done, todo, complete	https://unpkg.com/lucide-static@latest/icons/message-circle-check.svg	free	install	url:https://unpkg.com/lucide-static@latest/icons/message-circle-check.svg
lucide	message-circle-code	MessageCircleCode	development	图标 message-circle-code；分类: development, social；tags: comment, chat, conversation, dialog, feedback, speech bubble, code review, coding	https://unpkg.com/lucide-static@latest/icons/message-circle-code.svg	free	install	url:https://unpkg.com/lucide-static@latest/icons/message-circle-code.svg
lucide	message-circle-dashed	MessageCircleDashed	social	图标 message-circle-dashed；分类: social；tags: comment, chat, conversation, dialog, feedback, speech bubble, draft	https://unpkg.com/lucide-static@latest/icons/message-circle-dashed.svg	free	install	url:https://unpkg.com/lucide-static@latest/icons/message-circle-dashed.svg
lucide	message-circle-dashed-check	MessageCircleDashedCheck	social	图标 message-circle-dashed-check；分类: social, account；tags: comment, chat, conversation, dialog, feedback, speech bubble, draft, pending, provisional, verification, confirmation, success, status, check, approval, moderate, resolved, done, complete	https://unpkg.com/lucide-static@latest/icons/message-circle-dashed-check.svg	free	install	url:https://unpkg.com/lucide-static@latest/icons/message-circle-dashed-check.svg
lucide	message-circle-heart	MessageCircleHeart	social	图标 message-circle-heart；分类: social；tags: comment, chat, conversation, dialog, feedback, positive, like, love, interest, valentine, dating, date, speech bubble	https://unpkg.com/lucide-static@latest/icons/message-circle-heart.svg	free	install	url:https://unpkg.com/lucide-static@latest/icons/message-circle-heart.svg
lucide	message-circle-more	MessageCircleMore	social	图标 message-circle-more；分类: social；tags: comment, chat, conversation, dialog, feedback, speech bubble, typing, writing, responding, ellipsis, etc, et cetera, ..., …	https://unpkg.com/lucide-static@latest/icons/message-circle-more.svg	free	install	url:https://unpkg.com/lucide-static@latest/icons/message-circle-more.svg
lucide	message-circle-off	MessageCircleOff	social	图标 message-circle-off；分类: social；tags: comment, chat, conversation, dialog, feedback, speech bubble, clear, close, delete, remove, cancel, silence, mute, moderate	https://unpkg.com/lucide-static@latest/icons/message-circle-off.svg	free	install	url:https://unpkg.com/lucide-static@latest/icons/message-circle-off.svg
lucide	message-circle-plus	MessageCirclePlus	social	图标 message-circle-plus；分类: social；tags: comment, chat, conversation, dialog, feedback, speech bubble, add	https://unpkg.com/lucide-static@latest/icons/message-circle-plus.svg	free	install	url:https://unpkg.com/lucide-static@latest/icons/message-circle-plus.svg
lucide	message-circle-question-mark	MessageCircleQuestionMark	social	图标 message-circle-question-mark；分类: social；tags: comment, chat, conversation, dialog, feedback, speech bubble, help	https://unpkg.com/lucide-static@latest/icons/message-circle-question-mark.svg	free	install	url:https://unpkg.com/lucide-static@latest/icons/message-circle-question-mark.svg
lucide	message-circle-reply	MessageCircleReply	social	图标 message-circle-reply；分类: social；tags: comment, chat, conversation, dialog, feedback, speech bubble, reply, response	https://unpkg.com/lucide-static@latest/icons/message-circle-reply.svg	free	install	url:https://unpkg.com/lucide-static@latest/icons/message-circle-reply.svg
lucide	message-circle-warning	MessageCircleWarning	social	图标 message-circle-warning；分类: social, notifications；tags: comment, chat, conversation, dialog, feedback, speech bubble, report, abuse, offense, alert, danger, caution, protected, exclamation mark	https://unpkg.com/lucide-static@latest/icons/message-circle-warning.svg	free	install	url:https://unpkg.com/lucide-static@latest/icons/message-circle-warning.svg
lucide	message-circle-x	MessageCircleX	account	图标 message-circle-x；分类: account, social；tags: comment, chat, conversation, dialog, feedback, speech bubble, clear, close, delete, remove, cancel, silence, mute, moderate	https://unpkg.com/lucide-static@latest/icons/message-circle-x.svg	free	install	url:https://unpkg.com/lucide-static@latest/icons/message-circle-x.svg
lucide	message-square	MessageSquare	social	图标 message-square；分类: social；tags: comment, chat, conversation, dialog, feedback, speech bubble	https://unpkg.com/lucide-static@latest/icons/message-square.svg	free	install	url:https://unpkg.com/lucide-static@latest/icons/message-square.svg
lucide	message-square-check	MessageSquareCheck	social	图标 message-square-check；分类: social, account；tags: comment, chat, conversation, dialog, feedback, speech bubble, moderate, check, done, todo, complete	https://unpkg.com/lucide-static@latest/icons/message-square-check.svg	free	install	url:https://unpkg.com/lucide-static@latest/icons/message-square-check.svg
lucide	message-square-code	MessageSquareCode	development	图标 message-square-code；分类: development, social；tags: comment, chat, conversation, dialog, feedback, speech bubble, code review, coding	https://unpkg.com/lucide-static@latest/icons/message-square-code.svg	free	install	url:https://unpkg.com/lucide-static@latest/icons/message-square-code.svg
lucide	message-square-dashed	MessageSquareDashed	social	图标 message-square-dashed；分类: social；tags: comment, chat, conversation, dialog, feedback, speech bubble, draft	https://unpkg.com/lucide-static@latest/icons/message-square-dashed.svg	free	install	url:https://unpkg.com/lucide-static@latest/icons/message-square-dashed.svg
lucide	message-square-diff	MessageSquareDiff	development	图标 message-square-diff；分类: development, files, social；tags: comment, chat, conversation, dialog, feedback, speech bubble, add, patch, difference, plus, minus, plus-minus, math, code review, coding, version control, git	https://unpkg.com/lucide-static@latest/icons/message-square-diff.svg	free	install	url:https://unpkg.com/lucide-static@latest/icons/message-square-diff.svg
lucide	message-square-dot	MessageSquareDot	social	图标 message-square-dot；分类: social, notifications；tags: unread, unresolved, comment, chat, conversation, dialog, feedback, speech bubble	https://unpkg.com/lucide-static@latest/icons/message-square-dot.svg	free	install	url:https://unpkg.com/lucide-static@latest/icons/message-square-dot.svg
lucide	message-square-heart	MessageSquareHeart	social	图标 message-square-heart；分类: social；tags: comment, chat, conversation, dialog, feedback, positive, like, love, interest, valentine, dating, date, speech bubble	https://unpkg.com/lucide-static@latest/icons/message-square-heart.svg	free	install	url:https://unpkg.com/lucide-static@latest/icons/message-square-heart.svg
lucide	message-square-lock	MessageSquareLock	social	图标 message-square-lock；分类: social；tags: comment, chat, conversation, dialog, feedback, speech bubble, secure, encrypted	https://unpkg.com/lucide-static@latest/icons/message-square-lock.svg	free	install	url:https://unpkg.com/lucide-static@latest/icons/message-square-lock.svg
lucide	message-square-more	MessageSquareMore	social	图标 message-square-more；分类: social；tags: comment, chat, conversation, dialog, feedback, speech bubble, typing, writing, responding, ellipsis, etc, et cetera, ..., …	https://unpkg.com/lucide-static@latest/icons/message-square-more.svg	free	install	url:https://unpkg.com/lucide-static@latest/icons/message-square-more.svg
lucide	message-square-off	MessageSquareOff	social	图标 message-square-off；分类: social；tags: comment, chat, conversation, dialog, feedback, speech bubble, clear, close, delete, remove, cancel, silence, mute, moderate	https://unpkg.com/lucide-static@latest/icons/message-square-off.svg	free	install	url:https://unpkg.com/lucide-static@latest/icons/message-square-off.svg
lucide	message-square-plus	MessageSquarePlus	social	图标 message-square-plus；分类: social；tags: comment, chat, conversation, dialog, feedback, speech bubble, add	https://unpkg.com/lucide-static@latest/icons/message-square-plus.svg	free	install	url:https://unpkg.com/lucide-static@latest/icons/message-square-plus.svg
lucide	message-square-quote	MessageSquareQuote	social	图标 message-square-quote；分类: social, text；tags: comment, chat, conversation, dialog, feedback, speech bubble, blockquote, quotation, indent, reply, response	https://unpkg.com/lucide-static@latest/icons/message-square-quote.svg	free	install	url:https://unpkg.com/lucide-static@latest/icons/message-square-quote.svg
lucide	message-square-reply	MessageSquareReply	social	图标 message-square-reply；分类: social；tags: comment, chat, conversation, dialog, feedback, speech bubble, reply, response	https://unpkg.com/lucide-static@latest/icons/message-square-reply.svg	free	install	url:https://unpkg.com/lucide-static@latest/icons/message-square-reply.svg
lucide	message-square-share	MessageSquareShare	social	图标 message-square-share；分类: social；tags: comment, chat, conversation, dialog, feedback, speech bubble, network, forward	https://unpkg.com/lucide-static@latest/icons/message-square-share.svg	free	install	url:https://unpkg.com/lucide-static@latest/icons/message-square-share.svg
lucide	message-square-text	MessageSquareText	social	图标 message-square-text；分类: social；tags: comment, chat, conversation, dialog, feedback, speech bubble	https://unpkg.com/lucide-static@latest/icons/message-square-text.svg	free	install	url:https://unpkg.com/lucide-static@latest/icons/message-square-text.svg
lucide	message-square-warning	MessageSquareWarning	social	图标 message-square-warning；分类: social, notifications；tags: comment, chat, conversation, dialog, feedback, speech bubble, report, abuse, offense, alert, danger, caution, protected, exclamation mark	https://unpkg.com/lucide-static@latest/icons/message-square-warning.svg	free	install	url:https://unpkg.com/lucide-static@latest/icons/message-square-warning.svg
lucide	message-square-x	MessageSquareX	social	图标 message-square-x；分类: social；tags: comment, chat, conversation, dialog, feedback, speech bubble, clear, close, delete, remove, cancel, silence, mute, moderate	https://unpkg.com/lucide-static@latest/icons/message-square-x.svg	free	install	url:https://unpkg.com/lucide-static@latest/icons/message-square-x.svg
lucide	messages-circle	MessagesCircle	social	图标 messages-circle；分类: social, communication, notifications；tags: comment, chat, conversation, dialog, feedback, speech bubbles, copy, multiple, discussion, interview, debate, group, groupchat, threads, unread, bubble, messaging	https://unpkg.com/lucide-static@latest/icons/messages-circle.svg	free	install	url:https://unpkg.com/lucide-static@latest/icons/messages-circle.svg
lucide	messages-square	MessagesSquare	social	图标 messages-square；分类: social；tags: comment, chat, conversation, dialog, feedback, speech bubbles, copy, multiple, discussion, interview, debate	https://unpkg.com/lucide-static@latest/icons/messages-square.svg	free	install	url:https://unpkg.com/lucide-static@latest/icons/messages-square.svg
lucide	metronome	Metronome	multimedia	图标 metronome；分类: multimedia, time；tags: metronome, tempo, rhythm, beat, bpm, music, audio, sound, practice, timing, timer, time, pulse, sync, cadence, control, playback, studio, tool	https://unpkg.com/lucide-static@latest/icons/metronome.svg	free	install	url:https://unpkg.com/lucide-static@latest/icons/metronome.svg
lucide	mic	Mic	devices	图标 mic；分类: devices, communication, connectivity, multimedia；tags: record, sound, listen, radio, podcast, microphone	https://unpkg.com/lucide-static@latest/icons/mic.svg	free	install	url:https://unpkg.com/lucide-static@latest/icons/mic.svg
lucide	mic-audio-lines	MicAudioLines	devices	图标 mic-audio-lines；分类: devices, communication, multimedia；tags: podcast, audio, waveform, sound waves, microphone, talk, voice, speech, stream, recording, transcription, dictation, voice assistant, noise cancellation, sound processing	https://unpkg.com/lucide-static@latest/icons/mic-audio-lines.svg	free	install	url:https://unpkg.com/lucide-static@latest/icons/mic-audio-lines.svg
lucide	mic-off	MicOff	devices	图标 mic-off；分类: devices, communication, connectivity, multimedia；tags: record, sound, mute, microphone	https://unpkg.com/lucide-static@latest/icons/mic-off.svg	free	install	url:https://unpkg.com/lucide-static@latest/icons/mic-off.svg
lucide	mic-signal	MicSignal	devices	图标 mic-signal；分类: devices, communication, connectivity, multimedia；tags: podcast, audio, broadcast, signal, wireless, radio, airwaves, microphone, talk, voice, speech, stream, live, voice chat, push to talk, transmission	https://unpkg.com/lucide-static@latest/icons/mic-signal.svg	free	install	url:https://unpkg.com/lucide-static@latest/icons/mic-signal.svg
lucide	mic-vocal	MicVocal	devices	图标 mic-vocal；分类: devices, multimedia；tags: lyrics, voice, listen, sound, music, radio, podcast, karaoke, singing, microphone	https://unpkg.com/lucide-static@latest/icons/mic-vocal.svg	free	install	url:https://unpkg.com/lucide-static@latest/icons/mic-vocal.svg
lucide	microchip	Microchip	devices	图标 microchip；分类: devices；tags: processor, cores, technology, computer, chip, integrated circuit, memory, ram, specs, gpu, gigahertz, ghz	https://unpkg.com/lucide-static@latest/icons/microchip.svg	free	install	url:https://unpkg.com/lucide-static@latest/icons/microchip.svg
lucide	microscope	Microscope	science	图标 microscope；分类: science, medical；tags: medical, education, science, imaging, research	https://unpkg.com/lucide-static@latest/icons/microscope.svg	free	install	url:https://unpkg.com/lucide-static@latest/icons/microscope.svg
lucide	microwave	Microwave	food-beverage	图标 microwave；分类: food-beverage, home；tags: oven, cooker, toaster oven, bake	https://unpkg.com/lucide-static@latest/icons/microwave.svg	free	install	url:https://unpkg.com/lucide-static@latest/icons/microwave.svg
lucide	midi-port	MidiPort	multimedia	图标 midi-port；分类: multimedia, connectivity, devices；tags: musical instrument digital interface, port, connector, socket, jack, din, 5-pin, audio, music, synthesizer, keyboard, controller, interface, input, output, io	https://unpkg.com/lucide-static@latest/icons/midi-port.svg	free	install	url:https://unpkg.com/lucide-static@latest/icons/midi-port.svg
lucide	milestone	Milestone	arrows	图标 milestone；分类: arrows, navigation, development, gaming；tags: signpost, direction, right, east, forward, version control, waypoint	https://unpkg.com/lucide-static@latest/icons/milestone.svg	free	install	url:https://unpkg.com/lucide-static@latest/icons/milestone.svg
lucide	milk	Milk	food-beverage	图标 milk；分类: food-beverage；tags: lactose, bottle, beverage, drink, water, diet	https://unpkg.com/lucide-static@latest/icons/milk.svg	free	install	url:https://unpkg.com/lucide-static@latest/icons/milk.svg
lucide	milk-off	MilkOff	food-beverage	图标 milk-off；分类: food-beverage；tags: lactose free, bottle, beverage, drink, water, allergy, intolerance, diet	https://unpkg.com/lucide-static@latest/icons/milk-off.svg	free	install	url:https://unpkg.com/lucide-static@latest/icons/milk-off.svg
lucide	minimize	Minimize	layout	图标 minimize；分类: layout, design；tags: exit fullscreen, close, shrink	https://unpkg.com/lucide-static@latest/icons/minimize.svg	free	install	url:https://unpkg.com/lucide-static@latest/icons/minimize.svg
lucide	minimize-2	Minimize2	arrows	图标 minimize-2；分类: arrows, layout, design；tags: exit fullscreen, arrows, close, shrink	https://unpkg.com/lucide-static@latest/icons/minimize-2.svg	free	install	url:https://unpkg.com/lucide-static@latest/icons/minimize-2.svg
lucide	minus	Minus	math	图标 minus；分类: math, development, text, tools；tags: subtract, remove, decrease, decrement, reduce, negative, calculate, line, divider, separator, horizontal rule, hr, html, markup, markdown, ---, toolbar, operator, code, coding, minimum, downgrade	https://unpkg.com/lucide-static@latest/icons/minus.svg	free	install	url:https://unpkg.com/lucide-static@latest/icons/minus.svg
lucide	mirror-rectangular	MirrorRectangular	science	图标 mirror-rectangular；分类: science, home, tools；tags: reflection, optics, glass, surface, image, physics, science, bathroom, decor, cosmetic, shiny, periscope, vanity	https://unpkg.com/lucide-static@latest/icons/mirror-rectangular.svg	free	install	url:https://unpkg.com/lucide-static@latest/icons/mirror-rectangular.svg
lucide	mirror-round	MirrorRound	science	图标 mirror-round；分类: science, home, tools；tags: reflection, optics, glass, surface, image, physics, science, bathroom, vanity, makeup, decor, cosmetic, shiny, periscope	https://unpkg.com/lucide-static@latest/icons/mirror-round.svg	free	install	url:https://unpkg.com/lucide-static@latest/icons/mirror-round.svg
lucide	monitor	Monitor	connectivity	图标 monitor；分类: connectivity, devices；tags: tv, computer, desktop, screen, display, external display, screen sharing, virtual machine, vm	https://unpkg.com/lucide-static@latest/icons/monitor.svg	free	install	url:https://unpkg.com/lucide-static@latest/icons/monitor.svg
lucide	monitor-check	MonitorCheck	connectivity	图标 monitor-check；分类: connectivity, devices；tags: tv, computer, screen, display, desktop, external display, screen sharing, connected, success, verified, running, active, virtual machine, vm	https://unpkg.com/lucide-static@latest/icons/monitor-check.svg	free	install	url:https://unpkg.com/lucide-static@latest/icons/monitor-check.svg
lucide	monitor-cloud	MonitorCloud	connectivity	图标 monitor-cloud；分类: connectivity, devices, development；tags: tv, computer, screen, display, desktop, external display, virtual machine, virtual desktop, vm, vdi, computing, remote work, monitoring, infrastructure, software as a service, saas, workstation, environment	https://unpkg.com/lucide-static@latest/icons/monitor-cloud.svg	free	install	url:https://unpkg.com/lucide-static@latest/icons/monitor-cloud.svg
lucide	monitor-cog	MonitorCog	connectivity	图标 monitor-cog；分类: connectivity, devices；tags: tv, computer, screen, display, desktop, external display, virtual machine, vm, executable, settings, edit, gear, configuration, preferences, system, control panel, network, computing	https://unpkg.com/lucide-static@latest/icons/monitor-cog.svg	free	install	url:https://unpkg.com/lucide-static@latest/icons/monitor-cog.svg
lucide	monitor-dot	MonitorDot	connectivity	图标 monitor-dot；分类: connectivity, devices；tags: tv, computer, screen, display, desktop, external display, screen sharing, status, notification, indicator, running, active, virtual machine, vm	https://unpkg.com/lucide-static@latest/icons/monitor-dot.svg	free	install	url:https://unpkg.com/lucide-static@latest/icons/monitor-dot.svg
lucide	monitor-down	MonitorDown	connectivity	图标 monitor-down；分类: connectivity, devices；tags: tv, computer, screen, display, desktop, external display, screen sharing, download, remote, cast	https://unpkg.com/lucide-static@latest/icons/monitor-down.svg	free	install	url:https://unpkg.com/lucide-static@latest/icons/monitor-down.svg
lucide	monitor-off	MonitorOff	connectivity	图标 monitor-off；分类: connectivity, devices；tags: tv, computer, screen, display, desktop, external display, screen sharing, offline, disabled, disconnected, power	https://unpkg.com/lucide-static@latest/icons/monitor-off.svg	free	install	url:https://unpkg.com/lucide-static@latest/icons/monitor-off.svg
lucide	monitor-pause	MonitorPause	connectivity	图标 monitor-pause；分类: connectivity, devices, multimedia；tags: tv, computer, screen, display, desktop, external display, screen sharing, video, movie, film, pause, suspend, hibernate, boot, virtual machine, vm	https://unpkg.com/lucide-static@latest/icons/monitor-pause.svg	free	install	url:https://unpkg.com/lucide-static@latest/icons/monitor-pause.svg
lucide	monitor-pc	MonitorPc	devices	图标 monitor-pc；分类: devices, development, gaming；tags: personal computer, desktop, screen, display, workstation, tower, chassis, hardware, setup, gaming	https://unpkg.com/lucide-static@latest/icons/monitor-pc.svg	free	install	url:https://unpkg.com/lucide-static@latest/icons/monitor-pc.svg
lucide	monitor-play	MonitorPlay	connectivity	图标 monitor-play；分类: connectivity, devices, multimedia；tags: tv, computer, screen, display, desktop, external display, screen sharing, video, movie, film, play, running, start, boot, virtual machine, vm	https://unpkg.com/lucide-static@latest/icons/monitor-play.svg	free	install	url:https://unpkg.com/lucide-static@latest/icons/monitor-play.svg
lucide	monitor-smartphone	MonitorSmartphone	connectivity	图标 monitor-smartphone；分类: connectivity, devices；tags: phone, cellphone, device, mobile, desktop, screen, display, external display, screen sharing, responsive, screens, sync, cast	https://unpkg.com/lucide-static@latest/icons/monitor-smartphone.svg	free	install	url:https://unpkg.com/lucide-static@latest/icons/monitor-smartphone.svg
lucide	monitor-speaker	MonitorSpeaker	connectivity	图标 monitor-speaker；分类: connectivity, devices；tags: tv, computer, screen, display, desktop, external display, connect, cast, audio, sound, volume, presentation	https://unpkg.com/lucide-static@latest/icons/monitor-speaker.svg	free	install	url:https://unpkg.com/lucide-static@latest/icons/monitor-speaker.svg
lucide	monitor-stop	MonitorStop	connectivity	图标 monitor-stop；分类: connectivity, devices, multimedia；tags: tv, computer, screen, display, desktop, external display, screen sharing, video, movie, film, stop, shutdown, virtual machine, vm	https://unpkg.com/lucide-static@latest/icons/monitor-stop.svg	free	install	url:https://unpkg.com/lucide-static@latest/icons/monitor-stop.svg
lucide	monitor-up	MonitorUp	connectivity	图标 monitor-up；分类: connectivity, devices；tags: tv, computer, screen, display, desktop, external display, upload, connect, remote, screen sharing, cast	https://unpkg.com/lucide-static@latest/icons/monitor-up.svg	free	install	url:https://unpkg.com/lucide-static@latest/icons/monitor-up.svg
lucide	monitor-x	MonitorX	connectivity	图标 monitor-x；分类: connectivity, devices；tags: tv, computer, screen, display, desktop, external display, screen sharing, virtual machine, vm, close, error, failed, disconnected, stop, suspend, remove, delete	https://unpkg.com/lucide-static@latest/icons/monitor-x.svg	free	install	url:https://unpkg.com/lucide-static@latest/icons/monitor-x.svg
lucide	moon	Moon	accessibility	图标 moon；分类: accessibility；tags: dark, night	https://unpkg.com/lucide-static@latest/icons/moon.svg	free	install	url:https://unpkg.com/lucide-static@latest/icons/moon.svg
lucide	moon-star	MoonStar	accessibility	图标 moon-star；分类: accessibility, weather；tags: dark, night, star	https://unpkg.com/lucide-static@latest/icons/moon-star.svg	free	install	url:https://unpkg.com/lucide-static@latest/icons/moon-star.svg
lucide	mop	Mop	home	图标 mop；分类: home, tools；tags: cleaning, sweeping, scrubbing, housekeeping, hygiene, sanitation, chores, swab, tidy, floor, janitor, maintenance, wash, wipe, spotless, pristine, disinfect	https://unpkg.com/lucide-static@latest/icons/mop.svg	free	install	url:https://unpkg.com/lucide-static@latest/icons/mop.svg
lucide	mop-sparkles	MopSparkles	home	图标 mop-sparkles；分类: home, tools, design；tags: cleaning, scrubbing, sweeping, ai, magic, sparkle, smart, automation, housekeeping, hygiene, sanitation, chores, swab, tidy, floor, spotless, pristine, polish, sanitize, disinfect	https://unpkg.com/lucide-static@latest/icons/mop-sparkles.svg	free	install	url:https://unpkg.com/lucide-static@latest/icons/mop-sparkles.svg
lucide	mosque	Mosque	buildings	图标 mosque；分类: buildings, navigation, travel；tags: mosque, masjid, islam, muslim, ramadan, eid, prayer, worship, building, minaret, dome, architecture, faith, religion, holy, sacred, landmark, community, spiritual, tourism, map, heritage	https://unpkg.com/lucide-static@latest/icons/mosque.svg	free	install	url:https://unpkg.com/lucide-static@latest/icons/mosque.svg
lucide	motorbike	Motorbike	transportation	图标 motorbike；分类: transportation；tags: moto, motorcycle, transport, vehicle, drive, ride, trip, race, racing, journey, delivery	https://unpkg.com/lucide-static@latest/icons/motorbike.svg	free	install	url:https://unpkg.com/lucide-static@latest/icons/motorbike.svg
lucide	mountain	Mountain	nature	图标 mountain；分类: nature, gaming；tags: climb, hike, rock	https://unpkg.com/lucide-static@latest/icons/mountain.svg	free	install	url:https://unpkg.com/lucide-static@latest/icons/mountain.svg
lucide	mountain-snow	MountainSnow	nature	图标 mountain-snow；分类: nature；tags: alpine, climb, snow	https://unpkg.com/lucide-static@latest/icons/mountain-snow.svg	free	install	url:https://unpkg.com/lucide-static@latest/icons/mountain-snow.svg
lucide	mouse	Mouse	devices	图标 mouse；分类: devices；tags: device, scroll, click	https://unpkg.com/lucide-static@latest/icons/mouse.svg	free	install	url:https://unpkg.com/lucide-static@latest/icons/mouse.svg
lucide	mouse-left	MouseLeft	devices	图标 mouse-left；分类: devices；tags: device, scroll, click	https://unpkg.com/lucide-static@latest/icons/mouse-left.svg	free	install	url:https://unpkg.com/lucide-static@latest/icons/mouse-left.svg
lucide	mouse-off	MouseOff	devices	图标 mouse-off；分类: devices；tags: device, scroll, click, disabled	https://unpkg.com/lucide-static@latest/icons/mouse-off.svg	free	install	url:https://unpkg.com/lucide-static@latest/icons/mouse-off.svg
lucide	mouse-pointer	MousePointer	arrows	图标 mouse-pointer；分类: arrows, cursors；tags: click, select	https://unpkg.com/lucide-static@latest/icons/mouse-pointer.svg	free	install	url:https://unpkg.com/lucide-static@latest/icons/mouse-pointer.svg
lucide	mouse-pointer-2	MousePointer2	arrows	图标 mouse-pointer-2；分类: arrows, cursors；tags: click, select	https://unpkg.com/lucide-static@latest/icons/mouse-pointer-2.svg	free	install	url:https://unpkg.com/lucide-static@latest/icons/mouse-pointer-2.svg
lucide	mouse-pointer-2-off	MousePointer2Off	arrows	图标 mouse-pointer-2-off；分类: arrows, cursors；tags: pointer, mouse, cursor, off, disable, arrow, navigation, selection, select, click, no-click, interaction	https://unpkg.com/lucide-static@latest/icons/mouse-pointer-2-off.svg	free	install	url:https://unpkg.com/lucide-static@latest/icons/mouse-pointer-2-off.svg
lucide	mouse-pointer-ban	MousePointerBan	arrows	图标 mouse-pointer-ban；分类: arrows, cursors；tags: wait, busy, loading, blocked, frozen, freeze	https://unpkg.com/lucide-static@latest/icons/mouse-pointer-ban.svg	free	install	url:https://unpkg.com/lucide-static@latest/icons/mouse-pointer-ban.svg
lucide	mouse-pointer-click	MousePointerClick	arrows	图标 mouse-pointer-click；分类: arrows, cursors；tags: click, select	https://unpkg.com/lucide-static@latest/icons/mouse-pointer-click.svg	free	install	url:https://unpkg.com/lucide-static@latest/icons/mouse-pointer-click.svg
lucide	mouse-right	MouseRight	devices	图标 mouse-right；分类: devices；tags: device, scroll, click	https://unpkg.com/lucide-static@latest/icons/mouse-right.svg	free	install	url:https://unpkg.com/lucide-static@latest/icons/mouse-right.svg
lucide	mouth	Mouth	medical	图标 mouth；分类: medical, accessibility, communication；tags: speech, voice, talk, speaking, taste, tasting, flavor, palate, tongue, gustatory, oral, dental, expression, communication, accessibility	https://unpkg.com/lucide-static@latest/icons/mouth.svg	free	install	url:https://unpkg.com/lucide-static@latest/icons/mouth.svg
lucide	mouth-off	MouthOff	medical	图标 mouth-off；分类: medical, accessibility, communication；tags: speech, voice, talk, mute, silence, speechless, taste loss, flavor loss, ageusia, tasteless, gustatory, oral, dental, communication, accessibility	https://unpkg.com/lucide-static@latest/icons/mouth-off.svg	free	install	url:https://unpkg.com/lucide-static@latest/icons/mouth-off.svg
lucide	move	Move	arrows	图标 move；分类: arrows, cursors；tags: arrows	https://unpkg.com/lucide-static@latest/icons/move.svg	free	install	url:https://unpkg.com/lucide-static@latest/icons/move.svg
lucide	move-3d	Move3d	design	图标 move-3d；分类: design；tags: arrows, axis, gizmo, coordinates, transform, translate	https://unpkg.com/lucide-static@latest/icons/move-3d.svg	free	install	url:https://unpkg.com/lucide-static@latest/icons/move-3d.svg
lucide	move-diagonal	MoveDiagonal	arrows	图标 move-diagonal；分类: arrows, cursors；tags: double, arrow	https://unpkg.com/lucide-static@latest/icons/move-diagonal.svg	free	install	url:https://unpkg.com/lucide-static@latest/icons/move-diagonal.svg
lucide	move-diagonal-2	MoveDiagonal2	arrows	图标 move-diagonal-2；分类: arrows, cursors；tags: double, arrow	https://unpkg.com/lucide-static@latest/icons/move-diagonal-2.svg	free	install	url:https://unpkg.com/lucide-static@latest/icons/move-diagonal-2.svg
lucide	move-down	MoveDown	arrows	图标 move-down；分类: arrows；tags: arrow, direction, downwards, south	https://unpkg.com/lucide-static@latest/icons/move-down.svg	free	install	url:https://unpkg.com/lucide-static@latest/icons/move-down.svg
lucide	move-down-left	MoveDownLeft	arrows	图标 move-down-left；分类: arrows；tags: arrow, direction	https://unpkg.com/lucide-static@latest/icons/move-down-left.svg	free	install	url:https://unpkg.com/lucide-static@latest/icons/move-down-left.svg
lucide	move-down-right	MoveDownRight	arrows	图标 move-down-right；分类: arrows；tags: arrow, direction	https://unpkg.com/lucide-static@latest/icons/move-down-right.svg	free	install	url:https://unpkg.com/lucide-static@latest/icons/move-down-right.svg
lucide	move-horizontal	MoveHorizontal	arrows	图标 move-horizontal；分类: arrows, cursors；tags: double, arrow	https://unpkg.com/lucide-static@latest/icons/move-horizontal.svg	free	install	url:https://unpkg.com/lucide-static@latest/icons/move-horizontal.svg
lucide	move-left	MoveLeft	arrows	图标 move-left；分类: arrows；tags: arrow, direction, back, west	https://unpkg.com/lucide-static@latest/icons/move-left.svg	free	install	url:https://unpkg.com/lucide-static@latest/icons/move-left.svg
lucide	move-right	MoveRight	arrows	图标 move-right；分类: arrows；tags: arrow, direction, trend flat, east	https://unpkg.com/lucide-static@latest/icons/move-right.svg	free	install	url:https://unpkg.com/lucide-static@latest/icons/move-right.svg
lucide	move-up	MoveUp	arrows	图标 move-up；分类: arrows；tags: arrow, direction, upwards, north	https://unpkg.com/lucide-static@latest/icons/move-up.svg	free	install	url:https://unpkg.com/lucide-static@latest/icons/move-up.svg
lucide	move-up-left	MoveUpLeft	arrows	图标 move-up-left；分类: arrows；tags: arrow, direction	https://unpkg.com/lucide-static@latest/icons/move-up-left.svg	free	install	url:https://unpkg.com/lucide-static@latest/icons/move-up-left.svg
lucide	move-up-right	MoveUpRight	arrows	图标 move-up-right；分类: arrows；tags: arrow, direction	https://unpkg.com/lucide-static@latest/icons/move-up-right.svg	free	install	url:https://unpkg.com/lucide-static@latest/icons/move-up-right.svg
lucide	move-vertical	MoveVertical	arrows	图标 move-vertical；分类: arrows, cursors；tags: double, arrow	https://unpkg.com/lucide-static@latest/icons/move-vertical.svg	free	install	url:https://unpkg.com/lucide-static@latest/icons/move-vertical.svg
lucide	music	Music	multimedia	图标 music；分类: multimedia, files；tags: note, quaver, eighth note	https://unpkg.com/lucide-static@latest/icons/music.svg	free	install	url:https://unpkg.com/lucide-static@latest/icons/music.svg
lucide	music-2	Music2	multimedia	图标 music-2；分类: multimedia, files；tags: quaver, eighth note, note	https://unpkg.com/lucide-static@latest/icons/music-2.svg	free	install	url:https://unpkg.com/lucide-static@latest/icons/music-2.svg
lucide	music-3	Music3	multimedia	图标 music-3；分类: multimedia, files；tags: crotchet, minim, quarter note, half note, note	https://unpkg.com/lucide-static@latest/icons/music-3.svg	free	install	url:https://unpkg.com/lucide-static@latest/icons/music-3.svg
lucide	music-4	Music4	multimedia	图标 music-4；分类: multimedia, files；tags: semiquaver, sixteenth note, note	https://unpkg.com/lucide-static@latest/icons/music-4.svg	free	install	url:https://unpkg.com/lucide-static@latest/icons/music-4.svg
lucide	navigation	Navigation	navigation	图标 navigation；分类: navigation；tags: location, travel	https://unpkg.com/lucide-static@latest/icons/navigation.svg	free	install	url:https://unpkg.com/lucide-static@latest/icons/navigation.svg
lucide	navigation-2	Navigation2	navigation	图标 navigation-2；分类: navigation；tags: location, travel	https://unpkg.com/lucide-static@latest/icons/navigation-2.svg	free	install	url:https://unpkg.com/lucide-static@latest/icons/navigation-2.svg
lucide	navigation-2-off	Navigation2Off	navigation	图标 navigation-2-off；分类: navigation；tags: location, travel	https://unpkg.com/lucide-static@latest/icons/navigation-2-off.svg	free	install	url:https://unpkg.com/lucide-static@latest/icons/navigation-2-off.svg
lucide	navigation-off	NavigationOff	navigation	图标 navigation-off；分类: navigation；tags: location, travel	https://unpkg.com/lucide-static@latest/icons/navigation-off.svg	free	install	url:https://unpkg.com/lucide-static@latest/icons/navigation-off.svg
lucide	nepali-rupee	NepaliRupee	finance	图标 nepali-rupee；分类: finance, shopping, travel；tags: currency, money, nepal, rupee, npr	https://unpkg.com/lucide-static@latest/icons/nepali-rupee.svg	free	install	url:https://unpkg.com/lucide-static@latest/icons/nepali-rupee.svg
lucide	network	Network	development	图标 network；分类: development；tags: tree	https://unpkg.com/lucide-static@latest/icons/network.svg	free	install	url:https://unpkg.com/lucide-static@latest/icons/network.svg
lucide	newspaper	Newspaper	multimedia	图标 newspaper；分类: multimedia, communication；tags: news, feed, home, magazine, article, headline	https://unpkg.com/lucide-static@latest/icons/newspaper.svg	free	install	url:https://unpkg.com/lucide-static@latest/icons/newspaper.svg
lucide	nfc	Nfc	communication	图标 nfc；分类: communication, finance, devices；tags: contactless, payment, near-field communication	https://unpkg.com/lucide-static@latest/icons/nfc.svg	free	install	url:https://unpkg.com/lucide-static@latest/icons/nfc.svg
lucide	non-binary	NonBinary	medical	图标 non-binary；分类: medical；tags: gender, nonbinary, enby	https://unpkg.com/lucide-static@latest/icons/non-binary.svg	free	install	url:https://unpkg.com/lucide-static@latest/icons/non-binary.svg
lucide	notebook	Notebook	text	图标 notebook；分类: text, communication, social, design；tags: notepad, notes, stationery, sketchbook, moleskine, closure, strap, band, elastic, organizer, organiser, planner, diary, journal, writing, written, writer, reading, high school, university, college, academy, student, study, homework, research	https://unpkg.com/lucide-static@latest/icons/notebook.svg	free	install	url:https://unpkg.com/lucide-static@latest/icons/notebook.svg
lucide	notebook-dot	NotebookDot	communication	图标 notebook-dot；分类: communication；tags: document, file, journal, page, paper, record, entry, notebook, notification, unread, note	https://unpkg.com/lucide-static@latest/icons/notebook-dot.svg	free	install	url:https://unpkg.com/lucide-static@latest/icons/notebook-dot.svg
lucide	notebook-pen	NotebookPen	text	图标 notebook-pen；分类: text, social；tags: pencil, notepad, notes, noted, stationery, sketchbook, organizer, organiser, planner, diary, journal, writing, write, written, reading, high school, university, college, academy, student, study, research, homework, eraser, rubber	https://unpkg.com/lucide-static@latest/icons/notebook-pen.svg	free	install	url:https://unpkg.com/lucide-static@latest/icons/notebook-pen.svg
lucide	notebook-tabs	NotebookTabs	account	图标 notebook-tabs；分类: account, communication, social；tags: notepad, notes, people, family, friends, acquaintances, contacts, details, addresses, phone numbers, directory, listing, networking, alphabetical, a-z, organizer, organiser, planner, diary, stationery	https://unpkg.com/lucide-static@latest/icons/notebook-tabs.svg	free	install	url:https://unpkg.com/lucide-static@latest/icons/notebook-tabs.svg
lucide	notebook-text	NotebookText	text	图标 notebook-text；分类: text, social；tags: notepad, notes, pages, paper, stationery, sketchbook, organizer, organiser, planner, diary, journal, writing, write, written, reading, high school, university, college, academy, student, study, research, homework, lines, opened	https://unpkg.com/lucide-static@latest/icons/notebook-text.svg	free	install	url:https://unpkg.com/lucide-static@latest/icons/notebook-text.svg
lucide	notepad-text	NotepadText	text	图标 notepad-text；分类: text, social；tags: notebook, notes, pages, paper, stationery, sketchbook, organizer, organiser, planner, diary, journal, writing, write, written, reading, high school, university, college, academy, student, study, homework, research, lines, opened	https://unpkg.com/lucide-static@latest/icons/notepad-text.svg	free	install	url:https://unpkg.com/lucide-static@latest/icons/notepad-text.svg
lucide	notepad-text-dashed	NotepadTextDashed	text	图标 notepad-text-dashed；分类: text, social；tags: notebook, notes, pages, paper, stationery, diary, journal, writing, write, written, draft, template, lines	https://unpkg.com/lucide-static@latest/icons/notepad-text-dashed.svg	free	install	url:https://unpkg.com/lucide-static@latest/icons/notepad-text-dashed.svg
lucide	nut	Nut	food-beverage	图标 nut；分类: food-beverage；tags: hazelnut, acorn, food, diet	https://unpkg.com/lucide-static@latest/icons/nut.svg	free	install	url:https://unpkg.com/lucide-static@latest/icons/nut.svg
lucide	nut-off	NutOff	food-beverage	图标 nut-off；分类: food-beverage；tags: hazelnut, acorn, food, allergy, intolerance, diet	https://unpkg.com/lucide-static@latest/icons/nut-off.svg	free	install	url:https://unpkg.com/lucide-static@latest/icons/nut-off.svg
lucide	octagon	Octagon	shapes	图标 octagon；分类: shapes；tags: stop, shape	https://unpkg.com/lucide-static@latest/icons/octagon.svg	free	install	url:https://unpkg.com/lucide-static@latest/icons/octagon.svg
lucide	octagon-alert	OctagonAlert	notifications	图标 octagon-alert；分类: notifications, shapes；tags: warning, alert, danger, exclamation mark	https://unpkg.com/lucide-static@latest/icons/octagon-alert.svg	free	install	url:https://unpkg.com/lucide-static@latest/icons/octagon-alert.svg
lucide	octagon-minus	OctagonMinus	transportation	图标 octagon-minus；分类: transportation；tags: stop, forbidden, subtract, remove, decrease, reduce, -, traffic, halt, restricted	https://unpkg.com/lucide-static@latest/icons/octagon-minus.svg	free	install	url:https://unpkg.com/lucide-static@latest/icons/octagon-minus.svg
lucide	octagon-pause	OctagonPause	multimedia	图标 octagon-pause；分类: multimedia, shapes；tags: music, audio, stop	https://unpkg.com/lucide-static@latest/icons/octagon-pause.svg	free	install	url:https://unpkg.com/lucide-static@latest/icons/octagon-pause.svg
lucide	octagon-x	OctagonX	math	图标 octagon-x；分类: math, notifications；tags: delete, stop, alert, warning, times, clear, math	https://unpkg.com/lucide-static@latest/icons/octagon-x.svg	free	install	url:https://unpkg.com/lucide-static@latest/icons/octagon-x.svg
lucide	omega	Omega	math	图标 omega；分类: math, development, text, science；tags: greek, symbol, mathematics, education, physics, engineering, ohms, electrical resistance, angular frequency, dynamical systems, astronomy, constellations, philosophy	https://unpkg.com/lucide-static@latest/icons/omega.svg	free	install	url:https://unpkg.com/lucide-static@latest/icons/omega.svg
lucide	option	Option	development	图标 option；分类: development；tags: keyboard, key, mac, alt, button	https://unpkg.com/lucide-static@latest/icons/option.svg	free	install	url:https://unpkg.com/lucide-static@latest/icons/option.svg
lucide	orbit	Orbit	science	图标 orbit；分类: science；tags: planet, space, physics, satellites, moons	https://unpkg.com/lucide-static@latest/icons/orbit.svg	free	install	url:https://unpkg.com/lucide-static@latest/icons/orbit.svg
lucide	origami	Origami	animals	图标 origami；分类: animals, design；tags: paper, bird	https://unpkg.com/lucide-static@latest/icons/origami.svg	free	install	url:https://unpkg.com/lucide-static@latest/icons/origami.svg
lucide	package	Package	files	图标 package；分类: files, development；tags: box, container, storage, sealed, delivery, undelivered, unopened, packed, archive, zip, module	https://unpkg.com/lucide-static@latest/icons/package.svg	free	install	url:https://unpkg.com/lucide-static@latest/icons/package.svg
lucide	package-2	Package2	files	图标 package-2；分类: files, development；tags: box, container, storage, sealed, packed, unopened, undelivered, archive, zip	https://unpkg.com/lucide-static@latest/icons/package-2.svg	free	install	url:https://unpkg.com/lucide-static@latest/icons/package-2.svg
lucide	package-check	PackageCheck	development	图标 package-check；分类: development；tags: confirm, verified, done, todo, tick, complete, task, delivered	https://unpkg.com/lucide-static@latest/icons/package-check.svg	free	install	url:https://unpkg.com/lucide-static@latest/icons/package-check.svg
lucide	package-minus	PackageMinus	development	图标 package-minus；分类: development；tags: delete, remove	https://unpkg.com/lucide-static@latest/icons/package-minus.svg	free	install	url:https://unpkg.com/lucide-static@latest/icons/package-minus.svg
lucide	package-open	PackageOpen	files	图标 package-open；分类: files, development；tags: box, container, storage, unpack, unarchive, unzip, opened, delivered	https://unpkg.com/lucide-static@latest/icons/package-open.svg	free	install	url:https://unpkg.com/lucide-static@latest/icons/package-open.svg
lucide	package-plus	PackagePlus	development	图标 package-plus；分类: development；tags: new, add, create	https://unpkg.com/lucide-static@latest/icons/package-plus.svg	free	install	url:https://unpkg.com/lucide-static@latest/icons/package-plus.svg
lucide	package-search	PackageSearch	files	图标 package-search；分类: files, development；tags: find, product process, lens	https://unpkg.com/lucide-static@latest/icons/package-search.svg	free	install	url:https://unpkg.com/lucide-static@latest/icons/package-search.svg
lucide	package-x	PackageX	development	图标 package-x；分类: development；tags: delete, remove	https://unpkg.com/lucide-static@latest/icons/package-x.svg	free	install	url:https://unpkg.com/lucide-static@latest/icons/package-x.svg
lucide	paint-bucket	PaintBucket	design	图标 paint-bucket；分类: design, tools；tags: fill, paint, bucket, color, colour	https://unpkg.com/lucide-static@latest/icons/paint-bucket.svg	free	install	url:https://unpkg.com/lucide-static@latest/icons/paint-bucket.svg
lucide	paint-roller	PaintRoller	text	图标 paint-roller；分类: text, design, home, tools；tags: brush, color, colour, decoration, diy	https://unpkg.com/lucide-static@latest/icons/paint-roller.svg	free	install	url:https://unpkg.com/lucide-static@latest/icons/paint-roller.svg
lucide	paintbrush	Paintbrush	text	图标 paintbrush；分类: text, design, photography, home, tools；tags: brush, paintbrush, design, color, colour, decoration, diy	https://unpkg.com/lucide-static@latest/icons/paintbrush.svg	free	install	url:https://unpkg.com/lucide-static@latest/icons/paintbrush.svg
lucide	paintbrush-vertical	PaintbrushVertical	text	图标 paintbrush-vertical；分类: text, design, photography, home, tools；tags: brush, paintbrush, design, color, colour, decoration, diy	https://unpkg.com/lucide-static@latest/icons/paintbrush-vertical.svg	free	install	url:https://unpkg.com/lucide-static@latest/icons/paintbrush-vertical.svg
lucide	palette	Palette	text	图标 palette；分类: text, design, photography；tags: colors, colours, theme, scheme, paint, watercolor, watercolour, artist	https://unpkg.com/lucide-static@latest/icons/palette.svg	free	install	url:https://unpkg.com/lucide-static@latest/icons/palette.svg
lucide	panda	Panda	animals	图标 panda；分类: animals；tags: animal, wildlife, bear, zoo, bamboo	https://unpkg.com/lucide-static@latest/icons/panda.svg	free	install	url:https://unpkg.com/lucide-static@latest/icons/panda.svg
lucide	panel-bottom	PanelBottom	layout	图标 panel-bottom；分类: layout；tags: drawer, dock	https://unpkg.com/lucide-static@latest/icons/panel-bottom.svg	free	install	url:https://unpkg.com/lucide-static@latest/icons/panel-bottom.svg
lucide	panel-bottom-close	PanelBottomClose	layout	图标 panel-bottom-close；分类: layout, arrows；tags: drawer, dock, hide, chevron, down	https://unpkg.com/lucide-static@latest/icons/panel-bottom-close.svg	free	install	url:https://unpkg.com/lucide-static@latest/icons/panel-bottom-close.svg
lucide	panel-bottom-dashed	PanelBottomDashed	layout	图标 panel-bottom-dashed；分类: layout；tags: drawer, dock, show, reveal, padding, margin, guide, layout, bleed	https://unpkg.com/lucide-static@latest/icons/panel-bottom-dashed.svg	free	install	url:https://unpkg.com/lucide-static@latest/icons/panel-bottom-dashed.svg
lucide	panel-bottom-open	PanelBottomOpen	layout	图标 panel-bottom-open；分类: layout, arrows；tags: drawer, dock, show, reveal, chevron, up	https://unpkg.com/lucide-static@latest/icons/panel-bottom-open.svg	free	install	url:https://unpkg.com/lucide-static@latest/icons/panel-bottom-open.svg
lucide	panel-left	PanelLeft	layout	图标 panel-left；分类: layout；tags: primary, drawer	https://unpkg.com/lucide-static@latest/icons/panel-left.svg	free	install	url:https://unpkg.com/lucide-static@latest/icons/panel-left.svg
lucide	panel-left-close	PanelLeftClose	layout	图标 panel-left-close；分类: layout, arrows；tags: primary, drawer, hide, chevron, <	https://unpkg.com/lucide-static@latest/icons/panel-left-close.svg	free	install	url:https://unpkg.com/lucide-static@latest/icons/panel-left-close.svg
lucide	panel-left-dashed	PanelLeftDashed	layout	图标 panel-left-dashed；分类: layout；tags: sidebar, primary, drawer, show, reveal, padding, margin, guide, layout, bleed	https://unpkg.com/lucide-static@latest/icons/panel-left-dashed.svg	free	install	url:https://unpkg.com/lucide-static@latest/icons/panel-left-dashed.svg
lucide	panel-left-open	PanelLeftOpen	layout	图标 panel-left-open；分类: layout, arrows；tags: primary, drawer, show, reveal, chevron, right, >	https://unpkg.com/lucide-static@latest/icons/panel-left-open.svg	free	install	url:https://unpkg.com/lucide-static@latest/icons/panel-left-open.svg
lucide	panel-left-right-dashed	PanelLeftRightDashed	layout	图标 panel-left-right-dashed；分类: layout；tags: sidebar, primary, drawer, show, reveal, padding, margin, guide, layout, vertical, bleed	https://unpkg.com/lucide-static@latest/icons/panel-left-right-dashed.svg	free	install	url:https://unpkg.com/lucide-static@latest/icons/panel-left-right-dashed.svg
lucide	panel-right	PanelRight	layout	图标 panel-right；分类: layout；tags: sidebar, secondary, drawer	https://unpkg.com/lucide-static@latest/icons/panel-right.svg	free	install	url:https://unpkg.com/lucide-static@latest/icons/panel-right.svg
lucide	panel-right-close	PanelRightClose	layout	图标 panel-right-close；分类: layout, arrows；tags: sidebar, secondary, drawer, hide, chevron, >	https://unpkg.com/lucide-static@latest/icons/panel-right-close.svg	free	install	url:https://unpkg.com/lucide-static@latest/icons/panel-right-close.svg
lucide	panel-right-dashed	PanelRightDashed	layout	图标 panel-right-dashed；分类: layout；tags: sidebar, secondary, drawer, show, reveal, padding, margin, guide, layout, bleed	https://unpkg.com/lucide-static@latest/icons/panel-right-dashed.svg	free	install	url:https://unpkg.com/lucide-static@latest/icons/panel-right-dashed.svg
lucide	panel-right-open	PanelRightOpen	layout	图标 panel-right-open；分类: layout, arrows；tags: sidebar, secondary, drawer, show, reveal, chevron, left, <	https://unpkg.com/lucide-static@latest/icons/panel-right-open.svg	free	install	url:https://unpkg.com/lucide-static@latest/icons/panel-right-open.svg
lucide	panel-top	PanelTop	layout	图标 panel-top；分类: layout, design, development；tags: drawer, browser, webpage	https://unpkg.com/lucide-static@latest/icons/panel-top.svg	free	install	url:https://unpkg.com/lucide-static@latest/icons/panel-top.svg
lucide	panel-top-bottom-dashed	PanelTopBottomDashed	layout	图标 panel-top-bottom-dashed；分类: layout；tags: sidebar, primary, drawer, show, reveal, padding, margin, guide, layout, horizontal, bleed	https://unpkg.com/lucide-static@latest/icons/panel-top-bottom-dashed.svg	free	install	url:https://unpkg.com/lucide-static@latest/icons/panel-top-bottom-dashed.svg
lucide	panel-top-close	PanelTopClose	layout	图标 panel-top-close；分类: layout, arrows；tags: menu bar, drawer, hide, chevron, up	https://unpkg.com/lucide-static@latest/icons/panel-top-close.svg	free	install	url:https://unpkg.com/lucide-static@latest/icons/panel-top-close.svg
lucide	panel-top-dashed	PanelTopDashed	layout	图标 panel-top-dashed；分类: layout；tags: menu bar, drawer, show, reveal, padding, margin, guide, layout, bleed	https://unpkg.com/lucide-static@latest/icons/panel-top-dashed.svg	free	install	url:https://unpkg.com/lucide-static@latest/icons/panel-top-dashed.svg
lucide	panel-top-open	PanelTopOpen	layout	图标 panel-top-open；分类: layout, arrows；tags: menu bar, drawer, show, reveal, chevron, down	https://unpkg.com/lucide-static@latest/icons/panel-top-open.svg	free	install	url:https://unpkg.com/lucide-static@latest/icons/panel-top-open.svg
lucide	panels-left-bottom	PanelsLeftBottom	layout	图标 panels-left-bottom；分类: layout；tags: drawers, sidebar, primary	https://unpkg.com/lucide-static@latest/icons/panels-left-bottom.svg	free	install	url:https://unpkg.com/lucide-static@latest/icons/panels-left-bottom.svg
lucide	panels-right-bottom	PanelsRightBottom	layout	图标 panels-right-bottom；分类: layout；tags: drawers, sidebar, secondary	https://unpkg.com/lucide-static@latest/icons/panels-right-bottom.svg	free	install	url:https://unpkg.com/lucide-static@latest/icons/panels-right-bottom.svg
lucide	panels-top-left	PanelsTopLeft	layout	图标 panels-top-left；分类: layout, design, development；tags: menu bar, sidebar, primary, drawers, window, webpage, projects, overview	https://unpkg.com/lucide-static@latest/icons/panels-top-left.svg	free	install	url:https://unpkg.com/lucide-static@latest/icons/panels-top-left.svg
lucide	paper-bag	PaperBag	food-beverage	图标 paper-bag；分类: food-beverage, shopping；tags: storage, package, lunch, takeout, eco-friendly, kraft, retail, doggybag	https://unpkg.com/lucide-static@latest/icons/paper-bag.svg	free	install	url:https://unpkg.com/lucide-static@latest/icons/paper-bag.svg
lucide	paperclip	Paperclip	text	图标 paperclip；分类: text, design, files, mail；tags: attachment, file	https://unpkg.com/lucide-static@latest/icons/paperclip.svg	free	install	url:https://unpkg.com/lucide-static@latest/icons/paperclip.svg
lucide	parasol	Parasol	travel	图标 parasol；分类: travel, weather；tags: umbrella, sunshade, beach, shade, sun, protection, cover, canopy, garden, outdoors, resort, travel, vacation, holiday, summer, apparel, accessory, sunbathing, relax, tropical	https://unpkg.com/lucide-static@latest/icons/parasol.svg	free	install	url:https://unpkg.com/lucide-static@latest/icons/parasol.svg
lucide	parentheses	Parentheses	development	图标 parentheses；分类: development, files, math；tags: code, token, parenthesis, parens, brackets, parameters, arguments, args, input, call, math, formula, function, (, )	https://unpkg.com/lucide-static@latest/icons/parentheses.svg	free	install	url:https://unpkg.com/lucide-static@latest/icons/parentheses.svg
lucide	park	Park	nature	图标 park；分类: nature, navigation, travel；tags: nature, green, trees, landscape, rest, walk, leisure, environment, tree, bench, outdoors, recreation	https://unpkg.com/lucide-static@latest/icons/park.svg	free	install	url:https://unpkg.com/lucide-static@latest/icons/park.svg
lucide	parking-meter	ParkingMeter	transportation	图标 parking-meter；分类: transportation, navigation；tags: driving, car park, pay, sidewalk, pavement	https://unpkg.com/lucide-static@latest/icons/parking-meter.svg	free	install	url:https://unpkg.com/lucide-static@latest/icons/parking-meter.svg
lucide	party-popper	PartyPopper	emoji	图标 party-popper；分类: emoji；tags: emoji, congratulations, celebration, party, tada, 🎉, 🎊, excitement, exciting, excites, confetti	https://unpkg.com/lucide-static@latest/icons/party-popper.svg	free	install	url:https://unpkg.com/lucide-static@latest/icons/party-popper.svg
lucide	pause	Pause	multimedia	图标 pause；分类: multimedia；tags: music, stop	https://unpkg.com/lucide-static@latest/icons/pause.svg	free	install	url:https://unpkg.com/lucide-static@latest/icons/pause.svg
lucide	paw-print	PawPrint	animals	图标 paw-print；分类: animals；tags: pets, vets, veterinarian, domesticated, cat, dog, bear	https://unpkg.com/lucide-static@latest/icons/paw-print.svg	free	install	url:https://unpkg.com/lucide-static@latest/icons/paw-print.svg
lucide	pc-case	PcCase	devices	图标 pc-case；分类: devices, gaming；tags: computer, chassis	https://unpkg.com/lucide-static@latest/icons/pc-case.svg	free	install	url:https://unpkg.com/lucide-static@latest/icons/pc-case.svg
lucide	pen	Pen	text	图标 pen；分类: text, design, tools；tags: pencil, change, create, draw, writer, writing, biro, ink, marker, felt tip, stationery, artist	https://unpkg.com/lucide-static@latest/icons/pen.svg	free	install	url:https://unpkg.com/lucide-static@latest/icons/pen.svg
lucide	pen-line	PenLine	text	图标 pen-line；分类: text, design, tools；tags: pencil, change, create, draw, writer, writing, biro, ink, marker, felt tip, stationery, artist	https://unpkg.com/lucide-static@latest/icons/pen-line.svg	free	install	url:https://unpkg.com/lucide-static@latest/icons/pen-line.svg
lucide	pen-off	PenOff	text	图标 pen-off；分类: text, design, tools；tags: disabled, inactive, non-editable, locked, read-only, unmodifiable, frozen, restricted, pencil, change, create, draw, writer, writing, biro, ink, marker, felt tip, stationery, artist	https://unpkg.com/lucide-static@latest/icons/pen-off.svg	free	install	url:https://unpkg.com/lucide-static@latest/icons/pen-off.svg
lucide	pen-tool	PenTool	text	图标 pen-tool；分类: text, design, cursors；tags: vector, drawing, path	https://unpkg.com/lucide-static@latest/icons/pen-tool.svg	free	install	url:https://unpkg.com/lucide-static@latest/icons/pen-tool.svg
lucide	pencil	Pencil	design	图标 pencil；分类: design, cursors, tools, text；tags: rubber, edit, create, draw, sketch, draft, writer, writing, stationery, artist	https://unpkg.com/lucide-static@latest/icons/pencil.svg	free	install	url:https://unpkg.com/lucide-static@latest/icons/pencil.svg
lucide	pencil-line	PencilLine	text	图标 pencil-line；分类: text, design, tools；tags: pencil, change, create, draw, sketch, draft, writer, writing, biro, ink, marker, felt tip, stationery, artist	https://unpkg.com/lucide-static@latest/icons/pencil-line.svg	free	install	url:https://unpkg.com/lucide-static@latest/icons/pencil-line.svg
lucide	pencil-off	PencilOff	design	图标 pencil-off；分类: design, cursors, tools, text；tags: disabled, inactive, non-editable, locked, read-only, unmodifiable, frozen, restricted, rubber, edit, create, draw, sketch, draft, writer, writing, stationery, artist	https://unpkg.com/lucide-static@latest/icons/pencil-off.svg	free	install	url:https://unpkg.com/lucide-static@latest/icons/pencil-off.svg
lucide	pencil-ruler	PencilRuler	tools	图标 pencil-ruler；分类: tools, design, layout, text；tags: edit, create, draw, sketch, draft, writer, writing, stationery, artist, measurements, centimeters, cm, millimeters, mm, metre, foot, feet, inches, units, size, length, width, height, dimensions, depth, breadth, extent	https://unpkg.com/lucide-static@latest/icons/pencil-ruler.svg	free	install	url:https://unpkg.com/lucide-static@latest/icons/pencil-ruler.svg
lucide	pencil-sparkles	PencilSparkles	design	图标 pencil-sparkles；分类: design, cursors, tools, text, photography；tags: edit, ai, tools, smart, create, draw, sketch, draft, writer, writing, stationery, artist, magic, wizard, magician	https://unpkg.com/lucide-static@latest/icons/pencil-sparkles.svg	free	install	url:https://unpkg.com/lucide-static@latest/icons/pencil-sparkles.svg
lucide	pentagon	Pentagon	shapes	图标 pentagon；分类: shapes；tags: shape	https://unpkg.com/lucide-static@latest/icons/pentagon.svg	free	install	url:https://unpkg.com/lucide-static@latest/icons/pentagon.svg
lucide	percent	Percent	math	图标 percent；分类: math, development, finance, shopping；tags: percentage, modulo, modulus, remainder, %, sale, discount, offer, marketing	https://unpkg.com/lucide-static@latest/icons/percent.svg	free	install	url:https://unpkg.com/lucide-static@latest/icons/percent.svg
lucide	person-standing	PersonStanding	accessibility	图标 person-standing；分类: accessibility, people；tags: people, human, accessibility, stick figure	https://unpkg.com/lucide-static@latest/icons/person-standing.svg	free	install	url:https://unpkg.com/lucide-static@latest/icons/person-standing.svg
lucide	phi	Phi	math	图标 phi；分类: math, science；tags: math, golden-ratio, symbol, greek, letter, typography, constant, flux, magnetic-flux	https://unpkg.com/lucide-static@latest/icons/phi.svg	free	install	url:https://unpkg.com/lucide-static@latest/icons/phi.svg
lucide	philippine-peso	PhilippinePeso	finance	图标 philippine-peso；分类: finance；tags: currency, peso, money, php	https://unpkg.com/lucide-static@latest/icons/philippine-peso.svg	free	install	url:https://unpkg.com/lucide-static@latest/icons/philippine-peso.svg
lucide	phone	Phone	text	图标 phone；分类: text, connectivity, devices, communication；tags: call	https://unpkg.com/lucide-static@latest/icons/phone.svg	free	install	url:https://unpkg.com/lucide-static@latest/icons/phone.svg
lucide	phone-call	PhoneCall	connectivity	图标 phone-call；分类: connectivity, devices, communication；tags: ring	https://unpkg.com/lucide-static@latest/icons/phone-call.svg	free	install	url:https://unpkg.com/lucide-static@latest/icons/phone-call.svg
lucide	phone-forwarded	PhoneForwarded	arrows	图标 phone-forwarded；分类: arrows, connectivity, devices, communication；tags: call	https://unpkg.com/lucide-static@latest/icons/phone-forwarded.svg	free	install	url:https://unpkg.com/lucide-static@latest/icons/phone-forwarded.svg
lucide	phone-incoming	PhoneIncoming	arrows	图标 phone-incoming；分类: arrows, connectivity, devices, communication；tags: call	https://unpkg.com/lucide-static@latest/icons/phone-incoming.svg	free	install	url:https://unpkg.com/lucide-static@latest/icons/phone-incoming.svg
lucide	phone-missed	PhoneMissed	connectivity	图标 phone-missed；分类: connectivity, devices, communication；tags: call	https://unpkg.com/lucide-static@latest/icons/phone-missed.svg	free	install	url:https://unpkg.com/lucide-static@latest/icons/phone-missed.svg
lucide	phone-off	PhoneOff	connectivity	图标 phone-off；分类: connectivity, devices, communication；tags: call, mute	https://unpkg.com/lucide-static@latest/icons/phone-off.svg	free	install	url:https://unpkg.com/lucide-static@latest/icons/phone-off.svg
lucide	phone-outgoing	PhoneOutgoing	arrows	图标 phone-outgoing；分类: arrows, connectivity, devices, communication；tags: call	https://unpkg.com/lucide-static@latest/icons/phone-outgoing.svg	free	install	url:https://unpkg.com/lucide-static@latest/icons/phone-outgoing.svg
lucide	pi	Pi	development	图标 pi；分类: development, math；tags: constant, code, coding, programming, symbol, trigonometry, geometry, formula	https://unpkg.com/lucide-static@latest/icons/pi.svg	free	install	url:https://unpkg.com/lucide-static@latest/icons/pi.svg
lucide	piano	Piano	multimedia	图标 piano；分类: multimedia, devices；tags: music, audio, sound, noise, notes, chord, keys, octave, acoustic, instrument, play, pianist, performance, concert	https://unpkg.com/lucide-static@latest/icons/piano.svg	free	install	url:https://unpkg.com/lucide-static@latest/icons/piano.svg
lucide	pickaxe	Pickaxe	tools	图标 pickaxe；分类: tools, gaming；tags: mining, mine, land worker, extraction, labor, construction, progress, advancement, crafting, building, creation	https://unpkg.com/lucide-static@latest/icons/pickaxe.svg	free	install	url:https://unpkg.com/lucide-static@latest/icons/pickaxe.svg
lucide	picture-in-picture	PictureInPicture	multimedia	图标 picture-in-picture；分类: multimedia；tags: display, play, video, pop out, always on top, window, inset, multitask	https://unpkg.com/lucide-static@latest/icons/picture-in-picture.svg	free	install	url:https://unpkg.com/lucide-static@latest/icons/picture-in-picture.svg
lucide	picture-in-picture-2	PictureInPicture2	multimedia	图标 picture-in-picture-2；分类: multimedia；tags: display, play, video, pop out, always on top, window, inset, multitask	https://unpkg.com/lucide-static@latest/icons/picture-in-picture-2.svg	free	install	url:https://unpkg.com/lucide-static@latest/icons/picture-in-picture-2.svg
lucide	piggy-bank	PiggyBank	finance	图标 piggy-bank；分类: finance；tags: money, savings	https://unpkg.com/lucide-static@latest/icons/piggy-bank.svg	free	install	url:https://unpkg.com/lucide-static@latest/icons/piggy-bank.svg
lucide	pilcrow	Pilcrow	text	图标 pilcrow；分类: text；tags: paragraph, mark, paraph, blind, typography, type, text, prose, symbol	https://unpkg.com/lucide-static@latest/icons/pilcrow.svg	free	install	url:https://unpkg.com/lucide-static@latest/icons/pilcrow.svg
lucide	pilcrow-left	PilcrowLeft	text	图标 pilcrow-left；分类: text；tags: direction, paragraph, mark, paraph, blind, typography, type, text, prose, symbol	https://unpkg.com/lucide-static@latest/icons/pilcrow-left.svg	free	install	url:https://unpkg.com/lucide-static@latest/icons/pilcrow-left.svg
lucide	pilcrow-right	PilcrowRight	text	图标 pilcrow-right；分类: text；tags: direction, paragraph, mark, paraph, blind, typography, type, text, prose, symbol	https://unpkg.com/lucide-static@latest/icons/pilcrow-right.svg	free	install	url:https://unpkg.com/lucide-static@latest/icons/pilcrow-right.svg
lucide	pill	Pill	medical	图标 pill；分类: medical；tags: medicine, medication, drug, prescription, tablet, pharmacy	https://unpkg.com/lucide-static@latest/icons/pill.svg	free	install	url:https://unpkg.com/lucide-static@latest/icons/pill.svg
lucide	pill-bottle	PillBottle	medical	图标 pill-bottle；分类: medical；tags: medicine, medication, prescription, drug, supplement, vitamin, capsule, jar, container, healthcare, pharmaceutical, tablet	https://unpkg.com/lucide-static@latest/icons/pill-bottle.svg	free	install	url:https://unpkg.com/lucide-static@latest/icons/pill-bottle.svg
lucide	pin	Pin	navigation	图标 pin；分类: navigation, account；tags: save, map, lock, fix	https://unpkg.com/lucide-static@latest/icons/pin.svg	free	install	url:https://unpkg.com/lucide-static@latest/icons/pin.svg
lucide	pin-off	PinOff	navigation	图标 pin-off；分类: navigation；tags: unpin, map, unlock, unfix, unsave, remove	https://unpkg.com/lucide-static@latest/icons/pin-off.svg	free	install	url:https://unpkg.com/lucide-static@latest/icons/pin-off.svg
lucide	pipette	Pipette	text	图标 pipette；分类: text, design, science；tags: eye dropper, color picker, lab, chemistry	https://unpkg.com/lucide-static@latest/icons/pipette.svg	free	install	url:https://unpkg.com/lucide-static@latest/icons/pipette.svg
lucide	pizza	Pizza	food-beverage	图标 pizza；分类: food-beverage；tags: pie, quiche, food	https://unpkg.com/lucide-static@latest/icons/pizza.svg	free	install	url:https://unpkg.com/lucide-static@latest/icons/pizza.svg
lucide	plane	Plane	transportation	图标 plane；分类: transportation, travel, navigation；tags: plane, trip, airplane	https://unpkg.com/lucide-static@latest/icons/plane.svg	free	install	url:https://unpkg.com/lucide-static@latest/icons/plane.svg
lucide	plane-landing	PlaneLanding	transportation	图标 plane-landing；分类: transportation, travel；tags: arrival, plane, trip, airplane, landing	https://unpkg.com/lucide-static@latest/icons/plane-landing.svg	free	install	url:https://unpkg.com/lucide-static@latest/icons/plane-landing.svg
lucide	plane-takeoff	PlaneTakeoff	transportation	图标 plane-takeoff；分类: transportation, travel；tags: departure, plane, trip, airplane, takeoff	https://unpkg.com/lucide-static@latest/icons/plane-takeoff.svg	free	install	url:https://unpkg.com/lucide-static@latest/icons/plane-takeoff.svg
lucide	plant-pot	PlantPot	home	图标 plant-pot；分类: home, nature；tags: plant, leaf, nature, pot, houseplant, gardening, planter, decor, indoor	https://unpkg.com/lucide-static@latest/icons/plant-pot.svg	free	install	url:https://unpkg.com/lucide-static@latest/icons/plant-pot.svg
lucide	play	Play	arrows	图标 play；分类: arrows, multimedia；tags: music, audio, video, start, run	https://unpkg.com/lucide-static@latest/icons/play.svg	free	install	url:https://unpkg.com/lucide-static@latest/icons/play.svg
lucide	play-off	PlayOff	multimedia	图标 play-off；分类: multimedia；tags: audio, video, music, start, run, off, disabled, blocked, forbidden	https://unpkg.com/lucide-static@latest/icons/play-off.svg	free	install	url:https://unpkg.com/lucide-static@latest/icons/play-off.svg
lucide	playing-card	PlayingCard	gaming	图标 playing-card；分类: gaming, development；tags: deck, draw, deal, shuffle, chance, random, selection, tabletop, flashcard, study, learning, prompt, icebreaker, conversation, collectible, trading, poker, casino, game, gambling, suit	https://unpkg.com/lucide-static@latest/icons/playing-card.svg	free	install	url:https://unpkg.com/lucide-static@latest/icons/playing-card.svg
lucide	playing-cards	PlayingCards	gaming	图标 playing-cards；分类: gaming, development；tags: deck, stack, shuffle, deal, draw, hand, tabletop, planning poker, scrum, agile, estimation, estimate, flashcards, study, learning, collectible, collection, trading, poker, casino, game, gambling, suit	https://unpkg.com/lucide-static@latest/icons/playing-cards.svg	free	install	url:https://unpkg.com/lucide-static@latest/icons/playing-cards.svg
lucide	playing-cards-fan	PlayingCardsFan	gaming	图标 playing-cards-fan；分类: gaming, development, social；tags: deck, fan, spread, hand, deal, dealt, draw, shuffle, tabletop, planning poker, scrum, agile, estimation, estimate, prompt, icebreaker, conversation, collectible, collection, trading, poker, casino, game, gambling, suit	https://unpkg.com/lucide-static@latest/icons/playing-cards-fan.svg	free	install	url:https://unpkg.com/lucide-static@latest/icons/playing-cards-fan.svg
lucide	plug	Plug	devices	图标 plug；分类: devices, development；tags: electricity, energy, electronics, socket, outlet, power, voltage, current, charger	https://unpkg.com/lucide-static@latest/icons/plug.svg	free	install	url:https://unpkg.com/lucide-static@latest/icons/plug.svg
lucide	plug-2	Plug2	devices	图标 plug-2；分类: devices, development；tags: electricity, energy, socket, outlet	https://unpkg.com/lucide-static@latest/icons/plug-2.svg	free	install	url:https://unpkg.com/lucide-static@latest/icons/plug-2.svg
lucide	plug-zap	PlugZap	devices	图标 plug-zap；分类: devices；tags: electricity, energy, electronics, charge, charging, battery, connect	https://unpkg.com/lucide-static@latest/icons/plug-zap.svg	free	install	url:https://unpkg.com/lucide-static@latest/icons/plug-zap.svg
lucide	plus	Plus	math	图标 plus；分类: math, tools, development, text, cursors, gaming；tags: add, new, increase, increment, positive, calculate, toolbar, crosshair, aim, target, scope, sight, reticule, maximum, upgrade, extra, +	https://unpkg.com/lucide-static@latest/icons/plus.svg	free	install	url:https://unpkg.com/lucide-static@latest/icons/plus.svg
lucide	pocket-knife	PocketKnife	tools	图标 pocket-knife；分类: tools；tags: swiss army knife, penknife, multi-tool, multitask, blade, cutter, gadget, corkscrew	https://unpkg.com/lucide-static@latest/icons/pocket-knife.svg	free	install	url:https://unpkg.com/lucide-static@latest/icons/pocket-knife.svg
lucide	podium	Podium	sports	图标 podium；分类: sports, gaming；tags: award, stage, winner, celebration, performance, medal, success, achievement, highlight, ranking, winning, place, placing, leaderboard, first, second, third, gold, silver, bronze	https://unpkg.com/lucide-static@latest/icons/podium.svg	free	install	url:https://unpkg.com/lucide-static@latest/icons/podium.svg
lucide	pointer	Pointer	cursors	图标 pointer；分类: cursors；tags: mouse	https://unpkg.com/lucide-static@latest/icons/pointer.svg	free	install	url:https://unpkg.com/lucide-static@latest/icons/pointer.svg
lucide	pointer-off	PointerOff	cursors	图标 pointer-off；分类: cursors；tags: mouse	https://unpkg.com/lucide-static@latest/icons/pointer-off.svg	free	install	url:https://unpkg.com/lucide-static@latest/icons/pointer-off.svg
lucide	popcorn	Popcorn	food-beverage	图标 popcorn；分类: food-beverage, multimedia；tags: cinema, movies, films, salted, sweet, sugar, candy, snack	https://unpkg.com/lucide-static@latest/icons/popcorn.svg	free	install	url:https://unpkg.com/lucide-static@latest/icons/popcorn.svg
lucide	popsicle	Popsicle	food-beverage	图标 popsicle；分类: food-beverage；tags: ice lolly, ice cream, sweet, food	https://unpkg.com/lucide-static@latest/icons/popsicle.svg	free	install	url:https://unpkg.com/lucide-static@latest/icons/popsicle.svg
lucide	pound-sterling	PoundSterling	finance	图标 pound-sterling；分类: finance；tags: currency, money, payment	https://unpkg.com/lucide-static@latest/icons/pound-sterling.svg	free	install	url:https://unpkg.com/lucide-static@latest/icons/pound-sterling.svg
lucide	power	Power	connectivity	图标 power；分类: connectivity；tags: on, off, device, switch, toggle, binary, boolean, reboot, restart, button, keyboard, troubleshoot	https://unpkg.com/lucide-static@latest/icons/power.svg	free	install	url:https://unpkg.com/lucide-static@latest/icons/power.svg
lucide	power-off	PowerOff	connectivity	图标 power-off；分类: connectivity；tags: on, off, device, switch	https://unpkg.com/lucide-static@latest/icons/power-off.svg	free	install	url:https://unpkg.com/lucide-static@latest/icons/power-off.svg
lucide	presentation	Presentation	multimedia	图标 presentation；分类: multimedia, photography, devices, communication, design；tags: screen, whiteboard, marker pens, markers, blackboard, chalk, easel, school, learning, lesson, office, meeting, project, planning	https://unpkg.com/lucide-static@latest/icons/presentation.svg	free	install	url:https://unpkg.com/lucide-static@latest/icons/presentation.svg
lucide	printer	Printer	devices	图标 printer；分类: devices；tags: fax, office, device	https://unpkg.com/lucide-static@latest/icons/printer.svg	free	install	url:https://unpkg.com/lucide-static@latest/icons/printer.svg
lucide	printer-3d	Printer3d	devices	图标 printer-3d；分类: devices, tools；tags: model, hardware, technology, device, factory, manufacturing, art, extruder, stl, obj, step, additive, fabrication, rapid prototype, layer, filament, nozzle, maker, machine	https://unpkg.com/lucide-static@latest/icons/printer-3d.svg	free	install	url:https://unpkg.com/lucide-static@latest/icons/printer-3d.svg
lucide	printer-check	PrinterCheck	devices	图标 printer-check；分类: devices；tags: fax, office, device, success, printed	https://unpkg.com/lucide-static@latest/icons/printer-check.svg	free	install	url:https://unpkg.com/lucide-static@latest/icons/printer-check.svg
lucide	printer-x	PrinterX	devices	图标 printer-x；分类: devices；tags: fax, office, device, cross, cancel, remove, error	https://unpkg.com/lucide-static@latest/icons/printer-x.svg	free	install	url:https://unpkg.com/lucide-static@latest/icons/printer-x.svg
lucide	projector	Projector	multimedia	图标 projector；分类: multimedia, photography, devices, communication；tags: cinema, film, movie, home video, presentation, slideshow, office, meeting, project, planning	https://unpkg.com/lucide-static@latest/icons/projector.svg	free	install	url:https://unpkg.com/lucide-static@latest/icons/projector.svg
lucide	proportions	Proportions	layout	图标 proportions；分类: layout, design, photography, devices；tags: screens, sizes, rotate, rotation, adjust, aspect ratio, 16:9, widescreen, 4:3, resolution, responsive, mobile, desktop, dimensions, monitor, orientation, portrait, landscape	https://unpkg.com/lucide-static@latest/icons/proportions.svg	free	install	url:https://unpkg.com/lucide-static@latest/icons/proportions.svg
lucide	puzzle	Puzzle	development	图标 puzzle；分类: development, gaming；tags: component, module, part, piece	https://unpkg.com/lucide-static@latest/icons/puzzle.svg	free	install	url:https://unpkg.com/lucide-static@latest/icons/puzzle.svg
lucide	pyramid	Pyramid	shapes	图标 pyramid；分类: shapes, math, travel；tags: prism, triangle, triangular, hierarchy, structure, geometry, ancient, egyptian, landmark, tourism	https://unpkg.com/lucide-static@latest/icons/pyramid.svg	free	install	url:https://unpkg.com/lucide-static@latest/icons/pyramid.svg
lucide	qr-code	QrCode	development	图标 qr-code；分类: development, social；tags: barcode, scan, link, url, information, digital	https://unpkg.com/lucide-static@latest/icons/qr-code.svg	free	install	url:https://unpkg.com/lucide-static@latest/icons/qr-code.svg
lucide	quote	Quote	text	图标 quote；分类: text；tags: quotation	https://unpkg.com/lucide-static@latest/icons/quote.svg	free	install	url:https://unpkg.com/lucide-static@latest/icons/quote.svg
lucide	rabbit	Rabbit	animals	图标 rabbit；分类: animals；tags: animal, rodent, pet, pest, bunny, hare, fast, speed, hop	https://unpkg.com/lucide-static@latest/icons/rabbit.svg	free	install	url:https://unpkg.com/lucide-static@latest/icons/rabbit.svg
lucide	radar	Radar	navigation	图标 radar；分类: navigation, security, communication；tags: scan, sonar, detect, find, locate	https://unpkg.com/lucide-static@latest/icons/radar.svg	free	install	url:https://unpkg.com/lucide-static@latest/icons/radar.svg
lucide	radiation	Radiation	science	图标 radiation；分类: science；tags: radioactive, nuclear, fallout, waste, atomic, physics, particle, element, molecule	https://unpkg.com/lucide-static@latest/icons/radiation.svg	free	install	url:https://unpkg.com/lucide-static@latest/icons/radiation.svg
lucide	radical	Radical	development	图标 radical；分类: development, math；tags: calculate, formula, math, operator, root, square, symbol	https://unpkg.com/lucide-static@latest/icons/radical.svg	free	install	url:https://unpkg.com/lucide-static@latest/icons/radical.svg
lucide	radio	Radio	devices	图标 radio；分类: devices, multimedia, social；tags: signal, broadcast, connectivity, live, frequency	https://unpkg.com/lucide-static@latest/icons/radio.svg	free	install	url:https://unpkg.com/lucide-static@latest/icons/radio.svg
lucide	radio-off	RadioOff	devices	图标 radio-off；分类: devices, multimedia, social；tags: signal, broadcast, connectivity, live, frequency	https://unpkg.com/lucide-static@latest/icons/radio-off.svg	free	install	url:https://unpkg.com/lucide-static@latest/icons/radio-off.svg
lucide	radio-receiver	RadioReceiver	devices	图标 radio-receiver；分类: devices；tags: device, music, connect	https://unpkg.com/lucide-static@latest/icons/radio-receiver.svg	free	install	url:https://unpkg.com/lucide-static@latest/icons/radio-receiver.svg
lucide	radio-tower	RadioTower	devices	图标 radio-tower；分类: devices, multimedia, social；tags: signal, broadcast, connectivity, live, frequency	https://unpkg.com/lucide-static@latest/icons/radio-tower.svg	free	install	url:https://unpkg.com/lucide-static@latest/icons/radio-tower.svg
lucide	radius	Radius	shapes	图标 radius；分类: shapes, math, design, tools；tags: shape, circle, geometry, trigonometry, radii, calculate, measure, size	https://unpkg.com/lucide-static@latest/icons/radius.svg	free	install	url:https://unpkg.com/lucide-static@latest/icons/radius.svg
lucide	rainbow	Rainbow	weather	图标 rainbow；分类: weather；tags: colors, colours, spectrum, light, prism, arc, clear, sunshine	https://unpkg.com/lucide-static@latest/icons/rainbow.svg	free	install	url:https://unpkg.com/lucide-static@latest/icons/rainbow.svg
lucide	rat	Rat	animals	图标 rat；分类: animals；tags: mouse, mice, gerbil, rodent, pet, pest, plague, disease	https://unpkg.com/lucide-static@latest/icons/rat.svg	free	install	url:https://unpkg.com/lucide-static@latest/icons/rat.svg
lucide	ratio	Ratio	layout	图标 ratio；分类: layout, design, photography；tags: screens, sizes, rotate, rotation, adjust, aspect ratio, proportions, 16:9, widescreen, 4:3, resolution, responsive, mobile, desktop, dimensions, monitor, orientation, portrait, landscape	https://unpkg.com/lucide-static@latest/icons/ratio.svg	free	install	url:https://unpkg.com/lucide-static@latest/icons/ratio.svg
lucide	receipt	Receipt	finance	图标 receipt；分类: finance, travel；tags: bill, voucher, slip, check, counterfoil, currency, dollar, usd, $	https://unpkg.com/lucide-static@latest/icons/receipt.svg	free	install	url:https://unpkg.com/lucide-static@latest/icons/receipt.svg
lucide	receipt-cent	ReceiptCent	finance	图标 receipt-cent；分类: finance, travel；tags: bill, voucher, slip, check, counterfoil, currency, cents, dollar, usd, $, ¢	https://unpkg.com/lucide-static@latest/icons/receipt-cent.svg	free	install	url:https://unpkg.com/lucide-static@latest/icons/receipt-cent.svg
lucide	receipt-euro	ReceiptEuro	finance	图标 receipt-euro；分类: finance, travel；tags: bill, voucher, slip, check, counterfoil, currency, €	https://unpkg.com/lucide-static@latest/icons/receipt-euro.svg	free	install	url:https://unpkg.com/lucide-static@latest/icons/receipt-euro.svg
lucide	receipt-indian-rupee	ReceiptIndianRupee	finance	图标 receipt-indian-rupee；分类: finance, travel；tags: bill, voucher, slip, check, counterfoil, currency, inr, ₹	https://unpkg.com/lucide-static@latest/icons/receipt-indian-rupee.svg	free	install	url:https://unpkg.com/lucide-static@latest/icons/receipt-indian-rupee.svg
lucide	receipt-japanese-yen	ReceiptJapaneseYen	finance	图标 receipt-japanese-yen；分类: finance, travel；tags: bill, voucher, slip, check, counterfoil, currency, jpy, ¥	https://unpkg.com/lucide-static@latest/icons/receipt-japanese-yen.svg	free	install	url:https://unpkg.com/lucide-static@latest/icons/receipt-japanese-yen.svg
lucide	receipt-pound-sterling	ReceiptPoundSterling	finance	图标 receipt-pound-sterling；分类: finance, travel；tags: bill, voucher, slip, check, counterfoil, british, currency, gbp, £	https://unpkg.com/lucide-static@latest/icons/receipt-pound-sterling.svg	free	install	url:https://unpkg.com/lucide-static@latest/icons/receipt-pound-sterling.svg
lucide	receipt-russian-ruble	ReceiptRussianRuble	finance	图标 receipt-russian-ruble；分类: finance, travel；tags: bill, voucher, slip, check, counterfoil, currency, rub, ₽	https://unpkg.com/lucide-static@latest/icons/receipt-russian-ruble.svg	free	install	url:https://unpkg.com/lucide-static@latest/icons/receipt-russian-ruble.svg
lucide	receipt-swiss-franc	ReceiptSwissFranc	finance	图标 receipt-swiss-franc；分类: finance, travel；tags: bill, voucher, slip, check, counterfoil, currency, chf, ₣	https://unpkg.com/lucide-static@latest/icons/receipt-swiss-franc.svg	free	install	url:https://unpkg.com/lucide-static@latest/icons/receipt-swiss-franc.svg
lucide	receipt-text	ReceiptText	finance	图标 receipt-text；分类: finance, travel；tags: bill, voucher, slip, check, counterfoil, details, small print, terms, conditions, contract	https://unpkg.com/lucide-static@latest/icons/receipt-text.svg	free	install	url:https://unpkg.com/lucide-static@latest/icons/receipt-text.svg
lucide	receipt-turkish-lira	ReceiptTurkishLira	finance	图标 receipt-turkish-lira；分类: finance, travel；tags: bill, voucher, slip, check, counterfoil, currency, try, ₺	https://unpkg.com/lucide-static@latest/icons/receipt-turkish-lira.svg	free	install	url:https://unpkg.com/lucide-static@latest/icons/receipt-turkish-lira.svg
lucide	rectangle-circle	RectangleCircle	development	图标 rectangle-circle；分类: development, text；tags: compose, keyboard, key, button	https://unpkg.com/lucide-static@latest/icons/rectangle-circle.svg	free	install	url:https://unpkg.com/lucide-static@latest/icons/rectangle-circle.svg
lucide	rectangle-ellipsis	RectangleEllipsis	text	图标 rectangle-ellipsis；分类: text, development；tags: login, password, authenticate, 2fa, field, fill, ellipsis, et cetera, etc, loader, loading, progress, pending, throbber, menu, options, operator, code, spread, rest, more, further, extra, overflow, dots, …, ...	https://unpkg.com/lucide-static@latest/icons/rectangle-ellipsis.svg	free	install	url:https://unpkg.com/lucide-static@latest/icons/rectangle-ellipsis.svg
lucide	rectangle-goggles	RectangleGoggles	devices	图标 rectangle-goggles；分类: devices, gaming, multimedia, connectivity；tags: vr, virtual, augmented, reality, headset, goggles	https://unpkg.com/lucide-static@latest/icons/rectangle-goggles.svg	free	install	url:https://unpkg.com/lucide-static@latest/icons/rectangle-goggles.svg
lucide	rectangle-horizontal	RectangleHorizontal	shapes	图标 rectangle-horizontal；分类: shapes, design；tags: rectangle, aspect ratio, 16:9, horizontal, shape	https://unpkg.com/lucide-static@latest/icons/rectangle-horizontal.svg	free	install	url:https://unpkg.com/lucide-static@latest/icons/rectangle-horizontal.svg
lucide	rectangle-vertical	RectangleVertical	shapes	图标 rectangle-vertical；分类: shapes, design；tags: rectangle, aspect ratio, 9:16, vertical, shape	https://unpkg.com/lucide-static@latest/icons/rectangle-vertical.svg	free	install	url:https://unpkg.com/lucide-static@latest/icons/rectangle-vertical.svg
lucide	recycle	Recycle	sustainability	图标 recycle；分类: sustainability；tags: sustainability, salvage, arrows	https://unpkg.com/lucide-static@latest/icons/recycle.svg	free	install	url:https://unpkg.com/lucide-static@latest/icons/recycle.svg
lucide	redo	Redo	text	图标 redo；分类: text, arrows；tags: undo, rerun, history	https://unpkg.com/lucide-static@latest/icons/redo.svg	free	install	url:https://unpkg.com/lucide-static@latest/icons/redo.svg
lucide	redo-2	Redo2	text	图标 redo-2；分类: text, arrows；tags: undo, rerun, history	https://unpkg.com/lucide-static@latest/icons/redo-2.svg	free	install	url:https://unpkg.com/lucide-static@latest/icons/redo-2.svg
lucide	redo-dot	RedoDot	text	图标 redo-dot；分类: text, arrows；tags: redo, history, step, over, forward	https://unpkg.com/lucide-static@latest/icons/redo-dot.svg	free	install	url:https://unpkg.com/lucide-static@latest/icons/redo-dot.svg
lucide	refresh-ccw	RefreshCcw	arrows	图标 refresh-ccw；分类: arrows；tags: arrows, rotate, reload, rerun, synchronise, synchronize, circular, cycle	https://unpkg.com/lucide-static@latest/icons/refresh-ccw.svg	free	install	url:https://unpkg.com/lucide-static@latest/icons/refresh-ccw.svg
lucide	refresh-ccw-dot	RefreshCcwDot	arrows	图标 refresh-ccw-dot；分类: arrows, development；tags: arrows, rotate, reload, synchronise, synchronize, circular, cycle, issue, code, coding, version control	https://unpkg.com/lucide-static@latest/icons/refresh-ccw-dot.svg	free	install	url:https://unpkg.com/lucide-static@latest/icons/refresh-ccw-dot.svg
lucide	refresh-cw	RefreshCw	arrows	图标 refresh-cw；分类: arrows；tags: rotate, reload, rerun, synchronise, synchronize, arrows, circular, cycle	https://unpkg.com/lucide-static@latest/icons/refresh-cw.svg	free	install	url:https://unpkg.com/lucide-static@latest/icons/refresh-cw.svg
lucide	refresh-cw-off	RefreshCwOff	arrows	图标 refresh-cw-off；分类: arrows；tags: rotate, reload, rerun, synchronise, synchronize, arrows, circular, cycle, cancel, no, stop, error, disconnect, ignore	https://unpkg.com/lucide-static@latest/icons/refresh-cw-off.svg	free	install	url:https://unpkg.com/lucide-static@latest/icons/refresh-cw-off.svg
lucide	refrigerator	Refrigerator	food-beverage	图标 refrigerator；分类: food-beverage, home；tags: frigerator, fridge, freezer, cooler, icebox, chiller, cold storage	https://unpkg.com/lucide-static@latest/icons/refrigerator.svg	free	install	url:https://unpkg.com/lucide-static@latest/icons/refrigerator.svg
lucide	regex	Regex	text	图标 regex；分类: text, development；tags: search, text, code	https://unpkg.com/lucide-static@latest/icons/regex.svg	free	install	url:https://unpkg.com/lucide-static@latest/icons/regex.svg
lucide	remove-formatting	RemoveFormatting	text	图标 remove-formatting；分类: text；tags: text, font, typography, format, x, remove, delete, times, clear	https://unpkg.com/lucide-static@latest/icons/remove-formatting.svg	free	install	url:https://unpkg.com/lucide-static@latest/icons/remove-formatting.svg
lucide	repeat	Repeat	arrows	图标 repeat；分类: arrows, multimedia；tags: loop, arrows	https://unpkg.com/lucide-static@latest/icons/repeat.svg	free	install	url:https://unpkg.com/lucide-static@latest/icons/repeat.svg
lucide	repeat-1	Repeat1	multimedia	图标 repeat-1；分类: multimedia；tags: replay	https://unpkg.com/lucide-static@latest/icons/repeat-1.svg	free	install	url:https://unpkg.com/lucide-static@latest/icons/repeat-1.svg
lucide	repeat-2	Repeat2	arrows	图标 repeat-2；分类: arrows, social, multimedia；tags: arrows, retweet, repost, share, repeat, loop	https://unpkg.com/lucide-static@latest/icons/repeat-2.svg	free	install	url:https://unpkg.com/lucide-static@latest/icons/repeat-2.svg
lucide	repeat-off	RepeatOff	arrows	图标 repeat-off；分类: arrows, multimedia；tags: loop, arrows, recurring, again	https://unpkg.com/lucide-static@latest/icons/repeat-off.svg	free	install	url:https://unpkg.com/lucide-static@latest/icons/repeat-off.svg
lucide	replace	Replace	text	图标 replace；分类: text；tags: search, substitute, swap, change	https://unpkg.com/lucide-static@latest/icons/replace.svg	free	install	url:https://unpkg.com/lucide-static@latest/icons/replace.svg
lucide	replace-all	ReplaceAll	text	图标 replace-all；分类: text；tags: search, substitute, swap, change	https://unpkg.com/lucide-static@latest/icons/replace-all.svg	free	install	url:https://unpkg.com/lucide-static@latest/icons/replace-all.svg
lucide	reply	Reply	mail	图标 reply；分类: mail；tags: email	https://unpkg.com/lucide-static@latest/icons/reply.svg	free	install	url:https://unpkg.com/lucide-static@latest/icons/reply.svg
lucide	reply-all	ReplyAll	mail	图标 reply-all；分类: mail；tags: email	https://unpkg.com/lucide-static@latest/icons/reply-all.svg	free	install	url:https://unpkg.com/lucide-static@latest/icons/reply-all.svg
lucide	rewind	Rewind	arrows	图标 rewind；分类: arrows, multimedia；tags: music	https://unpkg.com/lucide-static@latest/icons/rewind.svg	free	install	url:https://unpkg.com/lucide-static@latest/icons/rewind.svg
lucide	ribbon	Ribbon	social	图标 ribbon；分类: social, medical, emoji；tags: awareness, strip, band, tape, strap, cordon	https://unpkg.com/lucide-static@latest/icons/ribbon.svg	free	install	url:https://unpkg.com/lucide-static@latest/icons/ribbon.svg
lucide	road	Road	transportation	图标 road；分类: transportation；tags: road, street, highway, route, path, transport, traffic, drive, map	https://unpkg.com/lucide-static@latest/icons/road.svg	free	install	url:https://unpkg.com/lucide-static@latest/icons/road.svg
lucide	robot-arm	RobotArm	science	图标 robot-arm；分类: science, tools；tags: mechanical, automation, factory, manufacture, technology, cyborg, industrial, hardware, machinery	https://unpkg.com/lucide-static@latest/icons/robot-arm.svg	free	install	url:https://unpkg.com/lucide-static@latest/icons/robot-arm.svg
lucide	robot-vacuum	RobotVacuum	devices	图标 robot-vacuum；分类: devices, home, tools；tags: appliance, cleaning, household, housekeeping, tool, maintenance, smarthome, sweeping, hygiene, chores, automation, smart home, device, floor, dust, debris, navigation, sensor	https://unpkg.com/lucide-static@latest/icons/robot-vacuum.svg	free	install	url:https://unpkg.com/lucide-static@latest/icons/robot-vacuum.svg
lucide	rocket	Rocket	gaming	图标 rocket；分类: gaming, development；tags: release, boost, launch, space, version	https://unpkg.com/lucide-static@latest/icons/rocket.svg	free	install	url:https://unpkg.com/lucide-static@latest/icons/rocket.svg
lucide	rocking-chair	RockingChair	home	图标 rocking-chair；分类: home；tags: chair, furniture, seat, comfort, relax	https://unpkg.com/lucide-static@latest/icons/rocking-chair.svg	free	install	url:https://unpkg.com/lucide-static@latest/icons/rocking-chair.svg
lucide	roller-coaster	RollerCoaster	navigation	图标 roller-coaster；分类: navigation；tags: attraction, entertainment, amusement park, theme park, funfair	https://unpkg.com/lucide-static@latest/icons/roller-coaster.svg	free	install	url:https://unpkg.com/lucide-static@latest/icons/roller-coaster.svg
lucide	rose	Rose	nature	图标 rose；分类: nature, seasons, sustainability, home, social；tags: roses, thorns, petals, plant, stem, leaves, spring, bloom, blossom, gardening, botanical, flora, florist, bouquet, bunch, gift, date, romance, romantic, valentines day, special occasion	https://unpkg.com/lucide-static@latest/icons/rose.svg	free	install	url:https://unpkg.com/lucide-static@latest/icons/rose.svg
lucide	rotate-3d	Rotate3d	design	图标 rotate-3d；分类: design；tags: gizmo, transform, orientation, orbit, axis	https://unpkg.com/lucide-static@latest/icons/rotate-3d.svg	free	install	url:https://unpkg.com/lucide-static@latest/icons/rotate-3d.svg
lucide	rotate-ccw	RotateCcw	arrows	图标 rotate-ccw；分类: arrows, design, photography；tags: arrow, left, counter-clockwise, restart, reload, rerun, refresh, backup, undo, replay, redo, retry, rewind, reverse	https://unpkg.com/lucide-static@latest/icons/rotate-ccw.svg	free	install	url:https://unpkg.com/lucide-static@latest/icons/rotate-ccw.svg
lucide	rotate-ccw-clock	RotateCcwClock	arrows	图标 rotate-ccw-clock；分类: arrows, time；tags: history, time, redo, undo, rewind, timeline, version, time machine, backup, ccw	https://unpkg.com/lucide-static@latest/icons/rotate-ccw-clock.svg	free	install	url:https://unpkg.com/lucide-static@latest/icons/rotate-ccw-clock.svg
lucide	rotate-ccw-key	RotateCcwKey	security	图标 rotate-ccw-key；分类: security, account；tags: password, key, refresh, change	https://unpkg.com/lucide-static@latest/icons/rotate-ccw-key.svg	free	install	url:https://unpkg.com/lucide-static@latest/icons/rotate-ccw-key.svg
lucide	rotate-ccw-square	RotateCcwSquare	layout	图标 rotate-ccw-square；分类: layout, design, photography, tools, arrows；tags: left, counter-clockwise, rotate, image, 90, 45, degrees, °	https://unpkg.com/lucide-static@latest/icons/rotate-ccw-square.svg	free	install	url:https://unpkg.com/lucide-static@latest/icons/rotate-ccw-square.svg
lucide	rotate-cw	RotateCw	arrows	图标 rotate-cw；分类: arrows, design, photography；tags: arrow, right, clockwise, refresh, reload, rerun, redo	https://unpkg.com/lucide-static@latest/icons/rotate-cw.svg	free	install	url:https://unpkg.com/lucide-static@latest/icons/rotate-cw.svg
lucide	rotate-cw-clock	RotateCwClock	arrows	图标 rotate-cw-clock；分类: arrows, time；tags: modify, edit, refresh, sync, renew, revision, settings, adjust, upgrade, time, timeline, version, time machine, backup, clockwise, arrow, reload, rerun, synchronize, circular, cycle, update	https://unpkg.com/lucide-static@latest/icons/rotate-cw-clock.svg	free	install	url:https://unpkg.com/lucide-static@latest/icons/rotate-cw-clock.svg
lucide	rotate-cw-fading-clock	RotateCwFadingClock	time	图标 rotate-cw-fading-clock；分类: time；tags: clock, waiting, schedule, hourglass, loading, pause, pending, time, watch	https://unpkg.com/lucide-static@latest/icons/rotate-cw-fading-clock.svg	free	install	url:https://unpkg.com/lucide-static@latest/icons/rotate-cw-fading-clock.svg
lucide	rotate-cw-square	RotateCwSquare	layout	图标 rotate-cw-square；分类: layout, design, photography, tools, arrows；tags: right, clockwise, rotate, image, 90, 45, degrees, °	https://unpkg.com/lucide-static@latest/icons/rotate-cw-square.svg	free	install	url:https://unpkg.com/lucide-static@latest/icons/rotate-cw-square.svg
lucide	route	Route	navigation	图标 route；分类: navigation；tags: path, journey, planner, points, stops, stations	https://unpkg.com/lucide-static@latest/icons/route.svg	free	install	url:https://unpkg.com/lucide-static@latest/icons/route.svg
lucide	route-off	RouteOff	navigation	图标 route-off；分类: navigation；tags: path, journey, planner, points, stops, stations, reset, clear, cancelled, closed, blocked	https://unpkg.com/lucide-static@latest/icons/route-off.svg	free	install	url:https://unpkg.com/lucide-static@latest/icons/route-off.svg
lucide	router	Router	development	图标 router；分类: development, devices, connectivity, home；tags: computer, server, cloud	https://unpkg.com/lucide-static@latest/icons/router.svg	free	install	url:https://unpkg.com/lucide-static@latest/icons/router.svg
lucide	rows-2	Rows2	layout	图标 rows-2；分类: layout, design, text；tags: lines, list, queue, preview, panel, paragraphs, parallel, series, split, vertical, horizontal, half, center, middle, even, drawer	https://unpkg.com/lucide-static@latest/icons/rows-2.svg	free	install	url:https://unpkg.com/lucide-static@latest/icons/rows-2.svg
lucide	rows-3	Rows3	layout	图标 rows-3；分类: layout, design, text；tags: lines, list, queue, preview, paragraphs, parallel, series, split, vertical, horizontal, half, center, middle, even, drawers	https://unpkg.com/lucide-static@latest/icons/rows-3.svg	free	install	url:https://unpkg.com/lucide-static@latest/icons/rows-3.svg
lucide	rows-4	Rows4	layout	图标 rows-4；分类: layout, design, text；tags: lines, list, queue, preview, paragraphs, parallel, series, split, vertical, horizontal, half, center, middle, even, drawers, grill	https://unpkg.com/lucide-static@latest/icons/rows-4.svg	free	install	url:https://unpkg.com/lucide-static@latest/icons/rows-4.svg
lucide	rss	Rss	development	图标 rss；分类: development, social；tags: feed, subscribe, news, updates, notifications, content, blog, articles, broadcast, syndication, reader, channels, posts, publishing, digest, alert, following, inbox, newsletter, weblog, podcast	https://unpkg.com/lucide-static@latest/icons/rss.svg	free	install	url:https://unpkg.com/lucide-static@latest/icons/rss.svg
lucide	rugby-ball	RugbyBall	sports	图标 rugby-ball；分类: sports；tags: rugby, football, ball, goal, sport	https://unpkg.com/lucide-static@latest/icons/rugby-ball.svg	free	install	url:https://unpkg.com/lucide-static@latest/icons/rugby-ball.svg
lucide	ruler	Ruler	tools	图标 ruler；分类: tools, design, layout；tags: measurements, centimeters, cm, millimeters, mm, metre, foot, feet, inches, units, size, length, width, height, dimensions, depth, breadth, extent, stationery	https://unpkg.com/lucide-static@latest/icons/ruler.svg	free	install	url:https://unpkg.com/lucide-static@latest/icons/ruler.svg
lucide	ruler-dimension-line	RulerDimensionLine	tools	图标 ruler-dimension-line；分类: tools, design, layout；tags: measurements, centimeters, cm, millimeters, mm, metre, foot, feet, inches, units, size, length, width, height, dimensions, depth, breadth, extent, stationery	https://unpkg.com/lucide-static@latest/icons/ruler-dimension-line.svg	free	install	url:https://unpkg.com/lucide-static@latest/icons/ruler-dimension-line.svg
lucide	russian-ruble	RussianRuble	finance	图标 russian-ruble；分类: finance；tags: currency, money, payment	https://unpkg.com/lucide-static@latest/icons/russian-ruble.svg	free	install	url:https://unpkg.com/lucide-static@latest/icons/russian-ruble.svg
lucide	sailboat	Sailboat	transportation	图标 sailboat；分类: transportation, travel；tags: ship, boat, harbor, harbour, dock	https://unpkg.com/lucide-static@latest/icons/sailboat.svg	free	install	url:https://unpkg.com/lucide-static@latest/icons/sailboat.svg
lucide	salad	Salad	food-beverage	图标 salad；分类: food-beverage, emoji；tags: food, vegetarian, dish, restaurant, course, meal, side, vegetables, health	https://unpkg.com/lucide-static@latest/icons/salad.svg	free	install	url:https://unpkg.com/lucide-static@latest/icons/salad.svg
lucide	sandwich	Sandwich	food-beverage	图标 sandwich；分类: food-beverage；tags: food, snack, dish, restaurant, lunch, meal	https://unpkg.com/lucide-static@latest/icons/sandwich.svg	free	install	url:https://unpkg.com/lucide-static@latest/icons/sandwich.svg
lucide	satellite	Satellite	connectivity	图标 satellite；分类: connectivity, science；tags: space station, orbit, transmitter	https://unpkg.com/lucide-static@latest/icons/satellite.svg	free	install	url:https://unpkg.com/lucide-static@latest/icons/satellite.svg
lucide	satellite-dish	SatelliteDish	connectivity	图标 satellite-dish；分类: connectivity, devices, multimedia；tags: antenna, receiver, dish aerial, saucer, communication, broadcast, signal	https://unpkg.com/lucide-static@latest/icons/satellite-dish.svg	free	install	url:https://unpkg.com/lucide-static@latest/icons/satellite-dish.svg
lucide	saudi-riyal	SaudiRiyal	finance	图标 saudi-riyal；分类: finance；tags: currency, money, payment	https://unpkg.com/lucide-static@latest/icons/saudi-riyal.svg	free	install	url:https://unpkg.com/lucide-static@latest/icons/saudi-riyal.svg
lucide	save	Save	text	图标 save；分类: text, files；tags: floppy disk	https://unpkg.com/lucide-static@latest/icons/save.svg	free	install	url:https://unpkg.com/lucide-static@latest/icons/save.svg
lucide	save-all	SaveAll	text	图标 save-all；分类: text, files；tags: floppy disks, copy	https://unpkg.com/lucide-static@latest/icons/save-all.svg	free	install	url:https://unpkg.com/lucide-static@latest/icons/save-all.svg
lucide	save-check	SaveCheck	text	图标 save-check；分类: text, files, development；tags: save, save-check, floppy-disk, saved, check, save-success	https://unpkg.com/lucide-static@latest/icons/save-check.svg	free	install	url:https://unpkg.com/lucide-static@latest/icons/save-check.svg
lucide	save-off	SaveOff	text	图标 save-off；分类: text, files；tags: floppy disk, unsalvageable	https://unpkg.com/lucide-static@latest/icons/save-off.svg	free	install	url:https://unpkg.com/lucide-static@latest/icons/save-off.svg
lucide	save-pen	SavePen	text	图标 save-pen；分类: text, files；tags: floppy disk, directory, rename	https://unpkg.com/lucide-static@latest/icons/save-pen.svg	free	install	url:https://unpkg.com/lucide-static@latest/icons/save-pen.svg
lucide	save-plus	SavePlus	text	图标 save-plus；分类: text, files；tags: floppy disk, save, plus, add, update, create	https://unpkg.com/lucide-static@latest/icons/save-plus.svg	free	install	url:https://unpkg.com/lucide-static@latest/icons/save-plus.svg
lucide	scale	Scale	navigation	图标 scale；分类: navigation, science, finance；tags: balance, legal, license, right, rule, law, justice, weight, measure, compare, judge, fair, ethics, decision	https://unpkg.com/lucide-static@latest/icons/scale.svg	free	install	url:https://unpkg.com/lucide-static@latest/icons/scale.svg
lucide	scale-3d	Scale3d	design	图标 scale-3d；分类: design；tags: gizmo, transform, size, axis	https://unpkg.com/lucide-static@latest/icons/scale-3d.svg	free	install	url:https://unpkg.com/lucide-static@latest/icons/scale-3d.svg
lucide	scaling	Scaling	design	图标 scaling；分类: design；tags: scale, resize, design	https://unpkg.com/lucide-static@latest/icons/scaling.svg	free	install	url:https://unpkg.com/lucide-static@latest/icons/scaling.svg
lucide	scan	Scan	devices	图标 scan；分类: devices, shopping, security, social, gaming；tags: qr-code, barcode, checkout, augmented reality, ar, target, surveillance, camera, lens, focus, frame, select, box, boundary, bounds, area, square, dashed	https://unpkg.com/lucide-static@latest/icons/scan.svg	free	install	url:https://unpkg.com/lucide-static@latest/icons/scan.svg
lucide	scan-barcode	ScanBarcode	shopping	图标 scan-barcode；分类: shopping, devices；tags: checkout, till, cart, transaction, purchase, buy, product, packaging, retail, consumer	https://unpkg.com/lucide-static@latest/icons/scan-barcode.svg	free	install	url:https://unpkg.com/lucide-static@latest/icons/scan-barcode.svg
lucide	scan-box	ScanBox	design	图标 scan-box；分类: design, devices, shopping, gaming；tags: ar, augmented reality, 3d, object detection, object recognition, tracking, spatial computing, capture, cube, bounding box, camera, frame, shape, boundary, lidar, depth, scanning, mapping, placement	https://unpkg.com/lucide-static@latest/icons/scan-box.svg	free	install	url:https://unpkg.com/lucide-static@latest/icons/scan-box.svg
lucide	scan-eye	ScanEye	photography	图标 scan-eye；分类: photography, multimedia, accessibility, security, devices, account；tags: preview, zoom, expand, fullscreen, gallery, image, camera, watch, surveillance, retina, focus, lens, biometric, identification, authentication, access, login	https://unpkg.com/lucide-static@latest/icons/scan-eye.svg	free	install	url:https://unpkg.com/lucide-static@latest/icons/scan-eye.svg
lucide	scan-face	ScanFace	account	图标 scan-face；分类: account, security, devices, social；tags: face, biometric, identification, authentication, 2fa, access, login, dashed	https://unpkg.com/lucide-static@latest/icons/scan-face.svg	free	install	url:https://unpkg.com/lucide-static@latest/icons/scan-face.svg
lucide	scan-heart	ScanHeart	medical	图标 scan-heart；分类: medical；tags: health, heart rate, pulse, monitoring, healthiness, screening, dashed	https://unpkg.com/lucide-static@latest/icons/scan-heart.svg	free	install	url:https://unpkg.com/lucide-static@latest/icons/scan-heart.svg
lucide	scan-line	ScanLine	devices	图标 scan-line；分类: devices, shopping；tags: checkout, till, cart, transaction, purchase, buy, product, packaging, retail, consumer, qr-code, dashed	https://unpkg.com/lucide-static@latest/icons/scan-line.svg	free	install	url:https://unpkg.com/lucide-static@latest/icons/scan-line.svg
lucide	scan-qr-code	ScanQrCode	account	图标 scan-qr-code；分类: account, shopping, devices, security；tags: barcode, scan, qrcode, url, information, digital, scanner	https://unpkg.com/lucide-static@latest/icons/scan-qr-code.svg	free	install	url:https://unpkg.com/lucide-static@latest/icons/scan-qr-code.svg
lucide	scan-search	ScanSearch	photography	图标 scan-search；分类: photography, multimedia, accessibility；tags: preview, zoom, expand, fullscreen, gallery, image, focus, lens	https://unpkg.com/lucide-static@latest/icons/scan-search.svg	free	install	url:https://unpkg.com/lucide-static@latest/icons/scan-search.svg
lucide	scan-square	ScanSquare	photography	图标 scan-square；分类: photography, design, development；tags: scan, square, detect, recognition, select, frame, object, viewfinder, capture, shape, boundary, camera, scanner, overlay, focus, crop, marker	https://unpkg.com/lucide-static@latest/icons/scan-square.svg	free	install	url:https://unpkg.com/lucide-static@latest/icons/scan-square.svg
lucide	scan-text	ScanText	text	图标 scan-text；分类: text, devices；tags: recognition, read, translate, copy, lines	https://unpkg.com/lucide-static@latest/icons/scan-text.svg	free	install	url:https://unpkg.com/lucide-static@latest/icons/scan-text.svg
lucide	school	School	buildings	图标 school；分类: buildings, navigation；tags: building, education, childhood, university, learning, campus, scholar, student, lecture, degree, course, academia, study, knowledge, classroom, research, diploma, graduation, professor, tutorial, homework, assignment, exam	https://unpkg.com/lucide-static@latest/icons/school.svg	free	install	url:https://unpkg.com/lucide-static@latest/icons/school.svg
lucide	scissors	Scissors	text	图标 scissors；分类: text, design, tools；tags: cut, snip, chop, stationery, crafts	https://unpkg.com/lucide-static@latest/icons/scissors.svg	free	install	url:https://unpkg.com/lucide-static@latest/icons/scissors.svg
lucide	scissors-line-dashed	ScissorsLineDashed	design	图标 scissors-line-dashed；分类: design, tools；tags: cut here, along, snip, chop, stationery, crafts, instructions, diagram	https://unpkg.com/lucide-static@latest/icons/scissors-line-dashed.svg	free	install	url:https://unpkg.com/lucide-static@latest/icons/scissors-line-dashed.svg
lucide	scooter	Scooter	transportation	图标 scooter；分类: transportation；tags: vehicle, drive, trip, journey, transport, electric, ride, urban, commute, speed	https://unpkg.com/lucide-static@latest/icons/scooter.svg	free	install	url:https://unpkg.com/lucide-static@latest/icons/scooter.svg
lucide	screen-share	ScreenShare	connectivity	图标 screen-share；分类: connectivity, devices, communication；tags: host, desktop, monitor	https://unpkg.com/lucide-static@latest/icons/screen-share.svg	free	install	url:https://unpkg.com/lucide-static@latest/icons/screen-share.svg
lucide	screen-share-off	ScreenShareOff	connectivity	图标 screen-share-off；分类: connectivity, devices, communication；tags: desktop, disconnect, monitor	https://unpkg.com/lucide-static@latest/icons/screen-share-off.svg	free	install	url:https://unpkg.com/lucide-static@latest/icons/screen-share-off.svg
lucide	scroll	Scroll	gaming	图标 scroll；分类: gaming, development, text；tags: paper, log, scripture, document, notes, parchment, list, long, script, story, code, coding	https://unpkg.com/lucide-static@latest/icons/scroll.svg	free	install	url:https://unpkg.com/lucide-static@latest/icons/scroll.svg
lucide	scroll-text	ScrollText	gaming	图标 scroll-text；分类: gaming, development, text；tags: paper, log, scripture, document, notes, parchment, list, long, script, story, code, coding	https://unpkg.com/lucide-static@latest/icons/scroll-text.svg	free	install	url:https://unpkg.com/lucide-static@latest/icons/scroll-text.svg
lucide	search	Search	text	图标 search；分类: text, social；tags: find, scan, magnifier, magnifying glass, lens, locate, explore, discover, enlarge, zoom	https://unpkg.com/lucide-static@latest/icons/search.svg	free	install	url:https://unpkg.com/lucide-static@latest/icons/search.svg
lucide	search-alert	SearchAlert	text	图标 search-alert；分类: text, social；tags: find, scan, magnifier, magnifying glass, stop, warning, alert, error, anomaly, lens, locate, explore, discover, enlarge, zoom	https://unpkg.com/lucide-static@latest/icons/search-alert.svg	free	install	url:https://unpkg.com/lucide-static@latest/icons/search-alert.svg
lucide	search-check	SearchCheck	text	图标 search-check；分类: text, social；tags: find, scan, magnifier, magnifying glass, found, correct, complete, tick, lens, locate, explore, discover, enlarge, zoom	https://unpkg.com/lucide-static@latest/icons/search-check.svg	free	install	url:https://unpkg.com/lucide-static@latest/icons/search-check.svg
lucide	search-code	SearchCode	text	图标 search-code；分类: text, social, development；tags: find, scan, magnifier, magnifying glass, grep, chevrons, <>, lens, locate, explore, discover, enlarge, zoom	https://unpkg.com/lucide-static@latest/icons/search-code.svg	free	install	url:https://unpkg.com/lucide-static@latest/icons/search-code.svg
lucide	search-slash	SearchSlash	text	图标 search-slash；分类: text, social；tags: find, scan, magnifier, magnifying glass, stop, clear, cancel, abort, /, lens, locate, explore, discover, enlarge, zoom	https://unpkg.com/lucide-static@latest/icons/search-slash.svg	free	install	url:https://unpkg.com/lucide-static@latest/icons/search-slash.svg
lucide	search-x	SearchX	text	图标 search-x；分类: text, social；tags: find, scan, magnifier, magnifying glass, stop, clear, cancel, abort, lens, locate, explore, discover, enlarge, zoom	https://unpkg.com/lucide-static@latest/icons/search-x.svg	free	install	url:https://unpkg.com/lucide-static@latest/icons/search-x.svg
lucide	section	Section	text	图标 section；分类: text；tags: mark, typography, punctuation, legal, type, text, prose, symbol	https://unpkg.com/lucide-static@latest/icons/section.svg	free	install	url:https://unpkg.com/lucide-static@latest/icons/section.svg
lucide	send	Send	mail	图标 send；分类: mail, communication, connectivity；tags: email, message, mail, paper airplane, paper aeroplane, submit	https://unpkg.com/lucide-static@latest/icons/send.svg	free	install	url:https://unpkg.com/lucide-static@latest/icons/send.svg
lucide	send-horizontal	SendHorizontal	mail	图标 send-horizontal；分类: mail, communication, connectivity；tags: email, message, mail, paper airplane, paper aeroplane, submit	https://unpkg.com/lucide-static@latest/icons/send-horizontal.svg	free	install	url:https://unpkg.com/lucide-static@latest/icons/send-horizontal.svg
lucide	send-to-back	SendToBack	design	图标 send-to-back；分类: design, layout；tags: bring, send, move, under, back, backwards, overlap, layer, order	https://unpkg.com/lucide-static@latest/icons/send-to-back.svg	free	install	url:https://unpkg.com/lucide-static@latest/icons/send-to-back.svg
lucide	separator-horizontal	SeparatorHorizontal	text	图标 separator-horizontal；分类: text, arrows, layout；tags: move, split	https://unpkg.com/lucide-static@latest/icons/separator-horizontal.svg	free	install	url:https://unpkg.com/lucide-static@latest/icons/separator-horizontal.svg
lucide	separator-vertical	SeparatorVertical	text	图标 separator-vertical；分类: text, arrows, layout；tags: move, split	https://unpkg.com/lucide-static@latest/icons/separator-vertical.svg	free	install	url:https://unpkg.com/lucide-static@latest/icons/separator-vertical.svg
lucide	server	Server	development	图标 server；分类: development, devices；tags: cloud, storage	https://unpkg.com/lucide-static@latest/icons/server.svg	free	install	url:https://unpkg.com/lucide-static@latest/icons/server.svg
lucide	server-cog	ServerCog	development	图标 server-cog；分类: development, devices；tags: cloud, storage, computing, cog, gear	https://unpkg.com/lucide-static@latest/icons/server-cog.svg	free	install	url:https://unpkg.com/lucide-static@latest/icons/server-cog.svg
lucide	server-crash	ServerCrash	development	图标 server-crash；分类: development, devices；tags: cloud, storage, problem, error	https://unpkg.com/lucide-static@latest/icons/server-crash.svg	free	install	url:https://unpkg.com/lucide-static@latest/icons/server-crash.svg
lucide	server-off	ServerOff	development	图标 server-off；分类: development, devices；tags: cloud, storage	https://unpkg.com/lucide-static@latest/icons/server-off.svg	free	install	url:https://unpkg.com/lucide-static@latest/icons/server-off.svg
lucide	server-plus	ServerPlus	development	图标 server-plus；分类: development, devices；tags: add, create, new, cloud, storage, computing	https://unpkg.com/lucide-static@latest/icons/server-plus.svg	free	install	url:https://unpkg.com/lucide-static@latest/icons/server-plus.svg
lucide	settings	Settings	account	图标 settings；分类: account；tags: cog, edit, gear, preferences	https://unpkg.com/lucide-static@latest/icons/settings.svg	free	install	url:https://unpkg.com/lucide-static@latest/icons/settings.svg
lucide	settings-2	Settings2	account	图标 settings-2；分类: account；tags: cog, edit, gear, preferences, slider	https://unpkg.com/lucide-static@latest/icons/settings-2.svg	free	install	url:https://unpkg.com/lucide-static@latest/icons/settings-2.svg
lucide	shapes	Shapes	shapes	图标 shapes；分类: shapes, gaming；tags: triangle, equilateral, square, circle, classification, different, collection, toy, blocks, learning	https://unpkg.com/lucide-static@latest/icons/shapes.svg	free	install	url:https://unpkg.com/lucide-static@latest/icons/shapes.svg
lucide	share	Share	account	图标 share；分类: account, social；tags: network, connections	https://unpkg.com/lucide-static@latest/icons/share.svg	free	install	url:https://unpkg.com/lucide-static@latest/icons/share.svg
lucide	share-2	Share2	account	图标 share-2；分类: account, social；tags: network, connections	https://unpkg.com/lucide-static@latest/icons/share-2.svg	free	install	url:https://unpkg.com/lucide-static@latest/icons/share-2.svg
lucide	sheet	Sheet	text	图标 sheet；分类: text, files；tags: spreadsheets, table, excel	https://unpkg.com/lucide-static@latest/icons/sheet.svg	free	install	url:https://unpkg.com/lucide-static@latest/icons/sheet.svg
lucide	shell	Shell	animals	图标 shell；分类: animals, development, nature, science, travel, food-beverage, home；tags: beach, sand, holiday, sealife, fossil, ammonite, biology, ocean, terminal, command line, session, bash, zsh, roll, wrap, chewing gum, bubble gum, sweet, sugar, hosepipe, carpet, string, spiral, spinner, hypnotise, hypnosis	https://unpkg.com/lucide-static@latest/icons/shell.svg	free	install	url:https://unpkg.com/lucide-static@latest/icons/shell.svg
lucide	shelving-unit	ShelvingUnit	home	图标 shelving-unit；分类: home；tags: ledge, rack, storage, inventory, furniture, sill, shelves, shelf, organize, display, store, arrange, unit, cabinet, fixture, retail, warehouse	https://unpkg.com/lucide-static@latest/icons/shelving-unit.svg	free	install	url:https://unpkg.com/lucide-static@latest/icons/shelving-unit.svg
lucide	shield	Shield	account	图标 shield；分类: account, security, development, gaming, shapes；tags: cybersecurity, secure, safety, protection, guardian, armored, armoured, defense, defence, defender, block, threat, prevention, antivirus, vigilance, vigilant, detection, scan, find, strength, strong, tough, invincible, invincibility, invulnerable, undamaged, audit, admin, verification, crest, bravery, knight, foot soldier, infantry, trooper, pawn, battle, war, military, army, cadet, scout	https://unpkg.com/lucide-static@latest/icons/shield.svg	free	install	url:https://unpkg.com/lucide-static@latest/icons/shield.svg
lucide	shield-alert	ShieldAlert	account	图标 shield-alert；分类: account, security, development, notifications, gaming；tags: unshielded, cybersecurity, insecure, unsecured, safety, unsafe, protection, unprotected, guardian, unguarded, unarmored, unarmoured, defenseless, defenceless, undefended, defender, blocked, stopped, intercepted, interception, saved, thwarted, threat, prevention, unprevented, antivirus, vigilance, vigilant, detection, detected, scanned, found, exploit, vulnerability, vulnerable, weakness, infection, infected, compromised, data leak, audited, admin, verification, unverified, uncertified, warning, emergency, attention, urgent, alarm, crest, bravery, strength, tough, attacked, damaged, injured, hit, expired, disabled, inactive, error, exclamation mark, !	https://unpkg.com/lucide-static@latest/icons/shield-alert.svg	free	install	url:https://unpkg.com/lucide-static@latest/icons/shield-alert.svg
lucide	shield-ban	ShieldBan	account	图标 shield-ban；分类: account, security, development, gaming；tags: unshielded, cybersecurity, insecure, unsecured, safety, unsafe, protection, unprotected, guardian, unguarded, unarmored, unarmoured, defenseless, defenceless, undefended, defender, blocked, stopped, intercepted, interception, saved, thwarted, threat, prevention, unprevented, antivirus, vigilance, vigilant, detection, detected, scanned, found, exploit, vulnerability, vulnerable, weakness, infection, infected, compromised, data leak, audited, admin, verification, unverified, uncertified, cancel, error, crest, bravery, attacked, damaged, injured, hit, expired, eliminated, disabled, inactive, /	https://unpkg.com/lucide-static@latest/icons/shield-ban.svg	free	install	url:https://unpkg.com/lucide-static@latest/icons/shield-ban.svg
lucide	shield-check	ShieldCheck	account	图标 shield-check；分类: account, security, development, gaming；tags: cybersecurity, secured, safety, protection, protected, guardian, guarded, armored, armoured, defense, defence, defended, blocked, threat, prevention, prevented, antivirus, vigilance, vigilant, active, activated, enabled, detection, scanned, found, strength, strong, tough, invincible, invincibility, invulnerable, undamaged, audited, admin, verification, verified, certification, certified, tested, passed, qualified, cleared, cleaned, disinfected, uninfected, task, completed, todo, done, ticked, checked, crest, bravery	https://unpkg.com/lucide-static@latest/icons/shield-check.svg	free	install	url:https://unpkg.com/lucide-static@latest/icons/shield-check.svg
lucide	shield-cog	ShieldCog	account	图标 shield-cog；分类: account, security, development, gaming, shapes；tags: cybersecurity, secure, safety, protection, guardian, armored, armoured, defense, defence, defender, block, threat, prevention, antivirus, vigilance, vigilant, detection, scan, find, strength, strong, tough, invincible, invincibility, invulnerable, undamaged, audit, admin, verification, crest, bravery, knight, foot soldier, infantry, trooper, pawn, battle, war, military, army, cadet, scout	https://unpkg.com/lucide-static@latest/icons/shield-cog.svg	free	install	url:https://unpkg.com/lucide-static@latest/icons/shield-cog.svg
lucide	shield-cog-corner	ShieldCogCorner	account	图标 shield-cog-corner；分类: account, security, development, gaming, shapes；tags: cybersecurity, secure, safety, protection, guardian, armored, armoured, defense, defence, defender, block, threat, prevention, antivirus, vigilance, vigilant, detection, scan, find, strength, strong, tough, invincible, invincibility, invulnerable, undamaged, audit, admin, verification, crest, shieldcog, bravery, knight, foot soldier, infantry, trooper, pawn, battle, war, military, army, cadet, scout	https://unpkg.com/lucide-static@latest/icons/shield-cog-corner.svg	free	install	url:https://unpkg.com/lucide-static@latest/icons/shield-cog-corner.svg
lucide	shield-ellipsis	ShieldEllipsis	account	图标 shield-ellipsis；分类: account, security, development, gaming；tags: cybersecurity, securing, protecting, guarding, armoring, armouring, defending, blocking, preventing, antivirus, detecting, scanning, finding, auditing, admin, verifying, crest, upgrading, loader, loading, throbber, progress, dots, more, etc, ..., …	https://unpkg.com/lucide-static@latest/icons/shield-ellipsis.svg	free	install	url:https://unpkg.com/lucide-static@latest/icons/shield-ellipsis.svg
lucide	shield-half	ShieldHalf	account	图标 shield-half；分类: account, security, development, gaming；tags: cybersecurity, secure, safety, protection, guardian, armored, armoured, defense, defence, defender, block, threat, prevention, antivirus, vigilance, vigilant, detection, scan, strength, strong, tough, invincible, invincibility, invulnerable, undamaged, audit, admin, verification, crest, logo, sigil, flag, team, faction, fraternity, university, college, academy, school, education, uniform, bravery, knight, foot soldier, infantry, trooper, pawn, battle, war, military, ranking, army, cadet, scout	https://unpkg.com/lucide-static@latest/icons/shield-half.svg	free	install	url:https://unpkg.com/lucide-static@latest/icons/shield-half.svg
lucide	shield-keyhole	ShieldKeyhole	account	图标 shield-keyhole；分类: account, security, development, files；tags: cybersecurity, secure, safety, protection, defense, defence, defender, block, threat, prevention, antivirus, vigilance, vigilant, detection, scan, find, strength, strong, tough, invincible, invincibility, invulnerable, undamaged, audit, admin, verification, crest, bravery, trooper, pawn	https://unpkg.com/lucide-static@latest/icons/shield-keyhole.svg	free	install	url:https://unpkg.com/lucide-static@latest/icons/shield-keyhole.svg
lucide	shield-lock	ShieldLock	security	图标 shield-lock；分类: security；tags: antivirus, authentication, authorization, credentials, cybersecurity, data protection, defense, encryption, guard, login, password, privacy, safeguard, ssl, tls, two-factor authentication, verification, vpn	https://unpkg.com/lucide-static@latest/icons/shield-lock.svg	free	install	url:https://unpkg.com/lucide-static@latest/icons/shield-lock.svg
lucide	shield-minus	ShieldMinus	account	图标 shield-minus；分类: account, security, development, gaming；tags: unshield, cybersecurity, unsecure, unguard, unblock, antivirus, clean, clear, disinfect, patch, fix, stop, cancel, remove, relax, admin, crest, bravery, weakened, damaged, hit, unarm, disable, deactivate, decommission, downgraded, minimum, -	https://unpkg.com/lucide-static@latest/icons/shield-minus.svg	free	install	url:https://unpkg.com/lucide-static@latest/icons/shield-minus.svg
lucide	shield-off	ShieldOff	account	图标 shield-off；分类: account, security, development, gaming；tags: unshielded, cybersecurity, insecure, unsecured, safety, unsafe, protection, unprotected, guardian, unguarded, unarmored, unarmoured, defenseless, defenceless, undefended, defender, interception, threat, prevention, unprevented, antivirus, detection, undetected, exploit, vulnerability, vulnerable, weakness, infected, infection, compromised, data leak, unaudited, admin, verification, unverified, inactive, cancelled, error, crest, bravery, damaged, injured, hit, expired, eliminated	https://unpkg.com/lucide-static@latest/icons/shield-off.svg	free	install	url:https://unpkg.com/lucide-static@latest/icons/shield-off.svg
lucide	shield-plus	ShieldPlus	account	图标 shield-plus；分类: account, security, development, gaming, medical；tags: cybersecurity, secure, safety, protection, guardian, armored, armoured, defense, defence, defender, block, threat, prevention, antivirus, vigilance, vigilant, detection, scan, strength, strong, tough, invincible, invincibility, invulnerable, undamaged, extra, added, professional, enterprise, full, maximum, upgraded, ultra, activate, enable, audit, admin, verification, crest, medic, +	https://unpkg.com/lucide-static@latest/icons/shield-plus.svg	free	install	url:https://unpkg.com/lucide-static@latest/icons/shield-plus.svg
lucide	shield-question-mark	ShieldQuestionMark	account	图标 shield-question-mark；分类: account, security, development, gaming；tags: unshielded, cybersecurity, insecure, unsecured, safety, unsafe, protection, unprotected, guardian, unguarded, unarmored, unarmoured, defenseless, defenceless, undefended, defender, threat, prevention, unprevented, antivirus, vigilance, vigilant, detection, undetected, scan, find, exploit, vulnerability, vulnerable, weakness, infection, compromised, data leak, audit, admin, verification, unverified, uncertified, uncertain, unknown, inactive, crest, question mark, ?	https://unpkg.com/lucide-static@latest/icons/shield-question-mark.svg	free	install	url:https://unpkg.com/lucide-static@latest/icons/shield-question-mark.svg
lucide	shield-user	ShieldUser	account	图标 shield-user；分类: account, security, development；tags: shield, user, admin, protection, protected, safety, guard	https://unpkg.com/lucide-static@latest/icons/shield-user.svg	free	install	url:https://unpkg.com/lucide-static@latest/icons/shield-user.svg
lucide	shield-x	ShieldX	account	图标 shield-x；分类: account, security, development, gaming；tags: unshielded, cybersecurity, insecure, unsecured, safety, unsafe, protection, unprotected, guardian, unguarded, unarmored, unarmoured, defenseless, defenceless, undefended, defender, blocked, stopped, intercepted, interception, saved, thwarted, threat, prevention, prevented, antivirus, vigilance, vigilant, detection, detected, scanned, found, exploit, vulnerability, vulnerable, weakness, infection, infected, compromised, data leak, audited, admin, verification, unverified, inactive, cancel, error, wrong, false, crest, bravery, attacked, damaged, injured, hit, dead, deceased, expired, eliminated, exterminated	https://unpkg.com/lucide-static@latest/icons/shield-x.svg	free	install	url:https://unpkg.com/lucide-static@latest/icons/shield-x.svg
lucide	ship	Ship	transportation	图标 ship；分类: transportation, navigation, travel；tags: boat, knots, nautical mile, maritime, sailing, yacht, cruise, ocean liner, tanker, vessel, navy, trip, releases	https://unpkg.com/lucide-static@latest/icons/ship.svg	free	install	url:https://unpkg.com/lucide-static@latest/icons/ship.svg
lucide	ship-cargo	ShipCargo	transportation	图标 ship-cargo；分类: transportation, navigation, travel；tags: boat, knots, nautical mile, maritime, sailing, cruise, ocean liner, tanker, vessel, navy, cargo, container, freighter, freight, shipping, port, harbor, dock, logistics, import, export	https://unpkg.com/lucide-static@latest/icons/ship-cargo.svg	free	install	url:https://unpkg.com/lucide-static@latest/icons/ship-cargo.svg
lucide	ship-wheel	ShipWheel	transportation	图标 ship-wheel；分类: transportation, navigation, travel；tags: steering, rudder, boat, knots, nautical mile, maritime, sailing, yacht, cruise, ocean liner, tanker, vessel, navy, trip	https://unpkg.com/lucide-static@latest/icons/ship-wheel.svg	free	install	url:https://unpkg.com/lucide-static@latest/icons/ship-wheel.svg
lucide	shirt	Shirt	shopping	图标 shirt；分类: shopping；tags: t-shirt, shopping, store, clothing, clothes	https://unpkg.com/lucide-static@latest/icons/shirt.svg	free	install	url:https://unpkg.com/lucide-static@latest/icons/shirt.svg
lucide	shopping-bag	ShoppingBag	shopping	图标 shopping-bag；分类: shopping；tags: ecommerce, cart, purchase, store	https://unpkg.com/lucide-static@latest/icons/shopping-bag.svg	free	install	url:https://unpkg.com/lucide-static@latest/icons/shopping-bag.svg
lucide	shopping-basket	ShoppingBasket	shopping	图标 shopping-basket；分类: shopping；tags: cart, e-commerce, store, purchase, products, items, ingredients	https://unpkg.com/lucide-static@latest/icons/shopping-basket.svg	free	install	url:https://unpkg.com/lucide-static@latest/icons/shopping-basket.svg
lucide	shopping-cart	ShoppingCart	shopping	图标 shopping-cart；分类: shopping；tags: trolley, cart, basket, e-commerce, store, purchase, products, items, ingredients	https://unpkg.com/lucide-static@latest/icons/shopping-cart.svg	free	install	url:https://unpkg.com/lucide-static@latest/icons/shopping-cart.svg
lucide	shopping-cart-minus	ShoppingCartMinus	shopping	图标 shopping-cart-minus；分类: shopping；tags: trolley, cart, basket, e-commerce, ecommerce, store, purchase, products, items, checkout, order, retail, remove, decrease, quantity, subtract	https://unpkg.com/lucide-static@latest/icons/shopping-cart-minus.svg	free	install	url:https://unpkg.com/lucide-static@latest/icons/shopping-cart-minus.svg
lucide	shopping-cart-plus	ShoppingCartPlus	shopping	图标 shopping-cart-plus；分类: shopping；tags: trolley, cart, basket, e-commerce, ecommerce, store, purchase, products, items, checkout, order, retail, add, increase, quantity, buy	https://unpkg.com/lucide-static@latest/icons/shopping-cart-plus.svg	free	install	url:https://unpkg.com/lucide-static@latest/icons/shopping-cart-plus.svg
lucide	shovel	Shovel	nature	图标 shovel；分类: nature, tools, gaming；tags: dig, spade, treasure	https://unpkg.com/lucide-static@latest/icons/shovel.svg	free	install	url:https://unpkg.com/lucide-static@latest/icons/shovel.svg
lucide	shower-head	ShowerHead	home	图标 shower-head；分类: home, travel；tags: shower, bath, bathroom, amenities, services	https://unpkg.com/lucide-static@latest/icons/shower-head.svg	free	install	url:https://unpkg.com/lucide-static@latest/icons/shower-head.svg
lucide	shredder	Shredder	mail	图标 shredder；分类: mail, files；tags: file, paper, tear, cut, delete, destroy, remove, erase, document, destruction, secure, security, confidential, data, trash, dispose, disposal, information, waste, permanent	https://unpkg.com/lucide-static@latest/icons/shredder.svg	free	install	url:https://unpkg.com/lucide-static@latest/icons/shredder.svg
lucide	shrimp	Shrimp	animals	图标 shrimp；分类: animals, food-beverage；tags: seafood, shellfish, crustacean, prawn, scallop, whelk, arthropod, littleneck, quahog, marine, creature, fisherman, ocean, fresh, cuisine, marine-life	https://unpkg.com/lucide-static@latest/icons/shrimp.svg	free	install	url:https://unpkg.com/lucide-static@latest/icons/shrimp.svg
lucide	shrimp-off	ShrimpOff	animals	图标 shrimp-off；分类: animals, food-beverage；tags: marine, creature, fisherman, ocean, fresh, cuisine, marine-life, seafood, shellfish, crustacean, prawn, scallop, whelk, arthropod, littleneck, quahog, allergy, intolerance, diet	https://unpkg.com/lucide-static@latest/icons/shrimp-off.svg	free	install	url:https://unpkg.com/lucide-static@latest/icons/shrimp-off.svg
lucide	shrink	Shrink	layout	图标 shrink；分类: layout, arrows；tags: scale, fullscreen	https://unpkg.com/lucide-static@latest/icons/shrink.svg	free	install	url:https://unpkg.com/lucide-static@latest/icons/shrink.svg
lucide	shrub	Shrub	nature	图标 shrub；分类: nature；tags: forest, undergrowth, park, nature	https://unpkg.com/lucide-static@latest/icons/shrub.svg	free	install	url:https://unpkg.com/lucide-static@latest/icons/shrub.svg
lucide	shuffle	Shuffle	multimedia	图标 shuffle；分类: multimedia, arrows；tags: music, random, reorder	https://unpkg.com/lucide-static@latest/icons/shuffle.svg	free	install	url:https://unpkg.com/lucide-static@latest/icons/shuffle.svg
lucide	sigma	Sigma	text	图标 sigma；分类: text, math, science；tags: sum, calculate, formula, math, enumeration, enumerate	https://unpkg.com/lucide-static@latest/icons/sigma.svg	free	install	url:https://unpkg.com/lucide-static@latest/icons/sigma.svg
lucide	signal	Signal	connectivity	图标 signal；分类: connectivity；tags: connection, wireless, gsm, phone, 2g, 3g, 4g, 5g	https://unpkg.com/lucide-static@latest/icons/signal.svg	free	install	url:https://unpkg.com/lucide-static@latest/icons/signal.svg
lucide	signal-high	SignalHigh	connectivity	图标 signal-high；分类: connectivity；tags: connection, wireless, gsm, phone, 2g, 3g, 4g, 5g	https://unpkg.com/lucide-static@latest/icons/signal-high.svg	free	install	url:https://unpkg.com/lucide-static@latest/icons/signal-high.svg
lucide	signal-low	SignalLow	connectivity	图标 signal-low；分类: connectivity；tags: connection, wireless, gsm, phone, 2g, 3g, 4g, 5g	https://unpkg.com/lucide-static@latest/icons/signal-low.svg	free	install	url:https://unpkg.com/lucide-static@latest/icons/signal-low.svg
lucide	signal-medium	SignalMedium	connectivity	图标 signal-medium；分类: connectivity；tags: connection, wireless, gsm, phone, 2g, 3g, 4g, 5g	https://unpkg.com/lucide-static@latest/icons/signal-medium.svg	free	install	url:https://unpkg.com/lucide-static@latest/icons/signal-medium.svg
lucide	signal-zero	SignalZero	connectivity	图标 signal-zero；分类: connectivity；tags: connection, wireless, gsm, phone, 2g, 3g, 4g, 5g, lost	https://unpkg.com/lucide-static@latest/icons/signal-zero.svg	free	install	url:https://unpkg.com/lucide-static@latest/icons/signal-zero.svg
lucide	signature	Signature	text	图标 signature；分类: text；tags: text, format, input, contract, autograph, handwriting, sign, cursive, ink, scribble, authorize, personal, agreement, legal, document, identity, authentic, approval, verification, unique	https://unpkg.com/lucide-static@latest/icons/signature.svg	free	install	url:https://unpkg.com/lucide-static@latest/icons/signature.svg
lucide	signpost	Signpost	arrows	图标 signpost；分类: arrows, navigation, development, gaming；tags: navigation, direction, arrow, wayfinding, guide, location, pointer, route, indicator, marker, bidirectional, left, right, east, west	https://unpkg.com/lucide-static@latest/icons/signpost.svg	free	install	url:https://unpkg.com/lucide-static@latest/icons/signpost.svg
lucide	signpost-big	SignpostBig	arrows	图标 signpost-big；分类: arrows, navigation, development, gaming；tags: bidirectional, left, right, east, west	https://unpkg.com/lucide-static@latest/icons/signpost-big.svg	free	install	url:https://unpkg.com/lucide-static@latest/icons/signpost-big.svg
lucide	siren	Siren	medical	图标 siren；分类: medical；tags: police, ambulance, emergency, security, alert, alarm, light	https://unpkg.com/lucide-static@latest/icons/siren.svg	free	install	url:https://unpkg.com/lucide-static@latest/icons/siren.svg
lucide	skip-back	SkipBack	multimedia	图标 skip-back；分类: multimedia, arrows；tags: arrow, previous, music	https://unpkg.com/lucide-static@latest/icons/skip-back.svg	free	install	url:https://unpkg.com/lucide-static@latest/icons/skip-back.svg
lucide	skip-forward	SkipForward	multimedia	图标 skip-forward；分类: multimedia, arrows；tags: arrow, skip, next, music	https://unpkg.com/lucide-static@latest/icons/skip-forward.svg	free	install	url:https://unpkg.com/lucide-static@latest/icons/skip-forward.svg
lucide	skull	Skull	gaming	图标 skull；分类: gaming；tags: death, danger, bone	https://unpkg.com/lucide-static@latest/icons/skull.svg	free	install	url:https://unpkg.com/lucide-static@latest/icons/skull.svg
lucide	slash	Slash	development	图标 slash；分类: development, math；tags: divide, division, or, /	https://unpkg.com/lucide-static@latest/icons/slash.svg	free	install	url:https://unpkg.com/lucide-static@latest/icons/slash.svg
lucide	slice	Slice	design	图标 slice；分类: design；tags: cutter, scalpel, knife	https://unpkg.com/lucide-static@latest/icons/slice.svg	free	install	url:https://unpkg.com/lucide-static@latest/icons/slice.svg
lucide	sliders-horizontal	SlidersHorizontal	account	图标 sliders-horizontal；分类: account；tags: settings, filters, controls	https://unpkg.com/lucide-static@latest/icons/sliders-horizontal.svg	free	install	url:https://unpkg.com/lucide-static@latest/icons/sliders-horizontal.svg
lucide	sliders-vertical	SlidersVertical	account	图标 sliders-vertical；分类: account；tags: settings, controls	https://unpkg.com/lucide-static@latest/icons/sliders-vertical.svg	free	install	url:https://unpkg.com/lucide-static@latest/icons/sliders-vertical.svg
lucide	smartphone	Smartphone	connectivity	图标 smartphone；分类: connectivity, devices；tags: phone, cellphone, device, mobile, screen, display, touchscreen, portable, responsive	https://unpkg.com/lucide-static@latest/icons/smartphone.svg	free	install	url:https://unpkg.com/lucide-static@latest/icons/smartphone.svg
lucide	smartphone-charging	SmartphoneCharging	connectivity	图标 smartphone-charging；分类: connectivity, devices；tags: phone, cellphone, device, power, screen	https://unpkg.com/lucide-static@latest/icons/smartphone-charging.svg	free	install	url:https://unpkg.com/lucide-static@latest/icons/smartphone-charging.svg
lucide	smartphone-nfc	SmartphoneNfc	communication	图标 smartphone-nfc；分类: communication, finance, devices；tags: contactless, payment, near-field communication, screen	https://unpkg.com/lucide-static@latest/icons/smartphone-nfc.svg	free	install	url:https://unpkg.com/lucide-static@latest/icons/smartphone-nfc.svg
lucide	snail	Snail	animals	图标 snail；分类: animals, food-beverage；tags: animal, insect, slow, speed, delicacy, spiral	https://unpkg.com/lucide-static@latest/icons/snail.svg	free	install	url:https://unpkg.com/lucide-static@latest/icons/snail.svg
lucide	snowflake	Snowflake	weather	图标 snowflake；分类: weather, seasons；tags: cold, weather, freeze, snow, winter	https://unpkg.com/lucide-static@latest/icons/snowflake.svg	free	install	url:https://unpkg.com/lucide-static@latest/icons/snowflake.svg
lucide	soap-dispenser-droplet	SoapDispenserDroplet	home	图标 soap-dispenser-droplet；分类: home, travel；tags: wash, bath, water, liquid, fluid, wet, moisture, damp, bead, globule	https://unpkg.com/lucide-static@latest/icons/soap-dispenser-droplet.svg	free	install	url:https://unpkg.com/lucide-static@latest/icons/soap-dispenser-droplet.svg
lucide	sofa	Sofa	home	图标 sofa；分类: home；tags: armchair, furniture, leisure, lounge, loveseat, couch	https://unpkg.com/lucide-static@latest/icons/sofa.svg	free	install	url:https://unpkg.com/lucide-static@latest/icons/sofa.svg
lucide	solar-panel	SolarPanel	home	图标 solar-panel；分类: home, science, sustainability, weather；tags: solar panel, solar, panel, sun, energy, electricity, light	https://unpkg.com/lucide-static@latest/icons/solar-panel.svg	free	install	url:https://unpkg.com/lucide-static@latest/icons/solar-panel.svg
lucide	soup	Soup	food-beverage	图标 soup；分类: food-beverage；tags: food, dish, restaurant, course, meal, bowl, starter	https://unpkg.com/lucide-static@latest/icons/soup.svg	free	install	url:https://unpkg.com/lucide-static@latest/icons/soup.svg
lucide	space	Space	text	图标 space；分类: text；tags: text, selection, letters, characters, font, typography	https://unpkg.com/lucide-static@latest/icons/space.svg	free	install	url:https://unpkg.com/lucide-static@latest/icons/space.svg
lucide	spade	Spade	shapes	图标 spade；分类: shapes, gaming；tags: shape, suit, playing, cards	https://unpkg.com/lucide-static@latest/icons/spade.svg	free	install	url:https://unpkg.com/lucide-static@latest/icons/spade.svg
lucide	sparkle	Sparkle	shapes	图标 sparkle；分类: shapes；tags: star, effect, filter, night, magic, shiny, glitter, twinkle, celebration	https://unpkg.com/lucide-static@latest/icons/sparkle.svg	free	install	url:https://unpkg.com/lucide-static@latest/icons/sparkle.svg
lucide	sparkles	Sparkles	cursors	图标 sparkles；分类: cursors, multimedia, gaming, weather；tags: stars, effect, filter, night, magic	https://unpkg.com/lucide-static@latest/icons/sparkles.svg	free	install	url:https://unpkg.com/lucide-static@latest/icons/sparkles.svg
lucide	speaker	Speaker	multimedia	图标 speaker；分类: multimedia, devices；tags: sound, audio, music, tweeter, subwoofer, bass, production, producer, dj	https://unpkg.com/lucide-static@latest/icons/speaker.svg	free	install	url:https://unpkg.com/lucide-static@latest/icons/speaker.svg
lucide	speech	Speech	accessibility	图标 speech；分类: accessibility, communication；tags: disability, disabled, dda, human, accessibility, people, sound	https://unpkg.com/lucide-static@latest/icons/speech.svg	free	install	url:https://unpkg.com/lucide-static@latest/icons/speech.svg
lucide	spell-check	SpellCheck	text	图标 spell-check；分类: text, development；tags: spelling, error, mistake, oversight, typo, correction, code, linter, a	https://unpkg.com/lucide-static@latest/icons/spell-check.svg	free	install	url:https://unpkg.com/lucide-static@latest/icons/spell-check.svg
lucide	spell-check-2	SpellCheck2	text	图标 spell-check-2；分类: text, development；tags: spelling, error, mistake, oversight, typo, correction, code, linter, a	https://unpkg.com/lucide-static@latest/icons/spell-check-2.svg	free	install	url:https://unpkg.com/lucide-static@latest/icons/spell-check-2.svg
lucide	spline	Spline	design	图标 spline；分类: design；tags: path, pen, tool, shape, curve, draw	https://unpkg.com/lucide-static@latest/icons/spline.svg	free	install	url:https://unpkg.com/lucide-static@latest/icons/spline.svg
lucide	spline-pointer	SplinePointer	arrows	图标 spline-pointer；分类: arrows, cursors, design, tools；tags: path, tool, curve, node, click, pointer, target, vector	https://unpkg.com/lucide-static@latest/icons/spline-pointer.svg	free	install	url:https://unpkg.com/lucide-static@latest/icons/spline-pointer.svg
lucide	split	Split	development	图标 split；分类: development, arrows；tags: break, disband, divide, separate, branch, disunite	https://unpkg.com/lucide-static@latest/icons/split.svg	free	install	url:https://unpkg.com/lucide-static@latest/icons/split.svg
lucide	spool	Spool	communication	图标 spool；分类: communication, tools, social；tags: bobbin, spindle, yarn, thread, string, sewing, needlework	https://unpkg.com/lucide-static@latest/icons/spool.svg	free	install	url:https://unpkg.com/lucide-static@latest/icons/spool.svg
lucide	sport-shoe	SportShoe	sports	图标 sport-shoe；分类: sports；tags: footwear, sports, running, athletic, shoe, sneaker, training, exercise, fitness	https://unpkg.com/lucide-static@latest/icons/sport-shoe.svg	free	install	url:https://unpkg.com/lucide-static@latest/icons/sport-shoe.svg
lucide	spotlight	Spotlight	devices	图标 spotlight；分类: devices, photography, multimedia, communication；tags: winner, soapbox, stage, entertainment, drama, podium, actor, actress, singer, light, beam, play, theatre, show, focus, concert, performance, lens, leaderboard, followspot, best, highlight	https://unpkg.com/lucide-static@latest/icons/spotlight.svg	free	install	url:https://unpkg.com/lucide-static@latest/icons/spotlight.svg
lucide	spray-can	SprayCan	design	图标 spray-can；分类: design, tools；tags: paint, color, graffiti, decoration, aerosol, deodorant, shaving foam, air freshener	https://unpkg.com/lucide-static@latest/icons/spray-can.svg	free	install	url:https://unpkg.com/lucide-static@latest/icons/spray-can.svg
lucide	sprout	Sprout	nature	图标 sprout；分类: nature, gaming, sustainability；tags: eco, green, growth, leaf, nature, plant, seed, spring, sustainability	https://unpkg.com/lucide-static@latest/icons/sprout.svg	free	install	url:https://unpkg.com/lucide-static@latest/icons/sprout.svg
lucide	square	Square	shapes	图标 square；分类: shapes, multimedia；tags: stop, playback, music, audio, video, rectangle, aspect ratio, 1:1, shape	https://unpkg.com/lucide-static@latest/icons/square.svg	free	install	url:https://unpkg.com/lucide-static@latest/icons/square.svg
lucide	square-activity	SquareActivity	medical	图标 square-activity；分类: medical, social, science, multimedia；tags: pulse, action, motion, movement, exercise, fitness, healthcare, heart rate monitor, vital signs, vitals, emergency room, er, intensive care, hospital, defibrillator, earthquake, seismic, magnitude, richter scale, aftershock, tremor, shockwave, audio, waveform, synthesizer, synthesiser, music	https://unpkg.com/lucide-static@latest/icons/square-activity.svg	free	install	url:https://unpkg.com/lucide-static@latest/icons/square-activity.svg
lucide	square-arrow-down	SquareArrowDown	arrows	图标 square-arrow-down；分类: arrows, gaming；tags: backwards, reverse, direction, south, sign, keyboard, button	https://unpkg.com/lucide-static@latest/icons/square-arrow-down.svg	free	install	url:https://unpkg.com/lucide-static@latest/icons/square-arrow-down.svg
lucide	square-arrow-down-left	SquareArrowDownLeft	arrows	图标 square-arrow-down-left；分类: arrows, gaming；tags: direction, south-west, diagonal, sign, turn, keyboard, button	https://unpkg.com/lucide-static@latest/icons/square-arrow-down-left.svg	free	install	url:https://unpkg.com/lucide-static@latest/icons/square-arrow-down-left.svg
lucide	square-arrow-down-right	SquareArrowDownRight	arrows	图标 square-arrow-down-right；分类: arrows, gaming；tags: direction, south-east, diagonal, sign, turn, keyboard, button	https://unpkg.com/lucide-static@latest/icons/square-arrow-down-right.svg	free	install	url:https://unpkg.com/lucide-static@latest/icons/square-arrow-down-right.svg
lucide	square-arrow-left	SquareArrowLeft	arrows	图标 square-arrow-left；分类: arrows；tags: previous, back, direction, west, sign, keyboard, button, <-	https://unpkg.com/lucide-static@latest/icons/square-arrow-left.svg	free	install	url:https://unpkg.com/lucide-static@latest/icons/square-arrow-left.svg
lucide	square-arrow-out-down-left	SquareArrowOutDownLeft	arrows	图标 square-arrow-out-down-left；分类: arrows；tags: outwards, direction, south-west, diagonal	https://unpkg.com/lucide-static@latest/icons/square-arrow-out-down-left.svg	free	install	url:https://unpkg.com/lucide-static@latest/icons/square-arrow-out-down-left.svg
lucide	square-arrow-out-down-right	SquareArrowOutDownRight	arrows	图标 square-arrow-out-down-right；分类: arrows；tags: outwards, direction, south-east, diagonal	https://unpkg.com/lucide-static@latest/icons/square-arrow-out-down-right.svg	free	install	url:https://unpkg.com/lucide-static@latest/icons/square-arrow-out-down-right.svg
lucide	square-arrow-out-up-left	SquareArrowOutUpLeft	arrows	图标 square-arrow-out-up-left；分类: arrows；tags: outwards, direction, north-west, diagonal	https://unpkg.com/lucide-static@latest/icons/square-arrow-out-up-left.svg	free	install	url:https://unpkg.com/lucide-static@latest/icons/square-arrow-out-up-left.svg
lucide	square-arrow-out-up-right	SquareArrowOutUpRight	arrows	图标 square-arrow-out-up-right；分类: arrows, social；tags: outwards, direction, north-east, diagonal, share, open, external, link	https://unpkg.com/lucide-static@latest/icons/square-arrow-out-up-right.svg	free	install	url:https://unpkg.com/lucide-static@latest/icons/square-arrow-out-up-right.svg
lucide	square-arrow-right	SquareArrowRight	arrows	图标 square-arrow-right；分类: arrows；tags: next, forward, direction, west, sign, keyboard, button, ->	https://unpkg.com/lucide-static@latest/icons/square-arrow-right.svg	free	install	url:https://unpkg.com/lucide-static@latest/icons/square-arrow-right.svg
lucide	square-arrow-right-enter	SquareArrowRightEnter	arrows	图标 square-arrow-right-enter；分类: arrows, shapes, layout, multimedia；tags: left, in, inside, input, insert, source, import, place, ->	https://unpkg.com/lucide-static@latest/icons/square-arrow-right-enter.svg	free	install	url:https://unpkg.com/lucide-static@latest/icons/square-arrow-right-enter.svg
lucide	square-arrow-right-exit	SquareArrowRightExit	arrows	图标 square-arrow-right-exit；分类: arrows, shapes, layout, multimedia；tags: out, outside, output, export, ->	https://unpkg.com/lucide-static@latest/icons/square-arrow-right-exit.svg	free	install	url:https://unpkg.com/lucide-static@latest/icons/square-arrow-right-exit.svg
lucide	square-arrow-up	SquareArrowUp	arrows	图标 square-arrow-up；分类: arrows；tags: forward, direction, north, sign, keyboard, button	https://unpkg.com/lucide-static@latest/icons/square-arrow-up.svg	free	install	url:https://unpkg.com/lucide-static@latest/icons/square-arrow-up.svg
lucide	square-arrow-up-left	SquareArrowUpLeft	arrows	图标 square-arrow-up-left；分类: arrows；tags: direction, north-west, diagonal, sign, keyboard, button	https://unpkg.com/lucide-static@latest/icons/square-arrow-up-left.svg	free	install	url:https://unpkg.com/lucide-static@latest/icons/square-arrow-up-left.svg
lucide	square-arrow-up-right	SquareArrowUpRight	arrows	图标 square-arrow-up-right；分类: arrows, social；tags: direction, north-east, diagonal, sign, keyboard, button, share	https://unpkg.com/lucide-static@latest/icons/square-arrow-up-right.svg	free	install	url:https://unpkg.com/lucide-static@latest/icons/square-arrow-up-right.svg
lucide	square-asterisk	SquareAsterisk	text	图标 square-asterisk；分类: text, security, math, development；tags: password, secret, access, key, multiply, multiplication, glob pattern, wildcard, *	https://unpkg.com/lucide-static@latest/icons/square-asterisk.svg	free	install	url:https://unpkg.com/lucide-static@latest/icons/square-asterisk.svg
lucide	square-bookmark	SquareBookmark	photography	图标 square-bookmark；分类: photography, multimedia；tags: photo, book	https://unpkg.com/lucide-static@latest/icons/square-bookmark.svg	free	install	url:https://unpkg.com/lucide-static@latest/icons/square-bookmark.svg
lucide	square-bottom-dashed-scissors	SquareBottomDashedScissors	text	图标 square-bottom-dashed-scissors；分类: text, design, tools, files, development；tags: cut, snippet, chop, stationery, crafts	https://unpkg.com/lucide-static@latest/icons/square-bottom-dashed-scissors.svg	free	install	url:https://unpkg.com/lucide-static@latest/icons/square-bottom-dashed-scissors.svg
lucide	square-centerline-dashed-horizontal	SquareCenterlineDashedHorizontal	design	图标 square-centerline-dashed-horizontal；分类: design, photography；tags: reflect, mirror, alignment, dashed	https://unpkg.com/lucide-static@latest/icons/square-centerline-dashed-horizontal.svg	free	install	url:https://unpkg.com/lucide-static@latest/icons/square-centerline-dashed-horizontal.svg
lucide	square-centerline-dashed-vertical	SquareCenterlineDashedVertical	design	图标 square-centerline-dashed-vertical；分类: design, photography；tags: reflect, mirror, alignment, dashed	https://unpkg.com/lucide-static@latest/icons/square-centerline-dashed-vertical.svg	free	install	url:https://unpkg.com/lucide-static@latest/icons/square-centerline-dashed-vertical.svg
lucide	square-chart-gantt	SquareChartGantt	charts	图标 square-chart-gantt；分类: charts, time, development, design；tags: projects, manage, overview, roadmap, plan, intentions, timeline, deadline, date, event, range, period, productivity, work, agile, code, coding, toolbar, button	https://unpkg.com/lucide-static@latest/icons/square-chart-gantt.svg	free	install	url:https://unpkg.com/lucide-static@latest/icons/square-chart-gantt.svg
lucide	square-check	SquareCheck	notifications	图标 square-check；分类: notifications；tags: done, todo, tick, complete, task	https://unpkg.com/lucide-static@latest/icons/square-check.svg	free	install	url:https://unpkg.com/lucide-static@latest/icons/square-check.svg
lucide	square-check-big	SquareCheckBig	notifications	图标 square-check-big；分类: notifications；tags: done, todo, tick, complete, task	https://unpkg.com/lucide-static@latest/icons/square-check-big.svg	free	install	url:https://unpkg.com/lucide-static@latest/icons/square-check-big.svg
lucide	square-chevron-down	SquareChevronDown	arrows	图标 square-chevron-down；分类: arrows, navigation；tags: back, menu, panel	https://unpkg.com/lucide-static@latest/icons/square-chevron-down.svg	free	install	url:https://unpkg.com/lucide-static@latest/icons/square-chevron-down.svg
lucide	square-chevron-left	SquareChevronLeft	arrows	图标 square-chevron-left；分类: arrows, navigation；tags: back, previous, less than, fewer, menu, panel, button, keyboard, <	https://unpkg.com/lucide-static@latest/icons/square-chevron-left.svg	free	install	url:https://unpkg.com/lucide-static@latest/icons/square-chevron-left.svg
lucide	square-chevron-right	SquareChevronRight	arrows	图标 square-chevron-right；分类: arrows, navigation, development；tags: forward, next, more than, greater, menu, panel, code, coding, command line, terminal, prompt, shell, console, >	https://unpkg.com/lucide-static@latest/icons/square-chevron-right.svg	free	install	url:https://unpkg.com/lucide-static@latest/icons/square-chevron-right.svg
lucide	square-chevron-up	SquareChevronUp	arrows	图标 square-chevron-up；分类: arrows, navigation, math；tags: caret, keyboard, button, mac, control, ctrl, superscript, exponential, power, ahead, menu, panel, ^	https://unpkg.com/lucide-static@latest/icons/square-chevron-up.svg	free	install	url:https://unpkg.com/lucide-static@latest/icons/square-chevron-up.svg
lucide	square-code	SquareCode	text	图标 square-code；分类: text, development；tags: gist, source, programming, html, xml, coding	https://unpkg.com/lucide-static@latest/icons/square-code.svg	free	install	url:https://unpkg.com/lucide-static@latest/icons/square-code.svg
lucide	square-dashed	SquareDashed	text	图标 square-dashed；分类: text, design；tags: selection, square, rectangular, marquee, tool, dashed, box	https://unpkg.com/lucide-static@latest/icons/square-dashed.svg	free	install	url:https://unpkg.com/lucide-static@latest/icons/square-dashed.svg
lucide	square-dashed-bottom	SquareDashedBottom	development	图标 square-dashed-bottom；分类: development, files；tags: rectangle, aspect ratio, 1:1, shape, snippet, code, coding	https://unpkg.com/lucide-static@latest/icons/square-dashed-bottom.svg	free	install	url:https://unpkg.com/lucide-static@latest/icons/square-dashed-bottom.svg
lucide	square-dashed-bottom-code	SquareDashedBottomCode	development	图标 square-dashed-bottom-code；分类: development, files；tags: rectangle, aspect ratio, 1:1, shape, snippet, code, coding	https://unpkg.com/lucide-static@latest/icons/square-dashed-bottom-code.svg	free	install	url:https://unpkg.com/lucide-static@latest/icons/square-dashed-bottom-code.svg
lucide	square-dashed-kanban	SquareDashedKanban	charts	图标 square-dashed-kanban；分类: charts, development, design；tags: projects, manage, overview, board, tickets, issues, roadmap, plan, intentions, productivity, work, agile, draft, template, boilerplate, code, coding	https://unpkg.com/lucide-static@latest/icons/square-dashed-kanban.svg	free	install	url:https://unpkg.com/lucide-static@latest/icons/square-dashed-kanban.svg
lucide	square-dashed-mouse-pointer	SquareDashedMousePointer	arrows	图标 square-dashed-mouse-pointer；分类: arrows, cursors, development, tools；tags: inspector, element, mouse, click, pointer, box, browser, selector, target, dom, node	https://unpkg.com/lucide-static@latest/icons/square-dashed-mouse-pointer.svg	free	install	url:https://unpkg.com/lucide-static@latest/icons/square-dashed-mouse-pointer.svg
lucide	square-dashed-plus	SquareDashedPlus	design	图标 square-dashed-plus；分类: design, layout, shapes；tags: selection, select, add, new, placeholder, marquee, box, dashed, plus, insert, frame, empty	https://unpkg.com/lucide-static@latest/icons/square-dashed-plus.svg	free	install	url:https://unpkg.com/lucide-static@latest/icons/square-dashed-plus.svg
lucide	square-dashed-text	SquareDashedText	text	图标 square-dashed-text；分类: text, cursors；tags: find, search, selection, dashed	https://unpkg.com/lucide-static@latest/icons/square-dashed-text.svg	free	install	url:https://unpkg.com/lucide-static@latest/icons/square-dashed-text.svg
lucide	square-dashed-top-solid	SquareDashedTopSolid	design	图标 square-dashed-top-solid；分类: design, development, layout；tags: square, border, width, layout, style, design, rectangular, marquee, dashed, box, rectangle, aspect ratio, 1:1	https://unpkg.com/lucide-static@latest/icons/square-dashed-top-solid.svg	free	install	url:https://unpkg.com/lucide-static@latest/icons/square-dashed-top-solid.svg
lucide	square-dashed-x	SquareDashedX	design	图标 square-dashed-x；分类: design, development, layout；tags: deselect, unselect, delete, select, selection, border, width, layout, style, design, rectangular, marquee, box, rectangle, aspect ratio, 1:1	https://unpkg.com/lucide-static@latest/icons/square-dashed-x.svg	free	install	url:https://unpkg.com/lucide-static@latest/icons/square-dashed-x.svg
lucide	square-dashed-x-corner	SquareDashedXCorner	design	图标 square-dashed-x-corner；分类: design, development, layout；tags: deselect, unselect, delete, select, selection, border, width, layout, style, design, rectangular, marquee, box, rectangle, aspect ratio, 1:1	https://unpkg.com/lucide-static@latest/icons/square-dashed-x-corner.svg	free	install	url:https://unpkg.com/lucide-static@latest/icons/square-dashed-x-corner.svg
lucide	square-dimensions	SquareDimensions	design	图标 square-dimensions；分类: design, layout；tags: ratio, size, width, height, resize, scale, frame, proportions, aspect, bounds, measurements, canvas	https://unpkg.com/lucide-static@latest/icons/square-dimensions.svg	free	install	url:https://unpkg.com/lucide-static@latest/icons/square-dimensions.svg
lucide	square-divide	SquareDivide	math	图标 square-divide；分类: math；tags: calculate, math, ÷, /	https://unpkg.com/lucide-static@latest/icons/square-divide.svg	free	install	url:https://unpkg.com/lucide-static@latest/icons/square-divide.svg
lucide	square-dot	SquareDot	development	图标 square-dot；分类: development；tags: git, diff, modified, .	https://unpkg.com/lucide-static@latest/icons/square-dot.svg	free	install	url:https://unpkg.com/lucide-static@latest/icons/square-dot.svg
lucide	square-equal	SquareEqual	math	图标 square-equal；分类: math；tags: calculate, =	https://unpkg.com/lucide-static@latest/icons/square-equal.svg	free	install	url:https://unpkg.com/lucide-static@latest/icons/square-equal.svg
lucide	square-exclamation-point	SquareExclamationPoint	notifications	图标 square-exclamation-point；分类: notifications, shapes；tags: warning, alert, danger, exclamation mark, rectangle, square, notification, attention, important, caution	https://unpkg.com/lucide-static@latest/icons/square-exclamation-point.svg	free	install	url:https://unpkg.com/lucide-static@latest/icons/square-exclamation-point.svg
lucide	square-function	SquareFunction	development	图标 square-function；分类: development, math；tags: programming, code, automation, math	https://unpkg.com/lucide-static@latest/icons/square-function.svg	free	install	url:https://unpkg.com/lucide-static@latest/icons/square-function.svg
lucide	square-kanban	SquareKanban	charts	图标 square-kanban；分类: charts, development, design；tags: projects, manage, overview, board, tickets, issues, roadmap, plan, intentions, productivity, work, agile, code, coding, toolbar, button	https://unpkg.com/lucide-static@latest/icons/square-kanban.svg	free	install	url:https://unpkg.com/lucide-static@latest/icons/square-kanban.svg
lucide	square-library	SquareLibrary	text	图标 square-library；分类: text, photography, multimedia, navigation, development；tags: books, reading, written, authors, stories, fiction, novels, information, knowledge, education, high school, university, college, academy, learning, study, research, collection, vinyl, records, albums, music, package	https://unpkg.com/lucide-static@latest/icons/square-library.svg	free	install	url:https://unpkg.com/lucide-static@latest/icons/square-library.svg
lucide	square-m	SquareM	transportation	图标 square-m；分类: transportation, navigation；tags: metro, subway, underground, track, line	https://unpkg.com/lucide-static@latest/icons/square-m.svg	free	install	url:https://unpkg.com/lucide-static@latest/icons/square-m.svg
lucide	square-menu	SquareMenu	layout	图标 square-menu；分类: layout；tags: bars, navigation, hamburger, options, menu bar, panel	https://unpkg.com/lucide-static@latest/icons/square-menu.svg	free	install	url:https://unpkg.com/lucide-static@latest/icons/square-menu.svg
lucide	square-minus	SquareMinus	math	图标 square-minus；分类: math, development, text, tools, devices；tags: subtract, remove, decrease, reduce, calculator, button, keyboard, line, divider, separator, horizontal rule, hr, html, markup, markdown, ---, toolbar, operator, code, coding, minimum, downgrade	https://unpkg.com/lucide-static@latest/icons/square-minus.svg	free	install	url:https://unpkg.com/lucide-static@latest/icons/square-minus.svg
lucide	square-mouse-pointer	SquareMousePointer	arrows	图标 square-mouse-pointer；分类: arrows, cursors, development, tools；tags: inspector, element, mouse, click, pointer, box, browser, selector, target, dom, node	https://unpkg.com/lucide-static@latest/icons/square-mouse-pointer.svg	free	install	url:https://unpkg.com/lucide-static@latest/icons/square-mouse-pointer.svg
lucide	square-off	SquareOff	shapes	图标 square-off；分类: shapes, design；tags: /, not, slash, off, disabled, inactive, cancel, none, block, forbidden, unavailable, stopped, checkbox, unchecked, toggle, negation, form, ui	https://unpkg.com/lucide-static@latest/icons/square-off.svg	free	install	url:https://unpkg.com/lucide-static@latest/icons/square-off.svg
lucide	square-parking	SquareParking	transportation	图标 square-parking；分类: transportation, navigation；tags: parking lot, car park	https://unpkg.com/lucide-static@latest/icons/square-parking.svg	free	install	url:https://unpkg.com/lucide-static@latest/icons/square-parking.svg
lucide	square-parking-off	SquareParkingOff	transportation	图标 square-parking-off；分类: transportation, navigation；tags: parking lot, car park, no parking	https://unpkg.com/lucide-static@latest/icons/square-parking-off.svg	free	install	url:https://unpkg.com/lucide-static@latest/icons/square-parking-off.svg
lucide	square-pause	SquarePause	multimedia	图标 square-pause；分类: multimedia；tags: music, audio, stop	https://unpkg.com/lucide-static@latest/icons/square-pause.svg	free	install	url:https://unpkg.com/lucide-static@latest/icons/square-pause.svg
lucide	square-pen	SquarePen	text	图标 square-pen；分类: text；tags: pencil, edit, change, create, draw, sketch, draft, writer, writing, biro, ink, marker, felt tip, stationery, artist	https://unpkg.com/lucide-static@latest/icons/square-pen.svg	free	install	url:https://unpkg.com/lucide-static@latest/icons/square-pen.svg
lucide	square-percent	SquarePercent	social	图标 square-percent；分类: social, finance, shopping, math；tags: verified, unverified, sale, discount, offer, marketing, sticker, price tag	https://unpkg.com/lucide-static@latest/icons/square-percent.svg	free	install	url:https://unpkg.com/lucide-static@latest/icons/square-percent.svg
lucide	square-pi	SquarePi	development	图标 square-pi；分类: development, math；tags: constant, code, coding, programming, symbol, trigonometry, geometry, formula	https://unpkg.com/lucide-static@latest/icons/square-pi.svg	free	install	url:https://unpkg.com/lucide-static@latest/icons/square-pi.svg
lucide	square-pilcrow	SquarePilcrow	text	图标 square-pilcrow；分类: text；tags: paragraph, mark, paraph, blind, typography, type, text, prose, symbol	https://unpkg.com/lucide-static@latest/icons/square-pilcrow.svg	free	install	url:https://unpkg.com/lucide-static@latest/icons/square-pilcrow.svg
lucide	square-play	SquarePlay	arrows	图标 square-play；分类: arrows, multimedia；tags: music, audio, video, start, run	https://unpkg.com/lucide-static@latest/icons/square-play.svg	free	install	url:https://unpkg.com/lucide-static@latest/icons/square-play.svg
lucide	square-plus	SquarePlus	math	图标 square-plus；分类: math, tools, development, text；tags: add, new, increase, increment, positive, calculate, calculator, button, keyboard, toolbar, maximum, upgrade, extra, operator, join, concatenate, code, coding, +	https://unpkg.com/lucide-static@latest/icons/square-plus.svg	free	install	url:https://unpkg.com/lucide-static@latest/icons/square-plus.svg
lucide	square-power	SquarePower	connectivity	图标 square-power；分类: connectivity；tags: on, off, device, switch, toggle, binary, boolean, reboot, restart, button, keyboard, troubleshoot	https://unpkg.com/lucide-static@latest/icons/square-power.svg	free	install	url:https://unpkg.com/lucide-static@latest/icons/square-power.svg
lucide	square-radical	SquareRadical	development	图标 square-radical；分类: development, math；tags: calculate, formula, math, operator, root, square, symbol	https://unpkg.com/lucide-static@latest/icons/square-radical.svg	free	install	url:https://unpkg.com/lucide-static@latest/icons/square-radical.svg
lucide	square-round-corner	SquareRoundCorner	design	图标 square-round-corner；分类: design, development, layout；tags: border, radius, style, design, corner, layout, round, rounded	https://unpkg.com/lucide-static@latest/icons/square-round-corner.svg	free	install	url:https://unpkg.com/lucide-static@latest/icons/square-round-corner.svg
lucide	square-scissors	SquareScissors	text	图标 square-scissors；分类: text, design, tools, files, development；tags: cut, snippet, chop, stationery, crafts, toolbar, button	https://unpkg.com/lucide-static@latest/icons/square-scissors.svg	free	install	url:https://unpkg.com/lucide-static@latest/icons/square-scissors.svg
lucide	square-sigma	SquareSigma	text	图标 square-sigma；分类: text, math；tags: sum, calculate, formula, math, enumeration, enumerate	https://unpkg.com/lucide-static@latest/icons/square-sigma.svg	free	install	url:https://unpkg.com/lucide-static@latest/icons/square-sigma.svg
lucide	square-slash	SquareSlash	development	图标 square-slash；分类: development, math；tags: git, diff, ignored, divide, division, shortcut, or, /	https://unpkg.com/lucide-static@latest/icons/square-slash.svg	free	install	url:https://unpkg.com/lucide-static@latest/icons/square-slash.svg
lucide	square-sparkles	SquareSparkles	photography	图标 square-sparkles；分类: photography, text, multimedia, files；tags: picture, photo, sparkles	https://unpkg.com/lucide-static@latest/icons/square-sparkles.svg	free	install	url:https://unpkg.com/lucide-static@latest/icons/square-sparkles.svg
lucide	square-split-horizontal	SquareSplitHorizontal	layout	图标 square-split-horizontal；分类: layout；tags: split, divide	https://unpkg.com/lucide-static@latest/icons/square-split-horizontal.svg	free	install	url:https://unpkg.com/lucide-static@latest/icons/square-split-horizontal.svg
lucide	square-split-vertical	SquareSplitVertical	layout	图标 square-split-vertical；分类: layout；tags: split, divide	https://unpkg.com/lucide-static@latest/icons/square-split-vertical.svg	free	install	url:https://unpkg.com/lucide-static@latest/icons/square-split-vertical.svg
lucide	square-square	SquareSquare	layout	图标 square-square；分类: layout；tags: float, center, rectangle	https://unpkg.com/lucide-static@latest/icons/square-square.svg	free	install	url:https://unpkg.com/lucide-static@latest/icons/square-square.svg
lucide	square-stack	SquareStack	text	图标 square-stack；分类: text, files, development；tags: versions, clone, copy, duplicate, multiple, revisions, version control, backup, history	https://unpkg.com/lucide-static@latest/icons/square-stack.svg	free	install	url:https://unpkg.com/lucide-static@latest/icons/square-stack.svg
lucide	square-star	SquareStar	sports	图标 square-star；分类: sports, gaming；tags: badge, medal, honour, decoration, order, pin, laurel, trophy, medallion, insignia, bronze, silver, gold	https://unpkg.com/lucide-static@latest/icons/square-star.svg	free	install	url:https://unpkg.com/lucide-static@latest/icons/square-star.svg
lucide	square-stop	SquareStop	multimedia	图标 square-stop；分类: multimedia；tags: media, music	https://unpkg.com/lucide-static@latest/icons/square-stop.svg	free	install	url:https://unpkg.com/lucide-static@latest/icons/square-stop.svg
lucide	square-terminal	SquareTerminal	development	图标 square-terminal；分类: development；tags: code, command line, prompt, shell	https://unpkg.com/lucide-static@latest/icons/square-terminal.svg	free	install	url:https://unpkg.com/lucide-static@latest/icons/square-terminal.svg
lucide	square-text	SquareText	text	图标 square-text；分类: text, shapes, development；tags: text, paragraph, content, note, document, body, copy, article, square, container, block, card, placeholder, log, page, paper, sheet, list, script, code, editor	https://unpkg.com/lucide-static@latest/icons/square-text.svg	free	install	url:https://unpkg.com/lucide-static@latest/icons/square-text.svg
lucide	square-user	SquareUser	account	图标 square-user；分类: account；tags: person, account, contact	https://unpkg.com/lucide-static@latest/icons/square-user.svg	free	install	url:https://unpkg.com/lucide-static@latest/icons/square-user.svg
lucide	square-user-round	SquareUserRound	account	图标 square-user-round；分类: account；tags: person, account, contact	https://unpkg.com/lucide-static@latest/icons/square-user-round.svg	free	install	url:https://unpkg.com/lucide-static@latest/icons/square-user-round.svg
lucide	square-x	SquareX	math	图标 square-x；分类: math, notifications；tags: cancel, close, delete, remove, times, clear, math, multiply, multiplication	https://unpkg.com/lucide-static@latest/icons/square-x.svg	free	install	url:https://unpkg.com/lucide-static@latest/icons/square-x.svg
lucide	squares-exclude	SquaresExclude	design	图标 squares-exclude；分类: design；tags: square, pathfinder, path, exclude, invert, xor, shape, vector	https://unpkg.com/lucide-static@latest/icons/squares-exclude.svg	free	install	url:https://unpkg.com/lucide-static@latest/icons/squares-exclude.svg
lucide	squares-intersect	SquaresIntersect	design	图标 squares-intersect；分类: design；tags: square, pathfinder, path, intersect, shape, include, vector	https://unpkg.com/lucide-static@latest/icons/squares-intersect.svg	free	install	url:https://unpkg.com/lucide-static@latest/icons/squares-intersect.svg
lucide	squares-subtract	SquaresSubtract	design	图标 squares-subtract；分类: design；tags: square, pathfinder, path, minus, subtract, subtraction, shape, front, vector	https://unpkg.com/lucide-static@latest/icons/squares-subtract.svg	free	install	url:https://unpkg.com/lucide-static@latest/icons/squares-subtract.svg
lucide	squares-unite	SquaresUnite	design	图标 squares-unite；分类: design；tags: square, pathfinder, path, unite, union, shape, merge, vector	https://unpkg.com/lucide-static@latest/icons/squares-unite.svg	free	install	url:https://unpkg.com/lucide-static@latest/icons/squares-unite.svg
lucide	squircle	Squircle	shapes	图标 squircle；分类: shapes；tags: shape	https://unpkg.com/lucide-static@latest/icons/squircle.svg	free	install	url:https://unpkg.com/lucide-static@latest/icons/squircle.svg
lucide	squircle-dashed	SquircleDashed	development	图标 squircle-dashed；分类: development, shapes, design；tags: shape, pending, progress, issue, draft, code, coding, version control	https://unpkg.com/lucide-static@latest/icons/squircle-dashed.svg	free	install	url:https://unpkg.com/lucide-static@latest/icons/squircle-dashed.svg
lucide	squirrel	Squirrel	animals	图标 squirrel；分类: animals；tags: animal, rodent, pet, pest, nuts, retrieve, updates, storage, stash	https://unpkg.com/lucide-static@latest/icons/squirrel.svg	free	install	url:https://unpkg.com/lucide-static@latest/icons/squirrel.svg
lucide	stamp	Stamp	design	图标 stamp；分类: design, cursors, tools；tags: mark, print, clone, loyalty, library	https://unpkg.com/lucide-static@latest/icons/stamp.svg	free	install	url:https://unpkg.com/lucide-static@latest/icons/stamp.svg
lucide	star	Star	account	图标 star；分类: account, social, shapes, multimedia, weather, emoji, gaming；tags: bookmark, favorite, like, review, rating	https://unpkg.com/lucide-static@latest/icons/star.svg	free	install	url:https://unpkg.com/lucide-static@latest/icons/star.svg
lucide	star-check	StarCheck	account	图标 star-check；分类: account, social, shapes, multimedia, weather, emoji, gaming；tags: bookmark, favorite, like, review, rating, check, star	https://unpkg.com/lucide-static@latest/icons/star-check.svg	free	install	url:https://unpkg.com/lucide-static@latest/icons/star-check.svg
lucide	star-half	StarHalf	social	图标 star-half；分类: social, multimedia；tags: bookmark, favorite, like, review, rating	https://unpkg.com/lucide-static@latest/icons/star-half.svg	free	install	url:https://unpkg.com/lucide-static@latest/icons/star-half.svg
lucide	star-minus	StarMinus	account	图标 star-minus；分类: account, social, shapes, multimedia, weather, emoji, gaming；tags: bookmark, favorite, like, review, rating, minus, remove, deselect, star	https://unpkg.com/lucide-static@latest/icons/star-minus.svg	free	install	url:https://unpkg.com/lucide-static@latest/icons/star-minus.svg
lucide	star-off	StarOff	multimedia	图标 star-off；分类: multimedia, social；tags: dislike, unlike, remove, unrate	https://unpkg.com/lucide-static@latest/icons/star-off.svg	free	install	url:https://unpkg.com/lucide-static@latest/icons/star-off.svg
lucide	star-plus	StarPlus	account	图标 star-plus；分类: account, social, shapes, multimedia, weather, emoji, gaming；tags: bookmark, favorite, like, review, rating, plus, add, join, star	https://unpkg.com/lucide-static@latest/icons/star-plus.svg	free	install	url:https://unpkg.com/lucide-static@latest/icons/star-plus.svg
lucide	star-x	StarX	account	图标 star-x；分类: account, social, shapes, multimedia, weather, emoji, gaming；tags: mark, symbol, shape, vector, design, graphic, bookmark, favorite, like, review, rating, x, cancel, reject, star	https://unpkg.com/lucide-static@latest/icons/star-x.svg	free	install	url:https://unpkg.com/lucide-static@latest/icons/star-x.svg
lucide	step-back	StepBack	multimedia	图标 step-back；分类: multimedia, arrows；tags: arrow, previous, music, left, reverse	https://unpkg.com/lucide-static@latest/icons/step-back.svg	free	install	url:https://unpkg.com/lucide-static@latest/icons/step-back.svg
lucide	step-forward	StepForward	multimedia	图标 step-forward；分类: multimedia, arrows；tags: arrow, next, music, right, continue	https://unpkg.com/lucide-static@latest/icons/step-forward.svg	free	install	url:https://unpkg.com/lucide-static@latest/icons/step-forward.svg
lucide	stethoscope	Stethoscope	science	图标 stethoscope；分类: science, medical；tags: phonendoscope, medical, heart, lungs, sound	https://unpkg.com/lucide-static@latest/icons/stethoscope.svg	free	install	url:https://unpkg.com/lucide-static@latest/icons/stethoscope.svg
lucide	sticker	Sticker	social	图标 sticker；分类: social；tags: reaction, emotion, smile, happy, feedback	https://unpkg.com/lucide-static@latest/icons/sticker.svg	free	install	url:https://unpkg.com/lucide-static@latest/icons/sticker.svg
lucide	sticky-note	StickyNote	text	图标 sticky-note；分类: text, social；tags: post-it, comment, annotation, reaction, memo, reminder, todo, task, idea, brainstorm, document, page, paper, sheet, stationary, office	https://unpkg.com/lucide-static@latest/icons/sticky-note.svg	free	install	url:https://unpkg.com/lucide-static@latest/icons/sticky-note.svg
lucide	sticky-note-check	StickyNoteCheck	text	图标 sticky-note-check；分类: text, social；tags: post-it, comment, annotation, reaction, memo, reminder, todo, task, idea, brainstorm, document, page, paper, sheet, stationary, office, done, complete, success, check, verified	https://unpkg.com/lucide-static@latest/icons/sticky-note-check.svg	free	install	url:https://unpkg.com/lucide-static@latest/icons/sticky-note-check.svg
lucide	sticky-note-minus	StickyNoteMinus	text	图标 sticky-note-minus；分类: text, social；tags: post-it, comment, annotation, reaction, memo, reminder, todo, task, idea, brainstorm, document, page, paper, sheet, stationary, office, remove, delete, minus	https://unpkg.com/lucide-static@latest/icons/sticky-note-minus.svg	free	install	url:https://unpkg.com/lucide-static@latest/icons/sticky-note-minus.svg
lucide	sticky-note-off	StickyNoteOff	text	图标 sticky-note-off；分类: text, social；tags: post-it, comment, annotation, reaction, memo, reminder, todo, task, idea, brainstorm, document, page, paper, sheet, stationary, office, disabled, hidden, mute, inactive	https://unpkg.com/lucide-static@latest/icons/sticky-note-off.svg	free	install	url:https://unpkg.com/lucide-static@latest/icons/sticky-note-off.svg
lucide	sticky-note-plus	StickyNotePlus	text	图标 sticky-note-plus；分类: text, social；tags: post-it, comment, annotation, reaction, memo, reminder, todo, task, idea, brainstorm, document, page, paper, sheet, stationary, office, add, create, new, plus	https://unpkg.com/lucide-static@latest/icons/sticky-note-plus.svg	free	install	url:https://unpkg.com/lucide-static@latest/icons/sticky-note-plus.svg
lucide	sticky-note-x	StickyNoteX	text	图标 sticky-note-x；分类: text, social；tags: post-it, comment, annotation, reaction, memo, reminder, todo, task, idea, brainstorm, document, page, paper, sheet, stationary, office, close, cancel, delete, remove	https://unpkg.com/lucide-static@latest/icons/sticky-note-x.svg	free	install	url:https://unpkg.com/lucide-static@latest/icons/sticky-note-x.svg
lucide	sticky-notes	StickyNotes	text	图标 sticky-notes；分类: text, social；tags: post-it, annotation, memo, reminder, todo, tasks, ideas, brainstorm, documents, notes, multiple, collection, group, stack, clone, duplicate, copy	https://unpkg.com/lucide-static@latest/icons/sticky-notes.svg	free	install	url:https://unpkg.com/lucide-static@latest/icons/sticky-notes.svg
lucide	stone	Stone	nature	图标 stone；分类: nature；tags: mineral, geology, nature, solid, pebble, crystal, ore, hard, coal, stone, rock, boulder	https://unpkg.com/lucide-static@latest/icons/stone.svg	free	install	url:https://unpkg.com/lucide-static@latest/icons/stone.svg
lucide	store	Store	buildings	图标 store；分类: buildings, navigation, shopping；tags: shop, supermarket, stand, boutique, building	https://unpkg.com/lucide-static@latest/icons/store.svg	free	install	url:https://unpkg.com/lucide-static@latest/icons/store.svg
lucide	stretch-horizontal	StretchHorizontal	layout	图标 stretch-horizontal；分类: layout；tags: items, flex, justify, distribute	https://unpkg.com/lucide-static@latest/icons/stretch-horizontal.svg	free	install	url:https://unpkg.com/lucide-static@latest/icons/stretch-horizontal.svg
lucide	stretch-vertical	StretchVertical	layout	图标 stretch-vertical；分类: layout；tags: items, flex, justify, distribute	https://unpkg.com/lucide-static@latest/icons/stretch-vertical.svg	free	install	url:https://unpkg.com/lucide-static@latest/icons/stretch-vertical.svg
lucide	strikethrough	Strikethrough	text	图标 strikethrough；分类: text；tags: cross out, delete, remove, format	https://unpkg.com/lucide-static@latest/icons/strikethrough.svg	free	install	url:https://unpkg.com/lucide-static@latest/icons/strikethrough.svg
lucide	subscript	Subscript	text	图标 subscript；分类: text；tags: text	https://unpkg.com/lucide-static@latest/icons/subscript.svg	free	install	url:https://unpkg.com/lucide-static@latest/icons/subscript.svg
lucide	summary	Summary	text	图标 summary；分类: text；tags: brief, abstract, synopsis, report, digest, outline, recap, condensation, summary, ai, text, overview	https://unpkg.com/lucide-static@latest/icons/summary.svg	free	install	url:https://unpkg.com/lucide-static@latest/icons/summary.svg
lucide	sun	Sun	accessibility	图标 sun；分类: accessibility, weather, seasons, sustainability；tags: brightness, weather, light, summer	https://unpkg.com/lucide-static@latest/icons/sun.svg	free	install	url:https://unpkg.com/lucide-static@latest/icons/sun.svg
lucide	sun-dim	SunDim	accessibility	图标 sun-dim；分类: accessibility, weather；tags: brightness, dim, low, brightness low	https://unpkg.com/lucide-static@latest/icons/sun-dim.svg	free	install	url:https://unpkg.com/lucide-static@latest/icons/sun-dim.svg
lucide	sun-medium	SunMedium	accessibility	图标 sun-medium；分类: accessibility, weather；tags: brightness, medium	https://unpkg.com/lucide-static@latest/icons/sun-medium.svg	free	install	url:https://unpkg.com/lucide-static@latest/icons/sun-medium.svg
lucide	sun-moon	SunMoon	accessibility	图标 sun-moon；分类: accessibility；tags: dark, light, moon, sun, brightness, theme, auto theme, system theme, appearance	https://unpkg.com/lucide-static@latest/icons/sun-moon.svg	free	install	url:https://unpkg.com/lucide-static@latest/icons/sun-moon.svg
lucide	sun-snow	SunSnow	weather	图标 sun-snow；分类: weather；tags: weather, air conditioning, temperature, hot, cold, seasons	https://unpkg.com/lucide-static@latest/icons/sun-snow.svg	free	install	url:https://unpkg.com/lucide-static@latest/icons/sun-snow.svg
lucide	sunrise	Sunrise	arrows	图标 sunrise；分类: arrows, weather, time；tags: weather, time, morning, day	https://unpkg.com/lucide-static@latest/icons/sunrise.svg	free	install	url:https://unpkg.com/lucide-static@latest/icons/sunrise.svg
lucide	sunset	Sunset	arrows	图标 sunset；分类: arrows, weather；tags: weather, time, evening, night	https://unpkg.com/lucide-static@latest/icons/sunset.svg	free	install	url:https://unpkg.com/lucide-static@latest/icons/sunset.svg
lucide	superscript	Superscript	text	图标 superscript；分类: text；tags: text, exponent	https://unpkg.com/lucide-static@latest/icons/superscript.svg	free	install	url:https://unpkg.com/lucide-static@latest/icons/superscript.svg
lucide	swatch-book	SwatchBook	design	图标 swatch-book；分类: design, home, photography；tags: colors, colours, swatches, pantone, shades, tint, hue, saturation, brightness, theme, scheme, palette, samples, textile, carpet	https://unpkg.com/lucide-static@latest/icons/swatch-book.svg	free	install	url:https://unpkg.com/lucide-static@latest/icons/swatch-book.svg
lucide	swiss-franc	SwissFranc	finance	图标 swiss-franc；分类: finance；tags: currency, money, payment	https://unpkg.com/lucide-static@latest/icons/swiss-franc.svg	free	install	url:https://unpkg.com/lucide-static@latest/icons/swiss-franc.svg
lucide	switch-camera	SwitchCamera	communication	图标 switch-camera；分类: communication, devices；tags: photo, selfie, front, back	https://unpkg.com/lucide-static@latest/icons/switch-camera.svg	free	install	url:https://unpkg.com/lucide-static@latest/icons/switch-camera.svg
lucide	sword	Sword	gaming	图标 sword；分类: gaming, tools；tags: battle, challenge, combat, duel, fantasy, game, knight, melee, medieval, offense, rpg, sharp, weapon, war, warrior	https://unpkg.com/lucide-static@latest/icons/sword.svg	free	install	url:https://unpkg.com/lucide-static@latest/icons/sword.svg
lucide	swords	Swords	gaming	图标 swords；分类: gaming, tools；tags: battle, challenge, combat, conflict, crossed, duel, faction, fantasy, game, melee, medieval, opponent, rivalry, rpg, versus, weapon, war, warrior	https://unpkg.com/lucide-static@latest/icons/swords.svg	free	install	url:https://unpkg.com/lucide-static@latest/icons/swords.svg
lucide	syringe	Syringe	science	图标 syringe；分类: science, medical；tags: medicine, medical, needle, pump, plunger, nozzle, blood	https://unpkg.com/lucide-static@latest/icons/syringe.svg	free	install	url:https://unpkg.com/lucide-static@latest/icons/syringe.svg
lucide	table	Table	text	图标 table；分类: text, files；tags: spreadsheet, grid	https://unpkg.com/lucide-static@latest/icons/table.svg	free	install	url:https://unpkg.com/lucide-static@latest/icons/table.svg
lucide	table-2	Table2	text	图标 table-2；分类: text, files；tags: spreadsheet, grid	https://unpkg.com/lucide-static@latest/icons/table-2.svg	free	install	url:https://unpkg.com/lucide-static@latest/icons/table-2.svg
lucide	table-cells-merge	TableCellsMerge	text	图标 table-cells-merge；分类: text, files；tags: spreadsheet, grid, row	https://unpkg.com/lucide-static@latest/icons/table-cells-merge.svg	free	install	url:https://unpkg.com/lucide-static@latest/icons/table-cells-merge.svg
lucide	table-cells-split	TableCellsSplit	text	图标 table-cells-split；分类: text, files；tags: spreadsheet, grid, row	https://unpkg.com/lucide-static@latest/icons/table-cells-split.svg	free	install	url:https://unpkg.com/lucide-static@latest/icons/table-cells-split.svg
lucide	table-columns-split	TableColumnsSplit	text	图标 table-columns-split；分类: text, files；tags: spreadsheet, grid, cut, break, divide, separate, segment	https://unpkg.com/lucide-static@latest/icons/table-columns-split.svg	free	install	url:https://unpkg.com/lucide-static@latest/icons/table-columns-split.svg
lucide	table-of-contents	TableOfContents	text	图标 table-of-contents；分类: text；tags: toc, outline, navigation, document structure, index, overview, sections, chapters, content, documentation, manual, knowledge base, faq	https://unpkg.com/lucide-static@latest/icons/table-of-contents.svg	free	install	url:https://unpkg.com/lucide-static@latest/icons/table-of-contents.svg
lucide	table-properties	TableProperties	text	图标 table-properties；分类: text, development, files；tags: property list, plist, spreadsheet, grid, dictionary, object, hash	https://unpkg.com/lucide-static@latest/icons/table-properties.svg	free	install	url:https://unpkg.com/lucide-static@latest/icons/table-properties.svg
lucide	table-rows-split	TableRowsSplit	text	图标 table-rows-split；分类: text, files；tags: spreadsheet, grid, cut, break, divide, separate, segment	https://unpkg.com/lucide-static@latest/icons/table-rows-split.svg	free	install	url:https://unpkg.com/lucide-static@latest/icons/table-rows-split.svg
lucide	tablet	Tablet	devices	图标 tablet；分类: devices；tags: device, mobile, screen, display, touchscreen, portable, responsive	https://unpkg.com/lucide-static@latest/icons/tablet.svg	free	install	url:https://unpkg.com/lucide-static@latest/icons/tablet.svg
lucide	tablet-smartphone	TabletSmartphone	devices	图标 tablet-smartphone；分类: devices, design, development, tools；tags: phone, cellphone, device, mobile, screen, display, touchscreen, portable, responsive, screens, browser, testing	https://unpkg.com/lucide-static@latest/icons/tablet-smartphone.svg	free	install	url:https://unpkg.com/lucide-static@latest/icons/tablet-smartphone.svg
lucide	tablets	Tablets	medical	图标 tablets；分类: medical；tags: medicine, medication, drug, prescription, pills, pharmacy	https://unpkg.com/lucide-static@latest/icons/tablets.svg	free	install	url:https://unpkg.com/lucide-static@latest/icons/tablets.svg
lucide	tag	Tag	account	图标 tag；分类: account；tags: label, badge, ticket, mark	https://unpkg.com/lucide-static@latest/icons/tag.svg	free	install	url:https://unpkg.com/lucide-static@latest/icons/tag.svg
lucide	tag-plus	TagPlus	account	图标 tag-plus；分类: account；tags: label, badge, ticket, mark, new, add, create, +	https://unpkg.com/lucide-static@latest/icons/tag-plus.svg	free	install	url:https://unpkg.com/lucide-static@latest/icons/tag-plus.svg
lucide	tag-x	TagX	account	图标 tag-x；分类: account；tags: label, badge, ticket, mark, x, delete, remove	https://unpkg.com/lucide-static@latest/icons/tag-x.svg	free	install	url:https://unpkg.com/lucide-static@latest/icons/tag-x.svg
lucide	tags	Tags	account	图标 tags；分类: account；tags: labels, badges, tickets, marks, copy, multiple	https://unpkg.com/lucide-static@latest/icons/tags.svg	free	install	url:https://unpkg.com/lucide-static@latest/icons/tags.svg
lucide	tally-1	Tally1	math	图标 tally-1；分类: math, gaming；tags: count, score, enumerate, days, one, 1, first, bar, prison, cell, sentence	https://unpkg.com/lucide-static@latest/icons/tally-1.svg	free	install	url:https://unpkg.com/lucide-static@latest/icons/tally-1.svg
lucide	tally-2	Tally2	math	图标 tally-2；分类: math, gaming；tags: count, score, enumerate, days, two, 2, second, double, bars, prison, cell, sentence	https://unpkg.com/lucide-static@latest/icons/tally-2.svg	free	install	url:https://unpkg.com/lucide-static@latest/icons/tally-2.svg
lucide	tally-3	Tally3	math	图标 tally-3；分类: math, gaming；tags: count, score, enumerate, days, three, 3, third, triple, bars, prison, cell, sentence	https://unpkg.com/lucide-static@latest/icons/tally-3.svg	free	install	url:https://unpkg.com/lucide-static@latest/icons/tally-3.svg
lucide	tally-4	Tally4	math	图标 tally-4；分类: math, gaming；tags: count, score, enumerate, days, 4, fourth, quadruple, bars, prison, cell, sentence	https://unpkg.com/lucide-static@latest/icons/tally-4.svg	free	install	url:https://unpkg.com/lucide-static@latest/icons/tally-4.svg
lucide	tally-5	Tally5	math	图标 tally-5；分类: math, gaming；tags: count, score, enumerate, days, five, 5, fifth, bars, prison, cell, sentence, slash, /	https://unpkg.com/lucide-static@latest/icons/tally-5.svg	free	install	url:https://unpkg.com/lucide-static@latest/icons/tally-5.svg
lucide	tangent	Tangent	shapes	图标 tangent；分类: shapes, math, design, tools；tags: tangential, shape, circle, geometry, trigonometry, bezier curve	https://unpkg.com/lucide-static@latest/icons/tangent.svg	free	install	url:https://unpkg.com/lucide-static@latest/icons/tangent.svg
lucide	target	Target	gaming	图标 target；分类: gaming；tags: logo, bullseye, deadline, projects, overview, work, productivity	https://unpkg.com/lucide-static@latest/icons/target.svg	free	install	url:https://unpkg.com/lucide-static@latest/icons/target.svg
lucide	telescope	Telescope	science	图标 telescope；分类: science, development, tools；tags: astronomy, space, discovery, exploration, explore, vision, perspective, focus, stargazing, observe, view	https://unpkg.com/lucide-static@latest/icons/telescope.svg	free	install	url:https://unpkg.com/lucide-static@latest/icons/telescope.svg
lucide	tent	Tent	travel	图标 tent；分类: travel, nature, sustainability；tags: tipi, teepee, wigwam, lodge, camping, campsite, holiday, retreat, nomadic, native american, indian, wilderness, outdoors	https://unpkg.com/lucide-static@latest/icons/tent.svg	free	install	url:https://unpkg.com/lucide-static@latest/icons/tent.svg
lucide	tent-tree	TentTree	travel	图标 tent-tree；分类: travel, nature；tags: camping, campsite, holiday, retreat, nomadic, wilderness, outdoors	https://unpkg.com/lucide-static@latest/icons/tent-tree.svg	free	install	url:https://unpkg.com/lucide-static@latest/icons/tent-tree.svg
lucide	terminal	Terminal	development	图标 terminal；分类: development；tags: code, command line, prompt, shell	https://unpkg.com/lucide-static@latest/icons/terminal.svg	free	install	url:https://unpkg.com/lucide-static@latest/icons/terminal.svg
lucide	test-tube	TestTube	science	图标 test-tube；分类: science；tags: tube, vial, phial, flask, ampoule, ampule, lab, chemistry, experiment, test	https://unpkg.com/lucide-static@latest/icons/test-tube.svg	free	install	url:https://unpkg.com/lucide-static@latest/icons/test-tube.svg
lucide	test-tube-diagonal	TestTubeDiagonal	science	图标 test-tube-diagonal；分类: science；tags: tube, vial, phial, flask, ampoule, ampule, lab, chemistry, experiment, test	https://unpkg.com/lucide-static@latest/icons/test-tube-diagonal.svg	free	install	url:https://unpkg.com/lucide-static@latest/icons/test-tube-diagonal.svg
lucide	test-tubes	TestTubes	science	图标 test-tubes；分类: science；tags: tubes, vials, phials, flasks, ampoules, ampules, lab, chemistry, experiment, test	https://unpkg.com/lucide-static@latest/icons/test-tubes.svg	free	install	url:https://unpkg.com/lucide-static@latest/icons/test-tubes.svg
lucide	text-align-center	TextAlignCenter	text	图标 text-align-center；分类: text；tags: text, alignment, center	https://unpkg.com/lucide-static@latest/icons/text-align-center.svg	free	install	url:https://unpkg.com/lucide-static@latest/icons/text-align-center.svg
lucide	text-align-end	TextAlignEnd	text	图标 text-align-end；分类: text；tags: text, alignment, right	https://unpkg.com/lucide-static@latest/icons/text-align-end.svg	free	install	url:https://unpkg.com/lucide-static@latest/icons/text-align-end.svg
lucide	text-align-justify	TextAlignJustify	text	图标 text-align-justify；分类: text；tags: text, alignment, justified, menu, list	https://unpkg.com/lucide-static@latest/icons/text-align-justify.svg	free	install	url:https://unpkg.com/lucide-static@latest/icons/text-align-justify.svg
lucide	text-align-justify-center	TextAlignJustifyCenter	text	图标 text-align-justify-center；分类: text；tags: paragraph, alignment, justified, center, middle, typography, editor, document	https://unpkg.com/lucide-static@latest/icons/text-align-justify-center.svg	free	install	url:https://unpkg.com/lucide-static@latest/icons/text-align-justify-center.svg
lucide	text-align-justify-end	TextAlignJustifyEnd	text	图标 text-align-justify-end；分类: text；tags: paragraph, alignment, justified, right, end, typography, editor, document	https://unpkg.com/lucide-static@latest/icons/text-align-justify-end.svg	free	install	url:https://unpkg.com/lucide-static@latest/icons/text-align-justify-end.svg
lucide	text-align-justify-start	TextAlignJustifyStart	text	图标 text-align-justify-start；分类: text；tags: paragraph, alignment, justified, left, start, typography, editor, document	https://unpkg.com/lucide-static@latest/icons/text-align-justify-start.svg	free	install	url:https://unpkg.com/lucide-static@latest/icons/text-align-justify-start.svg
lucide	text-align-start	TextAlignStart	text	图标 text-align-start；分类: text；tags: text, alignment, left, list	https://unpkg.com/lucide-static@latest/icons/text-align-start.svg	free	install	url:https://unpkg.com/lucide-static@latest/icons/text-align-start.svg
lucide	text-cursor	TextCursor	text	图标 text-cursor；分类: text, cursors；tags: select, caret, type, typing, write, writing, edit, insert, input, textarea	https://unpkg.com/lucide-static@latest/icons/text-cursor.svg	free	install	url:https://unpkg.com/lucide-static@latest/icons/text-cursor.svg
lucide	text-cursor-input	TextCursorInput	text	图标 text-cursor-input；分类: text, layout；tags: select	https://unpkg.com/lucide-static@latest/icons/text-cursor-input.svg	free	install	url:https://unpkg.com/lucide-static@latest/icons/text-cursor-input.svg
lucide	text-initial	TextInitial	text	图标 text-initial；分类: text；tags: drop cap, text, format, typography, letter, font size	https://unpkg.com/lucide-static@latest/icons/text-initial.svg	free	install	url:https://unpkg.com/lucide-static@latest/icons/text-initial.svg
lucide	text-quote	TextQuote	text	图标 text-quote；分类: text；tags: blockquote, quotation, indent, reply, response	https://unpkg.com/lucide-static@latest/icons/text-quote.svg	free	install	url:https://unpkg.com/lucide-static@latest/icons/text-quote.svg
lucide	text-search	TextSearch	text	图标 text-search；分类: text；tags: find, data, copy, txt, pdf, document, scan, magnifier, magnifying glass, lens	https://unpkg.com/lucide-static@latest/icons/text-search.svg	free	install	url:https://unpkg.com/lucide-static@latest/icons/text-search.svg
lucide	text-wrap	TextWrap	text	图标 text-wrap；分类: text, arrows；tags: words, lines, break, paragraph	https://unpkg.com/lucide-static@latest/icons/text-wrap.svg	free	install	url:https://unpkg.com/lucide-static@latest/icons/text-wrap.svg
lucide	theater	Theater	buildings	图标 theater；分类: buildings, social；tags: theater, theatre, entertainment, podium, stage, musical	https://unpkg.com/lucide-static@latest/icons/theater.svg	free	install	url:https://unpkg.com/lucide-static@latest/icons/theater.svg
lucide	thermometer	Thermometer	weather	图标 thermometer；分类: weather；tags: temperature, celsius, fahrenheit, weather	https://unpkg.com/lucide-static@latest/icons/thermometer.svg	free	install	url:https://unpkg.com/lucide-static@latest/icons/thermometer.svg
lucide	thermometer-snowflake	ThermometerSnowflake	weather	图标 thermometer-snowflake；分类: weather；tags: temperature, celsius, fahrenheit, weather, cold, freeze, freezing	https://unpkg.com/lucide-static@latest/icons/thermometer-snowflake.svg	free	install	url:https://unpkg.com/lucide-static@latest/icons/thermometer-snowflake.svg
lucide	thermometer-sun	ThermometerSun	weather	图标 thermometer-sun；分类: weather；tags: temperature, celsius, fahrenheit, weather, warm, hot	https://unpkg.com/lucide-static@latest/icons/thermometer-sun.svg	free	install	url:https://unpkg.com/lucide-static@latest/icons/thermometer-sun.svg
lucide	thumbs-down	ThumbsDown	account	图标 thumbs-down；分类: account, social, emoji；tags: dislike, bad, emotion	https://unpkg.com/lucide-static@latest/icons/thumbs-down.svg	free	install	url:https://unpkg.com/lucide-static@latest/icons/thumbs-down.svg
lucide	thumbs-up	ThumbsUp	account	图标 thumbs-up；分类: account, social, emoji；tags: like, good, emotion	https://unpkg.com/lucide-static@latest/icons/thumbs-up.svg	free	install	url:https://unpkg.com/lucide-static@latest/icons/thumbs-up.svg
lucide	tic-tac-toe	TicTacToe	gaming	图标 tic-tac-toe；分类: gaming；tags: game, board, grid, strategy, noughts and crosses	https://unpkg.com/lucide-static@latest/icons/tic-tac-toe.svg	free	install	url:https://unpkg.com/lucide-static@latest/icons/tic-tac-toe.svg
lucide	ticket	Ticket	account	图标 ticket；分类: account, transportation；tags: entry, pass, voucher, event, concert, show, perforated, dashed	https://unpkg.com/lucide-static@latest/icons/ticket.svg	free	install	url:https://unpkg.com/lucide-static@latest/icons/ticket.svg
lucide	ticket-check	TicketCheck	transportation	图标 ticket-check；分类: transportation；tags: entry, pass, voucher, event, concert, show, booked, purchased, receipt, redeemed, validated, verified, certified, checked, used	https://unpkg.com/lucide-static@latest/icons/ticket-check.svg	free	install	url:https://unpkg.com/lucide-static@latest/icons/ticket-check.svg
lucide	ticket-minus	TicketMinus	transportation	图标 ticket-minus；分类: transportation；tags: entry, pass, voucher, event, concert, show, remove, cancel, unbook, subtract, decrease, -	https://unpkg.com/lucide-static@latest/icons/ticket-minus.svg	free	install	url:https://unpkg.com/lucide-static@latest/icons/ticket-minus.svg
lucide	ticket-percent	TicketPercent	transportation	图标 ticket-percent；分类: transportation, shopping；tags: discount, reduced, offer, voucher, entry, pass, event, concert, show, book, purchase, %	https://unpkg.com/lucide-static@latest/icons/ticket-percent.svg	free	install	url:https://unpkg.com/lucide-static@latest/icons/ticket-percent.svg
lucide	ticket-plus	TicketPlus	transportation	图标 ticket-plus；分类: transportation；tags: entry, pass, voucher, event, concert, show, book, purchase, add, +	https://unpkg.com/lucide-static@latest/icons/ticket-plus.svg	free	install	url:https://unpkg.com/lucide-static@latest/icons/ticket-plus.svg
lucide	ticket-slash	TicketSlash	transportation	图标 ticket-slash；分类: transportation；tags: entry, pass, voucher, event, concert, show, redeemed, used, marked, checked, verified, spoiled, invalidated, void, denied, refused, banned, barred, forbidden, prohibited, cancelled, cancellation, refunded, delete, remove, clear, error	https://unpkg.com/lucide-static@latest/icons/ticket-slash.svg	free	install	url:https://unpkg.com/lucide-static@latest/icons/ticket-slash.svg
lucide	ticket-x	TicketX	transportation	图标 ticket-x；分类: transportation；tags: entry, pass, voucher, event, concert, show, cancelled, cancellation, refunded, used, void, invalidated, spoiled, denied, refused, banned, barred, forbidden, prohibited, delete, remove, clear, error, x	https://unpkg.com/lucide-static@latest/icons/ticket-x.svg	free	install	url:https://unpkg.com/lucide-static@latest/icons/ticket-x.svg
lucide	tickets	Tickets	travel	图标 tickets；分类: travel, account, transportation；tags: trip, travel, pass, entry, voucher, event, concert, show, perforated, dashed	https://unpkg.com/lucide-static@latest/icons/tickets.svg	free	install	url:https://unpkg.com/lucide-static@latest/icons/tickets.svg
lucide	tickets-plane	TicketsPlane	transportation	图标 tickets-plane；分类: transportation, travel；tags: plane, trip, airplane, flight, travel, fly, takeoff, vacation, passenger, pass, check-in, airport	https://unpkg.com/lucide-static@latest/icons/tickets-plane.svg	free	install	url:https://unpkg.com/lucide-static@latest/icons/tickets-plane.svg
lucide	timeline	Timeline	time	图标 timeline；分类: time；tags: tags, history	https://unpkg.com/lucide-static@latest/icons/timeline.svg	free	install	url:https://unpkg.com/lucide-static@latest/icons/timeline.svg
lucide	timer	Timer	time	图标 timer；分类: time；tags: time, timer, stopwatch	https://unpkg.com/lucide-static@latest/icons/timer.svg	free	install	url:https://unpkg.com/lucide-static@latest/icons/timer.svg
lucide	timer-off	TimerOff	time	图标 timer-off；分类: time；tags: time, timer, stopwatch	https://unpkg.com/lucide-static@latest/icons/timer-off.svg	free	install	url:https://unpkg.com/lucide-static@latest/icons/timer-off.svg
lucide	timer-reset	TimerReset	time	图标 timer-reset；分类: time；tags: time, timer, stopwatch	https://unpkg.com/lucide-static@latest/icons/timer-reset.svg	free	install	url:https://unpkg.com/lucide-static@latest/icons/timer-reset.svg
lucide	toggle-left	ToggleLeft	layout	图标 toggle-left；分类: layout, account, development；tags: on, off, switch, boolean	https://unpkg.com/lucide-static@latest/icons/toggle-left.svg	free	install	url:https://unpkg.com/lucide-static@latest/icons/toggle-left.svg
lucide	toggle-right	ToggleRight	layout	图标 toggle-right；分类: layout, account, development；tags: on, off, switch, boolean	https://unpkg.com/lucide-static@latest/icons/toggle-right.svg	free	install	url:https://unpkg.com/lucide-static@latest/icons/toggle-right.svg
lucide	toilet	Toilet	devices	图标 toilet；分类: devices, home；tags: toilet, potty, bathroom, washroom	https://unpkg.com/lucide-static@latest/icons/toilet.svg	free	install	url:https://unpkg.com/lucide-static@latest/icons/toilet.svg
lucide	tool-case	ToolCase	tools	图标 tool-case；分类: tools, development, home；tags: tools, maintenance, repair	https://unpkg.com/lucide-static@latest/icons/tool-case.svg	free	install	url:https://unpkg.com/lucide-static@latest/icons/tool-case.svg
lucide	toolbox	Toolbox	tools	图标 toolbox；分类: tools, home；tags: toolkit, tools, trunk, chest, box, storage, utility, utilities, container, kit, set, repair, fix, service, maintenance, mechanic, workshop, construction, hardware, equipment, gear, handyman, engineering, craft, diy	https://unpkg.com/lucide-static@latest/icons/toolbox.svg	free	install	url:https://unpkg.com/lucide-static@latest/icons/toolbox.svg
lucide	toothbrush	Toothbrush	home	图标 toothbrush；分类: home, travel, tools, medical；tags: dental care, oral hygiene, brushing, teeth, dentist, bathroom, toiletries, personal care, cleaning, bristles, handle, plaque, toothpaste, selfcare, grooming	https://unpkg.com/lucide-static@latest/icons/toothbrush.svg	free	install	url:https://unpkg.com/lucide-static@latest/icons/toothbrush.svg
lucide	toothbrush-sparkles	ToothbrushSparkles	home	图标 toothbrush-sparkles；分类: home, tools, medical, travel；tags: dental care, oral hygiene, brushing, teeth, dentist, bathroom, toiletries, personal care, cleaning, bristles, handle, plaque, toothpaste, selfcare, grooming, fresh, clean	https://unpkg.com/lucide-static@latest/icons/toothbrush-sparkles.svg	free	install	url:https://unpkg.com/lucide-static@latest/icons/toothbrush-sparkles.svg
lucide	tornado	Tornado	weather	图标 tornado；分类: weather；tags: weather, wind, storm, hurricane	https://unpkg.com/lucide-static@latest/icons/tornado.svg	free	install	url:https://unpkg.com/lucide-static@latest/icons/tornado.svg
lucide	torus	Torus	shapes	图标 torus；分类: shapes, design, tools, food-beverage；tags: donut, doughnut, ring, hollow, 3d, fast food, junk food, snack, treat, sweet, sugar, dessert	https://unpkg.com/lucide-static@latest/icons/torus.svg	free	install	url:https://unpkg.com/lucide-static@latest/icons/torus.svg
lucide	touchpad	Touchpad	devices	图标 touchpad；分类: devices；tags: trackpad, cursor	https://unpkg.com/lucide-static@latest/icons/touchpad.svg	free	install	url:https://unpkg.com/lucide-static@latest/icons/touchpad.svg
lucide	touchpad-off	TouchpadOff	devices	图标 touchpad-off；分类: devices；tags: trackpad, cursor	https://unpkg.com/lucide-static@latest/icons/touchpad-off.svg	free	install	url:https://unpkg.com/lucide-static@latest/icons/touchpad-off.svg
lucide	towel-rack	TowelRack	home	图标 towel-rack；分类: home, travel；tags: flannel, bathroom, toiletries, sanitation, clean, fresh, dry, laundry, laundrette, hospitality, housekeeping, room service, spa break, health club, amenities, hanging	https://unpkg.com/lucide-static@latest/icons/towel-rack.svg	free	install	url:https://unpkg.com/lucide-static@latest/icons/towel-rack.svg
lucide	tower-control	TowerControl	travel	图标 tower-control；分类: travel, transportation；tags: airport, travel, tower, transportation, lighthouse	https://unpkg.com/lucide-static@latest/icons/tower-control.svg	free	install	url:https://unpkg.com/lucide-static@latest/icons/tower-control.svg
lucide	toy-brick	ToyBrick	gaming	图标 toy-brick；分类: gaming, development；tags: lego, block, addon, plugin, integration	https://unpkg.com/lucide-static@latest/icons/toy-brick.svg	free	install	url:https://unpkg.com/lucide-static@latest/icons/toy-brick.svg
lucide	tractor	Tractor	transportation	图标 tractor；分类: transportation, sustainability, food-beverage；tags: farming, farmer, ranch, harvest, equipment, vehicle	https://unpkg.com/lucide-static@latest/icons/tractor.svg	free	install	url:https://unpkg.com/lucide-static@latest/icons/tractor.svg
lucide	traffic-cone	TrafficCone	transportation	图标 traffic-cone；分类: transportation；tags: roadworks, tarmac, safety, block	https://unpkg.com/lucide-static@latest/icons/traffic-cone.svg	free	install	url:https://unpkg.com/lucide-static@latest/icons/traffic-cone.svg
lucide	trailer	Trailer	transportation	图标 trailer；分类: transportation；tags: tow, shipping, delivery, haulage, vehicle, equipment, freight	https://unpkg.com/lucide-static@latest/icons/trailer.svg	free	install	url:https://unpkg.com/lucide-static@latest/icons/trailer.svg
lucide	train-front	TrainFront	transportation	图标 train-front；分类: transportation；tags: railway, metro, subway, underground, high-speed, bullet, fast, track, line	https://unpkg.com/lucide-static@latest/icons/train-front.svg	free	install	url:https://unpkg.com/lucide-static@latest/icons/train-front.svg
lucide	train-front-tunnel	TrainFrontTunnel	transportation	图标 train-front-tunnel；分类: transportation, navigation；tags: railway, metro, subway, underground, speed, bullet, fast, track, line	https://unpkg.com/lucide-static@latest/icons/train-front-tunnel.svg	free	install	url:https://unpkg.com/lucide-static@latest/icons/train-front-tunnel.svg
lucide	train-track	TrainTrack	transportation	图标 train-track；分类: transportation, navigation；tags: railway, line	https://unpkg.com/lucide-static@latest/icons/train-track.svg	free	install	url:https://unpkg.com/lucide-static@latest/icons/train-track.svg
lucide	tram-front	TramFront	transportation	图标 tram-front；分类: transportation；tags: railway, metro, subway, underground, track, line, tourism	https://unpkg.com/lucide-static@latest/icons/tram-front.svg	free	install	url:https://unpkg.com/lucide-static@latest/icons/tram-front.svg
lucide	transgender	Transgender	medical	图标 transgender；分类: medical, accessibility；tags: gender, inclusive	https://unpkg.com/lucide-static@latest/icons/transgender.svg	free	install	url:https://unpkg.com/lucide-static@latest/icons/transgender.svg
lucide	trash	Trash	files	图标 trash；分类: files, mail；tags: empty, deletion, cleanup, junk, clear, garbage, delete, remove, bin, waste, recycle, discard, binoculars, rubbish	https://unpkg.com/lucide-static@latest/icons/trash.svg	free	install	url:https://unpkg.com/lucide-static@latest/icons/trash.svg
lucide	trash-off	TrashOff	files	图标 trash-off；分类: files, mail；tags: empty, deletion, cleanup, junk, clear, garbage, delete, remove, bin, trash, waste, recycle, discard, rubbish, disabled, off, prevent, locked, unavailable, protected	https://unpkg.com/lucide-static@latest/icons/trash-off.svg	free	install	url:https://unpkg.com/lucide-static@latest/icons/trash-off.svg
lucide	tree-deciduous	TreeDeciduous	nature	图标 tree-deciduous；分类: nature, sustainability；tags: tree, forest, park, nature	https://unpkg.com/lucide-static@latest/icons/tree-deciduous.svg	free	install	url:https://unpkg.com/lucide-static@latest/icons/tree-deciduous.svg
lucide	tree-palm	TreePalm	nature	图标 tree-palm；分类: nature, sustainability；tags: vacation, leisure, island	https://unpkg.com/lucide-static@latest/icons/tree-palm.svg	free	install	url:https://unpkg.com/lucide-static@latest/icons/tree-palm.svg
lucide	tree-pine	TreePine	nature	图标 tree-pine；分类: nature, sustainability；tags: tree, pine, forest, park, nature	https://unpkg.com/lucide-static@latest/icons/tree-pine.svg	free	install	url:https://unpkg.com/lucide-static@latest/icons/tree-pine.svg
lucide	trees	Trees	nature	图标 trees；分类: nature, sustainability；tags: tree, forest, park, nature	https://unpkg.com/lucide-static@latest/icons/trees.svg	free	install	url:https://unpkg.com/lucide-static@latest/icons/trees.svg
lucide	trending-down	TrendingDown	charts	图标 trending-down；分类: charts, arrows；tags: statistics	https://unpkg.com/lucide-static@latest/icons/trending-down.svg	free	install	url:https://unpkg.com/lucide-static@latest/icons/trending-down.svg
lucide	trending-up	TrendingUp	charts	图标 trending-up；分类: charts, arrows；tags: statistics	https://unpkg.com/lucide-static@latest/icons/trending-up.svg	free	install	url:https://unpkg.com/lucide-static@latest/icons/trending-up.svg
lucide	trending-up-down	TrendingUpDown	charts	图标 trending-up-down；分类: charts, arrows；tags: arrows, estimated, indeterminate, data fluctuation, uncertain, forecast, variable, prediction, dynamic, volatile	https://unpkg.com/lucide-static@latest/icons/trending-up-down.svg	free	install	url:https://unpkg.com/lucide-static@latest/icons/trending-up-down.svg
lucide	triangle	Triangle	shapes	图标 triangle；分类: shapes；tags: equilateral, delta, shape, pyramid, hierarchy	https://unpkg.com/lucide-static@latest/icons/triangle.svg	free	install	url:https://unpkg.com/lucide-static@latest/icons/triangle.svg
lucide	triangle-alert	TriangleAlert	notifications	图标 triangle-alert；分类: notifications, shapes, development；tags: warning, alert, danger, exclamation mark, linter	https://unpkg.com/lucide-static@latest/icons/triangle-alert.svg	free	install	url:https://unpkg.com/lucide-static@latest/icons/triangle-alert.svg
lucide	triangle-dashed	TriangleDashed	shapes	图标 triangle-dashed；分类: shapes；tags: equilateral, delta, shape, pyramid, hierarchy, dashed	https://unpkg.com/lucide-static@latest/icons/triangle-dashed.svg	free	install	url:https://unpkg.com/lucide-static@latest/icons/triangle-dashed.svg
lucide	triangle-right	TriangleRight	shapes	图标 triangle-right；分类: shapes, math；tags: volume, controls, controller, tv remote, geometry, delta, ramp, slope, incline, increase	https://unpkg.com/lucide-static@latest/icons/triangle-right.svg	free	install	url:https://unpkg.com/lucide-static@latest/icons/triangle-right.svg
lucide	triangles-centerline-dashed-horizontal	TrianglesCenterlineDashedHorizontal	design	图标 triangles-centerline-dashed-horizontal；分类: design, photography；tags: reflect, mirror, alignment, dashed	https://unpkg.com/lucide-static@latest/icons/triangles-centerline-dashed-horizontal.svg	free	install	url:https://unpkg.com/lucide-static@latest/icons/triangles-centerline-dashed-horizontal.svg
lucide	triangles-centerline-dashed-vertical	TrianglesCenterlineDashedVertical	design	图标 triangles-centerline-dashed-vertical；分类: design, photography；tags: reflect, mirror, alignment, dashed	https://unpkg.com/lucide-static@latest/icons/triangles-centerline-dashed-vertical.svg	free	install	url:https://unpkg.com/lucide-static@latest/icons/triangles-centerline-dashed-vertical.svg
lucide	trophy	Trophy	sports	图标 trophy；分类: sports, gaming；tags: prize, sports, winner, achievement, award, champion, celebration, victory, competition, tournament, leaderboard, ranking, success, reward, cup, first, gold	https://unpkg.com/lucide-static@latest/icons/trophy.svg	free	install	url:https://unpkg.com/lucide-static@latest/icons/trophy.svg
lucide	truck	Truck	transportation	图标 truck；分类: transportation；tags: delivery, van, shipping, haulage, lorry	https://unpkg.com/lucide-static@latest/icons/truck.svg	free	install	url:https://unpkg.com/lucide-static@latest/icons/truck.svg
lucide	truck-electric	TruckElectric	transportation	图标 truck-electric；分类: transportation；tags: delivery, van, shipping, haulage, lorry, electric	https://unpkg.com/lucide-static@latest/icons/truck-electric.svg	free	install	url:https://unpkg.com/lucide-static@latest/icons/truck-electric.svg
lucide	tube-lotion	TubeLotion	medical	图标 tube-lotion；分类: medical, home, shopping, travel, seasons；tags: sunscreen, sunblock, spf, uv, cream, skincare, toothpaste, ointment, bottle, toiletries, bathroom, beach, summer	https://unpkg.com/lucide-static@latest/icons/tube-lotion.svg	free	install	url:https://unpkg.com/lucide-static@latest/icons/tube-lotion.svg
lucide	turkish-lira	TurkishLira	finance	图标 turkish-lira；分类: finance；tags: currency, money, payment	https://unpkg.com/lucide-static@latest/icons/turkish-lira.svg	free	install	url:https://unpkg.com/lucide-static@latest/icons/turkish-lira.svg
lucide	turntable	Turntable	multimedia	图标 turntable；分类: multimedia, home；tags: record player, gramophone, stereo, phonograph, vinyl, lp, disc, platter, cut, music, analog, retro, dj deck, disc jockey, scratch, spinning	https://unpkg.com/lucide-static@latest/icons/turntable.svg	free	install	url:https://unpkg.com/lucide-static@latest/icons/turntable.svg
lucide	turtle	Turtle	animals	图标 turtle；分类: animals；tags: animal, pet, tortoise, slow, speed	https://unpkg.com/lucide-static@latest/icons/turtle.svg	free	install	url:https://unpkg.com/lucide-static@latest/icons/turtle.svg
lucide	tv	Tv	devices	图标 tv；分类: devices, multimedia, communication；tags: television, stream, display, widescreen, high-definition, hd, 1080p, 4k, 8k, smart, digital, video, entertainment, showtime, channels, terrestrial, satellite, cable, broadcast, live, frequency, tune, scan, aerial, receiver, transmission, signal, connection, connectivity	https://unpkg.com/lucide-static@latest/icons/tv.svg	free	install	url:https://unpkg.com/lucide-static@latest/icons/tv.svg
lucide	tv-minimal	TvMinimal	devices	图标 tv-minimal；分类: devices, multimedia；tags: flatscreen, television, stream, display, widescreen, high-definition, hd, 1080p, 4k, 8k, smart, digital, video, home cinema, entertainment, showtime, channels, catchup	https://unpkg.com/lucide-static@latest/icons/tv-minimal.svg	free	install	url:https://unpkg.com/lucide-static@latest/icons/tv-minimal.svg
lucide	tv-minimal-play	TvMinimalPlay	devices	图标 tv-minimal-play；分类: devices, multimedia；tags: flatscreen, television, stream, display, widescreen, high-definition, hd, 1080p, 4k, 8k, smart, digital, video, movie, live, ott, running, start, film, home cinema, entertainment, showtime, channels, catchup	https://unpkg.com/lucide-static@latest/icons/tv-minimal-play.svg	free	install	url:https://unpkg.com/lucide-static@latest/icons/tv-minimal-play.svg
lucide	type	Type	text	图标 type；分类: text；tags: text, font, typography	https://unpkg.com/lucide-static@latest/icons/type.svg	free	install	url:https://unpkg.com/lucide-static@latest/icons/type.svg
lucide	type-outline	TypeOutline	text	图标 type-outline；分类: text；tags: text, font, typography, silhouette, profile, contour, stroke, line	https://unpkg.com/lucide-static@latest/icons/type-outline.svg	free	install	url:https://unpkg.com/lucide-static@latest/icons/type-outline.svg
lucide	umbrella	Umbrella	weather	图标 umbrella；分类: weather；tags: rain, weather	https://unpkg.com/lucide-static@latest/icons/umbrella.svg	free	install	url:https://unpkg.com/lucide-static@latest/icons/umbrella.svg
lucide	umbrella-off	UmbrellaOff	weather	图标 umbrella-off；分类: weather；tags: rain, weather, uncovered, uninsured, antivirus, unprotected, risky	https://unpkg.com/lucide-static@latest/icons/umbrella-off.svg	free	install	url:https://unpkg.com/lucide-static@latest/icons/umbrella-off.svg
lucide	underline	Underline	text	图标 underline；分类: text；tags: text, format	https://unpkg.com/lucide-static@latest/icons/underline.svg	free	install	url:https://unpkg.com/lucide-static@latest/icons/underline.svg
lucide	undo	Undo	text	图标 undo；分类: text, arrows；tags: redo, rerun, history	https://unpkg.com/lucide-static@latest/icons/undo.svg	free	install	url:https://unpkg.com/lucide-static@latest/icons/undo.svg
lucide	undo-2	Undo2	text	图标 undo-2；分类: text, arrows；tags: redo, rerun, history, back, return, reverse, revert, direction, u-turn	https://unpkg.com/lucide-static@latest/icons/undo-2.svg	free	install	url:https://unpkg.com/lucide-static@latest/icons/undo-2.svg
lucide	undo-dot	UndoDot	text	图标 undo-dot；分类: text, arrows；tags: redo, history, step, back	https://unpkg.com/lucide-static@latest/icons/undo-dot.svg	free	install	url:https://unpkg.com/lucide-static@latest/icons/undo-dot.svg
lucide	unfold-horizontal	UnfoldHorizontal	arrows	图标 unfold-horizontal；分类: arrows, layout；tags: arrow, collapse, fold, vertical, dashed	https://unpkg.com/lucide-static@latest/icons/unfold-horizontal.svg	free	install	url:https://unpkg.com/lucide-static@latest/icons/unfold-horizontal.svg
lucide	unfold-vertical	UnfoldVertical	arrows	图标 unfold-vertical；分类: arrows, layout；tags: arrow, expand, vertical, dashed	https://unpkg.com/lucide-static@latest/icons/unfold-vertical.svg	free	install	url:https://unpkg.com/lucide-static@latest/icons/unfold-vertical.svg
lucide	ungroup	Ungroup	shapes	图标 ungroup；分类: shapes, files；tags: cubes, packages, parts, units, collection, cluster, separate	https://unpkg.com/lucide-static@latest/icons/ungroup.svg	free	install	url:https://unpkg.com/lucide-static@latest/icons/ungroup.svg
lucide	university	University	buildings	图标 university；分类: buildings, navigation；tags: building, education, childhood, school, college, academy, institute	https://unpkg.com/lucide-static@latest/icons/university.svg	free	install	url:https://unpkg.com/lucide-static@latest/icons/university.svg
lucide	unlink	Unlink	text	图标 unlink；分类: text；tags: url, unchain	https://unpkg.com/lucide-static@latest/icons/unlink.svg	free	install	url:https://unpkg.com/lucide-static@latest/icons/unlink.svg
lucide	unlink-2	Unlink2	text	图标 unlink-2；分类: text；tags: url, unchain	https://unpkg.com/lucide-static@latest/icons/unlink-2.svg	free	install	url:https://unpkg.com/lucide-static@latest/icons/unlink-2.svg
lucide	unplug	Unplug	devices	图标 unplug；分类: devices, development；tags: electricity, energy, electronics, socket, outlet, disconnect	https://unpkg.com/lucide-static@latest/icons/unplug.svg	free	install	url:https://unpkg.com/lucide-static@latest/icons/unplug.svg
lucide	upload	Upload	arrows	图标 upload；分类: arrows, files；tags: file	https://unpkg.com/lucide-static@latest/icons/upload.svg	free	install	url:https://unpkg.com/lucide-static@latest/icons/upload.svg
lucide	usb	Usb	devices	图标 usb；分类: devices, multimedia, home；tags: universal, serial, bus, controller, connector, interface	https://unpkg.com/lucide-static@latest/icons/usb.svg	free	install	url:https://unpkg.com/lucide-static@latest/icons/usb.svg
lucide	usb-c-port	UsbCPort	devices	图标 usb-c-port；分类: devices, multimedia, home, gaming；tags: universal, serial, bus, controller, connector, interface, socket, plug, slot, data, input, output	https://unpkg.com/lucide-static@latest/icons/usb-c-port.svg	free	install	url:https://unpkg.com/lucide-static@latest/icons/usb-c-port.svg
lucide	user	User	account	图标 user；分类: account；tags: person, account, contact	https://unpkg.com/lucide-static@latest/icons/user.svg	free	install	url:https://unpkg.com/lucide-static@latest/icons/user.svg
lucide	user-check	UserCheck	account	图标 user-check；分类: account；tags: followed, subscribed, done, todo, tick, complete, task	https://unpkg.com/lucide-static@latest/icons/user-check.svg	free	install	url:https://unpkg.com/lucide-static@latest/icons/user-check.svg
lucide	user-cog	UserCog	account	图标 user-cog；分类: account；tags: settings, edit, cog, gear	https://unpkg.com/lucide-static@latest/icons/user-cog.svg	free	install	url:https://unpkg.com/lucide-static@latest/icons/user-cog.svg
lucide	user-group	UserGroup	account	图标 user-group；分类: account, people, social；tags: group, people, team, members, community, membership, collaboration, organization, contacts, directory, staff, family, ancestry, ancestors, lineage, parents	https://unpkg.com/lucide-static@latest/icons/user-group.svg	free	install	url:https://unpkg.com/lucide-static@latest/icons/user-group.svg
lucide	user-key	UserKey	account	图标 user-key；分类: account；tags: passkey, password, login, authentication, authorization, roles, permissions, private, public, security, person, account, contact	https://unpkg.com/lucide-static@latest/icons/user-key.svg	free	install	url:https://unpkg.com/lucide-static@latest/icons/user-key.svg
lucide	user-lock	UserLock	account	图标 user-lock；分类: account, security；tags: person, lock, locked, account, secure	https://unpkg.com/lucide-static@latest/icons/user-lock.svg	free	install	url:https://unpkg.com/lucide-static@latest/icons/user-lock.svg
lucide	user-minus	UserMinus	account	图标 user-minus；分类: account；tags: delete, remove, unfollow, unsubscribe	https://unpkg.com/lucide-static@latest/icons/user-minus.svg	free	install	url:https://unpkg.com/lucide-static@latest/icons/user-minus.svg
lucide	user-pen	UserPen	account	图标 user-pen；分类: account；tags: person, account, contact, profile, edit, change	https://unpkg.com/lucide-static@latest/icons/user-pen.svg	free	install	url:https://unpkg.com/lucide-static@latest/icons/user-pen.svg
lucide	user-plus	UserPlus	account	图标 user-plus；分类: account；tags: new, add, create, follow, subscribe	https://unpkg.com/lucide-static@latest/icons/user-plus.svg	free	install	url:https://unpkg.com/lucide-static@latest/icons/user-plus.svg
lucide	user-round	UserRound	account	图标 user-round；分类: account；tags: person, account, contact	https://unpkg.com/lucide-static@latest/icons/user-round.svg	free	install	url:https://unpkg.com/lucide-static@latest/icons/user-round.svg
lucide	user-round-arrow-left	UserRoundArrowLeft	account	图标 user-round-arrow-left；分类: account, people, arrows；tags: person, assign, move, give, setup, self, me, myself, profile, avatar, incoming, recipient, assignee, inbound	https://unpkg.com/lucide-static@latest/icons/user-round-arrow-left.svg	free	install	url:https://unpkg.com/lucide-static@latest/icons/user-round-arrow-left.svg
lucide	user-round-check	UserRoundCheck	account	图标 user-round-check；分类: account；tags: followed, subscribed, done, todo, tick, complete, task	https://unpkg.com/lucide-static@latest/icons/user-round-check.svg	free	install	url:https://unpkg.com/lucide-static@latest/icons/user-round-check.svg
lucide	user-round-cog	UserRoundCog	account	图标 user-round-cog；分类: account；tags: settings, edit, cog, gear	https://unpkg.com/lucide-static@latest/icons/user-round-cog.svg	free	install	url:https://unpkg.com/lucide-static@latest/icons/user-round-cog.svg
lucide	user-round-group	UserRoundGroup	account	图标 user-round-group；分类: account, people, social；tags: group, people, team, members, community, membership, collaboration, organization, contacts, directory, staff, family, ancestry, ancestors, lineage, parents	https://unpkg.com/lucide-static@latest/icons/user-round-group.svg	free	install	url:https://unpkg.com/lucide-static@latest/icons/user-round-group.svg
lucide	user-round-key	UserRoundKey	account	图标 user-round-key；分类: account；tags: passkey, password, login, authentication, authorization, roles, permissions, private, public, security, person, account, contact	https://unpkg.com/lucide-static@latest/icons/user-round-key.svg	free	install	url:https://unpkg.com/lucide-static@latest/icons/user-round-key.svg
lucide	user-round-minus	UserRoundMinus	account	图标 user-round-minus；分类: account；tags: delete, remove, unfollow, unsubscribe	https://unpkg.com/lucide-static@latest/icons/user-round-minus.svg	free	install	url:https://unpkg.com/lucide-static@latest/icons/user-round-minus.svg
lucide	user-round-pen	UserRoundPen	account	图标 user-round-pen；分类: account；tags: person, account, contact, profile, edit, change	https://unpkg.com/lucide-static@latest/icons/user-round-pen.svg	free	install	url:https://unpkg.com/lucide-static@latest/icons/user-round-pen.svg
lucide	user-round-plus	UserRoundPlus	account	图标 user-round-plus；分类: account；tags: new, add, create, follow, subscribe	https://unpkg.com/lucide-static@latest/icons/user-round-plus.svg	free	install	url:https://unpkg.com/lucide-static@latest/icons/user-round-plus.svg
lucide	user-round-search	UserRoundSearch	account	图标 user-round-search；分类: account, social；tags: person, account, contact, find, scan, magnifier, magnifying glass, lens	https://unpkg.com/lucide-static@latest/icons/user-round-search.svg	free	install	url:https://unpkg.com/lucide-static@latest/icons/user-round-search.svg
lucide	user-round-x	UserRoundX	account	图标 user-round-x；分类: account；tags: delete, remove, unfollow, unsubscribe, unavailable	https://unpkg.com/lucide-static@latest/icons/user-round-x.svg	free	install	url:https://unpkg.com/lucide-static@latest/icons/user-round-x.svg
lucide	user-search	UserSearch	account	图标 user-search；分类: account, social；tags: person, account, contact, find, scan, magnifier, magnifying glass, lens	https://unpkg.com/lucide-static@latest/icons/user-search.svg	free	install	url:https://unpkg.com/lucide-static@latest/icons/user-search.svg
lucide	user-shield	UserShield	account	图标 user-shield；分类: account, security, development, people；tags: user, shield, admin, protected, guard, profile, security, privacy, permissions, role	https://unpkg.com/lucide-static@latest/icons/user-shield.svg	free	install	url:https://unpkg.com/lucide-static@latest/icons/user-shield.svg
lucide	user-star	UserStar	account	图标 user-star；分类: account；tags: person, account, favorite, contact, like, review, rating, admin	https://unpkg.com/lucide-static@latest/icons/user-star.svg	free	install	url:https://unpkg.com/lucide-static@latest/icons/user-star.svg
lucide	user-x	UserX	account	图标 user-x；分类: account；tags: delete, remove, unfollow, unsubscribe, unavailable	https://unpkg.com/lucide-static@latest/icons/user-x.svg	free	install	url:https://unpkg.com/lucide-static@latest/icons/user-x.svg
lucide	users	Users	account	图标 users；分类: account；tags: group, people	https://unpkg.com/lucide-static@latest/icons/users.svg	free	install	url:https://unpkg.com/lucide-static@latest/icons/users.svg
lucide	users-round	UsersRound	account	图标 users-round；分类: account；tags: group, people	https://unpkg.com/lucide-static@latest/icons/users-round.svg	free	install	url:https://unpkg.com/lucide-static@latest/icons/users-round.svg
lucide	utensils	Utensils	food-beverage	图标 utensils；分类: food-beverage, travel, navigation；tags: fork, knife, cutlery, flatware, tableware, silverware, food, restaurant, meal, breakfast, dinner, supper	https://unpkg.com/lucide-static@latest/icons/utensils.svg	free	install	url:https://unpkg.com/lucide-static@latest/icons/utensils.svg
lucide	utensils-crossed	UtensilsCrossed	food-beverage	图标 utensils-crossed；分类: food-beverage, travel, navigation；tags: fork, knife, cutlery, flatware, tableware, silverware, food, restaurant, meal, breakfast, dinner, supper	https://unpkg.com/lucide-static@latest/icons/utensils-crossed.svg	free	install	url:https://unpkg.com/lucide-static@latest/icons/utensils-crossed.svg
lucide	utility-pole	UtilityPole	buildings	图标 utility-pole；分类: buildings, home, sustainability；tags: electricity, energy, transmission line, telegraph pole, power lines, phone	https://unpkg.com/lucide-static@latest/icons/utility-pole.svg	free	install	url:https://unpkg.com/lucide-static@latest/icons/utility-pole.svg
lucide	van	Van	transportation	图标 van；分类: transportation；tags: minivan, cart, wagon, truck, lorry, trailer, camper, vehicle, drive, trip, journey, van, transport, carriage, delivery, travel	https://unpkg.com/lucide-static@latest/icons/van.svg	free	install	url:https://unpkg.com/lucide-static@latest/icons/van.svg
lucide	variable	Variable	development	图标 variable；分类: development, math；tags: code, coding, programming, symbol, calculate, algebra, x, parentheses, parenthesis, brackets, parameter, (, )	https://unpkg.com/lucide-static@latest/icons/variable.svg	free	install	url:https://unpkg.com/lucide-static@latest/icons/variable.svg
lucide	vault	Vault	security	图标 vault；分类: security, travel, home；tags: safe, lockbox, deposit, locker, coffer, strongbox, safety, secure, storage, valuables, bank	https://unpkg.com/lucide-static@latest/icons/vault.svg	free	install	url:https://unpkg.com/lucide-static@latest/icons/vault.svg
lucide	vector-polygon	VectorPolygon	design	图标 vector-polygon；分类: design, math, shapes；tags: map, vector, geometry, coordinates, shape, location, boundary, area, region, gis, geospatial, vertices, points, outline, drawing, design, math	https://unpkg.com/lucide-static@latest/icons/vector-polygon.svg	free	install	url:https://unpkg.com/lucide-static@latest/icons/vector-polygon.svg
lucide	vector-square	VectorSquare	shapes	图标 vector-square；分类: shapes, math, design, tools；tags: shape, geometry, art, width, height, size, calculate, measure, select, graphics, box	https://unpkg.com/lucide-static@latest/icons/vector-square.svg	free	install	url:https://unpkg.com/lucide-static@latest/icons/vector-square.svg
lucide	vegan	Vegan	food-beverage	图标 vegan；分类: food-beverage, sustainability；tags: vegetarian, fruitarian, herbivorous, animal rights, diet	https://unpkg.com/lucide-static@latest/icons/vegan.svg	free	install	url:https://unpkg.com/lucide-static@latest/icons/vegan.svg
lucide	venetian-mask	VenetianMask	account	图标 venetian-mask；分类: account, gaming；tags: mask, masquerade, impersonate, secret, incognito	https://unpkg.com/lucide-static@latest/icons/venetian-mask.svg	free	install	url:https://unpkg.com/lucide-static@latest/icons/venetian-mask.svg
lucide	venus	Venus	medical	图标 venus；分类: medical；tags: gender, sex, female, feminine, woman, girl	https://unpkg.com/lucide-static@latest/icons/venus.svg	free	install	url:https://unpkg.com/lucide-static@latest/icons/venus.svg
lucide	venus-and-mars	VenusAndMars	medical	图标 venus-and-mars；分类: medical；tags: gender, sex, intersex, androgynous, hermaphrodite	https://unpkg.com/lucide-static@latest/icons/venus-and-mars.svg	free	install	url:https://unpkg.com/lucide-static@latest/icons/venus-and-mars.svg
lucide	vibrate	Vibrate	devices	图标 vibrate；分类: devices, connectivity, account, notifications；tags: smartphone, notification, rumble, haptic feedback, screen	https://unpkg.com/lucide-static@latest/icons/vibrate.svg	free	install	url:https://unpkg.com/lucide-static@latest/icons/vibrate.svg
lucide	vibrate-off	VibrateOff	devices	图标 vibrate-off；分类: devices, connectivity, account；tags: smartphone, notification, rumble, haptic feedback, notifications, screen	https://unpkg.com/lucide-static@latest/icons/vibrate-off.svg	free	install	url:https://unpkg.com/lucide-static@latest/icons/vibrate-off.svg
lucide	video	Video	devices	图标 video；分类: devices, communication, connectivity, photography；tags: camera, movie, film, recording, motion picture, camcorder, reel	https://unpkg.com/lucide-static@latest/icons/video.svg	free	install	url:https://unpkg.com/lucide-static@latest/icons/video.svg
lucide	video-off	VideoOff	devices	图标 video-off；分类: devices, communication, connectivity, photography；tags: camera, movie, film	https://unpkg.com/lucide-static@latest/icons/video-off.svg	free	install	url:https://unpkg.com/lucide-static@latest/icons/video-off.svg
lucide	videotape	Videotape	devices	图标 videotape；分类: devices, communication, connectivity, photography, files；tags: vhs, movie, film, recording, motion picture, showreel, cassette	https://unpkg.com/lucide-static@latest/icons/videotape.svg	free	install	url:https://unpkg.com/lucide-static@latest/icons/videotape.svg
lucide	view	View	design	图标 view；分类: design, photography；tags: eye, look	https://unpkg.com/lucide-static@latest/icons/view.svg	free	install	url:https://unpkg.com/lucide-static@latest/icons/view.svg
lucide	virus	Virus	medical	图标 virus；分类: medical, science, security；tags: pathogen, infection, disease, illness, contagion, outbreak, pandemic, epidemic, covid, coronavirus, germ, microbe, microorganism, biology, medical, healthcare, malware, cybersecurity, threat	https://unpkg.com/lucide-static@latest/icons/virus.svg	free	install	url:https://unpkg.com/lucide-static@latest/icons/virus.svg
lucide	virus-off	VirusOff	medical	图标 virus-off；分类: medical, science, security；tags: pathogen, infection, disease, illness, contagion, outbreak, pandemic, epidemic, covid, coronavirus, germ, microbe, microorganism, biology, medical, healthcare, malware, cybersecurity, threat, antivirus, blocked, removed, clean, safe, prevention, quarantine	https://unpkg.com/lucide-static@latest/icons/virus-off.svg	free	install	url:https://unpkg.com/lucide-static@latest/icons/virus-off.svg
lucide	voicemail	Voicemail	connectivity	图标 voicemail；分类: connectivity, devices, social；tags: phone, cassette, tape, reel, recording, audio	https://unpkg.com/lucide-static@latest/icons/voicemail.svg	free	install	url:https://unpkg.com/lucide-static@latest/icons/voicemail.svg
lucide	volleyball	Volleyball	sports	图标 volleyball；分类: sports, gaming, travel；tags: beach, sand, net, holiday, vacation, summer, soccer, football, futbol, kick, pitch, goal, score, bounce, leather, wool, yarn, knitting, sewing, thread, embroidery, textile	https://unpkg.com/lucide-static@latest/icons/volleyball.svg	free	install	url:https://unpkg.com/lucide-static@latest/icons/volleyball.svg
lucide	volume	Volume	connectivity	图标 volume；分类: connectivity, communication, multimedia；tags: music, sound, mute, speaker	https://unpkg.com/lucide-static@latest/icons/volume.svg	free	install	url:https://unpkg.com/lucide-static@latest/icons/volume.svg
lucide	volume-1	Volume1	connectivity	图标 volume-1；分类: connectivity, communication, multimedia；tags: music, sound, speaker	https://unpkg.com/lucide-static@latest/icons/volume-1.svg	free	install	url:https://unpkg.com/lucide-static@latest/icons/volume-1.svg
lucide	volume-2	Volume2	connectivity	图标 volume-2；分类: connectivity, communication, multimedia；tags: music, sound, speaker	https://unpkg.com/lucide-static@latest/icons/volume-2.svg	free	install	url:https://unpkg.com/lucide-static@latest/icons/volume-2.svg
lucide	volume-off	VolumeOff	connectivity	图标 volume-off；分类: connectivity, communication, multimedia；tags: music, sound, mute, speaker	https://unpkg.com/lucide-static@latest/icons/volume-off.svg	free	install	url:https://unpkg.com/lucide-static@latest/icons/volume-off.svg
lucide	volume-x	VolumeX	connectivity	图标 volume-x；分类: connectivity, communication, multimedia；tags: music, sound, mute, speaker	https://unpkg.com/lucide-static@latest/icons/volume-x.svg	free	install	url:https://unpkg.com/lucide-static@latest/icons/volume-x.svg
lucide	vote	Vote	social	图标 vote；分类: social；tags: vote, poll, ballot, political, social, check, tick	https://unpkg.com/lucide-static@latest/icons/vote.svg	free	install	url:https://unpkg.com/lucide-static@latest/icons/vote.svg
lucide	wallet	Wallet	account	图标 wallet；分类: account, finance；tags: money, finance, pocket	https://unpkg.com/lucide-static@latest/icons/wallet.svg	free	install	url:https://unpkg.com/lucide-static@latest/icons/wallet.svg
lucide	wallet-cards	WalletCards	account	图标 wallet-cards；分类: account, finance；tags: wallet, cards, banking, cash, debit, transport, money, finance, pocket, credit, purchase, payment, shopping, retail, consumer, cc	https://unpkg.com/lucide-static@latest/icons/wallet-cards.svg	free	install	url:https://unpkg.com/lucide-static@latest/icons/wallet-cards.svg
lucide	wallet-minimal	WalletMinimal	account	图标 wallet-minimal；分类: account, finance；tags: finance, pocket	https://unpkg.com/lucide-static@latest/icons/wallet-minimal.svg	free	install	url:https://unpkg.com/lucide-static@latest/icons/wallet-minimal.svg
lucide	wallpaper	Wallpaper	account	图标 wallpaper；分类: account, devices；tags: background, texture, image, art, design, visual, decor, pattern, screen, cover, lock screen	https://unpkg.com/lucide-static@latest/icons/wallpaper.svg	free	install	url:https://unpkg.com/lucide-static@latest/icons/wallpaper.svg
lucide	wand	Wand	design	图标 wand；分类: design, gaming, cursors, photography；tags: magic, selection	https://unpkg.com/lucide-static@latest/icons/wand.svg	free	install	url:https://unpkg.com/lucide-static@latest/icons/wand.svg
lucide	wand-sparkles	WandSparkles	design	图标 wand-sparkles；分类: design, gaming, cursors, photography；tags: magic, wizard, magician	https://unpkg.com/lucide-static@latest/icons/wand-sparkles.svg	free	install	url:https://unpkg.com/lucide-static@latest/icons/wand-sparkles.svg
lucide	warehouse	Warehouse	buildings	图标 warehouse；分类: buildings, navigation；tags: storage, storehouse, depot, depository, repository, stockroom, logistics, building	https://unpkg.com/lucide-static@latest/icons/warehouse.svg	free	install	url:https://unpkg.com/lucide-static@latest/icons/warehouse.svg
lucide	washing-machine	WashingMachine	home	图标 washing-machine；分类: home, devices, travel；tags: tumble dryer, amenities, electronics, cycle, clothes, rinse, spin, drum	https://unpkg.com/lucide-static@latest/icons/washing-machine.svg	free	install	url:https://unpkg.com/lucide-static@latest/icons/washing-machine.svg
lucide	watch	Watch	time	图标 watch；分类: time；tags: clock, time	https://unpkg.com/lucide-static@latest/icons/watch.svg	free	install	url:https://unpkg.com/lucide-static@latest/icons/watch.svg
lucide	waves-arrow-down	WavesArrowDown	weather	图标 waves-arrow-down；分类: weather, sustainability；tags: water, sea, level, sound, hertz, wavelength, vibrate, low, tide, ocean, rising, down, falling	https://unpkg.com/lucide-static@latest/icons/waves-arrow-down.svg	free	install	url:https://unpkg.com/lucide-static@latest/icons/waves-arrow-down.svg
lucide	waves-arrow-up	WavesArrowUp	weather	图标 waves-arrow-up；分类: weather, sustainability；tags: water, sea, level, sound, hertz, wavelength, vibrate, high, tide, ocean, rising	https://unpkg.com/lucide-static@latest/icons/waves-arrow-up.svg	free	install	url:https://unpkg.com/lucide-static@latest/icons/waves-arrow-up.svg
lucide	waves-horizontal	WavesHorizontal	weather	图标 waves-horizontal；分类: weather, navigation, multimedia, sustainability；tags: water, sea, sound, hertz, wavelength, vibrate, ocean, swimming, frequency	https://unpkg.com/lucide-static@latest/icons/waves-horizontal.svg	free	install	url:https://unpkg.com/lucide-static@latest/icons/waves-horizontal.svg
lucide	waves-ladder	WavesLadder	sports	图标 waves-ladder；分类: sports, home；tags: swimming, water, pool, lifeguard, ocean, 🌊, 🏊‍♂️, 🏊‍♀️, 🏊, 🥽	https://unpkg.com/lucide-static@latest/icons/waves-ladder.svg	free	install	url:https://unpkg.com/lucide-static@latest/icons/waves-ladder.svg
lucide	waves-vertical	WavesVertical	weather	图标 waves-vertical；分类: weather, sustainability；tags: steam, warmth, temperature, burn, hot, boiling, heat, smoke, vapor, smell, aroma, sauna	https://unpkg.com/lucide-static@latest/icons/waves-vertical.svg	free	install	url:https://unpkg.com/lucide-static@latest/icons/waves-vertical.svg
lucide	waypoints	Waypoints	security	图标 waypoints；分类: security, account, navigation, development, social；tags: indirection, vpn, virtual private network, proxy, connections, bounce, reroute, path, journey, planner, stops, stations, shared, spread, viral	https://unpkg.com/lucide-static@latest/icons/waypoints.svg	free	install	url:https://unpkg.com/lucide-static@latest/icons/waypoints.svg
lucide	webcam	Webcam	connectivity	图标 webcam；分类: connectivity, devices, communication；tags: camera, security	https://unpkg.com/lucide-static@latest/icons/webcam.svg	free	install	url:https://unpkg.com/lucide-static@latest/icons/webcam.svg
lucide	webcam-off	WebcamOff	connectivity	图标 webcam-off；分类: connectivity, devices, communication；tags: camera, security	https://unpkg.com/lucide-static@latest/icons/webcam-off.svg	free	install	url:https://unpkg.com/lucide-static@latest/icons/webcam-off.svg
lucide	webhook	Webhook	development	图标 webhook；分类: development, social, account；tags: push api, interface, callback	https://unpkg.com/lucide-static@latest/icons/webhook.svg	free	install	url:https://unpkg.com/lucide-static@latest/icons/webhook.svg
lucide	webhook-off	WebhookOff	development	图标 webhook-off；分类: development, social, account；tags: push api, interface, callback	https://unpkg.com/lucide-static@latest/icons/webhook-off.svg	free	install	url:https://unpkg.com/lucide-static@latest/icons/webhook-off.svg
lucide	weight	Weight	math	图标 weight；分类: math；tags: mass, heavy, lead, metal, measure, geometry, scales, balance	https://unpkg.com/lucide-static@latest/icons/weight.svg	free	install	url:https://unpkg.com/lucide-static@latest/icons/weight.svg
lucide	weight-tilde	WeightTilde	math	图标 weight-tilde；分类: math；tags: measure, scale, estimate, load, balance, size, measurement, quantity, mass	https://unpkg.com/lucide-static@latest/icons/weight-tilde.svg	free	install	url:https://unpkg.com/lucide-static@latest/icons/weight-tilde.svg
lucide	wheat	Wheat	food-beverage	图标 wheat；分类: food-beverage；tags: corn, cereal, grain, gluten	https://unpkg.com/lucide-static@latest/icons/wheat.svg	free	install	url:https://unpkg.com/lucide-static@latest/icons/wheat.svg
lucide	wheat-off	WheatOff	food-beverage	图标 wheat-off；分类: food-beverage；tags: corn, cereal, grain, gluten free, allergy, intolerance, diet	https://unpkg.com/lucide-static@latest/icons/wheat-off.svg	free	install	url:https://unpkg.com/lucide-static@latest/icons/wheat-off.svg
lucide	whistle	Whistle	sports	图标 whistle；分类: sports, notifications；tags: alert, signal, sound, blow, noise, coach, trainer, referee, gym, game, training, sports, traffic cops, police, lifeguard, safety, rescue, emergency	https://unpkg.com/lucide-static@latest/icons/whistle.svg	free	install	url:https://unpkg.com/lucide-static@latest/icons/whistle.svg
lucide	whole-word	WholeWord	text	图标 whole-word；分类: text；tags: text, selection, letters, characters, font, typography	https://unpkg.com/lucide-static@latest/icons/whole-word.svg	free	install	url:https://unpkg.com/lucide-static@latest/icons/whole-word.svg
lucide	wifi	Wifi	connectivity	图标 wifi；分类: connectivity, devices；tags: connection, signal, wireless	https://unpkg.com/lucide-static@latest/icons/wifi.svg	free	install	url:https://unpkg.com/lucide-static@latest/icons/wifi.svg
lucide	wifi-cog	WifiCog	connectivity	图标 wifi-cog；分类: connectivity, devices, files；tags: connection, signal, wireless, directory, settings, control, preferences, cog, edit, gear	https://unpkg.com/lucide-static@latest/icons/wifi-cog.svg	free	install	url:https://unpkg.com/lucide-static@latest/icons/wifi-cog.svg
lucide	wifi-high	WifiHigh	connectivity	图标 wifi-high；分类: connectivity, devices；tags: connection, signal, wireless	https://unpkg.com/lucide-static@latest/icons/wifi-high.svg	free	install	url:https://unpkg.com/lucide-static@latest/icons/wifi-high.svg
lucide	wifi-low	WifiLow	connectivity	图标 wifi-low；分类: connectivity, devices；tags: connection, signal, wireless	https://unpkg.com/lucide-static@latest/icons/wifi-low.svg	free	install	url:https://unpkg.com/lucide-static@latest/icons/wifi-low.svg
lucide	wifi-off	WifiOff	connectivity	图标 wifi-off；分类: connectivity, devices；tags: disabled	https://unpkg.com/lucide-static@latest/icons/wifi-off.svg	free	install	url:https://unpkg.com/lucide-static@latest/icons/wifi-off.svg
lucide	wifi-pen	WifiPen	connectivity	图标 wifi-pen；分类: connectivity, devices；tags: edit, wifi, pen, change, network	https://unpkg.com/lucide-static@latest/icons/wifi-pen.svg	free	install	url:https://unpkg.com/lucide-static@latest/icons/wifi-pen.svg
lucide	wifi-sync	WifiSync	connectivity	图标 wifi-sync；分类: connectivity, devices；tags: connection, signal, wireless, synchronize, reconnect, reset, restart	https://unpkg.com/lucide-static@latest/icons/wifi-sync.svg	free	install	url:https://unpkg.com/lucide-static@latest/icons/wifi-sync.svg
lucide	wifi-zero	WifiZero	connectivity	图标 wifi-zero；分类: connectivity, devices；tags: connection, signal, wireless	https://unpkg.com/lucide-static@latest/icons/wifi-zero.svg	free	install	url:https://unpkg.com/lucide-static@latest/icons/wifi-zero.svg
lucide	wind	Wind	weather	图标 wind；分类: weather, sustainability；tags: weather, air, blow	https://unpkg.com/lucide-static@latest/icons/wind.svg	free	install	url:https://unpkg.com/lucide-static@latest/icons/wind.svg
lucide	wind-arrow-down	WindArrowDown	weather	图标 wind-arrow-down；分类: weather, sustainability；tags: weather, air, pressure, blow	https://unpkg.com/lucide-static@latest/icons/wind-arrow-down.svg	free	install	url:https://unpkg.com/lucide-static@latest/icons/wind-arrow-down.svg
lucide	wind-arrow-up	WindArrowUp	weather	图标 wind-arrow-up；分类: weather, sustainability, arrows, navigation；tags: weather, air, pressure, blow, gust, windy, sort, increase	https://unpkg.com/lucide-static@latest/icons/wind-arrow-up.svg	free	install	url:https://unpkg.com/lucide-static@latest/icons/wind-arrow-up.svg
lucide	wine	Wine	food-beverage	图标 wine；分类: food-beverage；tags: alcohol, beverage, bar, drink, glass, sommelier, vineyard, winery	https://unpkg.com/lucide-static@latest/icons/wine.svg	free	install	url:https://unpkg.com/lucide-static@latest/icons/wine.svg
lucide	wine-off	WineOff	food-beverage	图标 wine-off；分类: food-beverage；tags: alcohol, beverage, drink, glass, alcohol free, abstinence, abstaining, teetotalism, allergy, intolerance	https://unpkg.com/lucide-static@latest/icons/wine-off.svg	free	install	url:https://unpkg.com/lucide-static@latest/icons/wine-off.svg
lucide	workflow	Workflow	development	图标 workflow；分类: development；tags: action, continuous integration, ci, automation, devops, network, node, connection	https://unpkg.com/lucide-static@latest/icons/workflow.svg	free	install	url:https://unpkg.com/lucide-static@latest/icons/workflow.svg
lucide	worm	Worm	animals	图标 worm；分类: animals, security；tags: invertebrate, grub, larva, snake, crawl, wiggle, slither, pest control, computer virus, malware	https://unpkg.com/lucide-static@latest/icons/worm.svg	free	install	url:https://unpkg.com/lucide-static@latest/icons/worm.svg
lucide	wrench	Wrench	account	图标 wrench；分类: account, development, tools；tags: account, settings, spanner, diy, toolbox, build, construction	https://unpkg.com/lucide-static@latest/icons/wrench.svg	free	install	url:https://unpkg.com/lucide-static@latest/icons/wrench.svg
lucide	wrench-off	WrenchOff	account	图标 wrench-off；分类: account, development, tools；tags: account, settings, spanner, diy, toolbox, build, construction, off, service, maintenance, disabled	https://unpkg.com/lucide-static@latest/icons/wrench-off.svg	free	install	url:https://unpkg.com/lucide-static@latest/icons/wrench-off.svg
lucide	x	X	notifications	图标 x；分类: notifications, math；tags: cancel, close, cross, delete, ex, remove, times, clear, math, multiply, multiplication	https://unpkg.com/lucide-static@latest/icons/x.svg	free	install	url:https://unpkg.com/lucide-static@latest/icons/x.svg
lucide	x-line-top	XLineTop	notifications	图标 x-line-top；分类: notifications, math；tags: line, top, arrow, navigation, up, pointer, direction, vector, symbol, cancel, close, delete, remove, times, clear, math, multiply, multiplication, mean, median, average, x̄	https://unpkg.com/lucide-static@latest/icons/x-line-top.svg	free	install	url:https://unpkg.com/lucide-static@latest/icons/x-line-top.svg
lucide	zap	Zap	connectivity	图标 zap；分类: connectivity, devices, photography, weather；tags: flash, camera, lightning, electricity, energy, power, quick	https://unpkg.com/lucide-static@latest/icons/zap.svg	free	install	url:https://unpkg.com/lucide-static@latest/icons/zap.svg
lucide	zap-off	ZapOff	connectivity	图标 zap-off；分类: connectivity, devices, photography, weather；tags: flash, camera, lightning, electricity, energy, power	https://unpkg.com/lucide-static@latest/icons/zap-off.svg	free	install	url:https://unpkg.com/lucide-static@latest/icons/zap-off.svg
lucide	zodiac-aquarius	ZodiacAquarius	social	图标 zodiac-aquarius；分类: social, emoji；tags: water bearer, waves, innovation, air, future, astrology, star sign, horoscope, constellation, celestial	https://unpkg.com/lucide-static@latest/icons/zodiac-aquarius.svg	free	install	url:https://unpkg.com/lucide-static@latest/icons/zodiac-aquarius.svg
lucide	zodiac-aries	ZodiacAries	social	图标 zodiac-aries；分类: social, emoji；tags: ram, horns, fire, energy, initiative, astrology, star sign, horoscope, constellation, celestial	https://unpkg.com/lucide-static@latest/icons/zodiac-aries.svg	free	install	url:https://unpkg.com/lucide-static@latest/icons/zodiac-aries.svg
lucide	zodiac-cancer	ZodiacCancer	social	图标 zodiac-cancer；分类: social, emoji；tags: crab, shell, protection, water, intuition, astrology, star sign, horoscope, constellation, celestial	https://unpkg.com/lucide-static@latest/icons/zodiac-cancer.svg	free	install	url:https://unpkg.com/lucide-static@latest/icons/zodiac-cancer.svg
lucide	zodiac-capricorn	ZodiacCapricorn	social	图标 zodiac-capricorn；分类: social, emoji；tags: goat, mountain, ambition, earth, discipline, astrology, star sign, horoscope, constellation, celestial	https://unpkg.com/lucide-static@latest/icons/zodiac-capricorn.svg	free	install	url:https://unpkg.com/lucide-static@latest/icons/zodiac-capricorn.svg
lucide	zodiac-gemini	ZodiacGemini	social	图标 zodiac-gemini；分类: social, emoji；tags: twins, duality, communication, air, adaptability, astrology, star sign, horoscope, constellation, celestial	https://unpkg.com/lucide-static@latest/icons/zodiac-gemini.svg	free	install	url:https://unpkg.com/lucide-static@latest/icons/zodiac-gemini.svg
lucide	zodiac-leo	ZodiacLeo	social	图标 zodiac-leo；分类: social, emoji；tags: lion, crown, leadership, fire, confidence, astrology, star sign, horoscope, constellation, celestial	https://unpkg.com/lucide-static@latest/icons/zodiac-leo.svg	free	install	url:https://unpkg.com/lucide-static@latest/icons/zodiac-leo.svg
lucide	zodiac-libra	ZodiacLibra	social	图标 zodiac-libra；分类: social, emoji；tags: scales, balance, justice, air, harmony, astrology, star sign, horoscope, constellation, celestial	https://unpkg.com/lucide-static@latest/icons/zodiac-libra.svg	free	install	url:https://unpkg.com/lucide-static@latest/icons/zodiac-libra.svg
lucide	zodiac-ophiuchus	ZodiacOphiuchus	social	图标 zodiac-ophiuchus；分类: social, emoji；tags: serpent, snake holder, healing, knowledge, astronomy, astrology, star sign, horoscope, constellation, celestial	https://unpkg.com/lucide-static@latest/icons/zodiac-ophiuchus.svg	free	install	url:https://unpkg.com/lucide-static@latest/icons/zodiac-ophiuchus.svg
lucide	zodiac-pisces	ZodiacPisces	social	图标 zodiac-pisces；分类: social, emoji；tags: fish, duality, water, dreams, empathy, astrology, star sign, horoscope, constellation, celestial	https://unpkg.com/lucide-static@latest/icons/zodiac-pisces.svg	free	install	url:https://unpkg.com/lucide-static@latest/icons/zodiac-pisces.svg
lucide	zodiac-sagittarius	ZodiacSagittarius	social	图标 zodiac-sagittarius；分类: social, emoji；tags: archer, arrow, exploration, fire, philosophy, astrology, star sign, horoscope, constellation, celestial	https://unpkg.com/lucide-static@latest/icons/zodiac-sagittarius.svg	free	install	url:https://unpkg.com/lucide-static@latest/icons/zodiac-sagittarius.svg
lucide	zodiac-scorpio	ZodiacScorpio	social	图标 zodiac-scorpio；分类: social, emoji；tags: scorpion, stinger, intensity, water, transformation, astrology, star sign, horoscope, constellation, celestial	https://unpkg.com/lucide-static@latest/icons/zodiac-scorpio.svg	free	install	url:https://unpkg.com/lucide-static@latest/icons/zodiac-scorpio.svg
lucide	zodiac-taurus	ZodiacTaurus	social	图标 zodiac-taurus；分类: social, emoji；tags: bull, strength, stability, earth, endurance, astrology, star sign, horoscope, constellation, celestial	https://unpkg.com/lucide-static@latest/icons/zodiac-taurus.svg	free	install	url:https://unpkg.com/lucide-static@latest/icons/zodiac-taurus.svg
lucide	zodiac-virgo	ZodiacVirgo	social	图标 zodiac-virgo；分类: social, emoji；tags: virgin, maiden, harvest, precision, earth, analysis, astrology, star sign, horoscope, constellation, celestial	https://unpkg.com/lucide-static@latest/icons/zodiac-virgo.svg	free	install	url:https://unpkg.com/lucide-static@latest/icons/zodiac-virgo.svg
lucide	zoom-in	ZoomIn	accessibility	图标 zoom-in；分类: accessibility, layout, design, text, photography；tags: magnifying glass, plus	https://unpkg.com/lucide-static@latest/icons/zoom-in.svg	free	install	url:https://unpkg.com/lucide-static@latest/icons/zoom-in.svg
lucide	zoom-out	ZoomOut	accessibility	图标 zoom-out；分类: accessibility, layout, design, text, photography；tags: magnifying glass, plus	https://unpkg.com/lucide-static@latest/icons/zoom-out.svg	free	install	url:https://unpkg.com/lucide-static@latest/icons/zoom-out.svg
lucide	lab:ampersand-square	ampersandSquare	lab/text	Lucide Lab 实验图标 ampersand-square；分类: text, design, development；tags: and, typography, operator, join, concatenate, code, coding, &	npm i @lucide/lab → import { ampersandSquare } from '@lucide/lab'; <Icon iconNode={ampersandSquare} />（Icon 来自 lucide-react）	free	install	url:https://raw.githubusercontent.com/lucide-icons/lucide-lab/main/icons/ampersand-square.svg
lucide	lab:apple-core	appleCore	lab/food-beverage	Lucide Lab 实验图标 apple-core；分类: food-beverage；tags: fruit, juice, smoothie, sweet, snack, meal, lunch, ingredient, cooking, cookery, kitchen, cuisine, eating, healthy, nutrition, diet, bite, bitten, consumed, litter, trash, rubbish	npm i @lucide/lab → import { appleCore } from '@lucide/lab'; <Icon iconNode={appleCore} />（Icon 来自 lucide-react）	free	install	url:https://raw.githubusercontent.com/lucide-icons/lucide-lab/main/icons/apple-core.svg
lucide	lab:arrows-up-down-square	arrowsUpDownSquare	lab/buildings	Lucide Lab 实验图标 arrows-up-down-square；分类: buildings, travel, arrows, shapes；tags: elevator, lift, floors, levels, hotel, accommodation, expand, unfold, vertical, toolbar, button	npm i @lucide/lab → import { arrowsUpDownSquare } from '@lucide/lab'; <Icon iconNode={arrowsUpDownSquare} />（Icon 来自 lucide-react）	free	install	url:https://raw.githubusercontent.com/lucide-icons/lucide-lab/main/icons/arrows-up-down-square.svg
lucide	lab:astronaut-helmet	astronautHelmet	lab/science	Lucide Lab 实验图标 astronaut-helmet；分类: science, gaming；tags: spacesuit, spaceman, explore, interplanetary, stars, safety, protection, headgear, 🧑‍🚀, 👨‍🚀, 👩‍🚀	npm i @lucide/lab → import { astronautHelmet } from '@lucide/lab'; <Icon iconNode={astronautHelmet} />（Icon 来自 lucide-react）	free	install	url:https://raw.githubusercontent.com/lucide-icons/lucide-lab/main/icons/astronaut-helmet.svg
lucide	lab:at-sign-circle	atSignCircle	lab/text	Lucide Lab 实验图标 at-sign-circle；分类: text, account, communication, social, notifications, shapes；tags: mention, at, email address, message, contact, networking, ping, @	npm i @lucide/lab → import { atSignCircle } from '@lucide/lab'; <Icon iconNode={atSignCircle} />（Icon 来自 lucide-react）	free	install	url:https://raw.githubusercontent.com/lucide-icons/lucide-lab/main/icons/at-sign-circle.svg
lucide	lab:at-sign-square	atSignSquare	lab/text	Lucide Lab 实验图标 at-sign-square；分类: text, account, connectivity, communication, social, shapes；tags: mention, at, email address, message, contacts, details, address book, directory, listing, networking, business card, ping, toolbar, keyboard, button, @	npm i @lucide/lab → import { atSignSquare } from '@lucide/lab'; <Icon iconNode={atSignSquare} />（Icon 来自 lucide-react）	free	install	url:https://raw.githubusercontent.com/lucide-icons/lucide-lab/main/icons/at-sign-square.svg
lucide	lab:avocado	avocado	lab/food-beverage	Lucide Lab 实验图标 avocado；分类: food-beverage；tags: fruit, snack, meal, lunch, ingredient, cooking, cookery, kitchen, cuisine, eating, healthy, nutrition, diet, guacamole, mexican	npm i @lucide/lab → import { avocado } from '@lucide/lab'; <Icon iconNode={avocado} />（Icon 来自 lucide-react）	free	install	url:https://raw.githubusercontent.com/lucide-icons/lucide-lab/main/icons/avocado.svg
lucide	lab:baby-pacifier	babyPacifier	lab/people	Lucide Lab 实验图标 baby-pacifier；分类: people, home, shopping；tags: dummy, teething, suck, silence, quiet, newborn, childproof, children, infant, kids, toddler, mother, mum, family	npm i @lucide/lab → import { babyPacifier } from '@lucide/lab'; <Icon iconNode={babyPacifier} />（Icon 来自 lucide-react）	free	install	url:https://raw.githubusercontent.com/lucide-icons/lucide-lab/main/icons/baby-pacifier.svg
lucide	lab:bacon	bacon	lab/food-beverage	Lucide Lab 实验图标 bacon；分类: food-beverage；tags: rashers, smoked, streaky, crispy, meat, fast food, junk food, snack, dish, restaurant, brunch, lunch, meal, savory, savoury, cookery, cooking, grilled, barbecue, barbeque, bbq, pig	npm i @lucide/lab → import { bacon } from '@lucide/lab'; <Icon iconNode={bacon} />（Icon 来自 lucide-react）	free	install	url:https://raw.githubusercontent.com/lucide-icons/lucide-lab/main/icons/bacon.svg
lucide	lab:bag-hand	bagHand	lab/shopping	Lucide Lab 实验图标 bag-hand；分类: shopping, money；tags: purse, finance, storage, store, ecommerce, cart, purchase, womens, girls, female, ladies, accessories, fashion, leather	npm i @lucide/lab → import { bagHand } from '@lucide/lab'; <Icon iconNode={bagHand} />（Icon 来自 lucide-react）	free	install	url:https://raw.githubusercontent.com/lucide-icons/lucide-lab/main/icons/bag-hand.svg
lucide	lab:barbecue	barbecue	lab/food-beverage	Lucide Lab 实验图标 barbecue；分类: food-beverage；tags: barbeque, bbq, grilled, smoke, dinner, meal, meat, cookery, cooking, charcoal, heat, hot, fire	npm i @lucide/lab → import { barbecue } from '@lucide/lab'; <Icon iconNode={barbecue} />（Icon 来自 lucide-react）	free	install	url:https://raw.githubusercontent.com/lucide-icons/lucide-lab/main/icons/barbecue.svg
lucide	lab:barber-pole	barberPole	lab/maps	Lucide Lab 实验图标 barber-pole；分类: maps, medical, people, social；tags: hairdresser, grooming, cut, shave, shop, salon, service, signage, stripes, spin, spiral, helix, twist, twirl, rotate	npm i @lucide/lab → import { barberPole } from '@lucide/lab'; <Icon iconNode={barberPole} />（Icon 来自 lucide-react）	free	install	url:https://raw.githubusercontent.com/lucide-icons/lucide-lab/main/icons/barber-pole.svg
lucide	lab:barn	barn	lab/buildings	Lucide Lab 实验图标 barn；分类: buildings, animals, maps；tags: stable, cattle, horses, farm, ranch, hay, alfalfa, door	npm i @lucide/lab → import { barn } from '@lucide/lab'; <Icon iconNode={barn} />（Icon 来自 lucide-react）	free	install	url:https://raw.githubusercontent.com/lucide-icons/lucide-lab/main/icons/barn.svg
lucide	lab:baseball	baseball	lab/sports	Lucide Lab 实验图标 baseball；分类: sports, gaming；tags: home run, pitcher, bat, innings, rounders, bounce	npm i @lucide/lab → import { baseball } from '@lucide/lab'; <Icon iconNode={baseball} />（Icon 来自 lucide-react）	free	install	url:https://raw.githubusercontent.com/lucide-icons/lucide-lab/main/icons/baseball.svg
lucide	lab:baseline-square	baselineSquare	lab/text	Lucide Lab 实验图标 baseline-square；分类: text, tools, design, development；tags: color, colour, toolbar, formatting, plain text, rich text, rtf, typography, fonts, font book, collection, slab serif, writing, writer, prose, content, markdown, markup	npm i @lucide/lab → import { baselineSquare } from '@lucide/lab'; <Icon iconNode={baselineSquare} />（Icon 来自 lucide-react）	free	install	url:https://raw.githubusercontent.com/lucide-icons/lucide-lab/main/icons/baseline-square.svg
lucide	lab:basketball	basketball	lab/sports	Lucide Lab 实验图标 basketball；分类: sports, gaming；tags: bounce, hoop, netball, court, dribble, slam dunk, alley-oop, team, score, nba	npm i @lucide/lab → import { basketball } from '@lucide/lab'; <Icon iconNode={basketball} />（Icon 来自 lucide-react）	free	install	url:https://raw.githubusercontent.com/lucide-icons/lucide-lab/main/icons/basketball.svg
lucide	lab:bat-ball	batBall	lab/sports	Lucide Lab 实验图标 bat-ball；分类: sports, gaming；tags: table tennis, ping-pong, whiff-whaff, paddle, racquet, racket, net, bounce, score	npm i @lucide/lab → import { batBall } from '@lucide/lab'; <Icon iconNode={batBall} />（Icon 来自 lucide-react）	free	install	url:https://raw.githubusercontent.com/lucide-icons/lucide-lab/main/icons/bat-ball.svg
lucide	lab:bath-bubble	bathBubble	lab/home	Lucide Lab 实验图标 bath-bubble；分类: home, travel；tags: amenities, services, bathroom, towel, relax, luxury	npm i @lucide/lab → import { bathBubble } from '@lucide/lab'; <Icon iconNode={bathBubble} />（Icon 来自 lucide-react）	free	install	url:https://raw.githubusercontent.com/lucide-icons/lucide-lab/main/icons/bath-bubble.svg
lucide	lab:beach-ball	beachBall	lab/travel	Lucide Lab 实验图标 beach-ball；分类: travel, sports, gaming；tags: inflatable, summer holiday, seaside, toys, kids, children, play, football, soccer	npm i @lucide/lab → import { beachBall } from '@lucide/lab'; <Icon iconNode={beachBall} />（Icon 来自 lucide-react）	free	install	url:https://raw.githubusercontent.com/lucide-icons/lucide-lab/main/icons/beach-ball.svg
lucide	lab:bear-face	bearFace	lab/animals	Lucide Lab 实验图标 bear-face；分类: animals；tags: cub, cuddle, children, kids, toys, teddy, nursery, picnic, outdoors, wilderness, forest, national park, open season, hunting, grizzly, warning, danger, strength, mammal, 🐻, 🧸	npm i @lucide/lab → import { bearFace } from '@lucide/lab'; <Icon iconNode={bearFace} />（Icon 来自 lucide-react）	free	install	url:https://raw.githubusercontent.com/lucide-icons/lucide-lab/main/icons/bear-face.svg
lucide	lab:bed-bunk	bedBunk	lab/furniture	Lucide Lab 实验图标 bed-bunk；分类: furniture, home, travel；tags: sleep, hostel, accommodation, sheets	npm i @lucide/lab → import { bedBunk } from '@lucide/lab'; <Icon iconNode={bedBunk} />（Icon 来自 lucide-react）	free	install	url:https://raw.githubusercontent.com/lucide-icons/lucide-lab/main/icons/bed-bunk.svg
lucide	lab:bee-hive	beeHive	lab/nature	Lucide Lab 实验图标 bee-hive；分类: nature, food-beverage；tags: nest, beehive, beeswax, bumble, buzz, busy, productivity, honeycomb, keeper, garden, insect, sting, swarm, wasps	npm i @lucide/lab → import { beeHive } from '@lucide/lab'; <Icon iconNode={beeHive} />（Icon 来自 lucide-react）	free	install	url:https://raw.githubusercontent.com/lucide-icons/lucide-lab/main/icons/bee-hive.svg
lucide	lab:bee	bee	lab/animals	Lucide Lab 实验图标 bee；分类: animals；tags: bumble, buzz, busy, productivity, pollen, pollinate, honey, hive, keeper, garden, insect, antennae, flying, wings, sting, swarm, wasp	npm i @lucide/lab → import { bee } from '@lucide/lab'; <Icon iconNode={bee} />（Icon 来自 lucide-react）	free	install	url:https://raw.githubusercontent.com/lucide-icons/lucide-lab/main/icons/bee.svg
lucide	lab:beetle-scarab	beetleScarab	lab/animals	Lucide Lab 实验图标 beetle-scarab；分类: animals；tags: bug, wildlife, wings, flying, insect, antennae, ancient, egyptian, heiroglyphic	npm i @lucide/lab → import { beetleScarab } from '@lucide/lab'; <Icon iconNode={beetleScarab} />（Icon 来自 lucide-react）	free	install	url:https://raw.githubusercontent.com/lucide-icons/lucide-lab/main/icons/beetle-scarab.svg
lucide	lab:bell-concierge-dot	bellConciergeDot	lab/travel	Lucide Lab 实验图标 bell-concierge-dot；分类: travel, notifications；tags: reception, bellboy, bellhop, porter, service, summon, hospitality, hotel, accommodation, attention, alert, ring, ding, sound, reminder, unread, pending, updates	npm i @lucide/lab → import { bellConciergeDot } from '@lucide/lab'; <Icon iconNode={bellConciergeDot} />（Icon 来自 lucide-react）	free	install	url:https://raw.githubusercontent.com/lucide-icons/lucide-lab/main/icons/bell-concierge-dot.svg
lucide	lab:bell-concierge-off	bellConciergeOff	lab/travel	Lucide Lab 实验图标 bell-concierge-off；分类: travel, notifications；tags: unstaffed, self-service, self-catering, hospitality, hotel, accommodation, silent, silence, quiet, ignore, forget	npm i @lucide/lab → import { bellConciergeOff } from '@lucide/lab'; <Icon iconNode={bellConciergeOff} />（Icon 来自 lucide-react）	free	install	url:https://raw.githubusercontent.com/lucide-icons/lucide-lab/main/icons/bell-concierge-off.svg
lucide	lab:bell-concierge	bellConcierge	lab/travel	Lucide Lab 实验图标 bell-concierge；分类: travel, notifications；tags: reception, bellboy, bellhop, porter, service, summon, hospitality, hotel, accommodation, attention, alert, sound, ding, ring, 🛎️；仓库 main 分支有，但 @lucide/lab 0.7.0 尚未发布，无法 import	npm i @lucide/lab → import { bellConcierge } from '@lucide/lab'; <Icon iconNode={bellConcierge} />（Icon 来自 lucide-react）	broken	install	url:https://raw.githubusercontent.com/lucide-icons/lucide-lab/main/icons/bell-concierge.svg
lucide	lab:belt	belt	lab/shopping	Lucide Lab 实验图标 belt；分类: shopping, social, food-beverage；tags: buckle, strap, fasten, fasting, waistline, weight loss, diet, calories, store, clothing, clothes, accessories, apparel, attire, outfit, fashion, leather	npm i @lucide/lab → import { belt } from '@lucide/lab'; <Icon iconNode={belt} />（Icon 来自 lucide-react）	free	install	url:https://raw.githubusercontent.com/lucide-icons/lucide-lab/main/icons/belt.svg
lucide	lab:bold-square	boldSquare	lab/text	Lucide Lab 实验图标 bold-square；分类: text, tools, design, development；tags: emphasis, emphasize, strong, toolbar, formatting, styling, plain text, rich text, rtf, typography, font, sans serif, writing, writer, prose, content, markdown, markup	npm i @lucide/lab → import { boldSquare } from '@lucide/lab'; <Icon iconNode={boldSquare} />（Icon 来自 lucide-react）	free	install	url:https://raw.githubusercontent.com/lucide-icons/lucide-lab/main/icons/bold-square.svg
lucide	lab:bottle-baby	bottleBaby	lab/people	Lucide Lab 实验图标 bottle-baby；分类: people, home, shopping；tags: newborn, children, infant, kids, toddler, mother, mum, family, milk	npm i @lucide/lab → import { bottleBaby } from '@lucide/lab'; <Icon iconNode={bottleBaby} />（Icon 来自 lucide-react）	free	install	url:https://raw.githubusercontent.com/lucide-icons/lucide-lab/main/icons/bottle-baby.svg
lucide	lab:bottle-champagne	bottleChampagne	lab/food-beverage	Lucide Lab 实验图标 bottle-champagne；分类: food-beverage, social；tags: alcohol, drink, glass, bubbly, sparkling, fizzy, bar, party, special occasion, celebration, victory, champion, luxury, nightclub, nightlife, sommelier, restaurant	npm i @lucide/lab → import { bottleChampagne } from '@lucide/lab'; <Icon iconNode={bottleChampagne} />（Icon 来自 lucide-react）	free	install	url:https://raw.githubusercontent.com/lucide-icons/lucide-lab/main/icons/bottle-champagne.svg
lucide	lab:bottle-dispenser	bottleDispenser	lab/home	Lucide Lab 实验图标 bottle-dispenser；分类: home, travel；tags: toiletries, bathroom, amenities, shower gel, bubble bath, shampoo, conditioner, hand soap, sanitizer, sanitiser, clean, wash	npm i @lucide/lab → import { bottleDispenser } from '@lucide/lab'; <Icon iconNode={bottleDispenser} />（Icon 来自 lucide-react）	free	install	url:https://raw.githubusercontent.com/lucide-icons/lucide-lab/main/icons/bottle-dispenser.svg
lucide	lab:bottle-perfume	bottlePerfume	lab/social	Lucide Lab 实验图标 bottle-perfume；分类: social, travel；tags: parfum, aftershave, aroma, fragrance, smell, scent, special, present, gift, accessories, container, duty free	npm i @lucide/lab → import { bottlePerfume } from '@lucide/lab'; <Icon iconNode={bottlePerfume} />（Icon 来自 lucide-react）	free	install	url:https://raw.githubusercontent.com/lucide-icons/lucide-lab/main/icons/bottle-perfume.svg
lucide	lab:bottle-plastic	bottlePlastic	lab/food-beverage	Lucide Lab 实验图标 bottle-plastic；分类: food-beverage；tags: drink, water, liquid, litres, pints, container, shampoo	npm i @lucide/lab → import { bottlePlastic } from '@lucide/lab'; <Icon iconNode={bottlePlastic} />（Icon 来自 lucide-react）	free	install	url:https://raw.githubusercontent.com/lucide-icons/lucide-lab/main/icons/bottle-plastic.svg
lucide	lab:bottle-spray	bottleSpray	lab/home	Lucide Lab 实验图标 bottle-spray；分类: home, travel；tags: cleaning products, toiletries, bathroom, amenities, service, sanitizer, sanitiser	npm i @lucide/lab → import { bottleSpray } from '@lucide/lab'; <Icon iconNode={bottleSpray} />（Icon 来自 lucide-react）	free	install	url:https://raw.githubusercontent.com/lucide-icons/lucide-lab/main/icons/bottle-spray.svg
lucide	lab:bottle-toothbrush-comb	bottleToothbrushComb	lab/home	Lucide Lab 实验图标 bottle-toothbrush-comb；分类: home, travel；tags: toiletries, bathroom, amenities, shower gel, bubble bath, shampoo, conditioner, toothpaste, tube, clean, wash, brush	npm i @lucide/lab → import { bottleToothbrushComb } from '@lucide/lab'; <Icon iconNode={bottleToothbrushComb} />（Icon 来自 lucide-react）	free	install	url:https://raw.githubusercontent.com/lucide-icons/lucide-lab/main/icons/bottle-toothbrush-comb.svg
lucide	lab:bowl-chopsticks	bowlChopsticks	lab/food-beverage	Lucide Lab 实验图标 bowl-chopsticks；分类: food-beverage, tools；tags: noodles, poke, soup, culinary, cuisine, asian, japanese, chinese, oriental, eastern, brunch, lunch, dinner	npm i @lucide/lab → import { bowlChopsticks } from '@lucide/lab'; <Icon iconNode={bowlChopsticks} />（Icon 来自 lucide-react）	free	install	url:https://raw.githubusercontent.com/lucide-icons/lucide-lab/main/icons/bowl-chopsticks.svg
lucide	lab:bowl-overflow	bowlOverflow	lab/food-beverage	Lucide Lab 实验图标 bowl-overflow；分类: food-beverage；tags: spillage, drip, liquid, soup, porridge, gruel, cereal, breakfast, morning, brunch, lunch, dinner, meal, starter, appetizer, appetiser, culinary, cuisine	npm i @lucide/lab → import { bowlOverflow } from '@lucide/lab'; <Icon iconNode={bowlOverflow} />（Icon 来自 lucide-react）	free	install	url:https://raw.githubusercontent.com/lucide-icons/lucide-lab/main/icons/bowl-overflow.svg
lucide	lab:bowling	bowling	lab/sports	Lucide Lab 实验图标 bowling；分类: sports, gaming；tags: ten-pin, 10 pin, pins, ball, lane, alley, strike, spare, score, indoor sports, heavy	npm i @lucide/lab → import { bowling } from '@lucide/lab'; <Icon iconNode={bowling} />（Icon 来自 lucide-react）	free	install	url:https://raw.githubusercontent.com/lucide-icons/lucide-lab/main/icons/bowling.svg
lucide	lab:bra-sports	braSports	lab/shopping	Lucide Lab 实验图标 bra-sports；分类: shopping, sports, travel；tags: brassiere, breasts, boobs, tops, womens, girls, female, ladies, lingerie, underwear, undergarment, sportswear, exercise, fitness, swimwear, beachwear, bathing constume, summer holiday, store, clothing, clothes, apparel, attire, fashion, thread, cotton, casual	npm i @lucide/lab → import { braSports } from '@lucide/lab'; <Icon iconNode={braSports} />（Icon 来自 lucide-react）	free	install	url:https://raw.githubusercontent.com/lucide-icons/lucide-lab/main/icons/bra-sports.svg
lucide	lab:briefcase-plus	briefcasePlus	lab/medical	Lucide Lab 实验图标 briefcase-plus；分类: medical, gaming；tags: healthcare, first aid kit, paramedic, medkit, medikit, medpack, medicine, pharmacy, pharmaceutical, add, cross, box	npm i @lucide/lab → import { briefcasePlus } from '@lucide/lab'; <Icon iconNode={briefcasePlus} />（Icon 来自 lucide-react）	free	install	url:https://raw.githubusercontent.com/lucide-icons/lucide-lab/main/icons/briefcase-plus.svg
lucide	lab:broom	broom	lab/tools	Lucide Lab 实验图标 broom；分类: tools, home；tags: broomstick, brush, sweep, floor, cleaning, witch, halloween；仓库 main 分支有，但 @lucide/lab 0.7.0 尚未发布，无法 import	npm i @lucide/lab → import { broom } from '@lucide/lab'; <Icon iconNode={broom} />（Icon 来自 lucide-react）	broken	install	url:https://raw.githubusercontent.com/lucide-icons/lucide-lab/main/icons/broom.svg
lucide	lab:bucket	bucket	lab/nature	Lucide Lab 实验图标 bucket；分类: nature, home, tools, travel；tags: handle, container, fill, liquid, water, seaside, summer holiday, beach, sandcastle, sandbox, toys, kids, children, play, gardening, equipment, spade, shovel, catch, fishing, crabs	npm i @lucide/lab → import { bucket } from '@lucide/lab'; <Icon iconNode={bucket} />（Icon 来自 lucide-react）	free	install	url:https://raw.githubusercontent.com/lucide-icons/lucide-lab/main/icons/bucket.svg
lucide	lab:bull-head	bullHead	lab/animals	Lucide Lab 实验图标 bull-head；分类: animals, food-beverage；tags: cow, horns, meat, steak, barbecue, bbq, beef, bovine, rodeo, ranch, farmyard, livestock, cattle, taurus, toro, hoofs, hooved, mammal, 🐮	npm i @lucide/lab → import { bullHead } from '@lucide/lab'; <Icon iconNode={bullHead} />（Icon 来自 lucide-react）	free	install	url:https://raw.githubusercontent.com/lucide-icons/lucide-lab/main/icons/bull-head.svg
lucide	lab:burger	burger	lab/food-beverage	Lucide Lab 实验图标 burger；分类: food-beverage；tags: hamburger, cheeseburger, meat, patty, bun, fast food, junk food, takeaway, takeout, snack, dish, restaurant, lunch, meal, savory, savoury, cookery, cooking, grilled, barbecue, barbeque, bbq	npm i @lucide/lab → import { burger } from '@lucide/lab'; <Icon iconNode={burger} />（Icon 来自 lucide-react）	free	install	url:https://raw.githubusercontent.com/lucide-icons/lucide-lab/main/icons/burger.svg
lucide	lab:butterfly	butterfly	lab/animals	Lucide Lab 实验图标 butterfly；分类: animals；tags: wings, flying, wildlife, botanical gardens, nectar, pollen, pollinate, pattern, insect, antennae	npm i @lucide/lab → import { butterfly } from '@lucide/lab'; <Icon iconNode={butterfly} />（Icon 来自 lucide-react）	free	install	url:https://raw.githubusercontent.com/lucide-icons/lucide-lab/main/icons/butterfly.svg
lucide	lab:cabin	cabin	lab/buildings	Lucide Lab 实验图标 cabin；分类: buildings, travel, home；tags: hut, shed, property, real estate, dwellings, living, door, woods, forest, winter holiday, alpine, wilderness, outdoors	npm i @lucide/lab → import { cabin } from '@lucide/lab'; <Icon iconNode={cabin} />（Icon 来自 lucide-react）	free	install	url:https://raw.githubusercontent.com/lucide-icons/lucide-lab/main/icons/cabin.svg
lucide	lab:cabinet-filing	cabinetFiling	lab/furniture	Lucide Lab 实验图标 cabinet-filing；分类: furniture, files；tags: nightstand, bedside table, drawers, documents, binders, folders, records, storage, archive, office	npm i @lucide/lab → import { cabinetFiling } from '@lucide/lab'; <Icon iconNode={cabinetFiling} />（Icon 来自 lucide-react）	free	install	url:https://raw.githubusercontent.com/lucide-icons/lucide-lab/main/icons/cabinet-filing.svg
lucide	lab:cactus	cactus	lab/nature	Lucide Lab 实验图标 cactus；分类: nature, maps；tags: spikes, spines, needles, glochid, plant, desert, botanical, flora	npm i @lucide/lab → import { cactus } from '@lucide/lab'; <Icon iconNode={cactus} />（Icon 来自 lucide-react）	free	install	url:https://raw.githubusercontent.com/lucide-icons/lucide-lab/main/icons/cactus.svg
lucide	lab:candle-holder-lit	candleHolderLit	lab/home	Lucide Lab 实验图标 candle-holder-lit；分类: home, sustainability, design, development；tags: handle, wax, incense, fragrance, smell, senses, spirituality, meditation, relaxation, wellbeing, romance, romantic evening, valentines day, date, power cut, outage, melting, burning, flame, fire, alight, lighting, daytime, mode, theme, toggle, css	npm i @lucide/lab → import { candleHolderLit } from '@lucide/lab'; <Icon iconNode={candleHolderLit} />（Icon 来自 lucide-react）	free	install	url:https://raw.githubusercontent.com/lucide-icons/lucide-lab/main/icons/candle-holder-lit.svg
lucide	lab:candle-holder	candleHolder	lab/home	Lucide Lab 实验图标 candle-holder；分类: home, sustainability, design, development；tags: handle, wax, incense, fragrance, smell, senses, spirituality, meditation, relaxation, wellbeing, romance, romantic evening, valentines day, date, power cut, outage, darkness, night, mode, theme, toggle, css	npm i @lucide/lab → import { candleHolder } from '@lucide/lab'; <Icon iconNode={candleHolder} />（Icon 来自 lucide-react）	free	install	url:https://raw.githubusercontent.com/lucide-icons/lucide-lab/main/icons/candle-holder.svg
lucide	lab:candle-tealight-lit	candleTealightLit	lab/home	Lucide Lab 实验图标 candle-tealight-lit；分类: home, sustainability, design, development；tags: wax, incense, fragrance, smell, senses, spirituality, meditation, relaxation, wellbeing, romance, romantic evening, valentines day, date, power cut, outage, melting, burning, flame, fire, alight, lighting, daytime, mode, theme, toggle, css	npm i @lucide/lab → import { candleTealightLit } from '@lucide/lab'; <Icon iconNode={candleTealightLit} />（Icon 来自 lucide-react）	free	install	url:https://raw.githubusercontent.com/lucide-icons/lucide-lab/main/icons/candle-tealight-lit.svg
lucide	lab:candle-tealight	candleTealight	lab/home	Lucide Lab 实验图标 candle-tealight；分类: home, sustainability, design, development；tags: wax, incense, fragrance, smell, senses, spirituality, meditation, relaxation, wellbeing, romance, romantic evening, valentines day, date, power cut, outage, melting, burning, flame, fire, alight, lighting, mode, theme, toggle, css	npm i @lucide/lab → import { candleTealight } from '@lucide/lab'; <Icon iconNode={candleTealight} />（Icon 来自 lucide-react）	free	install	url:https://raw.githubusercontent.com/lucide-icons/lucide-lab/main/icons/candle-tealight.svg
lucide	lab:candlestick-big-lit	candlestickBigLit	lab/home	Lucide Lab 实验图标 candlestick-big-lit；分类: home, sustainability, design, development；tags: wax, incense, fragrance, smell, senses, spirituality, meditation, relaxation, wellbeing, romance, romantic evening, valentines day, date, power cut, outage, melting, burning, flame, fire, alight, lighting, daytime, mode, theme, toggle, css	npm i @lucide/lab → import { candlestickBigLit } from '@lucide/lab'; <Icon iconNode={candlestickBigLit} />（Icon 来自 lucide-react）	free	install	url:https://raw.githubusercontent.com/lucide-icons/lucide-lab/main/icons/candlestick-big-lit.svg
lucide	lab:candlestick-big	candlestickBig	lab/home	Lucide Lab 实验图标 candlestick-big；分类: home, sustainability, design, development；tags: wax, incense, fragrance, smell, senses, spirituality, meditation, relaxation, wellbeing, romance, romantic evening, valentines day, date, birthday cake, power cut, outage, melting, burning, flame, fire, alight, lighting, mode, theme, toggle, css	npm i @lucide/lab → import { candlestickBig } from '@lucide/lab'; <Icon iconNode={candlestickBig} />（Icon 来自 lucide-react）	free	install	url:https://raw.githubusercontent.com/lucide-icons/lucide-lab/main/icons/candlestick-big.svg
lucide	lab:candlestick-lit	candlestickLit	lab/home	Lucide Lab 实验图标 candlestick-lit；分类: home, sustainability, design, development；tags: wax, incense, fragrance, smell, senses, spirituality, meditation, relaxation, wellbeing, romance, romantic evening, valentines day, date, power cut, outage, melting, burning, flame, fire, alight, lighting, daytime, mode, theme, toggle, css	npm i @lucide/lab → import { candlestickLit } from '@lucide/lab'; <Icon iconNode={candlestickLit} />（Icon 来自 lucide-react）	free	install	url:https://raw.githubusercontent.com/lucide-icons/lucide-lab/main/icons/candlestick-lit.svg
lucide	lab:candlestick	candlestick	lab/home	Lucide Lab 实验图标 candlestick；分类: home, sustainability, design, development；tags: wax, incense, fragrance, smell, senses, spirituality, meditation, relaxation, wellbeing, romance, romantic evening, valentines day, date, birthday cake, power cut, outage, darkness, night, mode, theme, toggle, css	npm i @lucide/lab → import { candlestick } from '@lucide/lab'; <Icon iconNode={candlestick} />（Icon 来自 lucide-react）	free	install	url:https://raw.githubusercontent.com/lucide-icons/lucide-lab/main/icons/candlestick.svg
lucide	lab:card-credit	cardCredit	lab/account	Lucide Lab 实验图标 card-credit；分类: account, money；tags: atm, cash machine, cash point, withdrawal, debit, visa, mastercard, bank, finance, financial, spending, budget, purchase, payment, cc, shopping, retail, store, mall, consumer, loyalty, points, cashback, transaction	npm i @lucide/lab → import { cardCredit } from '@lucide/lab'; <Icon iconNode={cardCredit} />（Icon 来自 lucide-react）	free	install	url:https://raw.githubusercontent.com/lucide-icons/lucide-lab/main/icons/card-credit.svg
lucide	lab:card-sd	cardSd	lab/photography	Lucide Lab 实验图标 card-sd；分类: photography, files, multimedia, devices；tags: smartphone, mobile, disk, data, backup, save, read, write, rw, storage, extra, capacity, megabytes, mb, gigabytes, gb, format, flash, drive, digital, camera, photos, pictures, images, raw	npm i @lucide/lab → import { cardSd } from '@lucide/lab'; <Icon iconNode={cardSd} />（Icon 来自 lucide-react）	free	install	url:https://raw.githubusercontent.com/lucide-icons/lucide-lab/main/icons/card-sd.svg
lucide	lab:card-sim	cardSim	lab/connectivity	Lucide Lab 实验图标 card-sim；分类: connectivity, communication, multimedia, devices；tags: cellphone, smartphone, mobile, network, cellular, service, provider, signal, coverage, disk, data, format, storage, flash, digital, contacts, phone book, contractual, circuit board, chip；仓库 main 分支有，但 @lucide/lab 0.7.0 尚未发布，无法 import	npm i @lucide/lab → import { cardSim } from '@lucide/lab'; <Icon iconNode={cardSim} />（Icon 来自 lucide-react）	broken	install	url:https://raw.githubusercontent.com/lucide-icons/lucide-lab/main/icons/card-sim.svg
lucide	lab:carton-off	cartonOff	lab/food-beverage	Lucide Lab 实验图标 carton-off；分类: food-beverage；tags: milk, dairy, drink, diet, lactose free, liquid, litres, pints, pasturised, skimmed, container, vegan；仓库 main 分支有，但 @lucide/lab 0.7.0 尚未发布，无法 import	npm i @lucide/lab → import { cartonOff } from '@lucide/lab'; <Icon iconNode={cartonOff} />（Icon 来自 lucide-react）	broken	install	url:https://raw.githubusercontent.com/lucide-icons/lucide-lab/main/icons/carton-off.svg
lucide	lab:carton	carton	lab/food-beverage	Lucide Lab 实验图标 carton；分类: food-beverage；tags: milk, dairy, drink, diet, lactose, liquid, litres, pints, pasturised, skimmed, container, cow；仓库 main 分支有，但 @lucide/lab 0.7.0 尚未发布，无法 import	npm i @lucide/lab → import { carton } from '@lucide/lab'; <Icon iconNode={carton} />（Icon 来自 lucide-react）	broken	install	url:https://raw.githubusercontent.com/lucide-icons/lucide-lab/main/icons/carton.svg
lucide	lab:case-camel	caseCamel	lab/text	Lucide Lab 实验图标 case-camel；分类: text, development；tags: text, letters, characters, font, typography, ab, string, code	npm i @lucide/lab → import { caseCamel } from '@lucide/lab'; <Icon iconNode={caseCamel} />（Icon 来自 lucide-react）	free	install	url:https://raw.githubusercontent.com/lucide-icons/lucide-lab/main/icons/case-camel.svg
lucide	lab:case-kebab	caseKebab	lab/text	Lucide Lab 实验图标 case-kebab；分类: text, development；tags: text, letters, characters, font, typography, dash, a-b, ab, string, code	npm i @lucide/lab → import { caseKebab } from '@lucide/lab'; <Icon iconNode={caseKebab} />（Icon 来自 lucide-react）	free	install	url:https://raw.githubusercontent.com/lucide-icons/lucide-lab/main/icons/case-kebab.svg
lucide	lab:case-snake-upper	caseSnakeUpper	lab/text	Lucide Lab 实验图标 case-snake-upper；分类: text, development；tags: text, letters, capitals, caps, characters, font, typography, underscore, a_b, ab, constant, string, code	npm i @lucide/lab → import { caseSnakeUpper } from '@lucide/lab'; <Icon iconNode={caseSnakeUpper} />（Icon 来自 lucide-react）	free	install	url:https://raw.githubusercontent.com/lucide-icons/lucide-lab/main/icons/case-snake-upper.svg
lucide	lab:case-snake	caseSnake	lab/text	Lucide Lab 实验图标 case-snake；分类: text, development；tags: text, letters, characters, font, typography, underscore, a_b, ab, string, code	npm i @lucide/lab → import { caseSnake } from '@lucide/lab'; <Icon iconNode={caseSnake} />（Icon 来自 lucide-react）	free	install	url:https://raw.githubusercontent.com/lucide-icons/lucide-lab/main/icons/case-snake.svg
lucide	lab:cat-big	catBig	lab/animals	Lucide Lab 实验图标 cat-big；分类: animals；tags: tiger, lion, leopard, panther, zoo, safari park, savannah, wildlife, mammal, carnivore, predator, pride, feline, ferocious, roar, 🐯, 🦁	npm i @lucide/lab → import { catBig } from '@lucide/lab'; <Icon iconNode={catBig} />（Icon 来自 lucide-react）	free	install	url:https://raw.githubusercontent.com/lucide-icons/lucide-lab/main/icons/cat-big.svg
lucide	lab:cauldron	cauldron	lab/gaming	Lucide Lab 实验图标 cauldron；分类: gaming, food-beverage；tags: pot, boiling, heat, hot, soup, potion, brewing, bubbles, spell, curse, witches, wizard, druid, halloween	npm i @lucide/lab → import { cauldron } from '@lucide/lab'; <Icon iconNode={cauldron} />（Icon 来自 lucide-react）	free	install	url:https://raw.githubusercontent.com/lucide-icons/lucide-lab/main/icons/cauldron.svg
lucide	lab:cent-circle	centCircle	lab/currency	Lucide Lab 实验图标 cent-circle；分类: currency, money, shapes；tags: finance, financial, markets, exchange, trader, trading, transaction, payment, coin, cents, dollar, usd, $, ¢	npm i @lucide/lab → import { centCircle } from '@lucide/lab'; <Icon iconNode={centCircle} />（Icon 来自 lucide-react）	free	install	url:https://raw.githubusercontent.com/lucide-icons/lucide-lab/main/icons/cent-circle.svg
lucide	lab:cent-square	centSquare	lab/currency	Lucide Lab 实验图标 cent-square；分类: currency, money, shapes；tags: finance, financial, markets, exchange, trader, trading, transaction, payment, cents, dollar, usd, $, ¢, toolbar, button	npm i @lucide/lab → import { centSquare } from '@lucide/lab'; <Icon iconNode={centSquare} />（Icon 来自 lucide-react）	free	install	url:https://raw.githubusercontent.com/lucide-icons/lucide-lab/main/icons/cent-square.svg
lucide	lab:cent	cent	lab/currency	Lucide Lab 实验图标 cent；分类: currency, money；tags: finance, financial, markets, exchange, trader, trading, transaction, payment, symbol, cents, dollar, usd, $, ¢	npm i @lucide/lab → import { cent } from '@lucide/lab'; <Icon iconNode={cent} />（Icon 来自 lucide-react）	free	install	url:https://raw.githubusercontent.com/lucide-icons/lucide-lab/main/icons/cent.svg
lucide	lab:chairs-table-parasol	chairsTableParasol	lab/furniture	Lucide Lab 实验图标 chairs-table-parasol；分类: furniture, home, travel；tags: terrace, balcony, patio, umbrella, shade, seating, garden, outdoor, al fresco, dining	npm i @lucide/lab → import { chairsTableParasol } from '@lucide/lab'; <Icon iconNode={chairsTableParasol} />（Icon 来自 lucide-react）	free	install	url:https://raw.githubusercontent.com/lucide-icons/lucide-lab/main/icons/chairs-table-parasol.svg
lucide	lab:chairs-table-platter	chairsTablePlatter	lab/food-beverage	Lucide Lab 实验图标 chairs-table-platter；分类: food-beverage, furniture, home, travel, maps；tags: restaurant, seating, table service, waiter, waitress, served, dinner, dining, meal, courses, luxury	npm i @lucide/lab → import { chairsTablePlatter } from '@lucide/lab'; <Icon iconNode={chairsTablePlatter} />（Icon 来自 lucide-react）	free	install	url:https://raw.githubusercontent.com/lucide-icons/lucide-lab/main/icons/chairs-table-platter.svg
lucide	lab:chameleon	chameleon	lab/animals	Lucide Lab 实验图标 chameleon；分类: animals；tags: camouflage, colors, colours, multicolor, multicolour, lizard, reptile, wildlife	npm i @lucide/lab → import { chameleon } from '@lucide/lab'; <Icon iconNode={chameleon} />（Icon 来自 lucide-react）	free	install	url:https://raw.githubusercontent.com/lucide-icons/lucide-lab/main/icons/chameleon.svg
lucide	lab:cheese	cheese	lab/food-beverage	Lucide Lab 实验图标 cheese；分类: food-beverage；tags: swiss, holes, fondue, emmental, gouda, edam, cheddar, brie, mozzarella, feta, halloumi, gorgonzola, roquefort, camembert, dairy, snack, dish, restaurant, lunch, meal, savory, savoury, cookery, cooking, grilled	npm i @lucide/lab → import { cheese } from '@lucide/lab'; <Icon iconNode={cheese} />（Icon 来自 lucide-react）	free	install	url:https://raw.githubusercontent.com/lucide-icons/lucide-lab/main/icons/cheese.svg
lucide	lab:chest	chest	lab/tools	Lucide Lab 实验图标 chest；分类: tools, gaming；tags: trunk, treasure, loot, gold, toybox, toolbox, tool chest, storage, container	npm i @lucide/lab → import { chest } from '@lucide/lab'; <Icon iconNode={chest} />（Icon 来自 lucide-react）	free	install	url:https://raw.githubusercontent.com/lucide-icons/lucide-lab/main/icons/chest.svg
lucide	lab:chevrons-left-right-square	chevronsLeftRightSquare	lab/text	Lucide Lab 实验图标 chevrons-left-right-square；分类: text, development；tags: gist, source, programming, html, xml, code, coding；仓库 main 分支有，但 @lucide/lab 0.7.0 尚未发布，无法 import	npm i @lucide/lab → import { chevronsLeftRightSquare } from '@lucide/lab'; <Icon iconNode={chevronsLeftRightSquare} />（Icon 来自 lucide-react）	broken	install	url:https://raw.githubusercontent.com/lucide-icons/lucide-lab/main/icons/chevrons-left-right-square.svg
lucide	lab:chevrons-up-down-square	chevronsUpDownSquare	lab/buildings	Lucide Lab 实验图标 chevrons-up-down-square；分类: buildings, travel, arrows, shapes；tags: elevator, lift, floors, levels, hotel, accommodation, expand, unfold, vertical, toolbar, button	npm i @lucide/lab → import { chevronsUpDownSquare } from '@lucide/lab'; <Icon iconNode={chevronsUpDownSquare} />（Icon 来自 lucide-react）	free	install	url:https://raw.githubusercontent.com/lucide-icons/lucide-lab/main/icons/chevrons-up-down-square.svg
lucide	lab:cloth	cloth	lab/home	Lucide Lab 实验图标 cloth；分类: home, shopping, furniture；tags: thread, sewing, stitch, embroidery, waeve, woven, fabric, material, textile, upholstery, cleaning	npm i @lucide/lab → import { cloth } from '@lucide/lab'; <Icon iconNode={cloth} />（Icon 来自 lucide-react）	free	install	url:https://raw.githubusercontent.com/lucide-icons/lucide-lab/main/icons/cloth.svg
lucide	lab:coat-hanger	coatHanger	lab/home	Lucide Lab 实验图标 coat-hanger；分类: home, furniture, travel, maps；tags: clothes, clothing, apparel, attire, wardrobe, dry cleaning, amenities	npm i @lucide/lab → import { coatHanger } from '@lucide/lab'; <Icon iconNode={coatHanger} />（Icon 来自 lucide-react）	free	install	url:https://raw.githubusercontent.com/lucide-icons/lucide-lab/main/icons/coat-hanger.svg
lucide	lab:cocktail	cocktail	lab/food-beverage	Lucide Lab 实验图标 cocktail；分类: food-beverage, social；tags: martini, alcohol, spirits, drink, glass, straw, citrus, orange, lemon, lime, bar, lounge, party, nightclub, nightlife	npm i @lucide/lab → import { cocktail } from '@lucide/lab'; <Icon iconNode={cocktail} />（Icon 来自 lucide-react）	free	install	url:https://raw.githubusercontent.com/lucide-icons/lucide-lab/main/icons/cocktail.svg
lucide	lab:coconut	coconut	lab/food-beverage	Lucide Lab 实验图标 coconut；分类: food-beverage, travel；tags: segments, milk, smoothie, cocktail, piña colada, tropical, beach bar, holiday, vacation, sweet, creamy, snack, ingredient, cooking, cookery, kitchen, cuisine, eating, healthy, nutrition, diet	npm i @lucide/lab → import { coconut } from '@lucide/lab'; <Icon iconNode={coconut} />（Icon 来自 lucide-react）	free	install	url:https://raw.githubusercontent.com/lucide-icons/lucide-lab/main/icons/coconut.svg
lucide	lab:coffee-bean	coffeeBean	lab/food-beverage	Lucide Lab 实验图标 coffee-bean；分类: food-beverage；tags: roast, ground, blend, arabica, filter, instant, cafetiere, hot, drink, barista, fair trade	npm i @lucide/lab → import { coffeeBean } from '@lucide/lab'; <Icon iconNode={coffeeBean} />（Icon 来自 lucide-react）	free	install	url:https://raw.githubusercontent.com/lucide-icons/lucide-lab/main/icons/coffee-bean.svg
lucide	lab:coffeemaker	coffeemaker	lab/food-beverage	Lucide Lab 实验图标 coffeemaker；分类: food-beverage, devices；tags: machine, amenities, electronics, appliances, roast, ground, blend, arabica, filter, instant, cafetiere, hot, drink, barista, fair trade	npm i @lucide/lab → import { coffeemaker } from '@lucide/lab'; <Icon iconNode={coffeemaker} />（Icon 来自 lucide-react）	free	install	url:https://raw.githubusercontent.com/lucide-icons/lucide-lab/main/icons/coffeemaker.svg
lucide	lab:coins-exchange	coinsExchange	lab/currency	Lucide Lab 实验图标 coins-exchange；分类: currency, money；tags: exchange, trader, trading, transaction, swap, finance, financial, markets	npm i @lucide/lab → import { coinsExchange } from '@lucide/lab'; <Icon iconNode={coinsExchange} />（Icon 来自 lucide-react）	free	install	url:https://raw.githubusercontent.com/lucide-icons/lucide-lab/main/icons/coins-exchange.svg
lucide	lab:coins-stack	coinsStack	lab/money	Lucide Lab 实验图标 coins-stack；分类: money, currency, account, shopping, gaming；tags: cash, finance, financial, markets, exchange, trader, trading, transaction, payment, payroll, wages, income, pocket money, allowance, savings, banking, gamble	npm i @lucide/lab → import { coinsStack } from '@lucide/lab'; <Icon iconNode={coinsStack} />（Icon 来自 lucide-react）	free	install	url:https://raw.githubusercontent.com/lucide-icons/lucide-lab/main/icons/coins-stack.svg
lucide	lab:copy-code	copyCode	lab/text	Lucide Lab 实验图标 copy-code；分类: text, development；tags: clone, duplicate, multiple, codebase, source, raw, snippets, gists	npm i @lucide/lab → import { copyCode } from '@lucide/lab'; <Icon iconNode={copyCode} />（Icon 来自 lucide-react）	free	install	url:https://raw.githubusercontent.com/lucide-icons/lucide-lab/main/icons/copy-code.svg
lucide	lab:copy-down	copyDown	lab/development	Lucide Lab 实验图标 copy-down；分类: development；tags: read, dictionary, booklet, library, code, version control, git, repository, clone, download all	npm i @lucide/lab → import { copyDown } from '@lucide/lab'; <Icon iconNode={copyDown} />（Icon 来自 lucide-react）	free	install	url:https://raw.githubusercontent.com/lucide-icons/lucide-lab/main/icons/copy-down.svg
lucide	lab:copy-file-path	copyFilePath	lab/files	Lucide Lab 实验图标 copy-file-path；分类: files, development, text；tags: relative, location, multiple	npm i @lucide/lab → import { copyFilePath } from '@lucide/lab'; <Icon iconNode={copyFilePath} />（Icon 来自 lucide-react）	free	install	url:https://raw.githubusercontent.com/lucide-icons/lucide-lab/main/icons/copy-file-path.svg
lucide	lab:copy-image	copyImage	lab/photography	Lucide Lab 实验图标 copy-image；分类: photography, text, multimedia, files, social, design, development；tags: clone, duplicate, multiple, images, pictures, photos, album, collection, event, gallery	npm i @lucide/lab → import { copyImage } from '@lucide/lab'; <Icon iconNode={copyImage} />（Icon 来自 lucide-react）	free	install	url:https://raw.githubusercontent.com/lucide-icons/lucide-lab/main/icons/copy-image.svg
lucide	lab:copy-text	copyText	lab/text	Lucide Lab 实验图标 copy-text；分类: text；tags: clone, duplicate, multiple, texts, lines, drafts, script, plagiarism	npm i @lucide/lab → import { copyText } from '@lucide/lab'; <Icon iconNode={copyText} />（Icon 来自 lucide-react）	free	install	url:https://raw.githubusercontent.com/lucide-icons/lucide-lab/main/icons/copy-text.svg
lucide	lab:copy-type	copyType	lab/text	Lucide Lab 实验图标 copy-type；分类: text, tools, design；tags: formatting, styling, rich text, rtf, fonts, font book, typography, collection, slab serif, clone, duplicate, multiple, toolbar, button	npm i @lucide/lab → import { copyType } from '@lucide/lab'; <Icon iconNode={copyType} />（Icon 来自 lucide-react）	free	install	url:https://raw.githubusercontent.com/lucide-icons/lucide-lab/main/icons/copy-type.svg
lucide	lab:cow-head	cowHead	lab/animals	Lucide Lab 实验图标 cow-head；分类: animals, food-beverage；tags: milk, dairy, drink, diet, unpasturised, lactose, livestock, cattle, calf, bovine, farmyard, hoofs, hooved, mammal, 🐮, 🐄	npm i @lucide/lab → import { cowHead } from '@lucide/lab'; <Icon iconNode={cowHead} />（Icon 来自 lucide-react）	free	install	url:https://raw.githubusercontent.com/lucide-icons/lucide-lab/main/icons/cow-head.svg
lucide	lab:cow-udder-droplets	cowUdderDroplets	lab/animals	Lucide Lab 实验图标 cow-udder-droplets；分类: animals, food-beverage；tags: milk, dairy, drink, diet, unpasturised, lactose, livestock, cattle, calf, bovine, farmyard, hoofs, hooved, mammal, 🐄, 🐮	npm i @lucide/lab → import { cowUdderDroplets } from '@lucide/lab'; <Icon iconNode={cowUdderDroplets} />（Icon 来自 lucide-react）	free	install	url:https://raw.githubusercontent.com/lucide-icons/lucide-lab/main/icons/cow-udder-droplets.svg
lucide	lab:crab	crab	lab/animals	Lucide Lab 实验图标 crab；分类: animals；tags: crustacean, shell, pinch, snap, crawl, sideways, ocean, marine life, seabed, seaside, summer holiday, beach, sand, water, bucket, fishing, catch, lobster, zodiac, astrology, star sign, cancer, horoscope	npm i @lucide/lab → import { crab } from '@lucide/lab'; <Icon iconNode={crab} />（Icon 来自 lucide-react）	free	install	url:https://raw.githubusercontent.com/lucide-icons/lucide-lab/main/icons/crab.svg
lucide	lab:cricket-ball	cricketBall	lab/sports	Lucide Lab 实验图标 cricket-ball；分类: sports, gaming；tags: bowler, batsman, batting, fielder, runs, wicket, innings, overs, score, umpire, spin, catch, bounce, ashes, summer	npm i @lucide/lab → import { cricketBall } from '@lucide/lab'; <Icon iconNode={cricketBall} />（Icon 来自 lucide-react）	free	install	url:https://raw.githubusercontent.com/lucide-icons/lucide-lab/main/icons/cricket-ball.svg
lucide	lab:cricket-wicket	cricketWicket	lab/sports	Lucide Lab 实验图标 cricket-wicket；分类: sports, gaming；tags: bowler, ball, batsman, batting, fielder, runs, innings, overs, out, duck, score, umpire, spin, catch, bounce, ashes, summer	npm i @lucide/lab → import { cricketWicket } from '@lucide/lab'; <Icon iconNode={cricketWicket} />（Icon 来自 lucide-react）	free	install	url:https://raw.githubusercontent.com/lucide-icons/lucide-lab/main/icons/cricket-wicket.svg
lucide	lab:cross-square	crossSquare	lab/medical	Lucide Lab 实验图标 cross-square；分类: medical, gaming；tags: healthcare, first aid kit, paramedic, medkit, medikit, medpack, medicine, pharmacy, pharmaceutical, add, cross, box	npm i @lucide/lab → import { crossSquare } from '@lucide/lab'; <Icon iconNode={crossSquare} />（Icon 来自 lucide-react）	free	install	url:https://raw.githubusercontent.com/lucide-icons/lucide-lab/main/icons/cross-square.svg
lucide	lab:crosshair-2-dot	crosshair2Dot	lab/gaming	Lucide Lab 实验图标 crosshair-2-dot；分类: gaming, cursors；tags: aim, target, scope, sight, reticule	npm i @lucide/lab → import { crosshair2Dot } from '@lucide/lab'; <Icon iconNode={crosshair2Dot} />（Icon 来自 lucide-react）	free	install	url:https://raw.githubusercontent.com/lucide-icons/lucide-lab/main/icons/crosshair-2-dot.svg
lucide	lab:crosshair-2	crosshair2	lab/gaming	Lucide Lab 实验图标 crosshair-2；分类: gaming, cursors；tags: aim, target, scope, sight, reticule	npm i @lucide/lab → import { crosshair2 } from '@lucide/lab'; <Icon iconNode={crosshair2} />（Icon 来自 lucide-react）	free	install	url:https://raw.githubusercontent.com/lucide-icons/lucide-lab/main/icons/crosshair-2.svg
lucide	lab:crosshair-plus-dot	crosshairPlusDot	lab/gaming	Lucide Lab 实验图标 crosshair-plus-dot；分类: gaming, cursors；tags: aim, target, scope, sight, reticule	npm i @lucide/lab → import { crosshairPlusDot } from '@lucide/lab'; <Icon iconNode={crosshairPlusDot} />（Icon 来自 lucide-react）	free	install	url:https://raw.githubusercontent.com/lucide-icons/lucide-lab/main/icons/crosshair-plus-dot.svg
lucide	lab:crosshair-plus	crosshairPlus	lab/gaming	Lucide Lab 实验图标 crosshair-plus；分类: gaming, cursors；tags: aim, target, scope, sight, reticule	npm i @lucide/lab → import { crosshairPlus } from '@lucide/lab'; <Icon iconNode={crosshairPlus} />（Icon 来自 lucide-react）	free	install	url:https://raw.githubusercontent.com/lucide-icons/lucide-lab/main/icons/crosshair-plus.svg
lucide	lab:crosshair-square	crosshairSquare	lab/gaming	Lucide Lab 实验图标 crosshair-square；分类: gaming, cursors, photography；tags: aim, target, scope, sight, reticule	npm i @lucide/lab → import { crosshairSquare } from '@lucide/lab'; <Icon iconNode={crosshairSquare} />（Icon 来自 lucide-react）	free	install	url:https://raw.githubusercontent.com/lucide-icons/lucide-lab/main/icons/crosshair-square.svg
lucide	lab:cup-saucer	cupSaucer	lab/food-beverage	Lucide Lab 实验图标 cup-saucer；分类: food-beverage；tags: mug, hot, drink, cafe, tea	npm i @lucide/lab → import { cupSaucer } from '@lucide/lab'; <Icon iconNode={cupSaucer} />（Icon 来自 lucide-react）	free	install	url:https://raw.githubusercontent.com/lucide-icons/lucide-lab/main/icons/cup-saucer.svg
lucide	lab:cup-to-go	cupToGo	lab/food-beverage	Lucide Lab 实验图标 cup-to-go；分类: food-beverage；tags: coffee, roast, ground, blend, arabica, filter, instant, cafe, hot, drink, barista, fair trade, packaging, disposable, recycling, cardboard, plastic, take away	npm i @lucide/lab → import { cupToGo } from '@lucide/lab'; <Icon iconNode={cupToGo} />（Icon 来自 lucide-react）	free	install	url:https://raw.githubusercontent.com/lucide-icons/lucide-lab/main/icons/cup-to-go.svg
lucide	lab:currency-square	currencySquare	lab/currency	Lucide Lab 实验图标 currency-square；分类: currency, money；tags: finance, financial, markets, exchange, trader, trading, transaction, payment, symbol, scarab, toolbar, button, ¤	npm i @lucide/lab → import { currencySquare } from '@lucide/lab'; <Icon iconNode={currencySquare} />（Icon 来自 lucide-react）	free	install	url:https://raw.githubusercontent.com/lucide-icons/lucide-lab/main/icons/currency-square.svg
lucide	lab:desk-lamp	deskLamp	lab/furniture	Lucide Lab 实验图标 desk-lamp；分类: furniture, home；tags: office, workstation, table, drawers, household, lighting, ambience, ambiance	npm i @lucide/lab → import { deskLamp } from '@lucide/lab'; <Icon iconNode={deskLamp} />（Icon 来自 lucide-react）	free	install	url:https://raw.githubusercontent.com/lucide-icons/lucide-lab/main/icons/desk-lamp.svg
lucide	lab:diaper	diaper	lab/people	Lucide Lab 实验图标 diaper；分类: people, home, shopping；tags: nappy, absorbent, potty, newborn, childproof, children, infant, kids, toddler, mother, mum, family	npm i @lucide/lab → import { diaper } from '@lucide/lab'; <Icon iconNode={diaper} />（Icon 来自 lucide-react）	free	install	url:https://raw.githubusercontent.com/lucide-icons/lucide-lab/main/icons/diaper.svg
lucide	lab:dishwasher	dishwasher	lab/home	Lucide Lab 实验图标 dishwasher；分类: home, devices, travel；tags: kitchen, appliances, amenities, electric, cleaning, cycle, plates, glasses, cutlery, utensils	npm i @lucide/lab → import { dishwasher } from '@lucide/lab'; <Icon iconNode={dishwasher} />（Icon 来自 lucide-react）	free	install	url:https://raw.githubusercontent.com/lucide-icons/lucide-lab/main/icons/dishwasher.svg
lucide	lab:dollar-sign-circle	dollarSignCircle	lab/currency	Lucide Lab 实验图标 dollar-sign-circle；分类: currency, money, shapes；tags: monetization, marketing, finance, financial, markets, exchange, trader, trading, transaction, payment, coin, usd, $；仓库 main 分支有，但 @lucide/lab 0.7.0 尚未发布，无法 import	npm i @lucide/lab → import { dollarSignCircle } from '@lucide/lab'; <Icon iconNode={dollarSignCircle} />（Icon 来自 lucide-react）	broken	install	url:https://raw.githubusercontent.com/lucide-icons/lucide-lab/main/icons/dollar-sign-circle.svg
lucide	lab:dollar-sign-square	dollarSignSquare	lab/currency	Lucide Lab 实验图标 dollar-sign-square；分类: currency, money, shapes；tags: monetization, marketing, finance, financial, markets, exchange, trader, trading, transaction, payment, usd, $, toolbar, button	npm i @lucide/lab → import { dollarSignSquare } from '@lucide/lab'; <Icon iconNode={dollarSignSquare} />（Icon 来自 lucide-react）	free	install	url:https://raw.githubusercontent.com/lucide-icons/lucide-lab/main/icons/dollar-sign-square.svg
lucide	lab:doorbell-intercom	doorbellIntercom	lab/buildings	Lucide Lab 实验图标 doorbell-intercom；分类: buildings, home, travel, security；tags: buzzer, speaker, call, service, summon, hospitality, hotel, accommodation, elevator, lift, ring, ding, sound, access, gate	npm i @lucide/lab → import { doorbellIntercom } from '@lucide/lab'; <Icon iconNode={doorbellIntercom} />（Icon 来自 lucide-react）	free	install	url:https://raw.githubusercontent.com/lucide-icons/lucide-lab/main/icons/doorbell-intercom.svg
lucide	lab:dress	dress	lab/shopping	Lucide Lab 实验图标 dress；分类: shopping, social；tags: skirt, womens, girls, female, ladies, store, sexy, classy, clothing, clothes, apparel, attire, outfit, fashion, formal, fancy, smart, refined, elegant, evening wear, nightlife, club, party, occasion, gathering, wedding, tailored, thread, cotton, staps	npm i @lucide/lab → import { dress } from '@lucide/lab'; <Icon iconNode={dress} />（Icon 来自 lucide-react）	free	install	url:https://raw.githubusercontent.com/lucide-icons/lucide-lab/main/icons/dress.svg
lucide	lab:egg-cup	eggCup	lab/food-beverage	Lucide Lab 实验图标 egg-cup；分类: food-beverage；tags: boiled, soldiers, continental breakfast, brunch, meal, morning	npm i @lucide/lab → import { eggCup } from '@lucide/lab'; <Icon iconNode={eggCup} />（Icon 来自 lucide-react）	free	install	url:https://raw.githubusercontent.com/lucide-icons/lucide-lab/main/icons/egg-cup.svg
lucide	lab:elephant-face	elephantFace	lab/animals	Lucide Lab 实验图标 elephant-face；分类: animals；tags: mammoth, mastodon, mammal, memory, remember, trunk, tusks, safari, savannah, wildlife, herbivore, herd, calf, dumbo, evernote	npm i @lucide/lab → import { elephantFace } from '@lucide/lab'; <Icon iconNode={elephantFace} />（Icon 来自 lucide-react）	free	install	url:https://raw.githubusercontent.com/lucide-icons/lucide-lab/main/icons/elephant-face.svg
lucide	lab:elephant	elephant	lab/animals	Lucide Lab 实验图标 elephant；分类: animals；tags: mammoth, mastodon, mammal, memory, remember, trunk, tusks, safari park, savannah, wildlife, herbivore, herd, calf, dumbo, 🐘	npm i @lucide/lab → import { elephant } from '@lucide/lab'; <Icon iconNode={elephant} />（Icon 来自 lucide-react）	free	install	url:https://raw.githubusercontent.com/lucide-icons/lucide-lab/main/icons/elephant.svg
lucide	lab:escalator-arrow-down-left	escalatorArrowDownLeft	lab/buildings	Lucide Lab 实验图标 escalator-arrow-down-left；分类: buildings, travel, arrows；tags: steps, stairs, staircase, conveyor belt, conveyer, ground floor, levels, signage, directions, diagonal	npm i @lucide/lab → import { escalatorArrowDownLeft } from '@lucide/lab'; <Icon iconNode={escalatorArrowDownLeft} />（Icon 来自 lucide-react）	free	install	url:https://raw.githubusercontent.com/lucide-icons/lucide-lab/main/icons/escalator-arrow-down-left.svg
lucide	lab:escalator-arrow-up-right	escalatorArrowUpRight	lab/buildings	Lucide Lab 实验图标 escalator-arrow-up-right；分类: buildings, travel, arrows；tags: steps, stairs, staircase, conveyor belt, conveyer, top floor, levels, signage, directions, diagonal	npm i @lucide/lab → import { escalatorArrowUpRight } from '@lucide/lab'; <Icon iconNode={escalatorArrowUpRight} />（Icon 来自 lucide-react）	free	install	url:https://raw.githubusercontent.com/lucide-icons/lucide-lab/main/icons/escalator-arrow-up-right.svg
lucide	lab:euro-circle	euroCircle	lab/currency	Lucide Lab 实验图标 euro-circle；分类: currency, money, shapes；tags: monetization, marketing, finance, financial, markets, exchange, trader, trading, transaction, payment, coin, €	npm i @lucide/lab → import { euroCircle } from '@lucide/lab'; <Icon iconNode={euroCircle} />（Icon 来自 lucide-react）	free	install	url:https://raw.githubusercontent.com/lucide-icons/lucide-lab/main/icons/euro-circle.svg
lucide	lab:euro-square	euroSquare	lab/currency	Lucide Lab 实验图标 euro-square；分类: currency, money, shapes；tags: monetization, marketing, finance, financial, markets, exchange, trader, trading, transaction, payment, €, toolbar, button	npm i @lucide/lab → import { euroSquare } from '@lucide/lab'; <Icon iconNode={euroSquare} />（Icon 来自 lucide-react）	free	install	url:https://raw.githubusercontent.com/lucide-icons/lucide-lab/main/icons/euro-square.svg
lucide	lab:face-alien	faceAlien	lab/science	Lucide Lab 实验图标 face-alien；分类: science, emoji, gaming；tags: extraterrestrial, life form, outer space, interplanetary, galactic, universe, area 51, 👽️	npm i @lucide/lab → import { faceAlien } from '@lucide/lab'; <Icon iconNode={faceAlien} />（Icon 来自 lucide-react）	free	install	url:https://raw.githubusercontent.com/lucide-icons/lucide-lab/main/icons/face-alien.svg
lucide	lab:fan-handheld	fanHandheld	lab/tools	Lucide Lab 实验图标 fan-handheld；分类: tools, social, design；tags: folding, cooler, airflow, waft, decoration, ornate, oriental, chinese, culture, wisdom, colors, spectrum, range, guide	npm i @lucide/lab → import { fanHandheld } from '@lucide/lab'; <Icon iconNode={fanHandheld} />（Icon 来自 lucide-react）	free	install	url:https://raw.githubusercontent.com/lucide-icons/lucide-lab/main/icons/fan-handheld.svg
lucide	lab:farm	farm	lab/buildings	Lucide Lab 实验图标 farm；分类: buildings, maps, sustainability, animals, food-beverage；tags: farmland, ranch, acres, fields, harvest, silo, farmhouse, barn, door	npm i @lucide/lab → import { farm } from '@lucide/lab'; <Icon iconNode={farm} />（Icon 来自 lucide-react）	free	install	url:https://raw.githubusercontent.com/lucide-icons/lucide-lab/main/icons/farm.svg
lucide	lab:faucet	faucet	lab/food-beverage	Lucide Lab 实验图标 faucet；分类: food-beverage, home, maps；tags: tap, spigot, water, drinking, fresh, source, pipes, plumbing, plumber	npm i @lucide/lab → import { faucet } from '@lucide/lab'; <Icon iconNode={faucet} />（Icon 来自 lucide-react）	free	install	url:https://raw.githubusercontent.com/lucide-icons/lucide-lab/main/icons/faucet.svg
lucide	lab:feather-plus	featherPlus	lab/text	Lucide Lab 实验图标 feather-plus；分类: text, social；tags: quill, pen, write, writing, prose, inkwell, scribe, scroll, draft, new, add, +	npm i @lucide/lab → import { featherPlus } from '@lucide/lab'; <Icon iconNode={featherPlus} />（Icon 来自 lucide-react）	free	install	url:https://raw.githubusercontent.com/lucide-icons/lucide-lab/main/icons/feather-plus.svg
lucide	lab:feather-square	featherSquare	lab/text	Lucide Lab 实验图标 feather-square；分类: text, social, shapes；tags: quill, pen, write, writing, prose, inkwell, scribe, scroll, draft, edit	npm i @lucide/lab → import { featherSquare } from '@lucide/lab'; <Icon iconNode={featherSquare} />（Icon 来自 lucide-react）	free	install	url:https://raw.githubusercontent.com/lucide-icons/lucide-lab/main/icons/feather-square.svg
lucide	lab:feather-text	featherText	lab/text	Lucide Lab 实验图标 feather-text；分类: text；tags: quill, pen, write, writing, prose, inkwell, scribe, scroll, draft, signature	npm i @lucide/lab → import { featherText } from '@lucide/lab'; <Icon iconNode={featherText} />（Icon 来自 lucide-react）	free	install	url:https://raw.githubusercontent.com/lucide-icons/lucide-lab/main/icons/feather-text.svg
lucide	lab:flippers	flippers	lab/travel	Lucide Lab 实验图标 flippers；分类: travel, maps；tags: snorkeling, scuba, submerge, freediving, diver, location, spot, gear, equipment, vacation, summer holiday, seaside, beach, marine, ocean, depth, deep, underwater, aquatic, encounter, exploration, tourism	npm i @lucide/lab → import { flippers } from '@lucide/lab'; <Icon iconNode={flippers} />（Icon 来自 lucide-react）	free	install	url:https://raw.githubusercontent.com/lucide-icons/lucide-lab/main/icons/flippers.svg
lucide	lab:floor-plan	floorPlan	lab/buildings	Lucide Lab 实验图标 floor-plan；分类: buildings；tags: blueprint, property, real estate, house, home, dwelling, living space, rooms, doorway, area, measure, square meter	npm i @lucide/lab → import { floorPlan } from '@lucide/lab'; <Icon iconNode={floorPlan} />（Icon 来自 lucide-react）	free	install	url:https://raw.githubusercontent.com/lucide-icons/lucide-lab/main/icons/floor-plan.svg
lucide	lab:floppy-disk-2	floppyDisk2	lab/files	Lucide Lab 实验图标 floppy-disk-2；分类: files, devices；tags: format, data, storage, capacity, megabytes, mb, label	npm i @lucide/lab → import { floppyDisk2 } from '@lucide/lab'; <Icon iconNode={floppyDisk2} />（Icon 来自 lucide-react）	free	install	url:https://raw.githubusercontent.com/lucide-icons/lucide-lab/main/icons/floppy-disk-2.svg
lucide	lab:floppy-disk-rear	floppyDiskRear	lab/files	Lucide Lab 实验图标 floppy-disk-rear；分类: files, devices；tags: format, data, storage, capacity, megabytes, mb, label, back, reverse	npm i @lucide/lab → import { floppyDiskRear } from '@lucide/lab'; <Icon iconNode={floppyDiskRear} />（Icon 来自 lucide-react）	free	install	url:https://raw.githubusercontent.com/lucide-icons/lucide-lab/main/icons/floppy-disk-rear.svg
lucide	lab:floppy-disk	floppyDisk	lab/files	Lucide Lab 实验图标 floppy-disk；分类: files, devices；tags: format, data, storage, capacity, megabytes, mb, label；仓库 main 分支有，但 @lucide/lab 0.7.0 尚未发布，无法 import	npm i @lucide/lab → import { floppyDisk } from '@lucide/lab'; <Icon iconNode={floppyDisk} />（Icon 来自 lucide-react）	broken	install	url:https://raw.githubusercontent.com/lucide-icons/lucide-lab/main/icons/floppy-disk.svg
lucide	lab:floppy-disks-2	floppyDisks2	lab/files	Lucide Lab 实验图标 floppy-disks-2；分类: files, devices；tags: copy, format, data, storage, capacity, megabytes, mb, label	npm i @lucide/lab → import { floppyDisks2 } from '@lucide/lab'; <Icon iconNode={floppyDisks2} />（Icon 来自 lucide-react）	free	install	url:https://raw.githubusercontent.com/lucide-icons/lucide-lab/main/icons/floppy-disks-2.svg
lucide	lab:floppy-disks-rear	floppyDisksRear	lab/files	Lucide Lab 实验图标 floppy-disks-rear；分类: files, devices；tags: copy, format, data, storage, capacity, megabytes, mb, label, back, reverse	npm i @lucide/lab → import { floppyDisksRear } from '@lucide/lab'; <Icon iconNode={floppyDisksRear} />（Icon 来自 lucide-react）	free	install	url:https://raw.githubusercontent.com/lucide-icons/lucide-lab/main/icons/floppy-disks-rear.svg
lucide	lab:floppy-disks	floppyDisks	lab/files	Lucide Lab 实验图标 floppy-disks；分类: files, devices；tags: copy, format, data, storage, capacity, megabytes, mb, label；仓库 main 分支有，但 @lucide/lab 0.7.0 尚未发布，无法 import	npm i @lucide/lab → import { floppyDisks } from '@lucide/lab'; <Icon iconNode={floppyDisks} />（Icon 来自 lucide-react）	broken	install	url:https://raw.githubusercontent.com/lucide-icons/lucide-lab/main/icons/floppy-disks.svg
lucide	lab:flower-lotus	flowerLotus	lab/nature	Lucide Lab 实验图标 flower-lotus；分类: nature, seasons, sustainability；tags: water lily, petals, plant, spring, bloom, blossom, flora, pond, aquatic, sacred, purity, longevity, culture, philosopy, sprituality, meditation, wellbeing, lifestyle	npm i @lucide/lab → import { flowerLotus } from '@lucide/lab'; <Icon iconNode={flowerLotus} />（Icon 来自 lucide-react）	free	install	url:https://raw.githubusercontent.com/lucide-icons/lucide-lab/main/icons/flower-lotus.svg
lucide	lab:flower-pot	flowerPot	lab/nature	Lucide Lab 实验图标 flower-pot；分类: nature, seasons, home, gaming；tags: petals, houseplant, stem, spring, bloom, blossom, gardening, botanical, flora, florist	npm i @lucide/lab → import { flowerPot } from '@lucide/lab'; <Icon iconNode={flowerPot} />（Icon 来自 lucide-react）	free	install	url:https://raw.githubusercontent.com/lucide-icons/lucide-lab/main/icons/flower-pot.svg
lucide	lab:flower-rose-single	flowerRoseSingle	lab/nature	Lucide Lab 实验图标 flower-rose-single；分类: nature, seasons, sustainability, home, social；tags: roses, thorns, petals, plant, stem, leaves, spring, bloom, blossom, gardening, botanical, flora, florist, bouquet, bunch, gift, date, romance, romantic, valentines day, special occasion	npm i @lucide/lab → import { flowerRoseSingle } from '@lucide/lab'; <Icon iconNode={flowerRoseSingle} />（Icon 来自 lucide-react）	free	install	url:https://raw.githubusercontent.com/lucide-icons/lucide-lab/main/icons/flower-rose-single.svg
lucide	lab:flower-rose	flowerRose	lab/nature	Lucide Lab 实验图标 flower-rose；分类: nature, seasons, sustainability, home, social；tags: roses, thorns, petals, plant, stem, leaves, spring, bloom, blossom, gardening, botanical, flora, florist, bouquet, bunch, gift, date, romance, romantic, valentines day, special occasion	npm i @lucide/lab → import { flowerRose } from '@lucide/lab'; <Icon iconNode={flowerRose} />（Icon 来自 lucide-react）	free	install	url:https://raw.githubusercontent.com/lucide-icons/lucide-lab/main/icons/flower-rose.svg
lucide	lab:flower-stem	flowerStem	lab/nature	Lucide Lab 实验图标 flower-stem；分类: nature, seasons, sustainability, home, gaming；tags: petals, plant, leaves, spring, bloom, blossom, gardening, botanical, flora, florist, bouquet, bunch, gift, special occasion；仓库 main 分支有，但 @lucide/lab 0.7.0 尚未发布，无法 import	npm i @lucide/lab → import { flowerStem } from '@lucide/lab'; <Icon iconNode={flowerStem} />（Icon 来自 lucide-react）	broken	install	url:https://raw.githubusercontent.com/lucide-icons/lucide-lab/main/icons/flower-stem.svg
lucide	lab:flower-tulip	flowerTulip	lab/nature	Lucide Lab 实验图标 flower-tulip；分类: nature, seasons, sustainability, home, gaming；tags: petals, plant, stem, leaves, spring, bloom, blossom, gardening, botanical, flora, florist, bouquet, bunch, gift, romantic, special occasion	npm i @lucide/lab → import { flowerTulip } from '@lucide/lab'; <Icon iconNode={flowerTulip} />（Icon 来自 lucide-react）	free	install	url:https://raw.githubusercontent.com/lucide-icons/lucide-lab/main/icons/flower-tulip.svg
lucide	lab:football-goal	footballGoal	lab/sports	Lucide Lab 实验图标 football-goal；分类: sports, gaming；tags: american, gridiron, posts, field, score, touchdown, pitch, team	npm i @lucide/lab → import { footballGoal } from '@lucide/lab'; <Icon iconNode={footballGoal} />（Icon 来自 lucide-react）	free	install	url:https://raw.githubusercontent.com/lucide-icons/lucide-lab/main/icons/football-goal.svg
lucide	lab:football-helmet	footballHelmet	lab/sports	Lucide Lab 实验图标 football-helmet；分类: sports, gaming；tags: american, gridiron, touchdown, kick, pitch, team, cricket, protective equipment, protection, padding, headgear, goal, score, bounce	npm i @lucide/lab → import { footballHelmet } from '@lucide/lab'; <Icon iconNode={footballHelmet} />（Icon 来自 lucide-react）	free	install	url:https://raw.githubusercontent.com/lucide-icons/lucide-lab/main/icons/football-helmet.svg
lucide	lab:football	football	lab/sports	Lucide Lab 实验图标 football；分类: sports, gaming；tags: rugby, american, touchdown, kick, pitch, team, goal, score, bounce, super bowl, nfl	npm i @lucide/lab → import { football } from '@lucide/lab'; <Icon iconNode={football} />（Icon 来自 lucide-react）	free	install	url:https://raw.githubusercontent.com/lucide-icons/lucide-lab/main/icons/football.svg
lucide	lab:fork-knife-crossed	forkKnifeCrossed	lab/food-beverage	Lucide Lab 实验图标 fork-knife-crossed；分类: food-beverage, home, tools, travel, maps；tags: utensils, kitchenware, cutlery, culinary, cooking, cookery, cut, slice, eat, restaurant, meal, breakfast, brunch, lunch, dinner, supper；仓库 main 分支有，但 @lucide/lab 0.7.0 尚未发布，无法 import	npm i @lucide/lab → import { forkKnifeCrossed } from '@lucide/lab'; <Icon iconNode={forkKnifeCrossed} />（Icon 来自 lucide-react）	broken	install	url:https://raw.githubusercontent.com/lucide-icons/lucide-lab/main/icons/fork-knife-crossed.svg
lucide	lab:fork-knife	forkKnife	lab/food-beverage	Lucide Lab 实验图标 fork-knife；分类: food-beverage, home, tools, travel, maps；tags: utensils, kitchenware, cutlery, culinary, cooking, cookery, cut, slice, eat, restaurant, meal, breakfast, brunch, lunch, dinner, supper；仓库 main 分支有，但 @lucide/lab 0.7.0 尚未发布，无法 import	npm i @lucide/lab → import { forkKnife } from '@lucide/lab'; <Icon iconNode={forkKnife} />（Icon 来自 lucide-react）	broken	install	url:https://raw.githubusercontent.com/lucide-icons/lucide-lab/main/icons/fork-knife.svg
lucide	lab:fox-face-tail	foxFaceTail	lab/animals	Lucide Lab 实验图标 fox-face-tail；分类: animals；tags: sly, wily, cunning, canine, mammal, bushy, furry, firefox, 🦊	npm i @lucide/lab → import { foxFaceTail } from '@lucide/lab'; <Icon iconNode={foxFaceTail} />（Icon 来自 lucide-react）	free	install	url:https://raw.githubusercontent.com/lucide-icons/lucide-lab/main/icons/fox-face-tail.svg
lucide	lab:frog-face	frogFace	lab/animals	Lucide Lab 实验图标 frog-face；分类: animals；tags: jump, hop, lilly pad, pond life, aquatic, amphibian, tadpole, 🐸	npm i @lucide/lab → import { frogFace } from '@lucide/lab'; <Icon iconNode={frogFace} />（Icon 来自 lucide-react）	free	install	url:https://raw.githubusercontent.com/lucide-icons/lucide-lab/main/icons/frog-face.svg
lucide	lab:fruit	fruit	lab/food-beverage	Lucide Lab 实验图标 fruit；分类: food-beverage, gaming, time, devices, home；tags: citrus, orange, grapefruit, lime, tomato, pomodoro technique, productivity, work, egg timer, timing, alarm, alert, olive, pitted, passion fruit, guava, juice, squeeze, smoothie, tropical, sweet, bitter, snack, meal, lunch, ingredient, cooking, cookery, kitchen, cuisine, eating, healthy, nutrition, diet, fruit machine, slots, gambling, jackpot	npm i @lucide/lab → import { fruit } from '@lucide/lab'; <Icon iconNode={fruit} />（Icon 来自 lucide-react）	free	install	url:https://raw.githubusercontent.com/lucide-icons/lucide-lab/main/icons/fruit.svg
lucide	lab:garlic	garlic	lab/food-beverage	Lucide Lab 实验图标 garlic；分类: food-beverage；tags: flavor, flavour, spice, vegetable, ingredient, cooking, cookery, kitchen, cuisine, eating, nutrition, diet	npm i @lucide/lab → import { garlic } from '@lucide/lab'; <Icon iconNode={garlic} />（Icon 来自 lucide-react）	free	install	url:https://raw.githubusercontent.com/lucide-icons/lucide-lab/main/icons/garlic.svg
lucide	lab:gearbox-square	gearboxSquare	lab/sports	Lucide Lab 实验图标 gearbox-square；分类: sports, gaming；tags: gears, gear lever, gearstick, shift, speed, driving, driver, racing, racer, motor sport, formula one, formula 1, f1, car, vehicle, mechanical, clutch, ratio	npm i @lucide/lab → import { gearboxSquare } from '@lucide/lab'; <Icon iconNode={gearboxSquare} />（Icon 来自 lucide-react）	free	install	url:https://raw.githubusercontent.com/lucide-icons/lucide-lab/main/icons/gearbox-square.svg
lucide	lab:gearbox	gearbox	lab/sports	Lucide Lab 实验图标 gearbox；分类: sports, gaming；tags: gears, gear lever, gearstick, shift, speed, driving, driver, racing, racer, motor sport, formula one, formula 1, f1, car, vehicle, mechanical, clutch, ratio	npm i @lucide/lab → import { gearbox } from '@lucide/lab'; <Icon iconNode={gearbox} />（Icon 来自 lucide-react）	free	install	url:https://raw.githubusercontent.com/lucide-icons/lucide-lab/main/icons/gearbox.svg
lucide	lab:gem-ring	gemRing	lab/social	Lucide Lab 实验图标 gem-ring；分类: social；tags: diamond, crystal, ruby, rock, jewellery, price, special, present, gift, wedding, proposal, marriage, accessories	npm i @lucide/lab → import { gemRing } from '@lucide/lab'; <Icon iconNode={gemRing} />（Icon 来自 lucide-react）	free	install	url:https://raw.githubusercontent.com/lucide-icons/lucide-lab/main/icons/gem-ring.svg
lucide	lab:glasses-square	glassesSquare	lab/accessibility	Lucide Lab 实验图标 glasses-square；分类: accessibility, medical, shopping；tags: spectacles, eyesight, vision, reading, learning, education, academic, books, nerd, geek	npm i @lucide/lab → import { glassesSquare } from '@lucide/lab'; <Icon iconNode={glassesSquare} />（Icon 来自 lucide-react）	free	install	url:https://raw.githubusercontent.com/lucide-icons/lucide-lab/main/icons/glasses-square.svg
lucide	lab:glasses-sun	glassesSun	lab/shopping	Lucide Lab 实验图标 glasses-sun；分类: shopping, travel；tags: aviators, shades, sunglasses, summer holiday, seaside, beachwear, vacation, accessories, fashion	npm i @lucide/lab → import { glassesSun } from '@lucide/lab'; <Icon iconNode={glassesSun} />（Icon 来自 lucide-react）	free	install	url:https://raw.githubusercontent.com/lucide-icons/lucide-lab/main/icons/glasses-sun.svg
lucide	lab:goal-net	goalNet	lab/sports	Lucide Lab 实验图标 goal-net；分类: sports, gaming；tags: score, football, futbol, soccer, ice hockey, posts, crossbar, kick, pitch, penalty	npm i @lucide/lab → import { goalNet } from '@lucide/lab'; <Icon iconNode={goalNet} />（Icon 来自 lucide-react）	free	install	url:https://raw.githubusercontent.com/lucide-icons/lucide-lab/main/icons/goal-net.svg
lucide	lab:goblet-crack	gobletCrack	lab/food-beverage	Lucide Lab 实验图标 goblet-crack；分类: food-beverage, social, transportation, mail；tags: glass, chalice, broken, break, smash, fragile, damaged, package, transit, shipping, postage	npm i @lucide/lab → import { gobletCrack } from '@lucide/lab'; <Icon iconNode={gobletCrack} />（Icon 来自 lucide-react）	free	install	url:https://raw.githubusercontent.com/lucide-icons/lucide-lab/main/icons/goblet-crack.svg
lucide	lab:goblet	goblet	lab/food-beverage	Lucide Lab 实验图标 goblet；分类: food-beverage, social；tags: glass, chalice, alcohol, drink, vineyard, winery, red, white, rose, dry, sparkling, gin & tonic, spirits, cocktail, bar, party, nightclub, nightlife, sommelier, restaurant, dinner, meal	npm i @lucide/lab → import { goblet } from '@lucide/lab'; <Icon iconNode={goblet} />（Icon 来自 lucide-react）	free	install	url:https://raw.githubusercontent.com/lucide-icons/lucide-lab/main/icons/goblet.svg
lucide	lab:golf-driver	golfDriver	lab/sports	Lucide Lab 实验图标 golf-driver；分类: sports, gaming；tags: tee off, driving range, sand wedge, pitching wedge, course, hole in one, par, double bogey, birdie, eagle, albatross, handicap, caddie, caddy, bunker, rough	npm i @lucide/lab → import { golfDriver } from '@lucide/lab'; <Icon iconNode={golfDriver} />（Icon 来自 lucide-react）	free	install	url:https://raw.githubusercontent.com/lucide-icons/lucide-lab/main/icons/golf-driver.svg
lucide	lab:grapes	grapes	lab/food-beverage	Lucide Lab 实验图标 grapes；分类: food-beverage；tags: bunch, wine, vineyard, seedless, blackberry, blackberries, rasberry, rasberries, wild berries, juice, squeeze, smoothie, sweet, snack, meal, lunch, eating, healthy, nutrition, diet, picked, fruit machine, slots, gambling, jackpot；仓库 main 分支有，但 @lucide/lab 0.7.0 尚未发布，无法 import	npm i @lucide/lab → import { grapes } from '@lucide/lab'; <Icon iconNode={grapes} />（Icon 来自 lucide-react）	broken	install	url:https://raw.githubusercontent.com/lucide-icons/lucide-lab/main/icons/grapes.svg
lucide	lab:grid-lines-offset	gridLinesOffset	lab/layout	Lucide Lab 实验图标 grid-lines-offset；分类: layout, design, tools；tags: guides	npm i @lucide/lab → import { gridLinesOffset } from '@lucide/lab'; <Icon iconNode={gridLinesOffset} />（Icon 来自 lucide-react）	free	install	url:https://raw.githubusercontent.com/lucide-icons/lucide-lab/main/icons/grid-lines-offset.svg
lucide	lab:grid-lines	gridLines	lab/layout	Lucide Lab 实验图标 grid-lines；分类: layout, design, tools, maths, gaming；tags: table, guides, number, pound, tic-tac-toe, noughts and crosses	npm i @lucide/lab → import { gridLines } from '@lucide/lab'; <Icon iconNode={gridLines} />（Icon 来自 lucide-react）	free	install	url:https://raw.githubusercontent.com/lucide-icons/lucide-lab/main/icons/grid-lines.svg
lucide	lab:hairdryer	hairdryer	lab/home	Lucide Lab 实验图标 hairdryer；分类: home, travel, devices；tags: hairdrier, hairstyle, hairdresser, salon, styling, heat, amenities, electronics	npm i @lucide/lab → import { hairdryer } from '@lucide/lab'; <Icon iconNode={hairdryer} />（Icon 来自 lucide-react）	free	install	url:https://raw.githubusercontent.com/lucide-icons/lucide-lab/main/icons/hairdryer.svg
lucide	lab:hat-baseball	hatBaseball	lab/shopping	Lucide Lab 实验图标 hat-baseball；分类: shopping, sports；tags: cap, hats, headwear, headgear, mens, boys, store, clothing, clothes, accessories, apparel, attire, fashion	npm i @lucide/lab → import { hatBaseball } from '@lucide/lab'; <Icon iconNode={hatBaseball} />（Icon 来自 lucide-react）	free	install	url:https://raw.githubusercontent.com/lucide-icons/lucide-lab/main/icons/hat-baseball.svg
lucide	lab:hat-beanie	hatBeanie	lab/shopping	Lucide Lab 实验图标 hat-beanie；分类: shopping, seasons；tags: bobble, wooly, woolly, winter, cold, headgear, apparel, fashion	npm i @lucide/lab → import { hatBeanie } from '@lucide/lab'; <Icon iconNode={hatBeanie} />（Icon 来自 lucide-react）	free	install	url:https://raw.githubusercontent.com/lucide-icons/lucide-lab/main/icons/hat-beanie.svg
lucide	lab:hat-bowler	hatBowler	lab/shopping	Lucide Lab 实验图标 hat-bowler；分类: shopping, social, travel；tags: hats, headwear, headgear, gentleman, mens, boys, store, clothing, clothes, accessories, apparel, attire, outfit, fashion, formal, fancy dress, costume, smart, classic, refined, elegant, evening, black tie event, occasion, gathering, vacation, summer holiday, straw	npm i @lucide/lab → import { hatBowler } from '@lucide/lab'; <Icon iconNode={hatBowler} />（Icon 来自 lucide-react）	free	install	url:https://raw.githubusercontent.com/lucide-icons/lucide-lab/main/icons/hat-bowler.svg
lucide	lab:hat-chef	hatChef	lab/food-beverage	Lucide Lab 实验图标 hat-chef；分类: food-beverage；tags: cooking, kitchen, restaurant；仓库 main 分支有，但 @lucide/lab 0.7.0 尚未发布，无法 import	npm i @lucide/lab → import { hatChef } from '@lucide/lab'; <Icon iconNode={hatChef} />（Icon 来自 lucide-react）	broken	install	url:https://raw.githubusercontent.com/lucide-icons/lucide-lab/main/icons/hat-chef.svg
lucide	lab:hat-hard	hatHard	lab/tools	Lucide Lab 实验图标 hat-hard；分类: tools；tags: helmet, headgear, construction, protective, safety, builder；仓库 main 分支有，但 @lucide/lab 0.7.0 尚未发布，无法 import	npm i @lucide/lab → import { hatHard } from '@lucide/lab'; <Icon iconNode={hatHard} />（Icon 来自 lucide-react）	broken	install	url:https://raw.githubusercontent.com/lucide-icons/lucide-lab/main/icons/hat-hard.svg
lucide	lab:hat-top	hatTop	lab/shopping	Lucide Lab 实验图标 hat-top；分类: shopping, social；tags: hats, headwear, headgear, gentleman, mens, boys, store, clothing, clothes, accessories, apparel, attire, outfit, fashion, formal, fancy dress, costume, smart, classic, refined, elegant, evening, black tie event, occasion, wedding, groom, gathering	npm i @lucide/lab → import { hatTop } from '@lucide/lab'; <Icon iconNode={hatTop} />（Icon 来自 lucide-react）	free	install	url:https://raw.githubusercontent.com/lucide-icons/lucide-lab/main/icons/hat-top.svg
lucide	lab:heading-circle	headingCircle	lab/medical	Lucide Lab 实验图标 heading-circle；分类: medical, transportation, shapes；tags: hospital, accident, emergency, helicopter pad, helipad, help	npm i @lucide/lab → import { headingCircle } from '@lucide/lab'; <Icon iconNode={headingCircle} />（Icon 来自 lucide-react）	free	install	url:https://raw.githubusercontent.com/lucide-icons/lucide-lab/main/icons/heading-circle.svg
lucide	lab:heading-square	headingSquare	lab/text	Lucide Lab 实验图标 heading-square；分类: text, tools, design, development, medical, shapes；tags: h1, html, markup, markdown, #, ==, toolbar, formatting, styling, typography, hospital, accident, emergency, help	npm i @lucide/lab → import { headingSquare } from '@lucide/lab'; <Icon iconNode={headingSquare} />（Icon 来自 lucide-react）	free	install	url:https://raw.githubusercontent.com/lucide-icons/lucide-lab/main/icons/heading-square.svg
lucide	lab:hedgehog	hedgehog	lab/animals	Lucide Lab 实验图标 hedgehog；分类: animals；tags: porcupine, prickly, spiny, spiky, spikes, defences, defend, mammal, woodland, garden	npm i @lucide/lab → import { hedgehog } from '@lucide/lab'; <Icon iconNode={hedgehog} />（Icon 来自 lucide-react）	free	install	url:https://raw.githubusercontent.com/lucide-icons/lucide-lab/main/icons/hedgehog.svg
lucide	lab:helmet-diving	helmetDiving	lab/science	Lucide Lab 实验图标 helmet-diving；分类: science, travel, maps；tags: submerge, diver, location, spot, gear, equipment, safety, sea, ocean, depth, deep, decompression, pressure, underwater, oxygen, o2, breathe, air, aquatic, encounter, exploration, discovery, observe, view, marine life, shipwreck, tourism	npm i @lucide/lab → import { helmetDiving } from '@lucide/lab'; <Icon iconNode={helmetDiving} />（Icon 来自 lucide-react）	free	install	url:https://raw.githubusercontent.com/lucide-icons/lucide-lab/main/icons/helmet-diving.svg
lucide	lab:hexagons-3	hexagons3	lab/shapes	Lucide Lab 实验图标 hexagons-3；分类: shapes, food-beverage；tags: honeycomb, beeswax, cells, cluster, tessellation, pollen, pollinate	npm i @lucide/lab → import { hexagons3 } from '@lucide/lab'; <Icon iconNode={hexagons3} />（Icon 来自 lucide-react）	free	install	url:https://raw.githubusercontent.com/lucide-icons/lucide-lab/main/icons/hexagons-3.svg
lucide	lab:hexagons-7	hexagons7	lab/shapes	Lucide Lab 实验图标 hexagons-7；分类: shapes, food-beverage；tags: honeycomb, beeswax, cells, cluster, tessellation, pollen, pollinate	npm i @lucide/lab → import { hexagons7 } from '@lucide/lab'; <Icon iconNode={hexagons7} />（Icon 来自 lucide-react）	free	install	url:https://raw.githubusercontent.com/lucide-icons/lucide-lab/main/icons/hexagons-7.svg
lucide	lab:high-heel	highHeel	lab/shopping	Lucide Lab 实验图标 high-heel；分类: shopping, social；tags: stiletto, platform, shoe, footwear, womens, girls, female, ladies, store, sexy, classy, clothing, clothes, apparel, attire, outfit, fashion, formal, fancy, refined, dressy, smart, elegant, evening, nightlife, club, party, occasion, gathering, leather	npm i @lucide/lab → import { highHeel } from '@lucide/lab'; <Icon iconNode={highHeel} />（Icon 来自 lucide-react）	free	install	url:https://raw.githubusercontent.com/lucide-icons/lucide-lab/main/icons/high-heel.svg
lucide	lab:hockey-mask	hockeyMask	lab/sports	Lucide Lab 实验图标 hockey-mask；分类: sports, gaming；tags: ice hockey, puck, goalkeeper, goalie, team, protective equipment, protection, padding, headgear, face, winter sports, horror, scary, scared, halloween, costume	npm i @lucide/lab → import { hockeyMask } from '@lucide/lab'; <Icon iconNode={hockeyMask} />（Icon 来自 lucide-react）	free	install	url:https://raw.githubusercontent.com/lucide-icons/lucide-lab/main/icons/hockey-mask.svg
lucide	lab:hockey	hockey	lab/sports	Lucide Lab 实验图标 hockey；分类: sports, gaming；tags: stick, ball, goalkeeper, goalie, team, protective equipment, protection, face, winter sports, horror, scary, scared, halloween, costume	npm i @lucide/lab → import { hockey } from '@lucide/lab'; <Icon iconNode={hockey} />（Icon 来自 lucide-react）	free	install	url:https://raw.githubusercontent.com/lucide-icons/lucide-lab/main/icons/hockey.svg
lucide	lab:horse-head	horseHead	lab/animals	Lucide Lab 实验图标 horse-head；分类: animals, gaming；tags: donkey, pony, calf, filly, stallion, steed, mare, mammal, equestrian, horseback, ride, riding, racing, furlong, betting, gambling, 🐴	npm i @lucide/lab → import { horseHead } from '@lucide/lab'; <Icon iconNode={horseHead} />（Icon 来自 lucide-react）	free	install	url:https://raw.githubusercontent.com/lucide-icons/lucide-lab/main/icons/horse-head.svg
lucide	lab:hot-dog	hotDog	lab/food-beverage	Lucide Lab 实验图标 hot-dog；分类: food-beverage；tags: banger, wiener, wurst, jumbo, bun, meat, pork, fast food, junk food, snack, dish, restaurant, lunch, meal, savory, savoury, cookery, cooking, grilled, barbecue, barbeque, bbq	npm i @lucide/lab → import { hotDog } from '@lucide/lab'; <Icon iconNode={hotDog} />（Icon 来自 lucide-react）	free	install	url:https://raw.githubusercontent.com/lucide-icons/lucide-lab/main/icons/hot-dog.svg
lucide	lab:house-manor	houseManor	lab/buildings	Lucide Lab 实验图标 house-manor；分类: buildings, travel, maps, home；tags: mansion, country, property, real estate, dwellings, living, rooms, door, chimneys, land, acres	npm i @lucide/lab → import { houseManor } from '@lucide/lab'; <Icon iconNode={houseManor} />（Icon 来自 lucide-react）	free	install	url:https://raw.githubusercontent.com/lucide-icons/lucide-lab/main/icons/house-manor.svg
lucide	lab:house-off	houseOff	lab/account	Lucide Lab 实验图标 house-off；分类: account, home, buildings；tags: property, real estate, dwellings, living, rooms, door, automation, iot, disconnected, disabled, deactivated, unpowered	npm i @lucide/lab → import { houseOff } from '@lucide/lab'; <Icon iconNode={houseOff} />（Icon 来自 lucide-react）	free	install	url:https://raw.githubusercontent.com/lucide-icons/lucide-lab/main/icons/house-off.svg
lucide	lab:house-roof-off	houseRoofOff	lab/account	Lucide Lab 实验图标 house-roof-off；分类: account, home, buildings；tags: property, real estate, dwellings, living, rooms, door, automation, iot, disconnected, disabled, deactivated, unpowered	npm i @lucide/lab → import { houseRoofOff } from '@lucide/lab'; <Icon iconNode={houseRoofOff} />（Icon 来自 lucide-react）	free	install	url:https://raw.githubusercontent.com/lucide-icons/lucide-lab/main/icons/house-roof-off.svg
lucide	lab:house-roof	houseRoof	lab/account	Lucide Lab 实验图标 house-roof；分类: account, home, buildings；tags: property, real estate, dwellings, living, rooms, door, thatch, snow	npm i @lucide/lab → import { houseRoof } from '@lucide/lab'; <Icon iconNode={houseRoof} />（Icon 来自 lucide-react）	free	install	url:https://raw.githubusercontent.com/lucide-icons/lucide-lab/main/icons/house-roof.svg
lucide	lab:house	house	lab/account	Lucide Lab 实验图标 house；分类: account, home, buildings；tags: property, real estate, dwellings, living, rooms, door；仓库 main 分支有，但 @lucide/lab 0.7.0 尚未发布，无法 import	npm i @lucide/lab → import { house } from '@lucide/lab'; <Icon iconNode={house} />（Icon 来自 lucide-react）	broken	install	url:https://raw.githubusercontent.com/lucide-icons/lucide-lab/main/icons/house.svg
lucide	lab:houses	houses	lab/buildings	Lucide Lab 实验图标 houses；分类: buildings；tags: homes, property, real estate, dwellings, living, rooms, door；仓库 main 分支有，但 @lucide/lab 0.7.0 尚未发布，无法 import	npm i @lucide/lab → import { houses } from '@lucide/lab'; <Icon iconNode={houses} />（Icon 来自 lucide-react）	broken	install	url:https://raw.githubusercontent.com/lucide-icons/lucide-lab/main/icons/houses.svg
lucide	lab:ice-hockey	iceHockey	lab/sports	Lucide Lab 实验图标 ice-hockey；分类: sports, gaming；tags: stick, puck, ice rink, skates, team, winter sports	npm i @lucide/lab → import { iceHockey } from '@lucide/lab'; <Icon iconNode={iceHockey} />（Icon 来自 lucide-react）	free	install	url:https://raw.githubusercontent.com/lucide-icons/lucide-lab/main/icons/ice-hockey.svg
lucide	lab:ice-skate	iceSkate	lab/sports	Lucide Lab 实验图标 ice-skate；分类: sports, seasons；tags: skates, ice rink, figure skating, speed skating, boots, shoes, footwear, winter	npm i @lucide/lab → import { iceSkate } from '@lucide/lab'; <Icon iconNode={iceSkate} />（Icon 来自 lucide-react）	free	install	url:https://raw.githubusercontent.com/lucide-icons/lucide-lab/main/icons/ice-skate.svg
lucide	lab:igloo	igloo	lab/buildings	Lucide Lab 实验图标 igloo；分类: buildings, weather, seasons；tags: ice blocks, cold, freeze, frozen, winter, shelter, dome, eskimo	npm i @lucide/lab → import { igloo } from '@lucide/lab'; <Icon iconNode={igloo} />（Icon 来自 lucide-react）	free	install	url:https://raw.githubusercontent.com/lucide-icons/lucide-lab/main/icons/igloo.svg
lucide	lab:indian-rupee-circle	indianRupeeCircle	lab/currency	Lucide Lab 实验图标 indian-rupee-circle；分类: currency, money, shapes；tags: finance, financial, markets, exchange, trader, trading, transaction, payment, coin, inr, ₹	npm i @lucide/lab → import { indianRupeeCircle } from '@lucide/lab'; <Icon iconNode={indianRupeeCircle} />（Icon 来自 lucide-react）	free	install	url:https://raw.githubusercontent.com/lucide-icons/lucide-lab/main/icons/indian-rupee-circle.svg
lucide	lab:indian-rupee-square	indianRupeeSquare	lab/currency	Lucide Lab 实验图标 indian-rupee-square；分类: currency, money, shapes；tags: finance, financial, markets, exchange, trader, trading, transaction, payment, inr, ₹, toolbar, button	npm i @lucide/lab → import { indianRupeeSquare } from '@lucide/lab'; <Icon iconNode={indianRupeeSquare} />（Icon 来自 lucide-react）	free	install	url:https://raw.githubusercontent.com/lucide-icons/lucide-lab/main/icons/indian-rupee-square.svg
lucide	lab:intercom	intercom	lab/buildings	Lucide Lab 实验图标 intercom；分类: buildings, home, travel, security；tags: buzzer, speaker, voice, call, service, summon, hospitality, hotel, accommodation, sound, access, gate	npm i @lucide/lab → import { intercom } from '@lucide/lab'; <Icon iconNode={intercom} />（Icon 来自 lucide-react）	free	install	url:https://raw.githubusercontent.com/lucide-icons/lucide-lab/main/icons/intercom.svg
lucide	lab:iron-off	ironOff	lab/home	Lucide Lab 实验图标 iron-off；分类: home, devices；tags: do not iron, warning, instructions, clothes, clothing, apparel, attire	npm i @lucide/lab → import { ironOff } from '@lucide/lab'; <Icon iconNode={ironOff} />（Icon 来自 lucide-react）	free	install	url:https://raw.githubusercontent.com/lucide-icons/lucide-lab/main/icons/iron-off.svg
lucide	lab:iron	iron	lab/home	Lucide Lab 实验图标 iron；分类: home, devices, travel；tags: steam, flatten, straighten, clothes, clothing, apparel, attire, dry cleaning, amenities	npm i @lucide/lab → import { iron } from '@lucide/lab'; <Icon iconNode={iron} />（Icon 来自 lucide-react）	free	install	url:https://raw.githubusercontent.com/lucide-icons/lucide-lab/main/icons/iron.svg
lucide	lab:ironing-board	ironingBoard	lab/home	Lucide Lab 实验图标 ironing-board；分类: home, furniture, travel；tags: flatten, straighten, clothes, clothing, apparel, attire, dry cleaning, amenities	npm i @lucide/lab → import { ironingBoard } from '@lucide/lab'; <Icon iconNode={ironingBoard} />（Icon 来自 lucide-react）	free	install	url:https://raw.githubusercontent.com/lucide-icons/lucide-lab/main/icons/ironing-board.svg
lucide	lab:italic-square	italicSquare	lab/text	Lucide Lab 实验图标 italic-square；分类: text, tools, design, development；tags: oblique, emphasis, emphasize, toolbar, formatting, styling, plain text, rich text, rtf, typography, font, slab serif, writing, writer, prose, content, markdown, markup	npm i @lucide/lab → import { italicSquare } from '@lucide/lab'; <Icon iconNode={italicSquare} />（Icon 来自 lucide-react）	free	install	url:https://raw.githubusercontent.com/lucide-icons/lucide-lab/main/icons/italic-square.svg
lucide	lab:jacket-sports	jacketSports	lab/shopping	Lucide Lab 实验图标 jacket-sports；分类: shopping, sports；tags: coat, man, mens, top, store, clothing, clothes, apparel, attire, fashion, thread, leather, casual, regular, warmth, winter, outdoors	npm i @lucide/lab → import { jacketSports } from '@lucide/lab'; <Icon iconNode={jacketSports} />（Icon 来自 lucide-react）	free	install	url:https://raw.githubusercontent.com/lucide-icons/lucide-lab/main/icons/jacket-sports.svg
lucide	lab:jacket	jacket	lab/shopping	Lucide Lab 实验图标 jacket；分类: shopping, social；tags: blazer, coat, suit, gentleman, mens, boys, top, store, clothing, clothes, accessories, apparel, attire, outfit, fashion, formal, dressy, dinner, uniform, smart, classic, refined, elegant, evening wear, tuxedo, black tie event, special occasion, wedding, groom, gathering, thread, tailored, regular, slim fit, warmth	npm i @lucide/lab → import { jacket } from '@lucide/lab'; <Icon iconNode={jacket} />（Icon 来自 lucide-react）	free	install	url:https://raw.githubusercontent.com/lucide-icons/lucide-lab/main/icons/jacket.svg
lucide	lab:japanese-yen-circle	japaneseYenCircle	lab/currency	Lucide Lab 实验图标 japanese-yen-circle；分类: currency, money, shapes；tags: monetization, marketing, finance, financial, markets, exchange, trader, trading, transaction, payment, coin, jpy, ¥	npm i @lucide/lab → import { japaneseYenCircle } from '@lucide/lab'; <Icon iconNode={japaneseYenCircle} />（Icon 来自 lucide-react）	free	install	url:https://raw.githubusercontent.com/lucide-icons/lucide-lab/main/icons/japanese-yen-circle.svg
lucide	lab:japanese-yen-square	japaneseYenSquare	lab/currency	Lucide Lab 实验图标 japanese-yen-square；分类: currency, money, shapes；tags: monetization, marketing, finance, financial, markets, exchange, trader, trading, transaction, payment, jpy, ¥, toolbar, button	npm i @lucide/lab → import { japaneseYenSquare } from '@lucide/lab'; <Icon iconNode={japaneseYenSquare} />（Icon 来自 lucide-react）	free	install	url:https://raw.githubusercontent.com/lucide-icons/lucide-lab/main/icons/japanese-yen-square.svg
lucide	lab:jar	jar	lab/food-beverage	Lucide Lab 实验图标 jar；分类: food-beverage, text；tags: pot, container, storage, jam, preserve, conserve, honey, marmalade, sweet, sugar, diet, inkwell, glass, kitchenware	npm i @lucide/lab → import { jar } from '@lucide/lab'; <Icon iconNode={jar} />（Icon 来自 lucide-react）	free	install	url:https://raw.githubusercontent.com/lucide-icons/lucide-lab/main/icons/jar.svg
lucide	lab:jug	jug	lab/food-beverage	Lucide Lab 实验图标 jug；分类: food-beverage；tags: coffee pot, roast, ground, blend, arabica, filter, cafe, hot, drink, barista, fresh, juice, pour, glass	npm i @lucide/lab → import { jug } from '@lucide/lab'; <Icon iconNode={jug} />（Icon 来自 lucide-react）	free	install	url:https://raw.githubusercontent.com/lucide-icons/lucide-lab/main/icons/jug.svg
lucide	lab:kebab	kebab	lab/food-beverage	Lucide Lab 实验图标 kebab；分类: food-beverage；tags: shish, skewer, meat, fast food, junk food, snack, meal, savory, savoury, cookery, cooking, grilled, barbecue, barbeque, bbq	npm i @lucide/lab → import { kebab } from '@lucide/lab'; <Icon iconNode={kebab} />（Icon 来自 lucide-react）	free	install	url:https://raw.githubusercontent.com/lucide-icons/lucide-lab/main/icons/kebab.svg
lucide	lab:kettle-electric	kettleElectric	lab/food-beverage	Lucide Lab 实验图标 kettle-electric；分类: food-beverage, home, devices；tags: heat, boiling, water, steam, drink, tea, coffee, kitchen, appliances	npm i @lucide/lab → import { kettleElectric } from '@lucide/lab'; <Icon iconNode={kettleElectric} />（Icon 来自 lucide-react）	free	install	url:https://raw.githubusercontent.com/lucide-icons/lucide-lab/main/icons/kettle-electric.svg
lucide	lab:kettle	kettle	lab/food-beverage	Lucide Lab 实验图标 kettle；分类: food-beverage, home, devices；tags: heat, boiling, water, steam, whistle, drink, tea, coffee, kitchen, appliances	npm i @lucide/lab → import { kettle } from '@lucide/lab'; <Icon iconNode={kettle} />（Icon 来自 lucide-react）	free	install	url:https://raw.githubusercontent.com/lucide-icons/lucide-lab/main/icons/kettle.svg
lucide	lab:kiwi	kiwi	lab/food-beverage	Lucide Lab 实验图标 kiwi；分类: food-beverage, gaming；tags: citrus, orange, grapefruit, lemon, lime, segments, juice, squeeze, smoothie, tropical, sweet, snack, meal, lunch, eating, healthy, nutrition, diet, fruit machine, slots, gambling, jackpot	npm i @lucide/lab → import { kiwi } from '@lucide/lab'; <Icon iconNode={kiwi} />（Icon 来自 lucide-react）	free	install	url:https://raw.githubusercontent.com/lucide-icons/lucide-lab/main/icons/kiwi.svg
lucide	lab:layout-grid-move-horizontal	layoutGridMoveHorizontal	lab/design	Lucide Lab 实验图标 layout-grid-move-horizontal；分类: design, layout, tools, arrows；tags: apps, applications, sorting, ascending, descending, reorder, rearrange, up, down, drag, view	npm i @lucide/lab → import { layoutGridMoveHorizontal } from '@lucide/lab'; <Icon iconNode={layoutGridMoveHorizontal} />（Icon 来自 lucide-react）	free	install	url:https://raw.githubusercontent.com/lucide-icons/lucide-lab/main/icons/layout-grid-move-horizontal.svg
lucide	lab:layout-grid-move-vertical	layoutGridMoveVertical	lab/design	Lucide Lab 实验图标 layout-grid-move-vertical；分类: design, layout, tools, arrows；tags: apps, applications, sorting, ascending, descending, reorder, rearrange, up, down, drag, view	npm i @lucide/lab → import { layoutGridMoveVertical } from '@lucide/lab'; <Icon iconNode={layoutGridMoveVertical} />（Icon 来自 lucide-react）	free	install	url:https://raw.githubusercontent.com/lucide-icons/lucide-lab/main/icons/layout-grid-move-vertical.svg
lucide	lab:layout-grid-plus	layoutGridPlus	lab/design	Lucide Lab 实验图标 layout-grid-plus；分类: design, layout, tools；tags: apps, applications, add, collection, +	npm i @lucide/lab → import { layoutGridPlus } from '@lucide/lab'; <Icon iconNode={layoutGridPlus} />（Icon 来自 lucide-react）	free	install	url:https://raw.githubusercontent.com/lucide-icons/lucide-lab/main/icons/layout-grid-plus.svg
lucide	lab:layout-list-move	layoutListMove	lab/design	Lucide Lab 实验图标 layout-list-move；分类: design, layout, text, tools, arrows；tags: todo, tasks, items, pending, ascending, descending, sorting, reorder, rearrange, up, down, drag, view	npm i @lucide/lab → import { layoutListMove } from '@lucide/lab'; <Icon iconNode={layoutListMove} />（Icon 来自 lucide-react）	free	install	url:https://raw.githubusercontent.com/lucide-icons/lucide-lab/main/icons/layout-list-move.svg
lucide	lab:lemon	lemon	lab/food-beverage	Lucide Lab 实验图标 lemon；分类: food-beverage, gaming；tags: citrus, lime, juice, squeezy, squeeze, smoothie, bitter, sweet, ingredient, cooking, cookery, kitchen, cuisine, eating, healthy, nutrition, diet, fruit machine, slots, gambling, jackpot	npm i @lucide/lab → import { lemon } from '@lucide/lab'; <Icon iconNode={lemon} />（Icon 来自 lucide-react）	free	install	url:https://raw.githubusercontent.com/lucide-icons/lucide-lab/main/icons/lemon.svg
lucide	lab:life-jacket	lifeJacket	lab/accessibility	Lucide Lab 实验图标 life-jacket；分类: accessibility, medical；tags: vest, buoyant, buoyancy, lifeguard, coastguard, sea, ocean, baywatch, beach, help, rescue, inflatable, safety, equipment, emergency	npm i @lucide/lab → import { lifeJacket } from '@lucide/lab'; <Icon iconNode={lifeJacket} />（Icon 来自 lucide-react）	free	install	url:https://raw.githubusercontent.com/lucide-icons/lucide-lab/main/icons/life-jacket.svg
lucide	lab:ligature-square	ligatureSquare	lab/text	Lucide Lab 实验图标 ligature-square；分类: text, tools, design, shapes；tags: toolbar, button, formatting, styling, typography, fonts, font book, collection, slab serif, writing, writer, prose, content, alternates, alternatives, variants, variations, fi	npm i @lucide/lab → import { ligatureSquare } from '@lucide/lab'; <Icon iconNode={ligatureSquare} />（Icon 来自 lucide-react）	free	install	url:https://raw.githubusercontent.com/lucide-icons/lucide-lab/main/icons/ligature-square.svg
lucide	lab:light-switch	lightSwitch	lab/devices	Lucide Lab 实验图标 light-switch；分类: devices, connectivity；tags: on, off, electricity, electronics, lights, toggle, binary, boolean, power, outlet, plug	npm i @lucide/lab → import { lightSwitch } from '@lucide/lab'; <Icon iconNode={lightSwitch} />（Icon 来自 lucide-react）	free	install	url:https://raw.githubusercontent.com/lucide-icons/lucide-lab/main/icons/light-switch.svg
lucide	lab:lingerie	lingerie	lab/shopping	Lucide Lab 实验图标 lingerie；分类: shopping, social, travel；tags: brassiere, breasts, boobs, bottoms, tops, knickers, womens, girls, female, ladies, underwear, swimwear, beachwear, bathing constume, summer holiday, night, evening, elegant, sexy, store, clothing, clothes, apparel, attire, fashion, thread, cotton, lace, fitted	npm i @lucide/lab → import { lingerie } from '@lucide/lab'; <Icon iconNode={lingerie} />（Icon 来自 lucide-react）	free	install	url:https://raw.githubusercontent.com/lucide-icons/lucide-lab/main/icons/lingerie.svg
lucide	lab:locate-square	locateSquare	lab/navigation	Lucide Lab 实验图标 locate-square；分类: navigation, maps, development, tools, cursors, gaming；tags: gps, location, crosshair, inspector, element, selector, target, box, browser, dom, node, aim, target, scope, sight, reticule	npm i @lucide/lab → import { locateSquare } from '@lucide/lab'; <Icon iconNode={locateSquare} />（Icon 来自 lucide-react）	free	install	url:https://raw.githubusercontent.com/lucide-icons/lucide-lab/main/icons/locate-square.svg
lucide	lab:luggage-cabin	luggageCabin	lab/travel	Lucide Lab 实验图标 luggage-cabin；分类: travel, transportation；tags: baggage, suitcase, wheels, packing, sotrage	npm i @lucide/lab → import { luggageCabin } from '@lucide/lab'; <Icon iconNode={luggageCabin} />（Icon 来自 lucide-react）	free	install	url:https://raw.githubusercontent.com/lucide-icons/lucide-lab/main/icons/luggage-cabin.svg
lucide	lab:lunch-box	lunchBox	lab/tools	Lucide Lab 实验图标 lunch-box；分类: tools, food-beverage；tags: trunk, toolbox, chest, storage, container, snack, meal, brunch	npm i @lucide/lab → import { lunchBox } from '@lucide/lab'; <Icon iconNode={lunchBox} />（Icon 来自 lucide-react）	free	install	url:https://raw.githubusercontent.com/lucide-icons/lucide-lab/main/icons/lunch-box.svg
lucide	lab:mailbox-flag	mailboxFlag	lab/mail	Lucide Lab 实验图标 mailbox-flag；分类: mail；tags: post, inbox, emails, messages, letters, mailing list, newsletter	npm i @lucide/lab → import { mailboxFlag } from '@lucide/lab'; <Icon iconNode={mailboxFlag} />（Icon 来自 lucide-react）	free	install	url:https://raw.githubusercontent.com/lucide-icons/lucide-lab/main/icons/mailbox-flag.svg
lucide	lab:mask-snorkel	maskSnorkel	lab/travel	Lucide Lab 实验图标 mask-snorkel；分类: travel, maps；tags: scuba, submerge, freediving, diver, location, spot, gear, equipment, vacation, summer holiday, seaside, beach, ocean, depth, deep, underwater, oxygen, o2, breathe, air, aquatic, encounter, exploration, observe, view, fish, marine life, tourism	npm i @lucide/lab → import { maskSnorkel } from '@lucide/lab'; <Icon iconNode={maskSnorkel} />（Icon 来自 lucide-react）	free	install	url:https://raw.githubusercontent.com/lucide-icons/lucide-lab/main/icons/mask-snorkel.svg
lucide	lab:meal-box	mealBox	lab/food-beverage	Lucide Lab 实验图标 meal-box；分类: food-beverage；tags: brunch, lunch, dinner, tray, bento, sushi, noodles, culinary, cuisine, asian, japanese, chinese, oriental, eastern, microwave, ready, frozen, packaging	npm i @lucide/lab → import { mealBox } from '@lucide/lab'; <Icon iconNode={mealBox} />（Icon 来自 lucide-react）	free	install	url:https://raw.githubusercontent.com/lucide-icons/lucide-lab/main/icons/meal-box.svg
lucide	lab:mortar-pestle	mortarPestle	lab/food-beverage	Lucide Lab 实验图标 mortar-pestle；分类: food-beverage, tools, home；tags: bowl, crush, grind, ingredients, herbs, spices, cooking, cookery, culinary, kitchen, equipment, utensil	npm i @lucide/lab → import { mortarPestle } from '@lucide/lab'; <Icon iconNode={mortarPestle} />（Icon 来自 lucide-react）	free	install	url:https://raw.githubusercontent.com/lucide-icons/lucide-lab/main/icons/mortar-pestle.svg
lucide	lab:motor-racing-helmet	motorRacingHelmet	lab/sports	Lucide Lab 实验图标 motor-racing-helmet；分类: sports, transportation, gaming；tags: driving, driver, racer, formula one, formula 1, f1, car, motorcyle, motorbike, vehicle, safety, protection, headgear, crash	npm i @lucide/lab → import { motorRacingHelmet } from '@lucide/lab'; <Icon iconNode={motorRacingHelmet} />（Icon 来自 lucide-react）	free	install	url:https://raw.githubusercontent.com/lucide-icons/lucide-lab/main/icons/motor-racing-helmet.svg
lucide	lab:mug-teabag	mugTeabag	lab/food-beverage	Lucide Lab 实验图标 mug-teabag；分类: food-beverage；tags: cup, hot, drink, cafe	npm i @lucide/lab → import { mugTeabag } from '@lucide/lab'; <Icon iconNode={mugTeabag} />（Icon 来自 lucide-react）	free	install	url:https://raw.githubusercontent.com/lucide-icons/lucide-lab/main/icons/mug-teabag.svg
lucide	lab:mug	mug	lab/food-beverage	Lucide Lab 实验图标 mug；分类: food-beverage；tags: cup, hot, drink, cafe, tea, barista；仓库 main 分支有，但 @lucide/lab 0.7.0 尚未发布，无法 import	npm i @lucide/lab → import { mug } from '@lucide/lab'; <Icon iconNode={mug} />（Icon 来自 lucide-react）	broken	install	url:https://raw.githubusercontent.com/lucide-icons/lucide-lab/main/icons/mug.svg
lucide	lab:mustache	mustache	lab/maps	Lucide Lab 实验图标 mustache；分类: maps, people, social；tags: moustache, facial hair, hairdresser, barbers, grooming, cut, shave, shop, salon, service	npm i @lucide/lab → import { mustache } from '@lucide/lab'; <Icon iconNode={mustache} />（Icon 来自 lucide-react）	free	install	url:https://raw.githubusercontent.com/lucide-icons/lucide-lab/main/icons/mustache.svg
lucide	lab:olive	olive	lab/food-beverage	Lucide Lab 实验图标 olive；分类: food-beverage；tags: grove, extra virgin, oil, ingredient, cooking, cookery, kitchen, cuisine, eating, nutrition, diet, mediterranean, bitter, fruit, cocktail	npm i @lucide/lab → import { olive } from '@lucide/lab'; <Icon iconNode={olive} />（Icon 来自 lucide-react）	free	install	url:https://raw.githubusercontent.com/lucide-icons/lucide-lab/main/icons/olive.svg
lucide	lab:onion	onion	lab/food-beverage	Lucide Lab 实验图标 onion；分类: food-beverage；tags: flavor, flavour, vegetable, ingredient, cooking, cookery, kitchen, cuisine, eating, nutrition, diet	npm i @lucide/lab → import { onion } from '@lucide/lab'; <Icon iconNode={onion} />（Icon 来自 lucide-react）	free	install	url:https://raw.githubusercontent.com/lucide-icons/lucide-lab/main/icons/onion.svg
lucide	lab:owl	owl	lab/animals	Lucide Lab 实验图标 owl；分类: animals；tags: wise, wisdom, wings, bird, avian, tawny, perch, wildlife, nocturnal, knowledge, learning, education, hoot, 🦉	npm i @lucide/lab → import { owl } from '@lucide/lab'; <Icon iconNode={owl} />（Icon 来自 lucide-react）	free	install	url:https://raw.githubusercontent.com/lucide-icons/lucide-lab/main/icons/owl.svg
lucide	lab:pac-man-ghost	pacManGhost	lab/gaming	Lucide Lab 实验图标 pac-man-ghost；分类: gaming；tags: arcade, classic, retro, phantom, spooky, halloween, costume, sheet	npm i @lucide/lab → import { pacManGhost } from '@lucide/lab'; <Icon iconNode={pacManGhost} />（Icon 来自 lucide-react）	free	install	url:https://raw.githubusercontent.com/lucide-icons/lucide-lab/main/icons/pac-man-ghost.svg
lucide	lab:pac-man	pacMan	lab/gaming	Lucide Lab 实验图标 pac-man；分类: gaming；tags: eat, munch, consume, arcade, classic, retro	npm i @lucide/lab → import { pacMan } from '@lucide/lab'; <Icon iconNode={pacMan} />（Icon 来自 lucide-react）	free	install	url:https://raw.githubusercontent.com/lucide-icons/lucide-lab/main/icons/pac-man.svg
lucide	lab:palmtree-island-sun	palmtreeIslandSun	lab/nature	Lucide Lab 实验图标 palmtree-island-sun；分类: nature, travel；tags: desert island, summer holiday, vacation, retreat, relax, leisure, tropical, beach, resort, exotic, stranded, castaway, isolated, isolation；仓库 main 分支有，但 @lucide/lab 0.7.0 尚未发布，无法 import	npm i @lucide/lab → import { palmtreeIslandSun } from '@lucide/lab'; <Icon iconNode={palmtreeIslandSun} />（Icon 来自 lucide-react）	broken	install	url:https://raw.githubusercontent.com/lucide-icons/lucide-lab/main/icons/palmtree-island-sun.svg
lucide	lab:pancakes	pancakes	lab/food-beverage	Lucide Lab 实验图标 pancakes；分类: food-beverage；tags: shrove tuesday, maple syrup, dripping, fast food, junk food, snack, sweet, dish, restaurant, breakfast, brunch, dessert, meal, cookery, cooking	npm i @lucide/lab → import { pancakes } from '@lucide/lab'; <Icon iconNode={pancakes} />（Icon 来自 lucide-react）	free	install	url:https://raw.githubusercontent.com/lucide-icons/lucide-lab/main/icons/pancakes.svg
lucide	lab:peace	peace	lab/social	Lucide Lab 实验图标 peace；分类: social, sustainability；tags: harmony, symbol, unity, quiet, calm, rest, tranquility, sprituality, meditation, wellbeing, lifestyle, culture, philosopy, freedom, hippy, hippie, 1960s	npm i @lucide/lab → import { peace } from '@lucide/lab'; <Icon iconNode={peace} />（Icon 来自 lucide-react）	free	install	url:https://raw.githubusercontent.com/lucide-icons/lucide-lab/main/icons/peace.svg
lucide	lab:peach	peach	lab/food-beverage	Lucide Lab 实验图标 peach；分类: food-beverage；tags: fruit, nectarine, apricot, plum, damson, cherry, juice, smoothie, jam, conserve, preserve, sweet, snack, meal, lunch, eating, healthy, nutrition, diet	npm i @lucide/lab → import { peach } from '@lucide/lab'; <Icon iconNode={peach} />（Icon 来自 lucide-react）	free	install	url:https://raw.githubusercontent.com/lucide-icons/lucide-lab/main/icons/peach.svg
lucide	lab:pear	pear	lab/food-beverage	Lucide Lab 实验图标 pear；分类: food-beverage, shapes；tags: fruit, snack, meal, lunch, eating, healthy, nutrition, diet	npm i @lucide/lab → import { pear } from '@lucide/lab'; <Icon iconNode={pear} />（Icon 来自 lucide-react）	free	install	url:https://raw.githubusercontent.com/lucide-icons/lucide-lab/main/icons/pear.svg
lucide	lab:penguin	penguin	lab/animals	Lucide Lab 实验图标 penguin；分类: animals, development；tags: pingu, bird, arctic, aquatic, flightless, linux	npm i @lucide/lab → import { penguin } from '@lucide/lab'; <Icon iconNode={penguin} />（Icon 来自 lucide-react）	free	install	url:https://raw.githubusercontent.com/lucide-icons/lucide-lab/main/icons/penguin.svg
lucide	lab:pepper-chilli	pepperChilli	lab/food-beverage	Lucide Lab 实验图标 pepper-chilli；分类: food-beverage；tags: chili, chile, hot, spicy, spice, flavor, flavour, vegetable, ingredient, cooking, cookery, kitchen, cuisine, culinary, eating, nutrition, diet	npm i @lucide/lab → import { pepperChilli } from '@lucide/lab'; <Icon iconNode={pepperChilli} />（Icon 来自 lucide-react）	free	install	url:https://raw.githubusercontent.com/lucide-icons/lucide-lab/main/icons/pepper-chilli.svg
lucide	lab:pie	pie	lab/food-beverage	Lucide Lab 实验图标 pie；分类: food-beverage；tags: tart, quiche, patty, flan, strudel, bakery, pastry, homemade, hot, steaming, cookery, oven	npm i @lucide/lab → import { pie } from '@lucide/lab'; <Icon iconNode={pie} />（Icon 来自 lucide-react）	free	install	url:https://raw.githubusercontent.com/lucide-icons/lucide-lab/main/icons/pie.svg
lucide	lab:pig-head	pigHead	lab/animals	Lucide Lab 实验图标 pig-head；分类: animals, food-beverage；tags: piggy, piglet, hog, boar, swine, snout, trough, greedy, farmyard, sty, mud, meat, pork, bacon, butcher, hoofs, hooved, mammal, 🐖, 🐷, 🐽	npm i @lucide/lab → import { pigHead } from '@lucide/lab'; <Icon iconNode={pigHead} />（Icon 来自 lucide-react）	free	install	url:https://raw.githubusercontent.com/lucide-icons/lucide-lab/main/icons/pig-head.svg
lucide	lab:pig	pig	lab/animals	Lucide Lab 实验图标 pig；分类: animals, food-beverage；tags: piggy, piglet, hog, boar, swine, snout, trough, greedy, farmyard, sty, mud, meat, pork, bacon, butcher, hoofs, hooved, mammal, 🐖, 🐷, 🐽	npm i @lucide/lab → import { pig } from '@lucide/lab'; <Icon iconNode={pig} />（Icon 来自 lucide-react）	free	install	url:https://raw.githubusercontent.com/lucide-icons/lucide-lab/main/icons/pig.svg
lucide	lab:pillow	pillow	lab/home	Lucide Lab 实验图标 pillow；分类: home, furniture, travel；tags: pillowcase, extra, bedding, cushion, headrest, sheets, soft, support, sleep, rest	npm i @lucide/lab → import { pillow } from '@lucide/lab'; <Icon iconNode={pillow} />（Icon 来自 lucide-react）	free	install	url:https://raw.githubusercontent.com/lucide-icons/lucide-lab/main/icons/pillow.svg
lucide	lab:pin-safety-open	pinSafetyOpen	lab/people	Lucide Lab 实验图标 pin-safety-open；分类: people, security, account, home, shopping；tags: unsafe, unsecured, unpinned, unfastened, loose, off, baby, newborn, childproof, children, infant, kids, toddler, mother, mum, family	npm i @lucide/lab → import { pinSafetyOpen } from '@lucide/lab'; <Icon iconNode={pinSafetyOpen} />（Icon 来自 lucide-react）	free	install	url:https://raw.githubusercontent.com/lucide-icons/lucide-lab/main/icons/pin-safety-open.svg
lucide	lab:pin-safety	pinSafety	lab/people	Lucide Lab 实验图标 pin-safety；分类: people, security, account, home, shopping；tags: pinned, secured, fastened, fixed, baby, newborn, childproof, children, infant, kids, toddler, mother, mum, family	npm i @lucide/lab → import { pinSafety } from '@lucide/lab'; <Icon iconNode={pinSafety} />（Icon 来自 lucide-react）	free	install	url:https://raw.githubusercontent.com/lucide-icons/lucide-lab/main/icons/pin-safety.svg
lucide	lab:pineapple-ring	pineappleRing	lab/food-beverage	Lucide Lab 实验图标 pineapple-ring；分类: food-beverage；tags: segments, chunks, canned fruit, tinned fruit, juice, smoothie, cocktail, piña colada, tropical, sweet, snack, meal, lunch, eating, healthy, nutrition, diet	npm i @lucide/lab → import { pineappleRing } from '@lucide/lab'; <Icon iconNode={pineappleRing} />（Icon 来自 lucide-react）	free	install	url:https://raw.githubusercontent.com/lucide-icons/lucide-lab/main/icons/pineapple-ring.svg
lucide	lab:planet	planet	lab/account	Lucide Lab 实验图标 planet；分类: account, social, shapes, multimedia, weather, emoji, gaming, science；tags: ringed, orbit, saturn, interplanetary, space, galaxy, universe, astro, 🪐	npm i @lucide/lab → import { planet } from '@lucide/lab'; <Icon iconNode={planet} />（Icon 来自 lucide-react）	free	install	url:https://raw.githubusercontent.com/lucide-icons/lucide-lab/main/icons/planet.svg
lucide	lab:pond	pond	lab/nature	Lucide Lab 实验图标 pond；分类: nature, sustainability, maps；tags: marsh, bog, pool, lake, lily pads, water lillies, lotus flowers, leaves, reeds, plants, aquatic, preserve, wildlife, flora	npm i @lucide/lab → import { pond } from '@lucide/lab'; <Icon iconNode={pond} />（Icon 来自 lucide-react）	free	install	url:https://raw.githubusercontent.com/lucide-icons/lucide-lab/main/icons/pond.svg
lucide	lab:pound-sterling-circle	poundSterlingCircle	lab/currency	Lucide Lab 实验图标 pound-sterling-circle；分类: currency, money, shapes；tags: finance, financial, markets, exchange, trader, trading, transaction, payment, coin, british, gbp, £	npm i @lucide/lab → import { poundSterlingCircle } from '@lucide/lab'; <Icon iconNode={poundSterlingCircle} />（Icon 来自 lucide-react）	free	install	url:https://raw.githubusercontent.com/lucide-icons/lucide-lab/main/icons/pound-sterling-circle.svg
lucide	lab:pound-sterling-square	poundSterlingSquare	lab/currency	Lucide Lab 实验图标 pound-sterling-square；分类: currency, money, shapes；tags: finance, financial, markets, exchange, trader, trading, transaction, payment, british, gbp, £, toolbar, button	npm i @lucide/lab → import { poundSterlingSquare } from '@lucide/lab'; <Icon iconNode={poundSterlingSquare} />（Icon 来自 lucide-react）	free	install	url:https://raw.githubusercontent.com/lucide-icons/lucide-lab/main/icons/pound-sterling-square.svg
lucide	lab:pram	pram	lab/transportation	Lucide Lab 实验图标 pram；分类: transportation, people；tags: baby, newborn, children, infant, kids, toddler, mother, mum, family, buggy, stroller, pushchair, wheels	npm i @lucide/lab → import { pram } from '@lucide/lab'; <Icon iconNode={pram} />（Icon 来自 lucide-react）	free	install	url:https://raw.githubusercontent.com/lucide-icons/lucide-lab/main/icons/pram.svg
lucide	lab:pretzel	pretzel	lab/food-beverage	Lucide Lab 实验图标 pretzel；分类: food-beverage；tags: bakery, cooking, food, pastry	npm i @lucide/lab → import { pretzel } from '@lucide/lab'; <Icon iconNode={pretzel} />（Icon 来自 lucide-react）	free	install	url:https://raw.githubusercontent.com/lucide-icons/lucide-lab/main/icons/pretzel.svg
lucide	lab:pumpkin	pumpkin	lab/food-beverage	Lucide Lab 实验图标 pumpkin；分类: food-beverage；tags: halloween, horror, creepy, spooky, frightening, fruit, spice	npm i @lucide/lab → import { pumpkin } from '@lucide/lab'; <Icon iconNode={pumpkin} />（Icon 来自 lucide-react）	free	install	url:https://raw.githubusercontent.com/lucide-icons/lucide-lab/main/icons/pumpkin.svg
lucide	lab:razor-blade	razorBlade	lab/home	Lucide Lab 实验图标 razor-blade；分类: home, travel, tools；tags: cut, slice, shaving, shave, trim, style, edge, beard, stubble, mens, grooming, toiletries, bathroom, amenities	npm i @lucide/lab → import { razorBlade } from '@lucide/lab'; <Icon iconNode={razorBlade} />（Icon 来自 lucide-react）	free	install	url:https://raw.githubusercontent.com/lucide-icons/lucide-lab/main/icons/razor-blade.svg
lucide	lab:razor	razor	lab/home	Lucide Lab 实验图标 razor；分类: home, travel, tools；tags: shaving, shaver, trimmer, styler, edger, beard, stubble, mens, grooming, toiletries, bathroom, amenities	npm i @lucide/lab → import { razor } from '@lucide/lab'; <Icon iconNode={razor} />（Icon 来自 lucide-react）	free	install	url:https://raw.githubusercontent.com/lucide-icons/lucide-lab/main/icons/razor.svg
lucide	lab:reel-thread	reelThread	lab/home	Lucide Lab 实验图标 reel-thread；分类: home, tools, social；tags: needle, sewing, stitch, embroidery, waeve, woven, fabric, material, cloth, cotton, textile, string, unravel, unroll	npm i @lucide/lab → import { reelThread } from '@lucide/lab'; <Icon iconNode={reelThread} />（Icon 来自 lucide-react）	free	install	url:https://raw.githubusercontent.com/lucide-icons/lucide-lab/main/icons/reel-thread.svg
lucide	lab:refrigerator-freezer	refrigeratorFreezer	lab/food-beverage	Lucide Lab 实验图标 refrigerator-freezer；分类: food-beverage, home；tags: fridge, freezer, cooler, icebox, chiller, cold storage, appliances	npm i @lucide/lab → import { refrigeratorFreezer } from '@lucide/lab'; <Icon iconNode={refrigeratorFreezer} />（Icon 来自 lucide-react）	free	install	url:https://raw.githubusercontent.com/lucide-icons/lucide-lab/main/icons/refrigerator-freezer.svg
lucide	lab:remove-formatting-square	removeFormattingSquare	lab/text	Lucide Lab 实验图标 remove-formatting-square；分类: text, tools, design, development；tags: delete, clear, cancel, normalise, normalize, styling, plain text, font, typography, slab serif, writing, writer, prose, content, markdown, markup, x, times	npm i @lucide/lab → import { removeFormattingSquare } from '@lucide/lab'; <Icon iconNode={removeFormattingSquare} />（Icon 来自 lucide-react）	free	install	url:https://raw.githubusercontent.com/lucide-icons/lucide-lab/main/icons/remove-formatting-square.svg
lucide	lab:rugby	rugby	lab/sports	Lucide Lab 实验图标 rugby；分类: sports, gaming；tags: goal, score, posts, kicker, pitch, team, scrum, ruck, ball	npm i @lucide/lab → import { rugby } from '@lucide/lab'; <Icon iconNode={rugby} />（Icon 来自 lucide-react）	free	install	url:https://raw.githubusercontent.com/lucide-icons/lucide-lab/main/icons/rugby.svg
lucide	lab:russian-ruble-circle	russianRubleCircle	lab/currency	Lucide Lab 实验图标 russian-ruble-circle；分类: currency, money, shapes；tags: finance, financial, markets, exchange, trader, trading, transaction, payment, coin, rub, ₽	npm i @lucide/lab → import { russianRubleCircle } from '@lucide/lab'; <Icon iconNode={russianRubleCircle} />（Icon 来自 lucide-react）	free	install	url:https://raw.githubusercontent.com/lucide-icons/lucide-lab/main/icons/russian-ruble-circle.svg
lucide	lab:russian-ruble-square	russianRubleSquare	lab/currency	Lucide Lab 实验图标 russian-ruble-square；分类: currency, money, shapes；tags: finance, financial, markets, exchange, trader, trading, transaction, payment, rub, ₽, toolbar, button	npm i @lucide/lab → import { russianRubleSquare } from '@lucide/lab'; <Icon iconNode={russianRubleSquare} />（Icon 来自 lucide-react）	free	install	url:https://raw.githubusercontent.com/lucide-icons/lucide-lab/main/icons/russian-ruble-square.svg
lucide	lab:sausage	sausage	lab/food-beverage	Lucide Lab 实验图标 sausage；分类: food-beverage；tags: banger, wiener, wurst, hot dog, jumbo, chorizo, meat, pork, fast food, junk food, snack, dish, restaurant, lunch, meal, savory, savoury, cookery, cooking, grilled, barbecue, barbeque, bbq	npm i @lucide/lab → import { sausage } from '@lucide/lab'; <Icon iconNode={sausage} />（Icon 来自 lucide-react）	free	install	url:https://raw.githubusercontent.com/lucide-icons/lucide-lab/main/icons/sausage.svg
lucide	lab:scarf	scarf	lab/shopping	Lucide Lab 实验图标 scarf；分类: shopping, seasons；tags: wooly, woolly, winter, cold, neckwear, apparel, fashion, knitting	npm i @lucide/lab → import { scarf } from '@lucide/lab'; <Icon iconNode={scarf} />（Icon 来自 lucide-react）	free	install	url:https://raw.githubusercontent.com/lucide-icons/lucide-lab/main/icons/scarf.svg
lucide	lab:scissors-hair-comb	scissorsHairComb	lab/maps	Lucide Lab 实验图标 scissors-hair-comb；分类: maps, tools, people, social；tags: hairdresser, grooming, cut, chop, snip, shave, shop, salon, service	npm i @lucide/lab → import { scissorsHairComb } from '@lucide/lab'; <Icon iconNode={scissorsHairComb} />（Icon 来自 lucide-react）	free	install	url:https://raw.githubusercontent.com/lucide-icons/lucide-lab/main/icons/scissors-hair-comb.svg
lucide	lab:shark	shark	lab/animals	Lucide Lab 实验图标 shark；分类: animals, travel；tags: pectoral, fishing, infested, waters, warning, danger, alert, jaws, attack, aquatic, encounter, marine life, tourism, seaside, beach, ocean, depth, deep	npm i @lucide/lab → import { shark } from '@lucide/lab'; <Icon iconNode={shark} />（Icon 来自 lucide-react）	free	install	url:https://raw.githubusercontent.com/lucide-icons/lucide-lab/main/icons/shark.svg
lucide	lab:shave-face	shaveFace	lab/home	Lucide Lab 实验图标 shave-face；分类: home, travel, connectivity, devices, tools；tags: shavers only, electric, electronics, socket, plug, razor, beard, stubble, mens, grooming, toiletries, bathroom, amenities	npm i @lucide/lab → import { shaveFace } from '@lucide/lab'; <Icon iconNode={shaveFace} />（Icon 来自 lucide-react）	free	install	url:https://raw.githubusercontent.com/lucide-icons/lucide-lab/main/icons/shave-face.svg
lucide	lab:shirt-folded-buttons	shirtFoldedButtons	lab/shopping	Lucide Lab 实验图标 shirt-folded-buttons；分类: shopping；tags: ironed, pressed, top, henley, store, clothing, clothes, apparel, attire, fashion, formal, dressy, smart, occasion, gathering, dinner, restaurant, waiter, uniform, office wear, work, thread, cotton, slim fit, regular, basics	npm i @lucide/lab → import { shirtFoldedButtons } from '@lucide/lab'; <Icon iconNode={shirtFoldedButtons} />（Icon 来自 lucide-react）	free	install	url:https://raw.githubusercontent.com/lucide-icons/lucide-lab/main/icons/shirt-folded-buttons.svg
lucide	lab:shirt-long-sleeve	shirtLongSleeve	lab/shopping	Lucide Lab 实验图标 shirt-long-sleeve；分类: shopping；tags: jersey, top, store, clothing, clothes, apparel, attire, fashion, thread, cotton, casual, slim fit, regular, basics, undergarment, layer	npm i @lucide/lab → import { shirtLongSleeve } from '@lucide/lab'; <Icon iconNode={shirtLongSleeve} />（Icon 来自 lucide-react）	free	install	url:https://raw.githubusercontent.com/lucide-icons/lucide-lab/main/icons/shirt-long-sleeve.svg
lucide	lab:shirt-t-ruler	shirtTRuler	lab/shopping	Lucide Lab 实验图标 shirt-t-ruler；分类: shopping；tags: fit, sizes, sizing, measurements, tailored, t-shirt, jersey, store, clothing, clothes, apparel, attire, fashion, casual, slim, regular	npm i @lucide/lab → import { shirtTRuler } from '@lucide/lab'; <Icon iconNode={shirtTRuler} />（Icon 来自 lucide-react）	free	install	url:https://raw.githubusercontent.com/lucide-icons/lucide-lab/main/icons/shirt-t-ruler.svg
lucide	lab:shirt-t-v-neck	shirtTVNeck	lab/shopping	Lucide Lab 实验图标 shirt-t-v-neck；分类: shopping；tags: jersey, t-shirt, top, store, clothing, clothes, apparel, attire, fashion, thread, cotton, casual, slim fit, regular, basics, undergarment, layer	npm i @lucide/lab → import { shirtTVNeck } from '@lucide/lab'; <Icon iconNode={shirtTVNeck} />（Icon 来自 lucide-react）	free	install	url:https://raw.githubusercontent.com/lucide-icons/lucide-lab/main/icons/shirt-t-v-neck.svg
lucide	lab:shirt-t	shirtT	lab/shopping	Lucide Lab 实验图标 shirt-t；分类: shopping；tags: jersey, t-shirt, top, store, clothing, clothes, apparel, attire, fashion, thread, cotton, casual, slim fit, regular, basics；仓库 main 分支有，但 @lucide/lab 0.7.0 尚未发布，无法 import	npm i @lucide/lab → import { shirtT } from '@lucide/lab'; <Icon iconNode={shirtT} />（Icon 来自 lucide-react）	broken	install	url:https://raw.githubusercontent.com/lucide-icons/lucide-lab/main/icons/shirt-t.svg
lucide	lab:shorts-boxer	shortsBoxer	lab/shopping	Lucide Lab 实验图标 shorts-boxer；分类: shopping；tags: boxers, briefs, underpants, trunks, underwear, mens, boys, bottoms, store, clothing, clothes, apparel, attire, fashion, thread, cotton, casual, slim fit, regular	npm i @lucide/lab → import { shortsBoxer } from '@lucide/lab'; <Icon iconNode={shortsBoxer} />（Icon 来自 lucide-react）	free	install	url:https://raw.githubusercontent.com/lucide-icons/lucide-lab/main/icons/shorts-boxer.svg
lucide	lab:shorts	shorts	lab/shopping	Lucide Lab 实验图标 shorts；分类: shopping；tags: chino, cargo, denim, beachwear, bottoms, store, clothing, clothes, apparel, attire, fashion, thread, cotton, casual, slim fit, regular	npm i @lucide/lab → import { shorts } from '@lucide/lab'; <Icon iconNode={shorts} />（Icon 来自 lucide-react）	free	install	url:https://raw.githubusercontent.com/lucide-icons/lucide-lab/main/icons/shorts.svg
lucide	lab:shovel-dig	shovelDig	lab/nature	Lucide Lab 实验图标 shovel-dig；分类: nature, home, tools, travel, gaming；tags: spade, gardening, equipment, soil, dirt, dig, excavate, bury, buried, treasure, seaside, summer holiday, beach, sandcastle, sandbox, toys, kids, children, play, bucket	npm i @lucide/lab → import { shovelDig } from '@lucide/lab'; <Icon iconNode={shovelDig} />（Icon 来自 lucide-react）	free	install	url:https://raw.githubusercontent.com/lucide-icons/lucide-lab/main/icons/shovel-dig.svg
lucide	lab:shower	shower	lab/home	Lucide Lab 实验图标 shower；分类: home, travel；tags: bathroom, amenities, services, steam, clean, wash	npm i @lucide/lab → import { shower } from '@lucide/lab'; <Icon iconNode={shower} />（Icon 来自 lucide-react）	free	install	url:https://raw.githubusercontent.com/lucide-icons/lucide-lab/main/icons/shower.svg
lucide	lab:skirt	skirt	lab/shopping	Lucide Lab 实验图标 skirt；分类: shopping；tags: dress, bottom, womens, girls, female, ladies, store, sexy, classy, clothing, clothes, apparel, attire, outfit, fashion, formal, smart, elegant, nightlife, club, party, occasion, gathering, thread, cotton	npm i @lucide/lab → import { skirt } from '@lucide/lab'; <Icon iconNode={skirt} />（Icon 来自 lucide-react）	free	install	url:https://raw.githubusercontent.com/lucide-icons/lucide-lab/main/icons/skirt.svg
lucide	lab:skis	skis	lab/sports	Lucide Lab 实验图标 skis；分类: sports, seasons；tags: skiing, poles, slope, slalom, winter holiday, vacation, trip, snow, equipment	npm i @lucide/lab → import { skis } from '@lucide/lab'; <Icon iconNode={skis} />（Icon 来自 lucide-react）	free	install	url:https://raw.githubusercontent.com/lucide-icons/lucide-lab/main/icons/skis.svg
lucide	lab:slot-card-credit	slotCardCredit	lab/account	Lucide Lab 实验图标 slot-card-credit；分类: account, money, devices；tags: debit, visa, mastercard, bank, atm, cash machine, cash point, withdrawal, finance, financial, spending, budget, purchase, payment, cc, shopping, retail, store, mall, consumer, loyalty, points, cashback, transaction, instructions, port, input, insert, slide, push	npm i @lucide/lab → import { slotCardCredit } from '@lucide/lab'; <Icon iconNode={slotCardCredit} />（Icon 来自 lucide-react）	free	install	url:https://raw.githubusercontent.com/lucide-icons/lucide-lab/main/icons/slot-card-credit.svg
lucide	lab:slot-card	slotCard	lab/multimedia	Lucide Lab 实验图标 slot-card；分类: multimedia, files, devices, photography；tags: sd, sim, data, format, floppy disk, save, storage, flash, drive, digital, smartphone, mobile, instructions, port, input, insert, slide, push	npm i @lucide/lab → import { slotCard } from '@lucide/lab'; <Icon iconNode={slotCard} />（Icon 来自 lucide-react）	free	install	url:https://raw.githubusercontent.com/lucide-icons/lucide-lab/main/icons/slot-card.svg
lucide	lab:slot-disc	slotDisc	lab/multimedia	Lucide Lab 实验图标 slot-disc；分类: multimedia, devices, files；tags: data, backup, save, storage, capacity, megabytes, mb, gigabytes, gb, format, digital, read, write, rw, cd, dvd, minidisc, drive, tray, walkman, player, playback, listen, audio, music, instructions, port, input, insert, slide, push	npm i @lucide/lab → import { slotDisc } from '@lucide/lab'; <Icon iconNode={slotDisc} />（Icon 来自 lucide-react）	free	install	url:https://raw.githubusercontent.com/lucide-icons/lucide-lab/main/icons/slot-disc.svg
lucide	lab:sneaker	sneaker	lab/shopping	Lucide Lab 实验图标 sneaker；分类: shopping, sports；tags: trainer, shoe, footwear, store, clothing, clothes, apparel, attire, outfit, fashion, casual, exercise, running, jogging	npm i @lucide/lab → import { sneaker } from '@lucide/lab'; <Icon iconNode={sneaker} />（Icon 来自 lucide-react）	free	install	url:https://raw.githubusercontent.com/lucide-icons/lucide-lab/main/icons/sneaker.svg
lucide	lab:snowboard	snowboard	lab/sports	Lucide Lab 实验图标 snowboard；分类: sports, seasons；tags: slope, winter holiday, vacation, trip, equipment	npm i @lucide/lab → import { snowboard } from '@lucide/lab'; <Icon iconNode={snowboard} />（Icon 来自 lucide-react）	free	install	url:https://raw.githubusercontent.com/lucide-icons/lucide-lab/main/icons/snowboard.svg
lucide	lab:snowman	snowman	lab/weather	Lucide Lab 实验图标 snowman；分类: weather, seasons；tags: cold, freeze, frozen, winter	npm i @lucide/lab → import { snowman } from '@lucide/lab'; <Icon iconNode={snowman} />（Icon 来自 lucide-react）	free	install	url:https://raw.githubusercontent.com/lucide-icons/lucide-lab/main/icons/snowman.svg
lucide	lab:soap-bar	soapBar	lab/home	Lucide Lab 实验图标 soap-bar；分类: home, travel；tags: toiletries, amenities, bathroom, shower, clean, wash, lather, bubbles	npm i @lucide/lab → import { soapBar } from '@lucide/lab'; <Icon iconNode={soapBar} />（Icon 来自 lucide-react）	free	install	url:https://raw.githubusercontent.com/lucide-icons/lucide-lab/main/icons/soap-bar.svg
lucide	lab:soccer-ball	soccerBall	lab/sports	Lucide Lab 实验图标 soccer-ball；分类: sports, gaming；tags: football, futbol, kick, pitch, goal, score, bounce	npm i @lucide/lab → import { soccerBall } from '@lucide/lab'; <Icon iconNode={soccerBall} />（Icon 来自 lucide-react）	free	install	url:https://raw.githubusercontent.com/lucide-icons/lucide-lab/main/icons/soccer-ball.svg
lucide	lab:soccer-pitch	soccerPitch	lab/sports	Lucide Lab 实验图标 soccer-pitch；分类: sports, gaming；tags: football, field, stadium, ground, surface, grass, futbol, kick, goal, score, bounce	npm i @lucide/lab → import { soccerPitch } from '@lucide/lab'; <Icon iconNode={soccerPitch} />（Icon 来自 lucide-react）	free	install	url:https://raw.githubusercontent.com/lucide-icons/lucide-lab/main/icons/soccer-pitch.svg
lucide	lab:socket-eu	socketEu	lab/devices	Lucide Lab 实验图标 socket-eu；分类: devices, connectivity, travel, tools；tags: electricity, electronics, outlet, plug, european, two pin, 2 pin	npm i @lucide/lab → import { socketEu } from '@lucide/lab'; <Icon iconNode={socketEu} />（Icon 来自 lucide-react）	free	install	url:https://raw.githubusercontent.com/lucide-icons/lucide-lab/main/icons/socket-eu.svg
lucide	lab:socket-uk	socketUk	lab/devices	Lucide Lab 实验图标 socket-uk；分类: devices, connectivity, travel, tools；tags: electricity, electronics, outlet, plug, united kingdom, great britain, england, three pin, 3 pin	npm i @lucide/lab → import { socketUk } from '@lucide/lab'; <Icon iconNode={socketUk} />（Icon 来自 lucide-react）	free	install	url:https://raw.githubusercontent.com/lucide-icons/lucide-lab/main/icons/socket-uk.svg
lucide	lab:socket-usa	socketUsa	lab/devices	Lucide Lab 实验图标 socket-usa；分类: devices, connectivity, travel, tools；tags: electricity, electronics, outlet, plug, united states, american, two pin, 2 pin	npm i @lucide/lab → import { socketUsa } from '@lucide/lab'; <Icon iconNode={socketUsa} />（Icon 来自 lucide-react）	free	install	url:https://raw.githubusercontent.com/lucide-icons/lucide-lab/main/icons/socket-usa.svg
lucide	lab:socks	socks	lab/shopping	Lucide Lab 实验图标 socks；分类: shopping；tags: feet, foot, underwear, undergarment, store, clothing, clothes, apparel, attire, fashion, thread, cotton	npm i @lucide/lab → import { socks } from '@lucide/lab'; <Icon iconNode={socks} />（Icon 来自 lucide-react）	free	install	url:https://raw.githubusercontent.com/lucide-icons/lucide-lab/main/icons/socks.svg
lucide	lab:spider-web	spiderWeb	lab/nature	Lucide Lab 实验图标 spider-web；分类: nature, animals；tags: silk, weave, insects, arachnids, arachnophobia, fear, frightening, horror, halloween, creepy, lair, trap, entangle	npm i @lucide/lab → import { spiderWeb } from '@lucide/lab'; <Icon iconNode={spiderWeb} />（Icon 来自 lucide-react）	free	install	url:https://raw.githubusercontent.com/lucide-icons/lucide-lab/main/icons/spider-web.svg
lucide	lab:spider	spider	lab/animals	Lucide Lab 实验图标 spider；分类: animals；tags: silk, web, weave, insect, bite, fangs, venom, poison, arachnid, arachnophobia, fear, frightening, horror, halloween, creepy	npm i @lucide/lab → import { spider } from '@lucide/lab'; <Icon iconNode={spider} />（Icon 来自 lucide-react）	free	install	url:https://raw.githubusercontent.com/lucide-icons/lucide-lab/main/icons/spider.svg
lucide	lab:stairs-arch	stairsArch	lab/buildings	Lucide Lab 实验图标 stairs-arch；分类: buildings；tags: steps, staircase, stairway, basement, cellar, amenities	npm i @lucide/lab → import { stairsArch } from '@lucide/lab'; <Icon iconNode={stairsArch} />（Icon 来自 lucide-react）	free	install	url:https://raw.githubusercontent.com/lucide-icons/lucide-lab/main/icons/stairs-arch.svg
lucide	lab:stairs-arrow-down-left	stairsArrowDownLeft	lab/buildings	Lucide Lab 实验图标 stairs-arrow-down-left；分类: buildings, travel, home, arrows；tags: steps, stairwell, staircase, basement access, ground floor, levels, hotel, accommodation, emergency exit, safety, signage, directions, diagonal	npm i @lucide/lab → import { stairsArrowDownLeft } from '@lucide/lab'; <Icon iconNode={stairsArrowDownLeft} />（Icon 来自 lucide-react）	free	install	url:https://raw.githubusercontent.com/lucide-icons/lucide-lab/main/icons/stairs-arrow-down-left.svg
lucide	lab:stairs-arrow-up-right	stairsArrowUpRight	lab/buildings	Lucide Lab 实验图标 stairs-arrow-up-right；分类: buildings, travel, home, arrows；tags: steps, stairwell, staircase, rooftop access, top floor, penthouse suite, levels, hotel, accommodation, emergency exit, safety, signage, directions, diagonal	npm i @lucide/lab → import { stairsArrowUpRight } from '@lucide/lab'; <Icon iconNode={stairsArrowUpRight} />（Icon 来自 lucide-react）	free	install	url:https://raw.githubusercontent.com/lucide-icons/lucide-lab/main/icons/stairs-arrow-up-right.svg
lucide	lab:stairs	stairs	lab/buildings	Lucide Lab 实验图标 stairs；分类: buildings；tags: steps, staircase, stairway	npm i @lucide/lab → import { stairs } from '@lucide/lab'; <Icon iconNode={stairs} />（Icon 来自 lucide-react）	free	install	url:https://raw.githubusercontent.com/lucide-icons/lucide-lab/main/icons/stairs.svg
lucide	lab:star-north	starNorth	lab/navigation	Lucide Lab 实验图标 star-north；分类: navigation, science；tags: guide, directions, dark, night, sky, twinkle, sparkle, shine, planet, space, galaxy, universe, astro	npm i @lucide/lab → import { starNorth } from '@lucide/lab'; <Icon iconNode={starNorth} />（Icon 来自 lucide-react）	free	install	url:https://raw.githubusercontent.com/lucide-icons/lucide-lab/main/icons/star-north.svg
lucide	lab:steering-wheel	steeringWheel	lab/sports	Lucide Lab 实验图标 steering-wheel；分类: sports, transportation, gaming；tags: driving, driver, racing, racer, motor sport, formula one, formula 1, f1, car, vehicle, direction	npm i @lucide/lab → import { steeringWheel } from '@lucide/lab'; <Icon iconNode={steeringWheel} />（Icon 来自 lucide-react）	free	install	url:https://raw.githubusercontent.com/lucide-icons/lucide-lab/main/icons/steering-wheel.svg
lucide	lab:strawberry	strawberry	lab/food-beverage	Lucide Lab 实验图标 strawberry；分类: food-beverage；tags: fruit, berries, smoothie, sweet, snack, meal, lunch, jam, conserve, preserve, eating, healthy, nutrition, diet	npm i @lucide/lab → import { strawberry } from '@lucide/lab'; <Icon iconNode={strawberry} />（Icon 来自 lucide-react）	free	install	url:https://raw.githubusercontent.com/lucide-icons/lucide-lab/main/icons/strawberry.svg
lucide	lab:strikethrough-square	strikethroughSquare	lab/text	Lucide Lab 实验图标 strikethrough-square；分类: text, tools, design, development；tags: correction, cross out, redacted, delete, remove, toolbar, formatting, styling, plain text, rich text, rtf, typography, font, sans serif, writing, writer, prose, content, markdown, markup	npm i @lucide/lab → import { strikethroughSquare } from '@lucide/lab'; <Icon iconNode={strikethroughSquare} />（Icon 来自 lucide-react）	free	install	url:https://raw.githubusercontent.com/lucide-icons/lucide-lab/main/icons/strikethrough-square.svg
lucide	lab:stroller	stroller	lab/transportation	Lucide Lab 实验图标 stroller；分类: transportation, people；tags: baby, newborn, children, infant, kids, toddler, mother, mum, family, buggy, pram, pushchair, wheels	npm i @lucide/lab → import { stroller } from '@lucide/lab'; <Icon iconNode={stroller} />（Icon 来自 lucide-react）	free	install	url:https://raw.githubusercontent.com/lucide-icons/lucide-lab/main/icons/stroller.svg
lucide	lab:sunlounger-parasol-sun-palmtree	sunloungerParasolSunPalmtree	lab/travel	Lucide Lab 实验图标 sunlounger-parasol-sun-palmtree；分类: travel；tags: shade, sunbathing, summer holiday, vacation, retreat, relax, leisure, tropical, island, beach, resort, exotic；仓库 main 分支有，但 @lucide/lab 0.7.0 尚未发布，无法 import	npm i @lucide/lab → import { sunloungerParasolSunPalmtree } from '@lucide/lab'; <Icon iconNode={sunloungerParasolSunPalmtree} />（Icon 来自 lucide-react）	broken	install	url:https://raw.githubusercontent.com/lucide-icons/lucide-lab/main/icons/sunlounger-parasol-sun-palmtree.svg
lucide	lab:sunlounger-parasol-sun	sunloungerParasolSun	lab/travel	Lucide Lab 实验图标 sunlounger-parasol-sun；分类: travel；tags: shade, sunbathing, summer holiday, vacation, retreat, relax, leisure, tropical, island, beach, resort, exotic	npm i @lucide/lab → import { sunloungerParasolSun } from '@lucide/lab'; <Icon iconNode={sunloungerParasolSun} />（Icon 来自 lucide-react）	free	install	url:https://raw.githubusercontent.com/lucide-icons/lucide-lab/main/icons/sunlounger-parasol-sun.svg
lucide	lab:sunlounger-parasol-table	sunloungerParasolTable	lab/travel	Lucide Lab 实验图标 sunlounger-parasol-table；分类: travel；tags: shade, sunbathing, summer holiday, vacation, retreat, relax, leisure, tropical, island, beach, resort, exotic	npm i @lucide/lab → import { sunloungerParasolTable } from '@lucide/lab'; <Icon iconNode={sunloungerParasolTable} />（Icon 来自 lucide-react）	free	install	url:https://raw.githubusercontent.com/lucide-icons/lucide-lab/main/icons/sunlounger-parasol-table.svg
lucide	lab:surfboard	surfboard	lab/travel	Lucide Lab 实验图标 surfboard；分类: travel, sports, gaming；tags: bodyboard, surfer, summer holiday, seaside, beach, waves, wind, tidal, tide, ocean, baywatch, lifesaver, lifeguard, coastguard, equipment, emergency, rescue	npm i @lucide/lab → import { surfboard } from '@lucide/lab'; <Icon iconNode={surfboard} />（Icon 来自 lucide-react）	free	install	url:https://raw.githubusercontent.com/lucide-icons/lucide-lab/main/icons/surfboard.svg
lucide	lab:sushi-2	sushi2	lab/food-beverage	Lucide Lab 实验图标 sushi-2；分类: food-beverage；tags: rice, raw fish, nori, seaweed, kale, snack, brunch, lunch, dinner, culinary, cuisine, asian, japanese, chinese, oriental, eastern	npm i @lucide/lab → import { sushi2 } from '@lucide/lab'; <Icon iconNode={sushi2} />（Icon 来自 lucide-react）	free	install	url:https://raw.githubusercontent.com/lucide-icons/lucide-lab/main/icons/sushi-2.svg
lucide	lab:sushi-3	sushi3	lab/food-beverage	Lucide Lab 实验图标 sushi-3；分类: food-beverage；tags: rice, raw fish, salmon, tuna, snack, brunch, lunch, dinner, culinary, cuisine, asian, japanese, chinese, oriental, eastern	npm i @lucide/lab → import { sushi3 } from '@lucide/lab'; <Icon iconNode={sushi3} />（Icon 来自 lucide-react）	free	install	url:https://raw.githubusercontent.com/lucide-icons/lucide-lab/main/icons/sushi-3.svg
lucide	lab:sushi-chopsticks	sushiChopsticks	lab/food-beverage	Lucide Lab 实验图标 sushi-chopsticks；分类: food-beverage, tools；tags: rice, raw fish, nori, seaweed, kale, snack, brunch, lunch, dinner, culinary, cuisine, asian, japanese, chinese, oriental, eastern	npm i @lucide/lab → import { sushiChopsticks } from '@lucide/lab'; <Icon iconNode={sushiChopsticks} />（Icon 来自 lucide-react）	free	install	url:https://raw.githubusercontent.com/lucide-icons/lucide-lab/main/icons/sushi-chopsticks.svg
lucide	lab:sushi	sushi	lab/food-beverage	Lucide Lab 实验图标 sushi；分类: food-beverage；tags: rice, raw fish, nori, seaweed, kale, snack, brunch, lunch, dinner, culinary, cuisine, asian, japanese, chinese, oriental, eastern	npm i @lucide/lab → import { sushi } from '@lucide/lab'; <Icon iconNode={sushi} />（Icon 来自 lucide-react）	free	install	url:https://raw.githubusercontent.com/lucide-icons/lucide-lab/main/icons/sushi.svg
lucide	lab:sweater	sweater	lab/shopping	Lucide Lab 实验图标 sweater；分类: shopping, social, seasons；tags: jumper, jersey, pullover, warmth, winter, christmas, xmas, thanksgiving, occasion, gathering	npm i @lucide/lab → import { sweater } from '@lucide/lab'; <Icon iconNode={sweater} />（Icon 来自 lucide-react）	free	install	url:https://raw.githubusercontent.com/lucide-icons/lucide-lab/main/icons/sweater.svg
lucide	lab:swiss-franc-circle	swissFrancCircle	lab/currency	Lucide Lab 实验图标 swiss-franc-circle；分类: currency, money, shapes；tags: monetization, marketing, finance, financial, markets, exchange, trader, trading, transaction, payment, coin, chf, ₣	npm i @lucide/lab → import { swissFrancCircle } from '@lucide/lab'; <Icon iconNode={swissFrancCircle} />（Icon 来自 lucide-react）	free	install	url:https://raw.githubusercontent.com/lucide-icons/lucide-lab/main/icons/swiss-franc-circle.svg
lucide	lab:swiss-franc-square	swissFrancSquare	lab/currency	Lucide Lab 实验图标 swiss-franc-square；分类: currency, money, shapes；tags: monetization, marketing, finance, financial, markets, exchange, trader, trading, transaction, payment, chf, ₣, toolbar, button	npm i @lucide/lab → import { swissFrancSquare } from '@lucide/lab'; <Icon iconNode={swissFrancSquare} />（Icon 来自 lucide-react）	free	install	url:https://raw.githubusercontent.com/lucide-icons/lucide-lab/main/icons/swiss-franc-square.svg
lucide	lab:tab-arrow-down	tabArrowDown	lab/layout	Lucide Lab 实验图标 tab-arrow-down；分类: layout；tags: tab, save, session, download	npm i @lucide/lab → import { tabArrowDown } from '@lucide/lab'; <Icon iconNode={tabArrowDown} />（Icon 来自 lucide-react）	free	install	url:https://raw.githubusercontent.com/lucide-icons/lucide-lab/main/icons/tab-arrow-down.svg
lucide	lab:tab-arrow-up-right	tabArrowUpRight	lab/layout	Lucide Lab 实验图标 tab-arrow-up-right；分类: layout, social；tags: tab, new, open, external, share	npm i @lucide/lab → import { tabArrowUpRight } from '@lucide/lab'; <Icon iconNode={tabArrowUpRight} />（Icon 来自 lucide-react）	free	install	url:https://raw.githubusercontent.com/lucide-icons/lucide-lab/main/icons/tab-arrow-up-right.svg
lucide	lab:tab-check	tabCheck	lab/layout	Lucide Lab 实验图标 tab-check；分类: layout, social, development；tags: ballot, poll, referendum, political, governance, government, democracy, democratic, social, decision, decide, yes, aye, counted, confirm, tick, right, correct, confident, confidence, passed, output, result, log；仓库 main 分支有，但 @lucide/lab 0.7.0 尚未发布，无法 import	npm i @lucide/lab → import { tabCheck } from '@lucide/lab'; <Icon iconNode={tabCheck} />（Icon 来自 lucide-react）	broken	install	url:https://raw.githubusercontent.com/lucide-icons/lucide-lab/main/icons/tab-check.svg
lucide	lab:tab-dot	tabDot	lab/layout	Lucide Lab 实验图标 tab-dot；分类: layout；tags: tab, unsaved, unread	npm i @lucide/lab → import { tabDot } from '@lucide/lab'; <Icon iconNode={tabDot} />（Icon 来自 lucide-react）	free	install	url:https://raw.githubusercontent.com/lucide-icons/lucide-lab/main/icons/tab-dot.svg
lucide	lab:tab-plus	tabPlus	lab/layout	Lucide Lab 实验图标 tab-plus；分类: layout；tags: tab, new, open, add, restore, +	npm i @lucide/lab → import { tabPlus } from '@lucide/lab'; <Icon iconNode={tabPlus} />（Icon 来自 lucide-react）	free	install	url:https://raw.githubusercontent.com/lucide-icons/lucide-lab/main/icons/tab-plus.svg
lucide	lab:tab-slash	tabSlash	lab/layout	Lucide Lab 实验图标 tab-slash；分类: layout, social, development；tags: ballot, vote, poll, referendum, political, governance, government, democracy, democratic, social, decision, decide, spoiled, protest, no confidence, discounted, disqualify, reject, none, output, log, or, /	npm i @lucide/lab → import { tabSlash } from '@lucide/lab'; <Icon iconNode={tabSlash} />（Icon 来自 lucide-react）	free	install	url:https://raw.githubusercontent.com/lucide-icons/lucide-lab/main/icons/tab-slash.svg
lucide	lab:tab-text	tabText	lab/layout	Lucide Lab 实验图标 tab-text；分类: layout, social, development, text；tags: ballot, vote, poll, referendum, political, governance, government, democracy, democratic, social, manifesto, pledge, decision, decide, printout, punched card, fax, paper, leaflet, pamphlet, instructions, office, output, result, log	npm i @lucide/lab → import { tabText } from '@lucide/lab'; <Icon iconNode={tabText} />（Icon 来自 lucide-react）	free	install	url:https://raw.githubusercontent.com/lucide-icons/lucide-lab/main/icons/tab-text.svg
lucide	lab:tab-x	tabX	lab/layout	Lucide Lab 实验图标 tab-x；分类: layout, social, development；tags: ballot, vote, poll, referendum, political, governance, government, democracy, democratic, social, decision, decide, no, reject, spoiled, cross, incorrect, no confidence, wrong, error, output, result, log, close, remove, cancel	npm i @lucide/lab → import { tabX } from '@lucide/lab'; <Icon iconNode={tabX} />（Icon 来自 lucide-react）	free	install	url:https://raw.githubusercontent.com/lucide-icons/lucide-lab/main/icons/tab-x.svg
lucide	lab:tab	tab	lab/layout	Lucide Lab 实验图标 tab；分类: layout, social, development；tags: ballot, vote, poll, referendum, political, governance, government, democracy, democratic, social, decision, decide, undecided, unsure, printout, punched card, fax, paper, office, output, result, log, blank, clear	npm i @lucide/lab → import { tab } from '@lucide/lab'; <Icon iconNode={tab} />（Icon 来自 lucide-react）	free	install	url:https://raw.githubusercontent.com/lucide-icons/lucide-lab/main/icons/tab.svg
lucide	lab:target-arrow	targetArrow	lab/sports	Lucide Lab 实验图标 target-arrow；分类: sports, gaming；tags: archery, crossbow, bullseye, hit, range	npm i @lucide/lab → import { targetArrow } from '@lucide/lab'; <Icon iconNode={targetArrow} />（Icon 来自 lucide-react）	free	install	url:https://raw.githubusercontent.com/lucide-icons/lucide-lab/main/icons/target-arrow.svg
lucide	lab:tennis-ball	tennisBall	lab/sports	Lucide Lab 实验图标 tennis-ball；分类: sports, gaming；tags: court, racquet, racket, net, deuce, love, bounce	npm i @lucide/lab → import { tennisBall } from '@lucide/lab'; <Icon iconNode={tennisBall} />（Icon 来自 lucide-react）	free	install	url:https://raw.githubusercontent.com/lucide-icons/lucide-lab/main/icons/tennis-ball.svg
lucide	lab:tennis-racket	tennisRacket	lab/sports	Lucide Lab 实验图标 tennis-racket；分类: sports, gaming；tags: court, racquet, net, deuce, love, bounce	npm i @lucide/lab → import { tennisRacket } from '@lucide/lab'; <Icon iconNode={tennisRacket} />（Icon 来自 lucide-react）	free	install	url:https://raw.githubusercontent.com/lucide-icons/lucide-lab/main/icons/tennis-racket.svg
lucide	lab:text-square	textSquare	lab/text	Lucide Lab 实验图标 text-square；分类: text, development；tags: note, log, document, page, paper, sheet, list, script, code, editor；仓库 main 分支有，但 @lucide/lab 0.7.0 尚未发布，无法 import	npm i @lucide/lab → import { textSquare } from '@lucide/lab'; <Icon iconNode={textSquare} />（Icon 来自 lucide-react）	broken	install	url:https://raw.githubusercontent.com/lucide-icons/lucide-lab/main/icons/text-square.svg
lucide	lab:tie-bow-ribbon	tieBowRibbon	lab/shopping	Lucide Lab 实验图标 tie-bow-ribbon；分类: shopping, social；tags: gift, present, party, birthday, box, decoration, neckwear, female, girls, kids, children, toys, doll, accessories, apparel	npm i @lucide/lab → import { tieBowRibbon } from '@lucide/lab'; <Icon iconNode={tieBowRibbon} />（Icon 来自 lucide-react）	free	install	url:https://raw.githubusercontent.com/lucide-icons/lucide-lab/main/icons/tie-bow-ribbon.svg
lucide	lab:tie-bow	tieBow	lab/shopping	Lucide Lab 实验图标 tie-bow；分类: shopping, social；tags: neckwear, gentleman, mens, boys, store, clothing, clothes, accessories, apparel, attire, outfit, fashion, formal, fancy, dressy, smart, classic, refined, elegant, evening, black tie event, occasion, tuxedo, wedding, groom, gathering, dinner, restaurant, waiter, uniform, service, serve	npm i @lucide/lab → import { tieBow } from '@lucide/lab'; <Icon iconNode={tieBow} />（Icon 来自 lucide-react）	free	install	url:https://raw.githubusercontent.com/lucide-icons/lucide-lab/main/icons/tie-bow.svg
lucide	lab:tie	tie	lab/shopping	Lucide Lab 实验图标 tie；分类: shopping, social；tags: neckwear, gentleman, mens, boys, store, clothing, clothes, accessories, apparel, attire, outfit, fashion, formal, fancy, dressy, smart, classic, refined, elegant, evening, black tie event, occasion, gathering, dinner, restaurant, waiter, uniform, service, serve	npm i @lucide/lab → import { tie } from '@lucide/lab'; <Icon iconNode={tie} />（Icon 来自 lucide-react）	free	install	url:https://raw.githubusercontent.com/lucide-icons/lucide-lab/main/icons/tie.svg
lucide	lab:tire	tire	lab/transportation	Lucide Lab 实验图标 tire；分类: transportation, maps；tags: tyre, wheel, hubcap, rubber, trim, automobile, vehicle, rim, axle	npm i @lucide/lab → import { tire } from '@lucide/lab'; <Icon iconNode={tire} />（Icon 来自 lucide-react）	free	install	url:https://raw.githubusercontent.com/lucide-icons/lucide-lab/main/icons/tire.svg
lucide	lab:toast	toast	lab/food-beverage	Lucide Lab 实验图标 toast；分类: food-beverage；tags: bread, butter, spread, jam, conserve, preserve, marmalade, continental breakfast, brunch, meal, morning	npm i @lucide/lab → import { toast } from '@lucide/lab'; <Icon iconNode={toast} />（Icon 来自 lucide-react）	free	install	url:https://raw.githubusercontent.com/lucide-icons/lucide-lab/main/icons/toast.svg
lucide	lab:toaster	toaster	lab/food-beverage	Lucide Lab 实验图标 toaster；分类: food-beverage, home, devices；tags: heat, burnt, bread, breakfast, morning, kitchen, appliances, amenities, electric	npm i @lucide/lab → import { toaster } from '@lucide/lab'; <Icon iconNode={toaster} />（Icon 来自 lucide-react）	free	install	url:https://raw.githubusercontent.com/lucide-icons/lucide-lab/main/icons/toaster.svg
lucide	lab:toilet-roll	toiletRoll	lab/home	Lucide Lab 实验图标 toilet-roll；分类: home, travel；tags: paper, sheets, lavatory, latrine, loo, bog, poo, privy, bathroom, toiletries, sanitation, clean, hospitality, housekeeping, room service, amenities, unravel, perforated, dashed	npm i @lucide/lab → import { toiletRoll } from '@lucide/lab'; <Icon iconNode={toiletRoll} />（Icon 来自 lucide-react）	free	install	url:https://raw.githubusercontent.com/lucide-icons/lucide-lab/main/icons/toilet-roll.svg
lucide	lab:toolbox-2	toolbox2	lab/tools	Lucide Lab 实验图标 toolbox-2；分类: tools, home；tags: tools, trunk, chest, storage, utility, utilities, container, kit, set	npm i @lucide/lab → import { toolbox2 } from '@lucide/lab'; <Icon iconNode={toolbox2} />（Icon 来自 lucide-react）	free	install	url:https://raw.githubusercontent.com/lucide-icons/lucide-lab/main/icons/toolbox-2.svg
lucide	lab:toolbox	toolbox	lab/tools	Lucide Lab 实验图标 toolbox；分类: tools, home；tags: tools, trunk, chest, storage, utility, utilities, container, kit, set；仓库 main 分支有，但 @lucide/lab 0.7.0 尚未发布，无法 import	npm i @lucide/lab → import { toolbox } from '@lucide/lab'; <Icon iconNode={toolbox} />（Icon 来自 lucide-react）	broken	install	url:https://raw.githubusercontent.com/lucide-icons/lucide-lab/main/icons/toolbox.svg
lucide	lab:top-crop	topCrop	lab/shopping	Lucide Lab 实验图标 top-crop；分类: shopping, sports；tags: brassiere, breasts, boobs, tops, womens, girls, female, ladies, sportswear, exercise, fitness, store, clothing, clothes, apparel, attire, fashion, thread, cotton, casual	npm i @lucide/lab → import { topCrop } from '@lucide/lab'; <Icon iconNode={topCrop} />（Icon 来自 lucide-react）	free	install	url:https://raw.githubusercontent.com/lucide-icons/lucide-lab/main/icons/top-crop.svg
lucide	lab:towel-folded	towelFolded	lab/home	Lucide Lab 实验图标 towel-folded；分类: home, travel；tags: towels, flannel, bathroom, toiletries, sanitation, sheets, bedding, clean, fresh, dry, laundry, laundrette, hospitality, housekeeping, room service, robe, spa break, health club, amenities	npm i @lucide/lab → import { towelFolded } from '@lucide/lab'; <Icon iconNode={towelFolded} />（Icon 来自 lucide-react）	free	install	url:https://raw.githubusercontent.com/lucide-icons/lucide-lab/main/icons/towel-folded.svg
lucide	lab:towel-rack	towelRack	lab/home	Lucide Lab 实验图标 towel-rack；分类: home, travel；tags: flannel, bathroom, toiletries, sanitation, clean, fresh, dry, laundry, laundrette, hospitality, housekeeping, room service, spa break, health club, amenities, hanging；仓库 main 分支有，但 @lucide/lab 0.7.0 尚未发布，无法 import	npm i @lucide/lab → import { towelRack } from '@lucide/lab'; <Icon iconNode={towelRack} />（Icon 来自 lucide-react）	broken	install	url:https://raw.githubusercontent.com/lucide-icons/lucide-lab/main/icons/towel-rack.svg
lucide	lab:trees-forest	treesForest	lab/nature	Lucide Lab 实验图标 trees-forest；分类: nature, seasons, sustainability, maps；tags: evergreen, forest, woodland, park, preserve, lumber, logging, outdoors, wildlife, habitat, botanical, flora	npm i @lucide/lab → import { treesForest } from '@lucide/lab'; <Icon iconNode={treesForest} />（Icon 来自 lucide-react）	free	install	url:https://raw.githubusercontent.com/lucide-icons/lucide-lab/main/icons/trees-forest.svg
lucide	lab:triangle-stripes	triangleStripes	lab/social	Lucide Lab 实验图标 triangle-stripes；分类: social, sustainability, shapes；tags: equilateral, delta, shape, pyramid, levels, structure, hierarchy, maslow, needs, wellbeing	npm i @lucide/lab → import { triangleStripes } from '@lucide/lab'; <Icon iconNode={triangleStripes} />（Icon 来自 lucide-react）	free	install	url:https://raw.githubusercontent.com/lucide-icons/lucide-lab/main/icons/triangle-stripes.svg
lucide	lab:trousers	trousers	lab/shopping	Lucide Lab 实验图标 trousers；分类: shopping；tags: jeans, denim, corduroy, chinos, cargo, pants, bottoms, store, clothing, clothes, apparel, attire, fashion, thread, cotton, casual, slim fit, skinny, regular	npm i @lucide/lab → import { trousers } from '@lucide/lab'; <Icon iconNode={trousers} />（Icon 来自 lucide-react）	free	install	url:https://raw.githubusercontent.com/lucide-icons/lucide-lab/main/icons/trousers.svg
lucide	lab:tuxedo	tuxedo	lab/shopping	Lucide Lab 实验图标 tuxedo；分类: shopping, social；tags: blazer, buttons, shirt, suit, gentleman, mens, boys, top, store, clothing, clothes, accessories, apparel, attire, outfit, fashion, formal, dressy, dinner, restaurant, waiter, uniform, smart, classic, refined, elegant, evening wear, black tie event, special occasion, wedding, groom, gathering, thread, tailored, regular, slim fit, service, serve	npm i @lucide/lab → import { tuxedo } from '@lucide/lab'; <Icon iconNode={tuxedo} />（Icon 来自 lucide-react）	free	install	url:https://raw.githubusercontent.com/lucide-icons/lucide-lab/main/icons/tuxedo.svg
lucide	lab:type-square	typeSquare	lab/text	Lucide Lab 实验图标 type-square；分类: text, tools, design, development；tags: toolbar, formatting, styling, plain text, rich text, rtf, typography, fonts, font book, collection, slab serif, writing, writer, prose, content, markdown, markup	npm i @lucide/lab → import { typeSquare } from '@lucide/lab'; <Icon iconNode={typeSquare} />（Icon 来自 lucide-react）	free	install	url:https://raw.githubusercontent.com/lucide-icons/lucide-lab/main/icons/type-square.svg
lucide	lab:ufo	ufo	lab/science	Lucide Lab 实验图标 ufo；分类: science, transportation, gaming；tags: unidentified flying object, flying saucer, spaceship, spacecraft, aliens, extraterrestrial, abduction, beam, crop circles, area 51, outer space, lightyears, interstellar travel, interplanetary, galactic, universe, explore, stars	npm i @lucide/lab → import { ufo } from '@lucide/lab'; <Icon iconNode={ufo} />（Icon 来自 lucide-react）	free	install	url:https://raw.githubusercontent.com/lucide-icons/lucide-lab/main/icons/ufo.svg
lucide	lab:underline-square	underlineSquare	lab/text	Lucide Lab 实验图标 underline-square；分类: text, tools, design, development；tags: highlight, emphasis, emphasize, toolbar, formatting, styling, plain text, rich text, rtf, typography, font, sans serif, writing, writer, prose, content, markdown, markup	npm i @lucide/lab → import { underlineSquare } from '@lucide/lab'; <Icon iconNode={underlineSquare} />（Icon 来自 lucide-react）	free	install	url:https://raw.githubusercontent.com/lucide-icons/lucide-lab/main/icons/underline-square.svg
lucide	lab:unicorn-head	unicornHead	lab/animals	Lucide Lab 实验图标 unicorn-head；分类: animals, gaming；tags: rare, unique, horn, fairy tale, nursery, story, fictional, imaginary, imagination, 🦄	npm i @lucide/lab → import { unicornHead } from '@lucide/lab'; <Icon iconNode={unicornHead} />（Icon 来自 lucide-react）	free	install	url:https://raw.githubusercontent.com/lucide-icons/lucide-lab/main/icons/unicorn-head.svg
lucide	lab:venn	venn	lab/design	Lucide Lab 实验图标 venn；分类: design, charts；tags: venn diagram, overlap, compare, common, blend mode, opacity, transparency	npm i @lucide/lab → import { venn } from '@lucide/lab'; <Icon iconNode={venn} />（Icon 来自 lucide-react）	free	install	url:https://raw.githubusercontent.com/lucide-icons/lucide-lab/main/icons/venn.svg
lucide	lab:vest	vest	lab/shopping	Lucide Lab 实验图标 vest；分类: shopping, sports, travel；tags: underwear, undergarment, mens, boys, top, waistcoat, sleeveless, sportswear, exercise, fitness, summer holiday, beachwear, bathing, seaside, store, clothing, clothes, apparel, attire, fashion, thread, cotton, casual, slim fit, regular	npm i @lucide/lab → import { vest } from '@lucide/lab'; <Icon iconNode={vest} />（Icon 来自 lucide-react）	free	install	url:https://raw.githubusercontent.com/lucide-icons/lucide-lab/main/icons/vest.svg
lucide	lab:volleyball	volleyball	lab/sports	Lucide Lab 实验图标 volleyball；分类: sports, gaming, travel, home；tags: beach, sand, net, holiday, vacation, summer, soccer, football, futbol, kick, pitch, goal, score, bounce, leather, wool, yarn, knitting, sewing, thread, embroidery, textile；仓库 main 分支有，但 @lucide/lab 0.7.0 尚未发布，无法 import	npm i @lucide/lab → import { volleyball } from '@lucide/lab'; <Icon iconNode={volleyball} />（Icon 来自 lucide-react）	broken	install	url:https://raw.githubusercontent.com/lucide-icons/lucide-lab/main/icons/volleyball.svg
lucide	lab:waffle	waffle	lab/food-beverage	Lucide Lab 实验图标 waffle；分类: food-beverage；tags: syrup, fast food, junk food, snack, sweet, dish, restaurant, breakfast, brunch, dessert, meal, cookery, cooking	npm i @lucide/lab → import { waffle } from '@lucide/lab'; <Icon iconNode={waffle} />（Icon 来自 lucide-react）	free	install	url:https://raw.githubusercontent.com/lucide-icons/lucide-lab/main/icons/waffle.svg
lucide	lab:wardrobe	wardrobe	lab/furniture	Lucide Lab 实验图标 wardrobe；分类: furniture；tags: closet, cupboard, shelves, drawer, storage, clothes, clothing, apparel	npm i @lucide/lab → import { wardrobe } from '@lucide/lab'; <Icon iconNode={wardrobe} />（Icon 来自 lucide-react）	free	install	url:https://raw.githubusercontent.com/lucide-icons/lucide-lab/main/icons/wardrobe.svg
lucide	lab:watch-activity	watchActivity	lab/time	Lucide Lab 实验图标 watch-activity；分类: time, devices, sports, medical；tags: clock, wearable, wrist, strap, face, digital, touchscreen, smart, gadget, technology, mobile, pulse, levels, heart rate monitor, vital signs, vitals, health, exercise, fitness, running, jogging, tracking, action, motion, movement, audio, waveform, sound	npm i @lucide/lab → import { watchActivity } from '@lucide/lab'; <Icon iconNode={watchActivity} />（Icon 来自 lucide-react）	free	install	url:https://raw.githubusercontent.com/lucide-icons/lucide-lab/main/icons/watch-activity.svg
lucide	lab:watch-alarm	watchAlarm	lab/time	Lucide Lab 实验图标 watch-alarm；分类: time, devices；tags: beep, ring, clock, timer, stopwatch, alarm, alert, wear, wrist, strap, face, mechanical, analog, analogue, round, circle	npm i @lucide/lab → import { watchAlarm } from '@lucide/lab'; <Icon iconNode={watchAlarm} />（Icon 来自 lucide-react）	free	install	url:https://raw.githubusercontent.com/lucide-icons/lucide-lab/main/icons/watch-alarm.svg
lucide	lab:watch-bars	watchBars	lab/time	Lucide Lab 实验图标 watch-bars；分类: time, devices, sports；tags: clock, wearable, wrist, strap, face, digital, touchscreen, smart, gadget, mobile, levels, chart, statistics, tracking, monitor, activity, exercise, fitness, running, jogging, audio, waveform, sound, vertical	npm i @lucide/lab → import { watchBars } from '@lucide/lab'; <Icon iconNode={watchBars} />（Icon 来自 lucide-react）	free	install	url:https://raw.githubusercontent.com/lucide-icons/lucide-lab/main/icons/watch-bars.svg
lucide	lab:watch-charging	watchCharging	lab/time	Lucide Lab 实验图标 watch-charging；分类: time, devices；tags: clock, wearable, wrist, strap, face, digital, touchscreen, smart, gadget, technology, mobile, battery, recharge, power, energy, zap	npm i @lucide/lab → import { watchCharging } from '@lucide/lab'; <Icon iconNode={watchCharging} />（Icon 来自 lucide-react）	free	install	url:https://raw.githubusercontent.com/lucide-icons/lucide-lab/main/icons/watch-charging.svg
lucide	lab:watch-check	watchCheck	lab/time	Lucide Lab 实验图标 watch-check；分类: time, devices, notifications；tags: clock, wearable, wrist, strap, face, digital, touchscreen, smart, gadget, technology, mobile, done, todo, tick, complete, task	npm i @lucide/lab → import { watchCheck } from '@lucide/lab'; <Icon iconNode={watchCheck} />（Icon 来自 lucide-react）	free	install	url:https://raw.githubusercontent.com/lucide-icons/lucide-lab/main/icons/watch-check.svg
lucide	lab:watch-loader	watchLoader	lab/time	Lucide Lab 实验图标 watch-loader；分类: time, devices；tags: polar, clock, wearable, wrist, strap, face, digital, touchscreen, smart, gadget, technology, mobile, loading, wait, busy, progress, spinner, spinning, throbber	npm i @lucide/lab → import { watchLoader } from '@lucide/lab'; <Icon iconNode={watchLoader} />（Icon 来自 lucide-react）	free	install	url:https://raw.githubusercontent.com/lucide-icons/lucide-lab/main/icons/watch-loader.svg
lucide	lab:watch-music	watchMusic	lab/time	Lucide Lab 实验图标 watch-music；分类: time, devices, multimedia；tags: clock, wearable, wrist, strap, face, digital, touchscreen, smart, gadget, technology, mobile, playback, audio, sound, semiquaver, sixteenth note	npm i @lucide/lab → import { watchMusic } from '@lucide/lab'; <Icon iconNode={watchMusic} />（Icon 来自 lucide-react）	free	install	url:https://raw.githubusercontent.com/lucide-icons/lucide-lab/main/icons/watch-music.svg
lucide	lab:watch-square-alarm	watchSquareAlarm	lab/time	Lucide Lab 实验图标 watch-square-alarm；分类: time, devices；tags: beep, ring, clock, timer, stopwatch, alarm, alert, wearable, wrist, strap, face, digital, touchscreen, smart, gadget, technology, mobile	npm i @lucide/lab → import { watchSquareAlarm } from '@lucide/lab'; <Icon iconNode={watchSquareAlarm} />（Icon 来自 lucide-react）	free	install	url:https://raw.githubusercontent.com/lucide-icons/lucide-lab/main/icons/watch-square-alarm.svg
lucide	lab:watch-square	watchSquare	lab/time	Lucide Lab 实验图标 watch-square；分类: time, devices；tags: clock, wearable, wrist, strap, face, digital, touchscreen, smart, gadget, technology, mobile	npm i @lucide/lab → import { watchSquare } from '@lucide/lab'; <Icon iconNode={watchSquare} />（Icon 来自 lucide-react）	free	install	url:https://raw.githubusercontent.com/lucide-icons/lucide-lab/main/icons/watch-square.svg
lucide	lab:watch-text	watchText	lab/time	Lucide Lab 实验图标 watch-text；分类: time, devices, sports, social；tags: clock, wearable, wrist, strap, face, digital, touchscreen, smart, gadget, technology, mobile, levels, chart, statistics, tracking, monitor, activity, exercise, fitness, running, jogging, audio, sound, vertical, information, message, read, horizontal	npm i @lucide/lab → import { watchText } from '@lucide/lab'; <Icon iconNode={watchText} />（Icon 来自 lucide-react）	free	install	url:https://raw.githubusercontent.com/lucide-icons/lucide-lab/main/icons/watch-text.svg
lucide	lab:watermelon	watermelon	lab/food-beverage	Lucide Lab 实验图标 watermelon；分类: food-beverage, gaming；tags: snack, meal, lunch, juice, smoothie, eating, healthy, nutrition, diet, fruit machine, slots, gambling, jackpot	npm i @lucide/lab → import { watermelon } from '@lucide/lab'; <Icon iconNode={watermelon} />（Icon 来自 lucide-react）	free	install	url:https://raw.githubusercontent.com/lucide-icons/lucide-lab/main/icons/watermelon.svg
lucide	lab:wave-circle	waveCircle	lab/weather	Lucide Lab 实验图标 wave-circle；分类: weather, travel；tags: surfing, tidal, tide, water, aqua, seaside, beach, ocean, curl	npm i @lucide/lab → import { waveCircle } from '@lucide/lab'; <Icon iconNode={waveCircle} />（Icon 来自 lucide-react）	free	install	url:https://raw.githubusercontent.com/lucide-icons/lucide-lab/main/icons/wave-circle.svg
lucide	lab:waves-birds	wavesBirds	lab/maps	Lucide Lab 实验图标 waves-birds；分类: maps, travel；tags: water, aqua, seaside, view, picturesque, tourism, summer holiday, beach, ocean, flow	npm i @lucide/lab → import { wavesBirds } from '@lucide/lab'; <Icon iconNode={wavesBirds} />（Icon 来自 lucide-react）	free	install	url:https://raw.githubusercontent.com/lucide-icons/lucide-lab/main/icons/waves-birds.svg
lucide	lab:waves-shark-fin	wavesSharkFin	lab/travel	Lucide Lab 实验图标 waves-shark-fin；分类: travel, animals；tags: pectoral, fishing, infested, waters, warning, danger, alert, jaws, attack, aquatic, encounter, marine life, tourism, seaside, beach, ocean, depth, deep	npm i @lucide/lab → import { wavesSharkFin } from '@lucide/lab'; <Icon iconNode={wavesSharkFin} />（Icon 来自 lucide-react）	free	install	url:https://raw.githubusercontent.com/lucide-icons/lucide-lab/main/icons/waves-shark-fin.svg
lucide	lab:whale-narwhal	whaleNarwhal	lab/animals	Lucide Lab 实验图标 whale-narwhal；分类: animals；tags: narwhale, horn, tusk, fishing, fins, blowhole, blubber, barnacles, plankton, krill, sealife, ocean, aquatic, water, depth, deep, dive, diving, marine, mammal, school, calf	npm i @lucide/lab → import { whaleNarwhal } from '@lucide/lab'; <Icon iconNode={whaleNarwhal} />（Icon 来自 lucide-react）	free	install	url:https://raw.githubusercontent.com/lucide-icons/lucide-lab/main/icons/whale-narwhal.svg
lucide	lab:whale	whale	lab/animals	Lucide Lab 实验图标 whale；分类: animals, development；tags: porpoise, fishing, fins, blowhole, blubber, barnacles, plankton, krill, sealife, ocean, aquatic, water, depth, deep, dive, diving, marine, mammal, school, calf, docker, containers, environment	npm i @lucide/lab → import { whale } from '@lucide/lab'; <Icon iconNode={whale} />（Icon 来自 lucide-react）	free	install	url:https://raw.githubusercontent.com/lucide-icons/lucide-lab/main/icons/whale.svg
lucide	lab:wheel	wheel	lab/transportation	Lucide Lab 实验图标 wheel；分类: transportation, maps；tags: tire, rim, hub, spoke, cog, pulley, gear, turning, disk, circle, revolve, rotate, spin, roll, cart, bike, wagon, water wheel, axle, turn	npm i @lucide/lab → import { wheel } from '@lucide/lab'; <Icon iconNode={wheel} />（Icon 来自 lucide-react）	free	install	url:https://raw.githubusercontent.com/lucide-icons/lucide-lab/main/icons/wheel.svg
lucide	lab:whisk-fork-knife	whiskForkKnife	lab/food-beverage	Lucide Lab 实验图标 whisk-fork-knife；分类: food-beverage, home, tools；tags: utensils, kitchenware, cutlery, culinary, cooking, cookery, restaurant, chef, mix, cut, slice, eat, meal, dinner	npm i @lucide/lab → import { whiskForkKnife } from '@lucide/lab'; <Icon iconNode={whiskForkKnife} />（Icon 来自 lucide-react）	free	install	url:https://raw.githubusercontent.com/lucide-icons/lucide-lab/main/icons/whisk-fork-knife.svg
lucide	lab:whisk	whisk	lab/food-beverage	Lucide Lab 实验图标 whisk；分类: food-beverage, home, tools；tags: utensils, kitchenware, cutlery, culinary, cooking, cookery, restaurant, chef, mix	npm i @lucide/lab → import { whisk } from '@lucide/lab'; <Icon iconNode={whisk} />（Icon 来自 lucide-react）	free	install	url:https://raw.githubusercontent.com/lucide-icons/lucide-lab/main/icons/whisk.svg
lucide	lab:whisks	whisks	lab/food-beverage	Lucide Lab 实验图标 whisks；分类: food-beverage, tools；tags: kitchen, utensils, cutlery, culinary, cooking, cookery, restaurant, chef, mix	npm i @lucide/lab → import { whisks } from '@lucide/lab'; <Icon iconNode={whisks} />（Icon 来自 lucide-react）	free	install	url:https://raw.githubusercontent.com/lucide-icons/lucide-lab/main/icons/whisks.svg
lucide	lab:windmill	windmill	lab/buildings	Lucide Lab 实验图标 windmill；分类: buildings, maps, sustainability；tags: sails, turbine, electricity, power, energy, renewables	npm i @lucide/lab → import { windmill } from '@lucide/lab'; <Icon iconNode={windmill} />（Icon 来自 lucide-react）	free	install	url:https://raw.githubusercontent.com/lucide-icons/lucide-lab/main/icons/windmill.svg
lucide	lab:wine-glass-bottle	wineGlassBottle	lab/food-beverage	Lucide Lab 实验图标 wine-glass-bottle；分类: food-beverage, social；tags: alcohol, drink, glass, goblet, chalice, vineyard, winery, red, white, rose, dry, sparkling, bar, party, nightclub, nightlife, sommelier, restaurant, dinner, meal	npm i @lucide/lab → import { wineGlassBottle } from '@lucide/lab'; <Icon iconNode={wineGlassBottle} />（Icon 来自 lucide-react）	free	install	url:https://raw.githubusercontent.com/lucide-icons/lucide-lab/main/icons/wine-glass-bottle.svg
lucide	lab:yarn-ball	yarnBall	lab/home	Lucide Lab 实验图标 yarn-ball；分类: home, social, development；tags: wool, thread, needle, sewing, stitch, embroidery, waeve, woven, fabric, material, cloth, cotton, textile, string, unravel, unroll, code, conding, package manager, npm	npm i @lucide/lab → import { yarnBall } from '@lucide/lab'; <Icon iconNode={yarnBall} />（Icon 来自 lucide-react）	free	install	url:https://raw.githubusercontent.com/lucide-icons/lucide-lab/main/icons/yarn-ball.svg
lucide	lab:yin-yang	yinYang	lab/social	Lucide Lab 实验图标 yin-yang；分类: social, accessibility, sustainability；tags: yinyang, contrast, opposites, interconnected, balance, unity, chinese, culture, philosopy, chaos, calm, rest, tranquility, peace, harmony, energy, aura, sprituality, meditation, wellbeing, lifestyle, symbol	npm i @lucide/lab → import { yinYang } from '@lucide/lab'; <Icon iconNode={yinYang} />（Icon 来自 lucide-react）	free	install	url:https://raw.githubusercontent.com/lucide-icons/lucide-lab/main/icons/yin-yang.svg
lucide	lab:bat	bat	lab/misc	Lucide Lab 实验图标 bat（npm 0.7.0 已发布，仓库 main 分支已改名或移除，无 tags）	npm i @lucide/lab → import { bat } from '@lucide/lab'; <Icon iconNode={bat} />（Icon 来自 lucide-react）	free	install	url:https://unpkg.com/@lucide/lab@0.7.0/dist/esm/icons/bat.js
lucide	lab:check-x	checkX	lab/misc	Lucide Lab 实验图标 check x（npm 0.7.0 已发布，仓库 main 分支已改名或移除，无 tags）	npm i @lucide/lab → import { checkX } from '@lucide/lab'; <Icon iconNode={checkX} />（Icon 来自 lucide-react）	free	install	url:https://unpkg.com/@lucide/lab@0.7.0/dist/esm/icons/check-x.js
lucide	lab:chinese-character	chineseCharacter	lab/misc	Lucide Lab 实验图标 chinese character（npm 0.7.0 已发布，仓库 main 分支已改名或移除，无 tags）	npm i @lucide/lab → import { chineseCharacter } from '@lucide/lab'; <Icon iconNode={chineseCharacter} />（Icon 来自 lucide-react）	free	install	url:https://unpkg.com/@lucide/lab@0.7.0/dist/esm/icons/chinese-character.js
lucide	lab:hand-gear	handGear	lab/misc	Lucide Lab 实验图标 hand gear（npm 0.7.0 已发布，仓库 main 分支已改名或移除，无 tags）	npm i @lucide/lab → import { handGear } from '@lucide/lab'; <Icon iconNode={handGear} />（Icon 来自 lucide-react）	free	install	url:https://unpkg.com/@lucide/lab@0.7.0/dist/esm/icons/hand-gear.js
lucide	lab:monstera-leaf	monsteraLeaf	lab/misc	Lucide Lab 实验图标 monstera leaf（npm 0.7.0 已发布，仓库 main 分支已改名或移除，无 tags）	npm i @lucide/lab → import { monsteraLeaf } from '@lucide/lab'; <Icon iconNode={monsteraLeaf} />（Icon 来自 lucide-react）	free	install	url:https://unpkg.com/@lucide/lab@0.7.0/dist/esm/icons/monstera-leaf.js
lucide	lab:peace-sign	peaceSign	lab/misc	Lucide Lab 实验图标 peace sign（npm 0.7.0 已发布，仓库 main 分支已改名或移除，无 tags）	npm i @lucide/lab → import { peaceSign } from '@lucide/lab'; <Icon iconNode={peaceSign} />（Icon 来自 lucide-react）	free	install	url:https://unpkg.com/@lucide/lab@0.7.0/dist/esm/icons/peace-sign.js
lucide	lab:pilot	pilot	lab/misc	Lucide Lab 实验图标 pilot（npm 0.7.0 已发布，仓库 main 分支已改名或移除，无 tags）	npm i @lucide/lab → import { pilot } from '@lucide/lab'; <Icon iconNode={pilot} />（Icon 来自 lucide-react）	free	install	url:https://unpkg.com/@lucide/lab@0.7.0/dist/esm/icons/pilot.js
lucide	lab:police-cap	policeCap	lab/misc	Lucide Lab 实验图标 police cap（npm 0.7.0 已发布，仓库 main 分支已改名或移除，无 tags）	npm i @lucide/lab → import { policeCap } from '@lucide/lab'; <Icon iconNode={policeCap} />（Icon 来自 lucide-react）	free	install	url:https://unpkg.com/@lucide/lab@0.7.0/dist/esm/icons/police-cap.js
lucide	lab:sunlounger-parasol-sun-palm-tree	sunloungerParasolSunPalmTree	lab/misc	Lucide Lab 实验图标 sunlounger parasol sun palm tree（npm 0.7.0 已发布，仓库 main 分支已改名或移除，无 tags）	npm i @lucide/lab → import { sunloungerParasolSunPalmTree } from '@lucide/lab'; <Icon iconNode={sunloungerParasolSunPalmTree} />（Icon 来自 lucide-react）	free	install	url:https://unpkg.com/@lucide/lab@0.7.0/dist/esm/icons/sunlounger-parasol-sun-palm-tree.js
lucide	lab:tree-palm-island-sun	treePalmIslandSun	lab/misc	Lucide Lab 实验图标 tree palm island sun（npm 0.7.0 已发布，仓库 main 分支已改名或移除，无 tags）	npm i @lucide/lab → import { treePalmIslandSun } from '@lucide/lab'; <Icon iconNode={treePalmIslandSun} />（Icon 来自 lucide-react）	free	install	url:https://unpkg.com/@lucide/lab@0.7.0/dist/esm/icons/tree-palm-island-sun.js
