a-arrow-down	图标 a-arrow-down；分类: text, design；tags: letter, font size, text, formatting, smaller	icon	icons				
a-arrow-up	图标 a-arrow-up；分类: text, design；tags: letter, font size, text, formatting, larger, bigger	icon	icons				
a-large-small	图标 a-large-small；分类: text, design；tags: letter, font size, text, formatting	icon	icons				
accessibility	图标 accessibility；分类: accessibility, medical；tags: disability, disabled, dda, wheelchair	icon	icons				
activity	图标 activity；分类: medical, account, social, science, multimedia；tags: pulse, action, motion, movement, exercise, fitness, healthcare, heart rate monitor, vital signs, vitals, emergency room, er, intensive care, hospital, defibrillator, earthquake, seismic, magnitude, richter scale, aftershock, tremor, shockwave, audio, waveform, synthesizer, synthesiser, music	icon	icons				
ad	图标 ad；分类: multimedia, accessibility, notifications；tags: advert, affiliate, brand, campaign, commercial, marketing, monetize, paid, partner, promo, sponsor, audio description, video description, described video, visual description	icon	icons				
air-vent	图标 air-vent；分类: home；tags: air conditioner, ac, central air, cooling, climate-control	icon	icons				
airplay	图标 airplay；分类: multimedia, connectivity；tags: stream, cast, mirroring, screen, monitor, macos, osx	icon	icons				
alarm-clock	图标 alarm-clock；分类: devices, notifications, time；tags: morning	icon	icons				
alarm-clock-check	图标 alarm-clock-check；分类: devices, notifications, time；tags: done, todo, tick, complete, task	icon	icons				
alarm-clock-minus	图标 alarm-clock-minus；分类: devices, notifications, time；tags: remove	icon	icons				
alarm-clock-off	图标 alarm-clock-off；分类: devices, notifications, time；tags: morning, turn-off	icon	icons				
alarm-clock-plus	图标 alarm-clock-plus；分类: devices, notifications, time；tags: add	icon	icons				
alarm-smoke	图标 alarm-smoke；分类: home, devices, travel；tags: fire, alert, warning, detector, carbon monoxide, safety, equipment, amenities	icon	icons				
align-center-horizontal	图标 align-center-horizontal；分类: layout；tags: items, flex, justify	icon	icons				
align-center-vertical	图标 align-center-vertical；分类: layout；tags: items, flex, justify	icon	icons				
align-end-horizontal	图标 align-end-horizontal；分类: layout；tags: items, bottom, flex, justify	icon	icons				
align-end-vertical	图标 align-end-vertical；分类: layout；tags: items, right, flex, justify	icon	icons				
align-horizontal-distribute-center	图标 align-horizontal-distribute-center；分类: layout；tags: items, flex, justify, space, evenly, around	icon	icons				
align-horizontal-distribute-end	图标 align-horizontal-distribute-end；分类: layout；tags: right, items, flex, justify	icon	icons				
align-horizontal-distribute-start	图标 align-horizontal-distribute-start；分类: layout；tags: left, items, flex, justify	icon	icons				
align-horizontal-justify-center	图标 align-horizontal-justify-center；分类: layout；tags: center, items, flex, justify	icon	icons				
align-horizontal-justify-end	图标 align-horizontal-justify-end；分类: layout；tags: right, items, flex, justify	icon	icons				
align-horizontal-justify-start	图标 align-horizontal-justify-start；分类: layout；tags: left, items, flex, justify	icon	icons				
align-horizontal-space-around	图标 align-horizontal-space-around；分类: layout；tags: center, items, flex, justify, distribute, between	icon	icons				
align-horizontal-space-between	图标 align-horizontal-space-between；分类: layout；tags: around, items, bottom, flex, justify	icon	icons				
align-start-horizontal	图标 align-start-horizontal；分类: layout；tags: top, items, flex, justify	icon	icons				
align-start-vertical	图标 align-start-vertical；分类: layout；tags: left, items, flex, justify	icon	icons				
align-vertical-distribute-center	图标 align-vertical-distribute-center；分类: layout；tags: items, flex, justify, space, evenly, around	icon	icons				
align-vertical-distribute-end	图标 align-vertical-distribute-end；分类: layout；tags: bottom, items, flex, justify	icon	icons				
align-vertical-distribute-start	图标 align-vertical-distribute-start；分类: layout；tags: top, items, flex, justify	icon	icons				
align-vertical-justify-center	图标 align-vertical-justify-center；分类: layout；tags: center, items, flex, justify, distribute, between	icon	icons				
align-vertical-justify-end	图标 align-vertical-justify-end；分类: layout；tags: bottom, items, flex, justify, distribute, between	icon	icons				
align-vertical-justify-start	图标 align-vertical-justify-start；分类: layout；tags: top, items, flex, justify, distribute, between	icon	icons				
align-vertical-space-around	图标 align-vertical-space-around；分类: layout；tags: center, items, flex, justify, distribute, between	icon	icons				
align-vertical-space-between	图标 align-vertical-space-between；分类: layout；tags: center, items, flex, justify, distribute, between	icon	icons				
ambulance	图标 ambulance；分类: medical, transportation；tags: ambulance, emergency, medical, vehicle, siren, healthcare, transportation, rescue, urgent, first aid	icon	icons				
ampersand	图标 ampersand；分类: text, development；tags: and, typography, operator, join, concatenate, code, &	icon	icons				
ampersands	图标 ampersands；分类: text, development；tags: and, operator, then, code, &&	icon	icons				
amphora	图标 amphora；分类: food-beverage, gaming；tags: pottery, artifact, artefact, vase, ceramics, clay, archaeology, museum, wine, oil	icon	icons				
anchor	图标 anchor；分类: transportation, text；tags: ship	icon	icons				
angle	图标 angle；分类: math, design；tags: angle, degree, corner, geometry, measure, math, rotate, vertex, slope, protractor, measurement, dimension, arc, drafting, cad	icon	icons				
antenna	图标 antenna；分类: devices, multimedia, communication；tags: signal, connection, connectivity, tv, television, broadcast, live, frequency, tune, scan, channels, aerial, receiver, transmission, transducer, terrestrial, satellite, cable	icon	icons				
anvil	图标 anvil；分类: buildings, tools, gaming；tags: metal, iron, alloy, materials, heavy, weight, blacksmith, forge, acme	icon	icons				
aperture	图标 aperture；分类: photography；tags: camera, photo, pictures, shutter, exposure	icon	icons				
app-window	图标 app-window；分类: layout, design, development, files；tags: application, menu bar, pane, executable	icon	icons				
app-window-mac	图标 app-window-mac；分类: layout, design, development, files；tags: application, menu bar, pane, preferences, macos, osx, executable	icon	icons				
apple	图标 apple；分类: food-beverage；tags: fruit, food, healthy, snack, nutrition, fresh, produce, grocery, organic, harvest, vitamin, red, green, juicy, sweet, tart, bite, orchard, plant, core, raw, diet	icon	icons				
archive	图标 archive；分类: files, mail；tags: index, backup, box, storage, records	icon	icons				
archive-restore	图标 archive-restore；分类: files, mail；tags: unarchive, index, backup, box, storage, records	icon	icons				
archive-x	图标 archive-x；分类: files, mail；tags: index, backup, box, storage, records, junk	icon	icons				
armchair	图标 armchair；分类: home；tags: sofa, furniture, leisure, lounge, loveseat, couch	icon	icons				
armenian-dram	图标 armenian-dram；分类: finance；tags: finance, symbol, banking, economy, currency, money, payment	icon	icons				
arrow-big-down	图标 arrow-big-down；分类: arrows, gaming；tags: backwards, reverse, direction, south	icon	icons				
arrow-big-down-dash	图标 arrow-big-down-dash；分类: arrows, gaming, files；tags: backwards, reverse, slow, direction, south, download	icon	icons				
arrow-big-left	图标 arrow-big-left；分类: arrows, gaming；tags: previous, back, direction, west, indicate turn	icon	icons				
arrow-big-left-dash	图标 arrow-big-left-dash；分类: arrows, gaming；tags: previous, back, direction, west, turn, corner	icon	icons				
arrow-big-right	图标 arrow-big-right；分类: arrows, gaming；tags: next, forward, direction, east, indicate turn	icon	icons				
arrow-big-right-dash	图标 arrow-big-right-dash；分类: arrows, gaming；tags: next, forward, direction, east, turn, corner	icon	icons				
arrow-big-up	图标 arrow-big-up；分类: arrows, text, development, gaming；tags: shift, keyboard, button, mac, capitalize, capitalise, forward, direction, north	icon	icons		keyboard		
arrow-big-up-dash	图标 arrow-big-up-dash；分类: arrows, text, development, gaming；tags: caps lock, capitals, keyboard, button, mac, forward, direction, north, faster, speed, boost	icon	icons		keyboard		
arrow-down	图标 arrow-down；分类: arrows；tags: backwards, reverse, direction, south	icon	icons				
arrow-down-0-1	图标 arrow-down-0-1；分类: text, layout, arrows；tags: filter, sort, ascending, descending, increasing, decreasing, rising, falling, numerical	icon	icons				
arrow-down-1-0	图标 arrow-down-1-0；分类: text, layout, arrows；tags: filter, sort, ascending, descending, increasing, decreasing, rising, falling, numerical	icon	icons				
arrow-down-a-z	图标 arrow-down-a-z；分类: text, layout, arrows；tags: filter, sort, ascending, descending, increasing, decreasing, rising, falling, alphabetical	icon	icons				
arrow-down-from-line	图标 arrow-down-from-line；分类: arrows, files；tags: backwards, reverse, direction, south, download, expand, fold, vertical	icon	icons				
arrow-down-left	图标 arrow-down-left；分类: arrows；tags: direction, south-west, diagonal	icon	icons				
arrow-down-narrow-wide	图标 arrow-down-narrow-wide；分类: text, layout, arrows；tags: filter, sort, ascending, descending, increasing, decreasing, rising, falling	icon	icons				
arrow-down-right	图标 arrow-down-right；分类: arrows；tags: direction, south-east, diagonal	icon	icons				
arrow-down-to-dot	图标 arrow-down-to-dot；分类: arrows；tags: direction, south, waypoint, location, step, into	icon	icons				
arrow-down-to-line	图标 arrow-down-to-line；分类: arrows, files, development；tags: behind, direction, south, download, save, git, version control, pull, collapse, fold, vertical	icon	icons				
arrow-down-up	图标 arrow-down-up；分类: arrows；tags: bidirectional, two-way, 2-way, swap, switch, network, traffic, flow, mobile data, internet, sort, reorder, move	icon	icons				
arrow-down-wide-narrow	图标 arrow-down-wide-narrow；分类: text, layout, arrows；tags: filter, sort, ascending, descending, increasing, decreasing, rising, falling	icon	icons				
arrow-down-z-a	图标 arrow-down-z-a；分类: text, layout, arrows；tags: filter, sort, ascending, descending, increasing, decreasing, rising, falling, alphabetical, reverse	icon	icons				
arrow-left	图标 arrow-left；分类: arrows；tags: previous, back, direction, west, <-	icon	icons				
arrow-left-from-line	图标 arrow-left-from-line；分类: arrows；tags: previous, back, direction, west, expand, fold, horizontal, <-|	icon	icons				
arrow-left-right	图标 arrow-left-right；分类: arrows；tags: bidirectional, two-way, 2-way, swap, switch, transaction, reorder, move, <-, ->	icon	icons				
arrow-left-to-line	图标 arrow-left-to-line；分类: arrows；tags: previous, back, direction, west, collapse, fold, horizontal, |<-	icon	icons				
arrow-right	图标 arrow-right；分类: arrows；tags: forward, next, direction, east, ->	icon	icons				
arrow-right-from-line	图标 arrow-right-from-line；分类: arrows；tags: next, forward, direction, east, export, expand, fold, horizontal, |->	icon	icons				
arrow-right-left	图标 arrow-right-left；分类: arrows；tags: bidirectional, two-way, 2-way, swap, switch, transaction, reorder, move, <-, ->	icon	icons				
arrow-right-to-line	图标 arrow-right-to-line；分类: arrows, development；tags: next, forward, direction, east, tab, keyboard, mac, indent, collapse, fold, horizontal, ->|	icon	icons		keyboard		
arrow-up	图标 arrow-up；分类: arrows；tags: forward, direction, north	icon	icons				
arrow-up-0-1	图标 arrow-up-0-1；分类: text, layout, arrows；tags: filter, sort, ascending, descending, increasing, decreasing, rising, falling, numerical	icon	icons				
arrow-up-1-0	图标 arrow-up-1-0；分类: text, layout, arrows；tags: filter, sort, ascending, descending, increasing, decreasing, rising, falling, numerical	icon	icons				
arrow-up-a-z	图标 arrow-up-a-z；分类: text, layout, arrows；tags: filter, sort, ascending, descending, increasing, decreasing, rising, falling, alphabetical	icon	icons				
arrow-up-down	图标 arrow-up-down；分类: arrows；tags: bidirectional, two-way, 2-way, swap, switch, network, mobile data, internet, sort, reorder, move	icon	icons				
arrow-up-from-dot	图标 arrow-up-from-dot；分类: arrows；tags: direction, north, step, out	icon	icons				
arrow-up-from-line	图标 arrow-up-from-line；分类: arrows, files, development；tags: forward, direction, north, upload, git, version control, push, expand, fold, vertical	icon	icons				
arrow-up-left	图标 arrow-up-left；分类: arrows；tags: direction, north-west, diagonal	icon	icons				
arrow-up-narrow-wide	图标 arrow-up-narrow-wide；分类: text, layout, arrows；tags: filter, sort, ascending, descending, increasing, decreasing, rising, falling	icon	icons				
arrow-up-right	图标 arrow-up-right；分类: arrows；tags: direction, north-east, diagonal	icon	icons				
arrow-up-to-line	图标 arrow-up-to-line；分类: arrows, files；tags: forward, direction, north, upload, collapse, fold, vertical	icon	icons				
arrow-up-wide-narrow	图标 arrow-up-wide-narrow；分类: text, layout, arrows；tags: filter, sort, ascending, descending, increasing, decreasing, rising, falling	icon	icons				
arrow-up-z-a	图标 arrow-up-z-a；分类: text, layout, arrows；tags: filter, sort, ascending, descending, increasing, decreasing, rising, falling, alphabetical, reverse	icon	icons				
arrows-up-from-line	图标 arrows-up-from-line；分类: arrows, transportation, mail；tags: direction, orientation, this way up, vertical, package, box, fragile, postage, shipping	icon	icons				
asterisk	图标 asterisk；分类: text, math, development；tags: symbol, sterisk, mark, pointer, pencil, sign, alert, notification, indicator, symbolic, reference, times, multiply, multiplication, operator, code, glob pattern, wildcard, *	icon	icons				
astroid	图标 astroid；分类: shapes, math；tags: star, math, shape, curve, sharp, four-pointed, hypocycloid, ai, artificial intelligence	icon	icons				
at-sign	图标 at-sign；分类: text, account；tags: mention, at, email, message, @	icon	icons				
atom	图标 atom；分类: science；tags: atomic, nuclear, physics, particle, element, molecule, electricity, energy, chemistry	icon	icons				
audio-lines	图标 audio-lines；分类: multimedia, communication；tags: graphic equaliser, sound, noise, listen, hearing, hertz, frequency, wavelength, vibrate, sine, synthesizer, synthesiser, levels, track, music, playback, radio, broadcast, airwaves, voice, vocals, singer, song	icon	icons		sound		
audio-lines-off	图标 audio-lines-off；分类: multimedia, communication；tags: audio, sound, noise, mute, silence, off, disabled, inactive, listen, hearing, equalizer, equaliser, hertz, frequency, wavelength, vibrate, sine, waveform, synthesizer, synthesiser, levels, track, music, playback, radio, broadcast, airwaves, voice, vocals, singer, song	icon	icons		sound		
audio-lines-x	图标 audio-lines-x；分类: multimedia, communication；tags: sound, noise, mute, silence, disabled, cancel, remove, unavailable, listen, hearing, equalizer, equaliser, hertz, frequency, wavelength, vibrate, sine, waveform, synthesizer, synthesiser, levels, track, music, playback, radio, broadcast, airwaves, voice, vocals, singer, song	icon	icons		sound		
audio-waveform	图标 audio-waveform；分类: multimedia, communication；tags: sound, noise, listen, hearing, hertz, frequency, wavelength, vibrate, sine, synthesizer, synthesiser, levels, track, music, playback, radio, broadcast, airwaves, voice, vocals, singer, song	icon	icons		sound		
award	图标 award；分类: account, sports, gaming；tags: achievement, badge, rosette, prize, winner	icon	icons				
axe	图标 axe；分类: tools, gaming；tags: hatchet, weapon, chop, sharp, equipment, fireman, firefighter, brigade, lumberjack, woodcutter, logger, forestry	icon	icons				
axis-3d	图标 axis-3d；分类: design；tags: gizmo, coordinates	icon	icons	3d			
baby	图标 baby；分类: accessibility, people；tags: child, childproof, children	icon	icons				
backpack	图标 backpack；分类: gaming, photography, travel；tags: bag, hiking, travel, camping, school, childhood	icon	icons				
badge	图标 badge；分类: account, social, shapes；tags: check, verified, unverified	icon	icons				
badge-alert	图标 badge-alert；分类: account, social；tags: check, verified, unverified, security, safety, issue	icon	icons				
badge-cent	图标 badge-cent；分类: shopping, finance；tags: discount, offer, sale, voucher, tag, monetization, marketing, finance, financial, exchange, transaction, payment, cents, dollar, usd, $, ¢	icon	icons				
badge-check	图标 badge-check；分类: social；tags: verified, check	icon	icons				
badge-dollar-sign	图标 badge-dollar-sign；分类: shopping, finance；tags: discount, offer, sale, voucher, tag, monetization, marketing, finance, financial, exchange, transaction, payment, usd, $	icon	icons				
badge-euro	图标 badge-euro；分类: shopping, finance；tags: discount, offer, sale, voucher, tag, monetization, marketing, finance, financial, exchange, transaction, payment, €	icon	icons				
badge-indian-rupee	图标 badge-indian-rupee；分类: shopping, finance；tags: discount, offer, sale, voucher, tag, monetization, marketing, finance, financial, exchange, transaction, payment, inr, ₹	icon	icons				
badge-info	图标 badge-info；分类: account, accessibility, social；tags: verified, unverified, help	icon	icons				
badge-japanese-yen	图标 badge-japanese-yen；分类: shopping, finance；tags: discount, offer, sale, voucher, tag, monetization, marketing, finance, financial, exchange, transaction, payment, jpy, ¥	icon	icons				
badge-minus	图标 badge-minus；分类: social；tags: verified, unverified, delete, remove, erase	icon	icons				
badge-percent	图标 badge-percent；分类: social, finance, shopping, math；tags: verified, unverified, sale, discount, offer, marketing, sticker, price tag	icon	icons				
badge-plus	图标 badge-plus；分类: social；tags: verified, unverified, add, create, new	icon	icons				
badge-pound-sterling	图标 badge-pound-sterling；分类: shopping, finance；tags: discount, offer, sale, voucher, tag, monetization, marketing, finance, financial, exchange, transaction, payment, british, gbp, £	icon	icons				
badge-question-mark	图标 badge-question-mark；分类: accessibility, social, shapes；tags: verified, unverified, help	icon	icons				
badge-russian-ruble	图标 badge-russian-ruble；分类: shopping, finance；tags: discount, offer, sale, voucher, tag, monetization, marketing, finance, financial, exchange, transaction, payment, rub, ₽	icon	icons				
badge-swiss-franc	图标 badge-swiss-franc；分类: shopping, finance；tags: discount, offer, sale, voucher, tag, monetization, marketing, finance, financial, exchange, transaction, payment, chf, ₣	icon	icons				
badge-turkish-lira	图标 badge-turkish-lira；分类: shopping, finance；tags: discount, offer, sale, voucher, tag, monetization, marketing, finance, financial, exchange, transaction, payment, try, ₺	icon	icons				
badge-x	图标 badge-x；分类: social；tags: verified, unverified, lost, delete, remove	icon	icons				
baggage-claim	图标 baggage-claim；分类: transportation, travel；tags: baggage, luggage, travel, cart, trolley, suitcase	icon	icons				
balloon	图标 balloon；分类: emoji；tags: party, festival, congratulations, celebration, decoration, colorful, floating, fun, birthday, event, entertainment	icon	icons				
ban	图标 ban；分类: account；tags: cancel, no, stop, forbidden, prohibited, error, incorrect, mistake, wrong, failure, circle, slash, null, void	icon	icons				
banana	图标 banana；分类: food-beverage；tags: fruit, food	icon	icons				
bandage	图标 bandage；分类: medical；tags: plaster, band-aid, first aid, medical, health, wound, injury, care, treatment, healing, protection, emergency, aid, safety, patch	icon	icons				
bangladeshi-taka	图标 bangladeshi-taka；分类: finance, shopping, travel；tags: currency, money, payment, bdt, ৳, currencysymbol, cash, banknote, price, remittance, ecommerce	icon	icons				
banknote	图标 banknote；分类: finance；tags: currency, money, payment	icon	icons				
banknote-arrow-down	图标 banknote-arrow-down；分类: finance；tags: bill, currency, money, payment, funds, transaction, cash, finance, withdraw, expense, out, payout, refund, debit, spending, decrease	icon	icons				
banknote-arrow-up	图标 banknote-arrow-up；分类: finance；tags: bill, currency, money, payment, funds, transaction, cash, finance, deposit, earnings, income, in, credit, prepaid, growth, increase	icon	icons				
banknote-check	图标 banknote-check；分类: finance；tags: banknote, bill, currency, payment, money, finance, document, verification, tick, verified, accepted, done, complete, found, paid, task, check, success	icon	icons				
banknote-x	图标 banknote-x；分类: finance；tags: bill, currency, money, payment, funds, transaction, cash, finance, error, failed, rejected, canceled, declined, lost, delete, remove	icon	icons				
barcode	图标 barcode；分类: shopping；tags: scan, checkout, till, cart, transaction, purchase, buy, product, packaging, retail, consumer	icon	icons				
barrel	图标 barrel；分类: food-beverage, navigation；tags: keg, drum, tank, wine, beer, oak, wood, firkin, hogshead, kilderkin, barrique, solera, aging, whiskey, brewery, distillery, winery, vineyard	icon	icons				
baseline	图标 baseline；分类: text；tags: text, format, color	icon	icons				
bath	图标 bath；分类: travel；tags: amenities, services, bathroom, shower	icon	icons				
battery	图标 battery；分类: connectivity, devices；tags: power, electricity, energy, accumulator, charge	icon	icons				
battery-charging	图标 battery-charging；分类: connectivity, devices；tags: power, electricity, energy, accumulator, charge	icon	icons				
battery-full	图标 battery-full；分类: connectivity, devices；tags: power, electricity, energy, accumulator, charge	icon	icons				
battery-low	图标 battery-low；分类: connectivity, devices；tags: power, electricity, energy, accumulator, charge	icon	icons				
battery-medium	图标 battery-medium；分类: connectivity, devices；tags: power, electricity, energy, accumulator, charge	icon	icons				
battery-plus	图标 battery-plus；分类: devices；tags: power, electricity, energy, accumulator, charge, plus, economy, health, add, new, maximum, upgrade, extra, +	icon	icons				
battery-warning	图标 battery-warning；分类: connectivity, devices；tags: power, electricity, energy, accumulator, charge, exclamation mark	icon	icons				
beaker	图标 beaker；分类: science, gaming；tags: cup, lab, chemistry, experiment, test	icon	icons				
bean	图标 bean；分类: food-beverage；tags: legume, soy, food, seed	icon	icons				
bean-off	图标 bean-off；分类: food-beverage；tags: soy free, legume, soy, food, seed, allergy, intolerance, diet	icon	icons				
bed	图标 bed；分类: home；tags: sleep, hotel, furniture	icon	icons				
bed-double	图标 bed-double；分类: home；tags: sleep, hotel, furniture	icon	icons				
bed-single	图标 bed-single；分类: home；tags: sleep, hotel, furniture	icon	icons				
beef	图标 beef；分类: food-beverage；tags: food, dish, restaurant, course, meal, meat, bbq, steak	icon	icons				
beef-off	图标 beef-off；分类: food-beverage；tags: food, dish, restaurant, course, meal, meat, bbq, steak, vegetarian	icon	icons				
beer	图标 beer；分类: food-beverage；tags: alcohol, bar, beverage, brewery, drink	icon	icons				
beer-off	图标 beer-off；分类: food-beverage；tags: alcohol, bar, beverage, brewery, drink	icon	icons				
bell	图标 bell；分类: account, notifications；tags: alarm, notification, sound, reminder	icon	icons		sound		
bell-check	图标 bell-check；分类: account, notifications；tags: alarm, notification, sound, reminder	icon	icons		sound		
bell-dot	图标 bell-dot；分类: account, notifications；tags: alarm, notification, sound, reminder, unread	icon	icons		sound		
bell-electric	图标 bell-electric；分类: devices, notifications, home；tags: fire alarm, flames, smoke, firefighter, fireman, department, brigade, station, emergency, alert, safety, school bell, period break, recess, doorbell, entrance, entry, ring, reception	icon	icons				
bell-minus	图标 bell-minus；分类: notifications；tags: alarm, notification, silent, reminder, delete, remove, erase	icon	icons				
bell-off	图标 bell-off；分类: notifications；tags: alarm, notification, silent, reminder	icon	icons				
bell-plus	图标 bell-plus；分类: notifications；tags: notification, silent, reminder, add, create, new	icon	icons				
bell-ring	图标 bell-ring；分类: notifications；tags: alarm, notification, sound, reminder	icon	icons		sound		
between-horizontal-end	图标 between-horizontal-end；分类: layout, design, tools；tags: insert, add, left, slot, squeeze, space, vertical, grid, table, rows, cells, excel, spreadsheet, accountancy, data, enter, entry, entries, blocks, rectangles, chevron	icon	icons				
between-horizontal-start	图标 between-horizontal-start；分类: layout, design, tools；tags: insert, add, right, slot, squeeze, space, vertical, grid, table, rows, cells, excel, spreadsheet, accountancy, data, enter, entry, entries, blocks, rectangles, chevron	icon	icons				
between-vertical-end	图标 between-vertical-end；分类: layout, design, tools；tags: insert, add, top, slot, squeeze, space, vertical, grid, table, columns, cells, data, enter, entry, entries, blocks, rectangles, chevron	icon	icons				
between-vertical-start	图标 between-vertical-start；分类: layout, design, tools；tags: insert, add, bottom, slot, squeeze, space, vertical, grid, table, columns, cells, data, enter, entry, entries, blocks, rectangles, chevron	icon	icons				
biceps-flexed	图标 biceps-flexed；分类: emoji；tags: arm, muscle, strong, working out, athletic, toned, muscular, forelimb, curled	icon	icons				
bike	图标 bike；分类: transportation；tags: bicycle, transport, trip	icon	icons				
binary	图标 binary；分类: text, development；tags: code, digits, computer, zero, one, boolean	icon	icons				
binoculars	图标 binoculars；分类: navigation, nature, photography, science, travel, development；tags: field glasses, lorgnette, pince-nez, observation, sightseeing, nature, wildlife, birdwatching, scouting, surveillance, search, discovery, monitoring, lookout, viewpoint, travel, tourism, research	icon	icons	glass			
biohazard	图标 biohazard；分类: science；tags: fallout, waste, biology, chemistry, chemical, element	icon	icons				
bird	图标 bird；分类: animals；tags: peace, freedom, wing, avian, tweet	icon	icons				
birdhouse	图标 birdhouse；分类: nature, animals, navigation, home；tags: birdhouse, bird, garden, home, house, woodwork	icon	icons				
bitcoin	图标 bitcoin；分类: development, finance；tags: cryptocurrency, digital, blockchain, finance, coin, market, decentralized, investment, crypto, currency, money, payment	icon	icons				
blend	图标 blend；分类: design, photography, tools, development；tags: mode, overlay, multiply, screen, opacity, transparency, alpha, filters, lenses, mixed, shades, tints, hues, saturation, brightness, overlap, colors, colours, marriage, rings, couple, connection	icon	icons				
blender	图标 blender；分类: food-beverage, home；tags: mixer, appliances, food, liquid, juicer, vitamizer, mix, emulsify, smoothie, drink, blade, container, kitchen, milkshake, cocktail, beverage, culinary, shredder, processor, cooking, recipe, chef, restaurant	icon	icons				
blinds	图标 blinds；分类: home；tags: shades, screen, curtain, shutter, roller blind, window, lighting, household, home	icon	icons				
blocks	图标 blocks；分类: development, layout, shapes；tags: addon, plugin, integration, extension, package, build, stack, toys, kids, children, learning, squares, corner	icon	icons				
bluetooth	图标 bluetooth；分类: connectivity, devices；tags: wireless	icon	icons				
bluetooth-connected	图标 bluetooth-connected；分类: connectivity, devices；tags: paired	icon	icons				
bluetooth-off	图标 bluetooth-off；分类: connectivity, devices；tags: lost	icon	icons				
bluetooth-searching	图标 bluetooth-searching；分类: connectivity, devices；tags: pairing	icon	icons				
bold	图标 bold；分类: text；tags: text, strong, format	icon	icons				
bolt	图标 bolt；分类: tools, home；tags: nut, screw, settings, preferences, configuration, controls, edit, diy, fixed, build, construction, parts	icon	icons				
bomb	图标 bomb；分类: security, tools；tags: fatal, error, crash, blockbuster, mine, explosion, explode, explosive	icon	icons				
bone	图标 bone；分类: animals, medical, gaming；tags: health, skeleton, skull, death, pets, dog	icon	icons				
bone-fracture	图标 bone-fracture；分类: medical, animals；tags: bone, fracture, injury, orthopedic, medical, anatomy, skeletal, broken, xray, trauma, health, vet, veterinary, crack, break, damage	icon	icons				
book	图标 book；分类: text, development, gaming；tags: reading, paperback, booklet, magazine, leaflet, pamphlet, tome, library, writing, written, writer, author, story, script, fiction, novel, information, knowledge, education, high school, university, college, academy, student, study, learning, homework, research, documentation	icon	icons				
book-a	图标 book-a；分类: text, gaming；tags: dictionary, define, definition, thesaurus, encyclopedia, encyclopaedia, reading, booklet, magazine, leaflet, pamphlet, tome, library, writing, written, writer, author, story, script, fiction, novel, information, knowledge, education, high school, university, college, academy, student, study, learning, homework, research, language, translate, alphabetical, a-z, ordered	icon	icons				
book-alert	图标 book-alert；分类: text, development, gaming；tags: reading, paperback, booklet, magazine, leaflet, pamphlet, tome, library, writing, written, writer, author, story, script, fiction, novel, information, knowledge, education, high school, university, college, academy, student, study, learning, homework, research, documentation, warning, alert, danger, exclamation mark	icon	icons				
book-audio	图标 book-audio；分类: multimedia, text；tags: audiobook, reading, listening, sound, story, fiction, novel, information, knowledge, education, student, study, learning, research	icon	icons		sound		
book-bookmark	图标 book-bookmark；分类: text, development, gaming；tags: dictionary, reading, booklet, magazine, leaflet, pamphlet, tome, library, writing, written, writer, author, story, script, fiction, novel, information, knowledge, education, high school, university, college, academy, student, study, learning, homework, research, documentation, saved, later, future, reference, index, code, coding, version control, git, repository	icon	icons				
book-check	图标 book-check；分类: text, development, gaming；tags: read, booklet, magazine, leaflet, pamphlet, library, written, authored, published, informed, knowledgeable, educated, schooled, homework, examined, tested, marked, passed, graduated, studied, learned, lesson, researched, documented, revealed, blank, plain language, true, truth, verified, corrected, task, todo, done, completed, finished, ticked	icon	icons				
book-copy	图标 book-copy；分类: development, text, gaming；tags: code, coding, version control, git, repository, clone, fork, duplicate, multiple, books, library, copies, copied, plagiarism, plagiarised, plagiarized, reading list, information, informed, knowledge, knowledgeable, knowledgable, education, high school, university, college, academy, student, study, learning, research, smart, intelligent, intellectual	icon	icons				
book-dashed	图标 book-dashed；分类: development；tags: code, coding, version control, git, repository, template, draft, script, screenplay, writing, writer, author, unwritten, unpublished, untold	icon	icons				
book-down	图标 book-down；分类: development；tags: code, coding, version control, git, repository, pull	icon	icons				
book-headphones	图标 book-headphones；分类: multimedia, text；tags: audiobook, reading, listening, sound, story, fiction, novel, information, knowledge, education, student, study, learning, research	icon	icons		sound		
book-heart	图标 book-heart；分类: social, text, gaming；tags: diary, romance, novel, journal, entry, entries, personal, private, secret, crush, like, love, emotion, feminine, girls, teens, teenager, therapy, therapeutic, therapist, planner, organizer, organiser, notes, notepad, stationery, sketchbook, writing, written, reading, favorite, favourite, high school	icon	icons				
book-image	图标 book-image；分类: photography, text, multimedia, files, social, shopping, travel；tags: images, pictures, photos, album, collection, event, magazine, catalog, catalogue, brochure, browse, gallery	icon	icons				
book-key	图标 book-key；分类: development, security, gaming；tags: code, coding, version control, git, repository, private, public, secret, unlocked, hidden, revealed, knowledge, learning	icon	icons				
book-lock	图标 book-lock；分类: development, security, gaming；tags: code, coding, version control, git, repository, private, secret, hidden, knowledge	icon	icons				
book-minus	图标 book-minus；分类: development, text, gaming；tags: code, coding, version control, git, repository, remove, delete, censor, cancel, forbid, prohibit, ban, uneducated, re-educate, unlearn, downgrade	icon	icons				
book-open	图标 book-open；分类: text, development, gaming；tags: reading, pages, booklet, magazine, leaflet, pamphlet, library, writing, written, writer, author, story, script, screenplay, fiction, novel, information, knowledge, education, high school, university, college, academy, student, study, learning, homework, research, documentation, revealed, blank, plain	icon	icons				
book-open-check	图标 book-open-check；分类: text, development, gaming；tags: read, pages, booklet, magazine, leaflet, pamphlet, library, written, authored, published, informed, knowledgeable, educated, schooled, homework, examined, tested, marked, passed, graduated, studied, learned, lesson, researched, documented, revealed, blank, plain language, true, truth, verified, corrected, task, todo, done, completed, finished, ticked	icon	icons				
book-open-text	图标 book-open-text；分类: text, development；tags: reading, pages, booklet, magazine, leaflet, pamphlet, library, writing, written, writer, author, story, script, fiction, novel, information, knowledge, education, high school, university, college, academy, student, study, learning, homework, research, documentation, revealed	icon	icons				
book-plus	图标 book-plus；分类: development, text, gaming；tags: code, coding, version control, git, repository, remove, delete, read, write, author, publish, inform, graduate, re-educate, study, learn, research, knowledge, improve, upgrade, level up	icon	icons				
book-search	图标 book-search；分类: text, development, gaming；tags: reading, library, study, education, research, knowledge, discover, browsing, lookup, finding, scanning	icon	icons				
book-text	图标 book-text；分类: text, gaming；tags: reading, booklet, magazine, leaflet, pamphlet, tome, library, writing, written, writer, author, story, script, fiction, novel, information, knowledge, education, high school, university, college, academy, student, study, learning, homework, research, documentation	icon	icons				
book-type	图标 book-type；分类: text, design, gaming；tags: thesaurus, synonym, reading, booklet, magazine, leaflet, pamphlet, tome, library, writing, written, writer, author, story, script, fiction, novel, information, knowledge, education, high school, university, college, academy, student, study, learning, homework, research, language, translate, typography, fonts, collection	icon	icons				
book-up	图标 book-up；分类: development；tags: code, coding, version control, git, repository, push	icon	icons				
book-up-2	图标 book-up-2；分类: development；tags: code, coding, version control, git, repository, push, force	icon	icons				
book-user	图标 book-user；分类: account, connectivity, communication, social；tags: person, people, family, friends, acquaintances, contacts, details, addresses, phone numbers, directory, listing, networking	icon	icons				
book-x	图标 book-x；分类: text, gaming；tags: code, coding, version control, git, repository, remove, delete, reading, misinformation, disinformation, misinformed, charlatan, sophistry, false, lies, untruth, propaganda, censored, cancelled, forbidden, prohibited, banned, uneducated, re-education, unlearn	icon	icons				
bookmark	图标 bookmark；分类: account；tags: save, favorite, mark, label, attachment, file, stick, pin, read, clip, marker, tag	icon	icons				
bookmark-check	图标 bookmark-check；分类: account；tags: read, finished, complete, clip, marker, tag, task, todo	icon	icons				
bookmark-minus	图标 bookmark-minus；分类: account；tags: delete, remove	icon	icons				
bookmark-off	图标 bookmark-off；分类: account；tags: unsaved, unfavorite, unmarked, unlabel, disabled, removed, unpin, unread, unclip, marker, untag	icon	icons				
bookmark-plus	图标 bookmark-plus；分类: account；tags: add	icon	icons				
bookmark-x	图标 bookmark-x；分类: account；tags: read, clip, marker, tag, cancel, close, delete, remove, clear	icon	icons				
boom-box	图标 boom-box；分类: devices, multimedia, social；tags: radio, speakers, audio, music, sound, broadcast, live, frequency	icon	icons		sound		
bot	图标 bot；分类: development, social；tags: robot, ai, chat, assistant	icon	icons				
bot-message-square	图标 bot-message-square；分类: development, social；tags: robot, ai, chat, assistant	icon	icons				
bot-off	图标 bot-off；分类: development, social；tags: robot, ai, chat, assistant	icon	icons				
bottle-wine	图标 bottle-wine；分类: food-beverage；tags: alcohol, drink, glass, goblet, chalice, vineyard, winery, red, white, rose, dry, sparkling, bar, party, nightclub, nightlife, sommelier, restaurant, dinner, meal	icon	icons	glass			
bow-arrow	图标 bow-arrow；分类: gaming, tools；tags: archer, archery, game, war, weapon	icon	icons				
box	图标 box；分类: shapes, gaming, development, math；tags: cube, package, container, storage, geometry, 3d, isometric	icon	icons	3d			
boxes	图标 boxes；分类: shapes, gaming, development；tags: cubes, packages, parts, group, units, collection, cluster, geometry	icon	icons				
braces	图标 braces；分类: development, files；tags: json, code, token, curly brackets, data, {, }	icon	icons				
brackets	图标 brackets；分类: development, files；tags: code, token, array, list, square, [, ]	icon	icons				
brain	图标 brain；分类: medical, science；tags: medical, mind, mental, intellect, cerebral, consciousness, genius, artificial intelligence, ai, think, thought, insight, intelligent, smart	icon	icons				
brain-circuit	图标 brain-circuit；分类: science, development；tags: mind, intellect, artificial intelligence, ai, deep learning, machine learning, computing	icon	icons				
brain-cog	图标 brain-cog；分类: science, development；tags: mind, intellect, artificial intelligence, ai, deep learning, machine learning, computing	icon	icons				
brick-wall	图标 brick-wall；分类: buildings, home；tags: bricks, mortar, cement, materials, construction, builder, labourer, quantity surveyor, blocks, stone	icon	icons				
brick-wall-fire	图标 brick-wall-fire；分类: security, home, connectivity；tags: firewall, security, bricks, mortar, cement, materials, construction, builder, labourer, quantity surveyor, blocks, stone, campfire, camping, wilderness, outdoors, lit, warmth, wood, twigs, sticks	icon	icons				
brick-wall-shield	图标 brick-wall-shield；分类: security, home, connectivity；tags: firewall, security, bricks, mortar, cement, materials, construction, builder, labourer, quantity surveyor, blocks, stone, cybersecurity, secure, safety, protection, guardian, armored, armoured, defense, defence, defender, block, threat, prevention, antivirus, vigilance, vigilant, detection, scan, find, strength, strong, tough, invincible, invincibility, invulnerable, undamaged, audit, admin, verification, crest, bravery, knight, foot soldier, infantry, trooper, pawn, battle, war, military, army, cadet, scout	icon	icons				
bridge	图标 bridge；分类: travel, transportation, buildings；tags: overpass, cross over, traverse, viaduct, suspension, infrastructure, transportation, crossing, road, river, gate, golden, travel, landmark, route, maritime, clearance	icon	icons				
briefcase	图标 briefcase；分类: transportation；tags: work, bag, baggage, folder	icon	icons				
briefcase-business	图标 briefcase-business；分类: transportation；tags: work, bag, baggage, folder, portfolio	icon	icons				
briefcase-conveyor-belt	图标 briefcase-conveyor-belt；分类: travel, transportation；tags: baggage, luggage, travel, suitcase, conveyor, carousel	icon	icons				
briefcase-medical	图标 briefcase-medical；分类: medical, transportation；tags: doctor, medicine, first aid	icon	icons				
briefcase-plus	图标 briefcase-plus；分类: transportation, files, account；tags: work, bag, baggage, folder, new, add, create, increase, briefcase, portfolio, business, career, employment, professional, plus	icon	icons				
bring-to-front	图标 bring-to-front；分类: design, layout；tags: bring, send, move, over, forward, front, overlap, layer, order	icon	icons				
broccoli	图标 broccoli；分类: food-beverage；tags: leafy, crisp, fresh, culinary, vegetation, vegetable, food, healthy, vegan, vegetarian, nutrition, diet, plant, green, produce	icon	icons				
broom	图标 broom；分类: tools, home, gaming；tags: broomstick, brush, sweep, sweeping, floor, cleaning, housekeeping, chores, tidy, spotless, dust, debris, bristles, handle, janitor, maintenance, witch, halloween	icon	icons				
broom-sparkles	图标 broom-sparkles；分类: tools, home, gaming；tags: broomstick, brush, sweep, sweeping, floor, cleaning, ai, magic, sparkle, smart, automation, housekeeping, chores, tidy, spotless, pristine, dust, debris, bristles, handle, janitor, maintenance, witch, halloween	icon	icons				
brush	图标 brush；分类: text, design, tools；tags: clean, sweep, refactor, remove, draw, paint, color, artist	icon	icons				
brush-cleaning	图标 brush-cleaning；分类: home, tools, design；tags: cleaning, utensil, housekeeping, tool, sweeping, scrubbing, hygiene, maintenance, household, cleaner, chores, equipment, sanitation, bristles, handle, home care, sanitize, purify, wash, disinfect, sterilize, scrub, polish, decontaminate, wipe, spotless, remove, empty, erase, purge, eliminate	icon	icons				
bubbles	图标 bubbles；分类: weather；tags: water, cleaning, soap, bath, hygiene, freshness, wash, foam, cleanliness, shampoo, purity, splash, lightness, airy, relaxation, spa, bubbly, fluid, floating, drop	icon	icons				
bug	图标 bug；分类: development, animals；tags: issue, error, defect, testing, troubleshoot, problem, report, debug, code, insect, beetle	icon	icons				
bug-off	图标 bug-off；分类: development, animals；tags: issue, fixed, resolved, testing, debug, code, insect, kill, exterminate, pest control	icon	icons				
bug-play	图标 bug-play；分类: development, animals；tags: issue, testing, debug, reproduce, code, insect	icon	icons				
building	图标 building；分类: account, buildings；tags: organisation, organization	icon	icons				
building-complex	图标 building-complex；分类: account, buildings；tags: business, company, enterprise, skyscraper, organisation, organization, city	icon	icons				
building-complex-plus	图标 building-complex-plus；分类: account, buildings；tags: business, company, enterprise, skyscraper, organisation, organization, city, new, add, create, increase, office, headquarters, startup, registration, onboarding, realestate, property	icon	icons				
bus	图标 bus；分类: transportation；tags: bus, vehicle, transport, trip	icon	icons				
bus-front	图标 bus-front；分类: transportation；tags: coach, vehicle, trip, road	icon	icons				
cable	图标 cable；分类: connectivity, devices, multimedia；tags: cord, wire, connector, connection, link, signal, console, computer, equipment, electricity, energy, electronics, recharging, charger, power, supply, disconnected, unplugged, plugs, interface, input, output, audio video, av, rca, scart, tv, television, optical	icon	icons				
cable-car	图标 cable-car；分类: transportation, travel；tags: ski lift, winter holiday, alpine, resort, mountains	icon	icons				
cake	图标 cake；分类: food-beverage, social, account；tags: birthday, birthdate, celebration, party, surprise, gateaux, dessert, fondant, icing sugar, sweet, baking	icon	icons				
cake-slice	图标 cake-slice；分类: food-beverage, social；tags: birthday, birthdate, celebration, party, surprise, gateaux, dessert, candles, wish, fondant, icing sugar, sweet, baking	icon	icons				
calculator	图标 calculator；分类: math, devices；tags: count, calculating machine	icon	icons				
calendar	图标 calendar；分类: time；tags: date, month, year, event, birthday, birthdate	icon	icons				
calendar-1	图标 calendar-1；分类: time；tags: date, month, year, event, single, singular, once, 1, first	icon	icons				
calendar-arrow-down	图标 calendar-arrow-down；分类: time；tags: date, month, year, event, sort, order, ascending, descending, increasing, decreasing, rising, falling	icon	icons				
calendar-arrow-up	图标 calendar-arrow-up；分类: time；tags: date, month, year, event, sort, order, ascending, descending, increasing, decreasing, rising, falling	icon	icons				
calendar-check	图标 calendar-check；分类: time；tags: date, day, month, year, event, confirm, subscribe, schedule, done, todo, tick, complete, task	icon	icons				
calendar-check-2	图标 calendar-check-2；分类: time；tags: date, day, month, year, event, confirm, subscribe, schedule, done, todo, tick, complete, task	icon	icons				
calendar-chevrons-right	图标 calendar-chevrons-right；分类: time, arrows, navigation；tags: navigation, arrow, right, chevron, direction, symbol, pointer, indicator, next, menu, date, day, month, year, events, chevrons	icon	icons				
calendar-clock	图标 calendar-clock；分类: time；tags: date, day, month, year, event, clock, hour	icon	icons				
calendar-cog	图标 calendar-cog；分类: time；tags: date, day, month, year, events, settings, gear, cog	icon	icons				
calendar-days	图标 calendar-days；分类: time；tags: date, month, year, event	icon	icons				
calendar-fold	图标 calendar-fold；分类: time, files；tags: date, month, year, event, birthday, birthdate, ics	icon	icons				
calendar-heart	图标 calendar-heart；分类: time；tags: date, month, year, event, heart, favourite, subscribe, valentines day	icon	icons				
calendar-minus	图标 calendar-minus；分类: time；tags: date, day, month, year, event, delete, remove	icon	icons				
calendar-minus-2	图标 calendar-minus-2；分类: time；tags: date, day, month, year, event, delete, remove	icon	icons				
calendar-off	图标 calendar-off；分类: time；tags: date, day, month, year, event, delete, remove	icon	icons				
calendar-plus	图标 calendar-plus；分类: time；tags: date, day, month, year, event, add, subscribe, create, new	icon	icons				
calendar-plus-2	图标 calendar-plus-2；分类: time；tags: date, day, month, year, event, add, subscribe, create, new	icon	icons				
calendar-range	图标 calendar-range；分类: time；tags: date, day, month, year, event, range, period	icon	icons				
calendar-search	图标 calendar-search；分类: time；tags: date, day, month, year, events, search, lens	icon	icons				
calendar-sync	图标 calendar-sync；分类: arrows, time；tags: repeat, refresh, reconnect, transfer, backup, date, month, year, event, subscribe, recurring, schedule, reminder, automatic, auto	icon	icons				
calendar-x	图标 calendar-x；分类: time；tags: date, day, month, year, event, remove, busy	icon	icons				
calendar-x-2	图标 calendar-x-2；分类: time；tags: date, day, month, year, event, remove	icon	icons				
calendars	图标 calendars；分类: time；tags: date, month, year, event, dates, months, years, events	icon	icons				
camera	图标 camera；分类: photography, devices, communication；tags: photography, lens, focus, capture, shot, visual, image, device, equipment, photo, webcam, video	icon	icons				
camera-off	图标 camera-off；分类: photography, devices, communication；tags: photo, webcam, video	icon	icons				
can	图标 can；分类: food-beverage；tags: food, storage, groceries, tin, metal, recyclable, container, pantry, grocery, preserved	icon	icons				
can-soda	图标 can-soda；分类: food-beverage；tags: beverage, drink, food, soda, tin, beer, alcohol, waste	icon	icons				
candy	图标 candy；分类: food-beverage；tags: sugar, food, sweet	icon	icons				
candy-cane	图标 candy-cane；分类: food-beverage；tags: sugar, food, sweet, christmas, xmas	icon	icons				
candy-off	图标 candy-off；分类: food-beverage；tags: sugar free, food, sweet, allergy, intolerance, diet	icon	icons				
cannabis	图标 cannabis；分类: nature；tags: cannabis, weed, leaf	icon	icons				
cannabis-off	图标 cannabis-off；分类: nature；tags: cannabis, weed, leaf	icon	icons				
captions	图标 captions；分类: multimedia；tags: closed captions, subtitles, subhead, transcription, transcribe, dialogue, accessibility	icon	icons				
captions-off	图标 captions-off；分类: multimedia；tags: closed captions, subtitles, subhead, transcription, transcribe, dialogue, accessibility	icon	icons				
car	图标 car；分类: transportation；tags: vehicle, drive, trip, journey	icon	icons				
car-battery	图标 car-battery；分类: connectivity, transportation；tags: battery, automobile, powercell, electric, power, electricity, energy, accumulator, charge, transport, vehicle, car	icon	icons				
car-front	图标 car-front；分类: transportation；tags: vehicle, drive, trip, journey	icon	icons				
car-taxi-front	图标 car-taxi-front；分类: transportation；tags: cab, vehicle, drive, trip, journey	icon	icons				
caravan	图标 caravan；分类: transportation, travel, nature；tags: trailer, tow, camping, campsite, mobile home, holiday, nomadic, wilderness, outdoors	icon	icons				
card-sim	图标 card-sim；分类: connectivity, communication, multimedia, devices；tags: cellphone, smartphone, mobile, network, cellular, service, provider, signal, coverage, disk, data, format, storage, flash, digital, contacts, phone book, contractual, circuit board, chip	icon	icons				
carrot	图标 carrot；分类: food-beverage；tags: orange, healthy, nature, fresh, root, produce, organic, nutrition, vegetable, food, eat	icon	icons				
carton	图标 carton；分类: food-beverage；tags: milk, dairy, beverage, drink, diet, lactose, liquid, liter, litre, pint, pints, pasteurized, skim, skimmed, container, packaging, grocery, juice, cream, cow	icon	icons				
carton-off	图标 carton-off；分类: food-beverage；tags: milk, dairy, beverage, drink, diet, lactose free, non dairy, liquid, liter, litre, pint, pints, pasteurized, skim, skimmed, container, packaging, allergy, intolerance, vegan, unavailable	icon	icons				
case-lower	图标 case-lower；分类: text, development；tags: text, letters, characters, font, typography	icon	icons				
case-sensitive	图标 case-sensitive；分类: text；tags: text, letters, characters, font, typography	icon	icons				
case-upper	图标 case-upper；分类: text, development；tags: text, letters, characters, font, typography	icon	icons				
cassette-tape	图标 cassette-tape；分类: connectivity, devices, multimedia, communication, files；tags: audio, music, recording, play	icon	icons				
cast	图标 cast；分类: devices, connectivity；tags: stream, streaming, screen, display, wireless, broadcast, transmit, media, receiver, remote display, screen sharing, media streaming	icon	icons				
castle	图标 castle；分类: buildings, gaming, navigation；tags: fortress, stronghold, palace, chateau, building	icon	icons				
cat	图标 cat；分类: animals；tags: animal, pet, kitten, feline	icon	icons				
cctv	图标 cctv；分类: security, devices, communication, connectivity, photography；tags: camera, surveillance, recording, film, videotape, crime, watching	icon	icons				
cctv-off	图标 cctv-off；分类: security, devices, communication, connectivity, photography；tags: camera, surveillance, recording, film, videotape, crime, watching	icon	icons				
chart-area	图标 chart-area；分类: charts；tags: statistics, analytics, diagram, graph, area	icon	icons				
chart-bar	图标 chart-bar；分类: charts；tags: statistics, analytics, diagram, graph	icon	icons				
chart-bar-big	图标 chart-bar-big；分类: charts；tags: statistics, analytics, diagram, graph	icon	icons				
chart-bar-decreasing	图标 chart-bar-decreasing；分类: charts；tags: statistics, analytics, diagram, graph, trending down	icon	icons				
chart-bar-increasing	图标 chart-bar-increasing；分类: charts；tags: statistics, analytics, diagram, graph, trending up	icon	icons				
chart-bar-stacked	图标 chart-bar-stacked；分类: charts；tags: statistics, analytics, diagram, graph, multivariate, categorical, comparison	icon	icons				
chart-candlestick	图标 chart-candlestick；分类: charts, finance；tags: trading, trader, financial, markets, portfolio, assets, prices, value, valuation, commodities, currencies, currency, stocks, exchange, hedge fund, statistics, analytics, diagram, graph	icon	icons				
chart-column	图标 chart-column；分类: charts；tags: statistics, analytics, diagram, graph	icon	icons				
chart-column-big	图标 chart-column-big；分类: charts；tags: statistics, analytics, diagram, graph	icon	icons				
chart-column-decreasing	图标 chart-column-decreasing；分类: charts；tags: statistics, analytics, diagram, graph, trending down	icon	icons				
chart-column-increasing	图标 chart-column-increasing；分类: charts；tags: statistics, analytics, diagram, graph, trending up	icon	icons				
chart-column-stacked	图标 chart-column-stacked；分类: charts；tags: statistics, analytics, diagram, graph, multivariate, categorical, comparison	icon	icons				
chart-gantt	图标 chart-gantt；分类: charts；tags: diagram, graph, timeline, planning	icon	icons				
chart-line	图标 chart-line；分类: charts；tags: statistics, analytics, diagram, graph	icon	icons				
chart-network	图标 chart-network；分类: charts；tags: statistics, analytics, diagram, graph, topology, cluster, web, nodes, connections, edges	icon	icons				
chart-no-axes-column	图标 chart-no-axes-column；分类: charts；tags: statistics, analytics, diagram, graph	icon	icons				
chart-no-axes-column-decreasing	图标 chart-no-axes-column-decreasing；分类: charts；tags: statistics, analytics, diagram, graph, trending down	icon	icons				
chart-no-axes-column-increasing	图标 chart-no-axes-column-increasing；分类: charts；tags: statistics, analytics, diagram, graph, trending up	icon	icons				
chart-no-axes-combined	图标 chart-no-axes-combined；分类: charts；tags: statistics, analytics, diagram, graph, trending up	icon	icons				
chart-no-axes-gantt	图标 chart-no-axes-gantt；分类: charts, time, development, design；tags: projects, manage, overview, roadmap, plan, intentions, timeline, deadline, date, event, range, period, productivity, work, agile, code, coding	icon	icons				
chart-pie	图标 chart-pie；分类: charts, files；tags: statistics, analytics, diagram, presentation	icon	icons				
chart-scatter	图标 chart-scatter；分类: charts；tags: statistics, analytics, diagram, graph	icon	icons				
chart-spline	图标 chart-spline；分类: charts；tags: statistics, analytics, diagram, graph, curve, continuous, smooth, polynomial, quadratic, function, interpolation	icon	icons				
check	图标 check；分类: notifications；tags: done, todo, tick, complete, task	icon	icons				
check-check	图标 check-check；分类: notifications；tags: done, received, double, todo, tick, complete, task	icon	icons				
check-line	图标 check-line；分类: notifications；tags: done, todo, tick, complete, task	icon	icons				
chef-hat	图标 chef-hat；分类: food-beverage；tags: cooking, food, kitchen, restaurant	icon	icons				
cherry	图标 cherry；分类: food-beverage；tags: fruit, food	icon	icons				
chess-bishop	图标 chess-bishop；分类: gaming, emoji；tags: mitre, miter, piece, board game, religion	icon	icons				
chess-king	图标 chess-king；分类: gaming, emoji；tags: ruler, crown, piece, board game, stalemate	icon	icons				
chess-knight	图标 chess-knight；分类: gaming, emoji；tags: piece, horse, board game	icon	icons				
chess-pawn	图标 chess-pawn；分类: gaming, emoji；tags: piece, board game	icon	icons				
chess-queen	图标 chess-queen；分类: gaming, emoji；tags: ruler, crown, piece, board game, stalemate	icon	icons				
chess-rook	图标 chess-rook；分类: gaming, emoji；tags: castle, piece, board game	icon	icons				
chevron-down	图标 chevron-down；分类: arrows, gaming；tags: backwards, reverse, slow, dropdown	icon	icons				
chevron-first	图标 chevron-first；分类: arrows, multimedia；tags: previous, music	icon	icons				
chevron-last	图标 chevron-last；分类: arrows, multimedia；tags: skip, next, music	icon	icons				
chevron-left	图标 chevron-left；分类: arrows；tags: back, previous, less than, fewer, menu, <	icon	icons				
chevron-right	图标 chevron-right；分类: arrows, math, development；tags: forward, next, more than, greater, menu, code, coding, command line, terminal, prompt, shell, >	icon	icons				
chevron-up	图标 chevron-up；分类: arrows, math, gaming；tags: caret, keyboard, mac, control, ctrl, superscript, exponential, power, ahead, fast, ^, dropdown	icon	icons		keyboard		
chevrons-down	图标 chevrons-down；分类: arrows, gaming；tags: backwards, reverse, slower	icon	icons				
chevrons-down-up	图标 chevrons-down-up；分类: arrows；tags: collapse, fold, vertical	icon	icons				
chevrons-left	图标 chevrons-left；分类: arrows, gaming；tags: turn, corner	icon	icons				
chevrons-left-right	图标 chevrons-left-right；分类: arrows；tags: expand, horizontal, unfold	icon	icons				
chevrons-left-right-ellipsis	图标 chevrons-left-right-ellipsis；分类: communication, devices, multimedia, gaming；tags: internet, network, connection, cable, lan, port, router, switch, hub, modem, web, online, networking, communication, socket, plug, slot, controller, connector, interface, console, signal, data, input, output	icon	icons				
chevrons-right	图标 chevrons-right；分类: arrows, gaming；tags: turn, corner	icon	icons				
chevrons-right-left	图标 chevrons-right-left；分类: arrows；tags: collapse, fold, horizontal	icon	icons				
chevrons-up	图标 chevrons-up；分类: arrows, gaming；tags: forward, ahead, faster, speed, boost	icon	icons				
chevrons-up-down	图标 chevrons-up-down；分类: arrows；tags: expand, unfold, vertical	icon	icons				
church	图标 church；分类: buildings, navigation；tags: temple, building	icon	icons				
cigarette	图标 cigarette；分类: travel, transportation, medical；tags: smoking	icon	icons				
cigarette-off	图标 cigarette-off；分类: travel, transportation, medical；tags: smoking, no-smoking	icon	icons				
circle	图标 circle；分类: shapes；tags: off, zero, record, shape	icon	icons				
circle-alert	图标 circle-alert；分类: notifications；tags: warning, alert, danger, exclamation mark	icon	icons				
circle-arrow-down	图标 circle-arrow-down；分类: arrows, gaming；tags: backwards, reverse, direction, south, sign, button	icon	icons				
circle-arrow-left	图标 circle-arrow-left；分类: arrows, gaming；tags: previous, back, direction, west, sign, turn, button, <-	icon	icons				
circle-arrow-out-down-left	图标 circle-arrow-out-down-left；分类: arrows；tags: outwards, direction, south-west, diagonal	icon	icons				
circle-arrow-out-down-right	图标 circle-arrow-out-down-right；分类: arrows；tags: outwards, direction, south-east, diagonal	icon	icons				
circle-arrow-out-up-left	图标 circle-arrow-out-up-left；分类: arrows, development；tags: outwards, direction, north-west, diagonal, keyboard, button, escape	icon	icons		keyboard		
circle-arrow-out-up-right	图标 circle-arrow-out-up-right；分类: arrows；tags: outwards, direction, north-east, diagonal	icon	icons				
circle-arrow-right	图标 circle-arrow-right；分类: arrows, gaming；tags: next, forward, direction, east, sign, turn, button, ->	icon	icons				
circle-arrow-up	图标 circle-arrow-up；分类: arrows, gaming；tags: forward, direction, north, sign, button	icon	icons				
circle-check	图标 circle-check；分类: notifications；tags: done, todo, tick, complete, task	icon	icons				
circle-check-big	图标 circle-check-big；分类: notifications；tags: done, todo, tick, complete, task	icon	icons				
circle-chevron-down	图标 circle-chevron-down；分类: arrows；tags: back, menu	icon	icons				
circle-chevron-left	图标 circle-chevron-left；分类: arrows；tags: back, previous, less than, fewer, menu, <	icon	icons				
circle-chevron-right	图标 circle-chevron-right；分类: arrows；tags: back, more than, greater, menu, >	icon	icons				
circle-chevron-up	图标 circle-chevron-up；分类: arrows；tags: caret, ahead, menu, ^	icon	icons				
circle-dashed	图标 circle-dashed；分类: development, shapes；tags: pending, dot, progress, issue, draft, code, coding, version control	icon	icons				
circle-dashed-check	图标 circle-dashed-check；分类: shapes, development, notifications；tags: approved, pending, changes, revision, reapproval, published, schedule, assignment, request, review, progress, issue, draft, code, coding, version control	icon	icons				
circle-divide	图标 circle-divide；分类: math；tags: calculate, math, ÷, /	icon	icons				
circle-dollar-sign	图标 circle-dollar-sign；分类: finance；tags: monetization, marketing, currency, money, payment	icon	icons				
circle-dot	图标 circle-dot；分类: development, shapes；tags: pending, dot, progress, issue, code, coding, version control, choices, multiple choice, choose, album, music, songs, format, cd, dvd, vinyl, sleeve, cover, platinum, compilation, ep, recording, playback, spin, rotate, rpm, dj	icon	icons				
circle-dot-dashed	图标 circle-dot-dashed；分类: development, shapes；tags: pending, dot, progress, issue, draft, code, coding, version control	icon	icons				
circle-ellipsis	图标 circle-ellipsis；分类: layout, development；tags: ellipsis, et cetera, etc, loader, loading, progress, pending, throbber, menu, options, operator, code, spread, rest, more, further, extra, overflow, dots, …, ...	icon	icons				
circle-equal	图标 circle-equal；分类: math；tags: calculate, shape, =	icon	icons				
circle-euro	图标 circle-euro；分类: shopping, finance；tags: symbol, economy, banking, europe, €, euro, currency, money, payment, coin, finance, financial, exchange	icon	icons				
circle-fading-arrow-up	图标 circle-fading-arrow-up；分类: arrows, development；tags: north, up, upgrade, improve, circle, button	icon	icons				
circle-fading-plus	图标 circle-fading-plus；分类: communication, social；tags: stories, social media, sharing, content	icon	icons				
circle-gauge	图标 circle-gauge；分类: transportation, sports, science；tags: dashboard, dial, meter, speed, pressure, measure, level	icon	icons		press		
circle-minus	图标 circle-minus；分类: math；tags: subtract, remove, decrease, reduce, calculate, line, operator, code, coding, minimum, downgrade, -	icon	icons				
circle-off	图标 circle-off；分类: shapes；tags: diameter, zero, Ø, nothing, null, void, cancel, ban, no, stop, forbidden, prohibited, error, incorrect, mistake, wrong, failure	icon	icons				
circle-parking	图标 circle-parking；分类: transportation, navigation；tags: parking lot, car park	icon	icons				
circle-parking-off	图标 circle-parking-off；分类: transportation, navigation；tags: parking lot, car park, no parking	icon	icons				
circle-pause	图标 circle-pause；分类: multimedia；tags: music, audio, stop	icon	icons				
circle-percent	图标 circle-percent；分类: social, finance, shopping, math；tags: verified, unverified, sale, discount, offer, marketing, sticker, price tag	icon	icons				
circle-pile	图标 circle-pile；分类: shapes；tags: off, zero, record, shape, circle-pile, circle, pile, stack, layer, structure, form, group, collection, stock, inventory, materials, warehouse	icon	icons				
circle-play	图标 circle-play；分类: multimedia；tags: music, start, run	icon	icons				
circle-plus	图标 circle-plus；分类: math, development, cursors, gaming；tags: add, new, increase, increment, positive, calculate, crosshair, aim, target, scope, sight, reticule, maximum, upgrade, extra, operator, join, concatenate, code, coding, +	icon	icons		cursor		
circle-pound-sterling	图标 circle-pound-sterling；分类: finance；tags: monetization, coin, penny, marketing, currency, money, payment, british, gbp, £	icon	icons				
circle-power	图标 circle-power；分类: connectivity；tags: on, off, device, switch, toggle, binary, boolean, reboot, restart, button, keyboard, troubleshoot	icon	icons		keyboard		
circle-question-mark	图标 circle-question-mark；分类: accessibility, text, notifications；tags: question mark	icon	icons				
circle-slash	图标 circle-slash；分类: development, math；tags: diameter, zero, Ø, nothing, null, void, cancel, ban, no, stop, forbidden, prohibited, error, incorrect, mistake, wrong, failure, divide, division, or, /	icon	icons				
circle-slash-2	图标 circle-slash-2；分类: shapes, math, development；tags: diameter, zero, ø, nothing, null, void, ban, math, divide, division, half, split, /, average, avg, mean, median, normal	icon	icons				
circle-small	图标 circle-small；分类: shapes, medical；tags: shape, bullet, gender, genderless	icon	icons				
circle-star	图标 circle-star；分类: sports, gaming；tags: badge, medal, honour, decoration, order, pin, laurel, trophy, medallion, insignia, bronze, silver, gold	icon	icons				
circle-stop	图标 circle-stop；分类: multimedia；tags: media, music	icon	icons				
circle-user	图标 circle-user；分类: account；tags: person, account, contact	icon	icons				
circle-user-round	图标 circle-user-round；分类: account；tags: person, account, contact	icon	icons				
circle-x	图标 circle-x；分类: math, development；tags: cancel, close, delete, remove, times, clear, error, incorrect, wrong, mistake, failure, linter, multiply, multiplication	icon	icons				
circuit-board	图标 circuit-board；分类: science, development；tags: computing, electricity, electronics	icon	icons				
citrus	图标 citrus；分类: food-beverage；tags: lemon, orange, grapefruit, fruit	icon	icons				
clapperboard	图标 clapperboard；分类: multimedia；tags: movie, film, video, camera, cinema, cut, action, television, tv, show, entertainment	icon	icons				
clef-alto	图标 clef-alto；分类: multimedia；tags: do, c, music, note, key, soprano, mezzo, alto, staff, pitch, baritone, major, scale	icon	icons				
clef-bass	图标 clef-bass；分类: multimedia；tags: fa, f, music, note, key, baritone, staff, pitch, bass, subbass, major, scale	icon	icons				
clef-treble	图标 clef-treble；分类: multimedia；tags: sol, g, music, note, key, treble, staff, pitch, violin, solfege, major, scale	icon	icons				
clipboard	图标 clipboard；分类: text；tags: copy, paste	icon	icons				
clipboard-check	图标 clipboard-check；分类: text；tags: copied, pasted, done, todo, tick, complete, task	icon	icons				
clipboard-clock	图标 clipboard-clock；分类: time, text；tags: copy, paste, history, log, clock, time, watch, alarm, hour, minute, reminder, scheduled, deadline, pending, time tracking, timesheets, appointment, logbook	icon	icons				
clipboard-copy	图标 clipboard-copy；分类: text, arrows；tags: copy, paste	icon	icons				
clipboard-list	图标 clipboard-list；分类: text；tags: copy, paste, tasks	icon	icons				
clipboard-minus	图标 clipboard-minus；分类: text, medical；tags: copy, delete, remove, erase, document, medical, report, doctor	icon	icons				
clipboard-paste	图标 clipboard-paste；分类: text, arrows；tags: copy, paste	icon	icons				
clipboard-pen	图标 clipboard-pen；分类: text；tags: paste, signature	icon	icons				
clipboard-pen-line	图标 clipboard-pen-line；分类: text；tags: paste	icon	icons				
clipboard-plus	图标 clipboard-plus；分类: text, medical；tags: copy, paste, add, create, new, document, medical, report, doctor	icon	icons				
clipboard-type	图标 clipboard-type；分类: text；tags: paste, format, text	icon	icons				
clipboard-x	图标 clipboard-x；分类: text；tags: copy, paste, discard, remove	icon	icons				
clock	图标 clock；分类: time；tags: time, watch, alarm	icon	icons				
clock-1	图标 clock-1；分类: time；tags: time, watch, alarm	icon	icons				
clock-10	图标 clock-10；分类: time；tags: time, watch, alarm	icon	icons				
clock-11	图标 clock-11；分类: time；tags: time, watch, alarm	icon	icons				
clock-12	图标 clock-12；分类: time；tags: time, watch, alarm, noon, midnight	icon	icons				
clock-2	图标 clock-2；分类: time；tags: time, watch, alarm	icon	icons				
clock-3	图标 clock-3；分类: time；tags: time, watch, alarm	icon	icons				
clock-4	图标 clock-4；分类: time；tags: time, watch, alarm	icon	icons				
clock-5	图标 clock-5；分类: time；tags: time, watch, alarm	icon	icons				
clock-6	图标 clock-6；分类: time；tags: time, watch, alarm	icon	icons				
clock-7	图标 clock-7；分类: time；tags: time, watch, alarm	icon	icons				
clock-8	图标 clock-8；分类: time；tags: time, watch, alarm	icon	icons				
clock-9	图标 clock-9；分类: time；tags: time, watch, alarm	icon	icons				
clock-alert	图标 clock-alert；分类: time；tags: time, watch, alarm, warning, wrong	icon	icons				
clock-arrow-down	图标 clock-arrow-down；分类: time；tags: time, watch, alarm, sort, order, ascending, descending, increasing, decreasing, rising, falling	icon	icons				
clock-arrow-left	图标 clock-arrow-left；分类: time；tags: time, watch, alarm, assign, range	icon	icons				
clock-arrow-right	图标 clock-arrow-right；分类: time, people, arrows；tags: time, watch, alarm, range, unassign	icon	icons				
clock-arrow-up	图标 clock-arrow-up；分类: time；tags: time, watch, alarm, sort, order, ascending, descending, increasing, decreasing, rising, falling	icon	icons				
clock-check	图标 clock-check；分类: time；tags: time, watch, alarm	icon	icons				
clock-fading	图标 clock-fading；分类: time；tags: time, watch, alarm	icon	icons				
clock-plus	图标 clock-plus；分类: time；tags: time, watch, alarm, add, create, new	icon	icons				
closed-caption	图标 closed-caption；分类: accessibility, multimedia；tags: tv, movie, video, closed captions, subtitles, subhead, transcription, transcribe, dialogue, accessibility	icon	icons				
cloud	图标 cloud；分类: weather；tags: weather	icon	icons				
cloud-alert	图标 cloud-alert；分类: development；tags: weather, danger, warning, alert, error, sync, network, exclamation	icon	icons				
cloud-backup	图标 cloud-backup；分类: arrows, files；tags: storage, memory, bytes, servers, backup, timemachine, rotate, synchronize, synchronise, refresh, reconnect, transfer, data, security, upload, save, remote, safety	icon	icons				
cloud-check	图标 cloud-check；分类: development；tags: sync, network, success, done, completed, saved, persisted	icon	icons				
cloud-cog	图标 cloud-cog；分类: development；tags: computing, ai, cluster, network	icon	icons				
cloud-download	图标 cloud-download；分类: arrows, files；tags: import	icon	icons				
cloud-drizzle	图标 cloud-drizzle；分类: weather；tags: weather, shower	icon	icons				
cloud-fog	图标 cloud-fog；分类: weather；tags: weather, mist	icon	icons				
cloud-hail	图标 cloud-hail；分类: weather；tags: weather, rainfall	icon	icons				
cloud-lightning	图标 cloud-lightning；分类: weather；tags: weather, bolt	icon	icons				
cloud-moon	图标 cloud-moon；分类: weather；tags: weather, night	icon	icons				
cloud-moon-rain	图标 cloud-moon-rain；分类: weather；tags: weather, partly, night, rainfall	icon	icons				
cloud-off	图标 cloud-off；分类: connectivity, weather；tags: disconnect	icon	icons				
cloud-rain	图标 cloud-rain；分类: weather；tags: weather, rainfall	icon	icons				
cloud-rain-wind	图标 cloud-rain-wind；分类: weather；tags: weather, rainfall	icon	icons				
cloud-snow	图标 cloud-snow；分类: weather；tags: weather, blizzard	icon	icons				
cloud-sun	图标 cloud-sun；分类: weather；tags: weather, partly	icon	icons				
cloud-sun-rain	图标 cloud-sun-rain；分类: weather；tags: weather, partly, rainfall	icon	icons				
cloud-sync	图标 cloud-sync；分类: arrows, files；tags: synchronize, synchronise, refresh, reconnect, transfer, backup, storage, upload, download, connection, network, data	icon	icons				
cloud-upload	图标 cloud-upload；分类: arrows, files；tags: file	icon	icons				
cloudy	图标 cloudy；分类: weather；tags: weather, clouds	icon	icons				
clover	图标 clover；分类: gaming；tags: leaf, luck, plant	icon	icons				
club	图标 club；分类: shapes, gaming；tags: shape, suit, playing, cards	icon	icons				
code	图标 code；分类: text, development；tags: source, programming, html, xml	icon	icons				
code-xml	图标 code-xml；分类: text, development；tags: source, programming, html, xml	icon	icons				
coffee	图标 coffee；分类: food-beverage；tags: drink, cup, mug, tea, cafe, hot, beverage	icon	icons				
cog	图标 cog；分类: account；tags: computing, settings, cog, edit, gear, preferences, controls, configuration, fixed, build, construction, parts	icon	icons				
coins	图标 coins；分类: gaming；tags: money, cash, finance, gamble	icon	icons				
columns-2	图标 columns-2；分类: layout, design, text；tags: lines, list, queue, preview, panel, parallel, series, split, vertical, horizontal, half, center, middle, even, sidebar, drawer, gutter, fold, reflow, typography, pagination, pages	icon	icons				
columns-3	图标 columns-3；分类: layout, design, text；tags: lines, list, queue, preview, parallel, series, split, vertical, horizontal, thirds, triple, center, middle, alignment, even, sidebars, drawers, gutters, fold, reflow, typography, pagination, pages	icon	icons				
columns-3-cog	图标 columns-3-cog；分类: layout, design；tags: columns, settings, customize, table, grid, adjust, configuration, panel, layout	icon	icons				
columns-4	图标 columns-4；分类: layout, design, text, security；tags: lines, list, queue, preview, parallel, series, split, vertical, horizontal, thirds, triple, center, middle, alignment, even, sidebars, drawers, gutters, fold, reflow, typography, pagination, pages, prison, jail, bars, sentence, police, cops, cell, crime, criminal, justice, law, enforcement, grill	icon	icons				
combine	图标 combine；分类: development, files；tags: cubes, packages, parts, units, collection, cluster, combine, gather, merge	icon	icons				
command	图标 command；分类: development；tags: keyboard, key, mac, cmd, button	icon	icons		keyboard		
compass	图标 compass；分类: navigation, travel；tags: direction, north, east, south, west, browser	icon	icons				
component	图标 component；分类: design, development；tags: design, element, group, module, part, symbol	icon	icons				
computer	图标 computer；分类: devices, development, gaming；tags: pc, chassis, codespaces	icon	icons				
concierge-bell	图标 concierge-bell；分类: travel；tags: reception, bell, porter	icon	icons				
cone	图标 cone；分类: shapes, math；tags: conical, triangle, triangular, geometry, filter, funnel, hopper, spotlight, searchlight	icon	icons				
construction	图标 construction；分类: development；tags: roadwork, maintenance, blockade, barricade	icon	icons				
contact	图标 contact；分类: account, connectivity, communication, social；tags: user, person, family, friend, acquaintance, listing, networking	icon	icons				
contact-round	图标 contact-round；分类: account, connectivity, communication, social；tags: user, person, family, friend, acquaintance, listing, networking	icon	icons				
container	图标 container；分类: development, transportation, mail；tags: storage, shipping, freight, supply chain, environment, devops, code, coding	icon	icons				
contrast	图标 contrast；分类: photography, accessibility, design；tags: display, accessibility	icon	icons				
cookie	图标 cookie；分类: account, food-beverage；tags: biscuit, snack, dessert, food, sweet, bakery, consent, privacy, legal, tracking, browser, website	icon	icons				
cooking-pot	图标 cooking-pot；分类: food-beverage, home；tags: pod, cooking, recipe, food, kitchen, chef, restaurant, dinner, lunch, breakfast, meal, eat	icon	icons				
copy	图标 copy；分类: text；tags: clone, duplicate, multiple	icon	icons				
copy-check	图标 copy-check；分类: text, notifications；tags: clone, duplicate, done, multiple	icon	icons				
copy-minus	图标 copy-minus；分类: text, math；tags: clone, duplicate, remove, delete, collapse, subtract, multiple, -	icon	icons				
copy-plus	图标 copy-plus；分类: text, math；tags: clone, duplicate, add, multiple, expand, +	icon	icons				
copy-slash	图标 copy-slash；分类: text, development, math；tags: clone, duplicate, cancel, ban, no, stop, forbidden, prohibited, error, multiple, divide, division, split, or, /	icon	icons				
copy-x	图标 copy-x；分类: notifications, math；tags: cancel, close, delete, remove, clear, multiple, multiply, multiplication, times	icon	icons				
copyleft	图标 copyleft；分类: text；tags: licence	icon	icons				
copyright	图标 copyright；分类: text；tags: licence, license	icon	icons				
corner-down-left	图标 corner-down-left；分类: arrows；tags: arrow, return	icon	icons				
corner-down-right	图标 corner-down-right；分类: arrows, text, development；tags: arrow, indent, tab	icon	icons				
corner-left-down	图标 corner-left-down；分类: arrows；tags: arrow	icon	icons				
corner-left-up	图标 corner-left-up；分类: arrows；tags: arrow	icon	icons				
corner-right-down	图标 corner-right-down；分类: arrows；tags: arrow	icon	icons				
corner-right-up	图标 corner-right-up；分类: arrows；tags: arrow	icon	icons				
corner-up-left	图标 corner-up-left；分类: arrows；tags: arrow	icon	icons				
corner-up-right	图标 corner-up-right；分类: arrows；tags: arrow	icon	icons				
cpu	图标 cpu；分类: devices；tags: processor, cores, technology, computer, chip, circuit, memory, ram, specs, gigahertz, ghz	icon	icons				
creative-commons	图标 creative-commons；分类: text；tags: licence, license	icon	icons				
credit-card	图标 credit-card；分类: account, finance；tags: bank, purchase, payment, cc	icon	icons				
credit-card-check	图标 credit-card-check；分类: account, finance, shopping；tags: debit, payment, banking, finance, transaction, wallet, purchase, checkout, billing, account, cardholder, verified, approved, authorized, valid, success, complete, check, bank, cc	icon	icons				
credit-card-minus	图标 credit-card-minus；分类: account, finance, shopping；tags: debit, payment, remove, delete, unlink, revoke, decline, canceled, banking, finance, wallet, transaction, billing, account, purchase, checkout, subtract, minus, bank, cc	icon	icons				
credit-card-plus	图标 credit-card-plus；分类: account, finance, shopping；tags: debit, payment, banking, finance, transaction, wallet, purchase, checkout, billing, account, cardholder, add, new, link, save, method, plastic, bank, cc	icon	icons				
credit-card-reader	图标 credit-card-reader；分类: finance, navigation, shopping；tags: bank, purchase, payment, cc, atm, terminal, checkout, kiosk, pos, point of sale, transaction, contactless, chip, swipe, tap, banking, finance, retail	icon	icons		swipe		
credit-card-x	图标 credit-card-x；分类: account, finance, shopping；tags: debit, payment, banking, finance, transaction, wallet, purchase, checkout, billing, account, cardholder, declined, rejected, failed, invalid, canceled, error, cancel, bank, cc	icon	icons				
croissant	图标 croissant；分类: food-beverage；tags: bakery, cooking, food, pastry	icon	icons				
crop	图标 crop；分类: photography, design；tags: photo, image	icon	icons				
cross	图标 cross；分类: shapes；tags: healthcare, first aid	icon	icons				
crosshair	图标 crosshair；分类: photography；tags: aim, target	icon	icons				
crown	图标 crown；分类: gaming；tags: diadem, tiara, circlet, corona, king, ruler, winner, favourite	icon	icons				
cuboid	图标 cuboid；分类: shapes, math, food-beverage；tags: brick, block, box, 3d, solid, volume, container, storage, shipping, carton, geometry, rectangular, hexahedron, butter, tofu, soap, cheese, package, parcel, crate	icon	icons	3d			
cup-soda	图标 cup-soda；分类: food-beverage；tags: beverage, cup, drink, soda, straw, water	icon	icons				
cupcake	图标 cupcake；分类: food-beverage；tags: cake, dessert, food, celebration, sweet, baking, cooking	icon	icons				
currency	图标 currency；分类: finance；tags: finance, money	icon	icons				
cylinder	图标 cylinder；分类: shapes, design, math；tags: shape, elliptical, geometry, container, storage, tin, pot	icon	icons				
dam	图标 dam；分类: buildings, sustainability, navigation；tags: electricity, energy, water	icon	icons				
database	图标 database；分类: devices, development；tags: storage, memory, container, tin, pot, bytes, servers	icon	icons				
database-arrow-down	图标 database-arrow-down；分类: devices, development；tags: storage, memory, bytes, server, export, download, backup, pull, downsize	icon	icons				
database-arrow-up	图标 database-arrow-up；分类: devices, development；tags: storage, memory, bytes, server, import, upload, backup, push, upscale	icon	icons				
database-backup	图标 database-backup；分类: devices, arrows, design, development, photography；tags: storage, memory, bytes, servers, backup, timemachine, rotate, arrow, left	icon	icons				
database-check	图标 database-check；分类: devices, development；tags: storage, memory, bytes, server, check, success, valid, verified, confirmed, complete	icon	icons				
database-minus	图标 database-minus；分类: devices, development；tags: storage, memory, bytes, server, minus, remove, delete, reduce	icon	icons				
database-plus	图标 database-plus；分类: devices, development；tags: storage, memory, bytes, server, plus, add, create, insert, new, expand	icon	icons				
database-search	图标 database-search；分类: devices, development；tags: storage, memory, container, tin, pot, bytes, servers	icon	icons				
database-x	图标 database-x；分类: devices, development；tags: storage, memory, bytes, server, x, error, failed, invalid, rejected, denied, clear, remove, disconnect	icon	icons				
database-zap	图标 database-zap；分类: devices, development；tags: cache busting, storage, memory, bytes, servers, power, crash	icon	icons				
decimals-arrow-left	图标 decimals-arrow-left；分类: design, text, arrows, math；tags: numerical, decimal, decrease, less, fewer, precision, rounding, digits, fraction, float, number	icon	icons				
decimals-arrow-right	图标 decimals-arrow-right；分类: design, text, arrows, math；tags: numerical, decimal, increase, more, precision, rounding, digits, fraction, float, number	icon	icons				
delete	图标 delete；分类: text, arrows；tags: backspace, remove	icon	icons				
dessert	图标 dessert；分类: food-beverage；tags: pudding, christmas, xmas, custard, iced bun, icing, fondant, cake, ice cream, gelato, sundae, scoop, dollop, sugar, food, sweet	icon	icons				
diameter	图标 diameter；分类: shapes, math, design, tools；tags: shape, circle, geometry, trigonometry, width, height, size, calculate, measure	icon	icons				
diamond	图标 diamond；分类: shapes, gaming；tags: square, rectangle, oblique, rhombus, shape, suit, playing, cards	icon	icons				
diamond-minus	图标 diamond-minus；分类: multimedia, photography, tools, devices；tags: keyframe, subtract, remove, decrease, reduce, calculator, button, keyboard, line, divider, separator, horizontal rule, hr, html, markup, markdown, ---, toolbar, operator, code, coding, minimum, downgrade	icon	icons		keyboard		
diamond-percent	图标 diamond-percent；分类: social, finance, shopping, math；tags: verified, unverified, sale, discount, offer, marketing, sticker, price tag	icon	icons				
diamond-plus	图标 diamond-plus；分类: multimedia, photography, tools, devices；tags: keyframe, add, new, increase, increment, positive, calculate, toolbar, crosshair, aim, target, scope, sight, reticule, maximum, upgrade, extra, +	icon	icons				
dice-1	图标 dice-1；分类: gaming；tags: dice, random, tabletop, 1, board, game	icon	icons				
dice-2	图标 dice-2；分类: gaming；tags: dice, random, tabletop, 2, board, game	icon	icons				
dice-3	图标 dice-3；分类: gaming；tags: dice, random, tabletop, 3, board, game	icon	icons				
dice-4	图标 dice-4；分类: gaming；tags: dice, random, tabletop, 4, board, game	icon	icons				
dice-5	图标 dice-5；分类: gaming；tags: dice, random, tabletop, 5, board, game	icon	icons				
dice-6	图标 dice-6；分类: gaming；tags: dice, random, tabletop, 6, board, game	icon	icons				
dices	图标 dices；分类: gaming；tags: dice, random, tabletop, board, game	icon	icons				
diff	图标 diff；分类: development, files；tags: patch, difference, compare, plus, minus, plus-minus, math	icon	icons				
disc	图标 disc；分类: devices, multimedia；tags: album, music, songs, format, cd, dvd, vinyl, sleeve, cover, platinum, compilation, ep, recording, playback, spin, rotate, rpm, dj	icon	icons				
disc-2	图标 disc-2；分类: devices, multimedia；tags: album, music, vinyl, record, cd, dvd, format, dj, spin, rotate, rpm	icon	icons				
disc-3	图标 disc-3；分类: devices, multimedia；tags: album, music, vinyl, record, cd, dvd, format, dj, spin, rotate, rpm	icon	icons				
disc-album	图标 disc-album；分类: devices, multimedia；tags: album, music, songs, format, cd, dvd, vinyl, sleeve, cover, platinum, compilation, ep, recording, playback, spin, rotate, rpm, dj	icon	icons				
divide	图标 divide；分类: math, development；tags: calculate, math, division, operator, code, ÷, /	icon	icons				
dna	图标 dna；分类: medical；tags: gene, gmo, helix, heredity, chromosome, nucleic acid	icon	icons				
dna-off	图标 dna-off；分类: medical, food-beverage；tags: gene, gmo free, helix, heredity, chromosome, nucleic acid	icon	icons				
dock	图标 dock；分类: layout, design, development, files；tags: desktop, applications, launch, home, menu bar, bottom, line, macos, osx	icon	icons				
dog	图标 dog；分类: animals；tags: animal, pet, puppy, hound, canine	icon	icons				
dollar-sign	图标 dollar-sign；分类: finance；tags: currency, money, payment	icon	icons				
dome	图标 dome；分类: buildings, navigation, travel；tags: roof, cupola, rotunda, shelter, building, architecture, structure, church, christian, orthodox, byzantine, cathedral, basilica, chapel, monument, landmark, museum, observatory, heritage	icon	icons				
donut	图标 donut；分类: food-beverage；tags: doughnut, sprinkles, topping, fast food, junk food, snack, treat, sweet, sugar, dessert, hollow, ring	icon	icons				
door-closed	图标 door-closed；分类: home, travel, security；tags: entrance, entry, exit, ingress, egress, gate, gateway, emergency exit	icon	icons				
door-closed-cog	图标 door-closed-cog；分类: home, security；tags: room, entrance, entry, settings, gear, access, automation	icon	icons				
door-closed-locked	图标 door-closed-locked；分类: home, travel, security；tags: entrance, entry, exit, ingress, egress, gate, gateway, emergency exit, lock	icon	icons				
door-closed-package	图标 door-closed-package；分类: home, food-beverage, transportation；tags: delivery, parcel, doorstep, shipping, drop-off, courier	icon	icons				
door-open	图标 door-open；分类: home, travel, security；tags: entrance, entry, exit, ingress, egress, gate, gateway, emergency exit	icon	icons				
door-stairwell	图标 door-stairwell；分类: home, travel；tags: staircase, stairway, stairs, steps, ladder, transition, access, structure, spiral, building, vertical, movement, floor, level, entrance, entry, exit, egress, route, indoor, emergency exit	icon	icons				
dot	图标 dot；分类: shapes, text；tags: interpunct, interpoint, middot, step, punctuation, period, full stop, end, finish, final, characters, font, typography, type, center, .	icon	icons				
download	图标 download；分类: arrows, files；tags: import, export, save	icon	icons				
drafting-compass	图标 drafting-compass；分类: math, design, tools；tags: geometry, trigonometry, radius, diameter, circumference, calculate, measure, arc, curve, draw, sketch	icon	icons				
drama	图标 drama；分类: multimedia；tags: drama, masks, theater, theatre, entertainment, show	icon	icons				
drill	图标 drill；分类: tools, home, devices；tags: power, bit, head, hole, diy, toolbox, build, construction	icon	icons				
drone	图标 drone；分类: transportation, devices；tags: quadcopter, uav, aerial, flight, flying, technology, airborne, robotics	icon	icons				
droplet	图标 droplet；分类: weather, gaming；tags: water, weather, liquid, fluid, wet, moisture, damp, bead, globule	icon	icons				
droplet-off	图标 droplet-off；分类: weather, gaming；tags: water, weather, liquid, fluid, wet, moisture, damp, bead, globule	icon	icons				
droplets	图标 droplets；分类: weather；tags: water, weather, liquid, fluid, wet, moisture, damp, bead, globule	icon	icons				
drum	图标 drum；分类: multimedia, devices；tags: drummer, kit, sticks, instrument, beat, bang, bass, backing track, band, play, performance, concert, march, music, audio, sound, noise, loud	icon	icons		sound		
drumstick	图标 drumstick；分类: food-beverage；tags: food, chicken, meat	icon	icons				
dumbbell	图标 dumbbell；分类: navigation, sports；tags: barbell, weight, workout, gym	icon	icons				
ear	图标 ear；分类: medical, accessibility；tags: hearing, noise, audio, accessibility	icon	icons				
ear-off	图标 ear-off；分类: medical, accessibility；tags: hearing, hard of hearing, hearing loss, deafness, noise, silence, audio, accessibility	icon	icons				
earth	图标 earth；分类: navigation；tags: world, browser, language, translate, globe	icon	icons				
earth-lock	图标 earth-lock；分类: security, development, devices；tags: vpn, private, privacy, network, world, browser, security, encryption, protection, connection	icon	icons				
eclipse	图标 eclipse；分类: science, design, development, accessibility, photography；tags: lunar, solar, crescent moon, sun, earth, day, night, planet, space, mode, dark, light, toggle, switch, color, css, styles, display, accessibility, contrast, brightness, blend, shade	icon	icons	dark			
egg	图标 egg；分类: food-beverage, animals；tags: bird, chicken, nest, hatch, shell, incubate, soft boiled, hard, breakfast, brunch, morning, easter	icon	icons				
egg-fried	图标 egg-fried；分类: food-beverage；tags: food, breakfast	icon	icons				
egg-off	图标 egg-off；分类: food-beverage；tags: egg free, vegan, hatched, bad egg	icon	icons				
eject	图标 eject；分类: devices, files, multimedia；tags: disc, drive, dvd, blu-ray, cd, media, optical, optical drive, removable media, storage, tray, unmount, usb	icon	icons				
ellipse	图标 ellipse；分类: shapes；tags: shape, geometry, rounded, smooth, outline, form, boundary, curve, shapes, ellipse, oval	icon	icons				
ellipsis	图标 ellipsis；分类: layout, development；tags: et cetera, etc, loader, loading, progress, pending, throbber, menu, options, operator, code, coding, spread, rest, more, further, extra, overflow, dots, …, ...	icon	icons				
ellipsis-vertical	图标 ellipsis-vertical；分类: layout；tags: menu, options, spread, more, further, extra, overflow, dots, …, ...	icon	icons				
engine	图标 engine；分类: transportation；tags: vehicle, power, energy, drive, repair, car, motor, mechanical, diagnostics, maintenance, warning, dashboard, parts	icon	icons				
equal	图标 equal；分类: math, development；tags: calculate, math, operator, assignment, code, =	icon	icons				
equal-approximately	图标 equal-approximately；分类: math；tags: about, calculate, math, operator	icon	icons				
equal-approximately-not	图标 equal-approximately-not；分类: math, development, charts, science；tags: calculate, math, operator, not, approximately, unequal, code, ≇, tolerance, threshold, mismatch, comparison, assertion, variance	icon	icons				
equal-not	图标 equal-not；分类: math, development；tags: calculate, off, math, operator, code, ≠	icon	icons				
eraser	图标 eraser；分类: text；tags: pencil, drawing, undo, delete, clear, trash, remove	icon	icons				
ethernet-port	图标 ethernet-port；分类: communication, devices, multimedia, gaming；tags: internet, network, connection, cable, lan, port, router, switch, hub, modem, web, online, networking, communication, socket, plug, slot, controller, connector, interface, console, signal, data, input, output	icon	icons				
euro	图标 euro；分类: finance；tags: currency, money, payment	icon	icons				
ev-charger	图标 ev-charger；分类: transportation, navigation；tags: electric, charger, station, vehicle, fast, plug, ev, power, electricity, energy, accumulator, charge	icon	icons				
expand	图标 expand；分类: text, arrows；tags: scale, fullscreen, maximize, minimize, contract	icon	icons				
external-link	图标 external-link；分类: arrows, text, social；tags: outbound, open, share	icon	icons				
eye	图标 eye；分类: accessibility, photography, design, security；tags: view, watch, see, show, expose, reveal, display, visible, visibility, vision, preview, read	icon	icons				
eye-closed	图标 eye-closed；分类: accessibility, photography, design, security；tags: view, watch, see, hide, conceal, mask, hidden, visibility, vision	icon	icons				
eye-dashed	图标 eye-dashed；分类: accessibility, photography, design, security；tags: view, watch, see, hide, conceal, mask, hidden, invisible, visibility, vision	icon	icons				
eye-off	图标 eye-off；分类: accessibility, photography, design, security；tags: view, watch, see, hide, conceal, mask, hidden, visibility, vision	icon	icons				
face-angry	图标 face-angry；分类: emoji；tags: anger, rage, fury, resentment, irritation, disgust, emoji, emotion	icon	icons				
face-expressionless	图标 face-expressionless；分类: emoji；tags: nuisance, annoyed, annoyance, frustration, emoji, emotion	icon	icons		press		
face-grinning	图标 face-grinning；分类: emoji；tags: happy, happiness, good, laugh, broad smile, pleasure, good cheer, humour, funny, emoji, emotion	icon	icons				
face-neutral	图标 face-neutral；分类: emoji；tags: emoji, neutral, emotion, meh, blank stare, social masking, irritation, concern, deadpan	icon	icons				
face-slightly-frowning	图标 face-slightly-frowning；分类: emoji, account；tags: emoji, bad, sadness, emotion, concern, disappointment	icon	icons				
face-slightly-smiling	图标 face-slightly-smiling；分类: emoji, account；tags: smile, happy, happiness, good, positive, friendly, patronizing, passive aggressive, ironic, emoji, emotion	icon	icons				
face-slightly-smiling-plus	图标 face-slightly-smiling-plus；分类: emoji, social, notifications, communication；tags: smile, happy, good, react, reaction, emoji, add, emotion	icon	icons				
factory	图标 factory；分类: buildings, navigation；tags: building, business, energy, industry, manufacture, sector	icon	icons				
fan	图标 fan；分类: home；tags: air, cooler, ventilation, ventilator, blower	icon	icons				
fast-forward	图标 fast-forward；分类: multimedia, arrows；tags: music	icon	icons				
faucet	图标 faucet；分类: food-beverage, home, navigation, travel；tags: tap, spigot, water, drinking, fresh, source, pipes, plumbing, plumber, sink, basin, kitchen, bathroom, washroom, fixture, valve, flow, drinkable, potable, amenities, utilities, hydration	icon	icons				
feather	图标 feather；分类: nature, animals, gaming, text；tags: quill, plume, writing, author, literature, poetry, manuscript, bird, plumage, lightweight, soft	icon	icons				
fence	图标 fence；分类: home, buildings；tags: picket, panels, woodwork, diy, materials, suburban, garden, property, territory	icon	icons				
ferris-wheel	图标 ferris-wheel；分类: navigation；tags: big wheel, daisy wheel, observation, attraction, entertainment, amusement park, theme park, funfair	icon	icons				
file	图标 file；分类: files；tags: document	icon	icons				
file-archive	图标 file-archive；分类: files；tags: zip, package, archive	icon	icons				
file-axis-3d	图标 file-axis-3d；分类: design, files；tags: model, 3d, axis, coordinates	icon	icons	3d			
file-badge	图标 file-badge；分类: files；tags: award, achievement, badge, rosette, prize, winner	icon	icons				
file-box	图标 file-box；分类: files, design, development；tags: document, page, sheet, cube, box, 3d, model, asset, object, geometry, mesh, ar, augmented reality, cad, design, blueprint, draft, package, scene	icon	icons	3d			
file-braces	图标 file-braces；分类: files, development；tags: code, json, curly braces, curly brackets	icon	icons				
file-braces-corner	图标 file-braces-corner；分类: files, development；tags: code, json, curly braces, curly brackets	icon	icons				
file-chart-column	图标 file-chart-column；分类: files；tags: statistics, analytics, diagram, graph, presentation	icon	icons				
file-chart-column-increasing	图标 file-chart-column-increasing；分类: files；tags: statistics, analytics, diagram, graph, presentation, trending up	icon	icons				
file-chart-line	图标 file-chart-line；分类: files；tags: statistics, analytics, diagram, graph, presentation	icon	icons				
file-chart-pie	图标 file-chart-pie；分类: files；tags: statistics, analytics, diagram, graph, presentation	icon	icons				
file-check	图标 file-check；分类: files；tags: done, document, todo, tick, complete, task	icon	icons				
file-check-corner	图标 file-check-corner；分类: files；tags: done, document, todo, tick, complete, task	icon	icons				
file-clock	图标 file-clock；分类: files, time；tags: history, log, clock	icon	icons				
file-code	图标 file-code；分类: files, development；tags: script, document, gist, html, xml, property list, plist	icon	icons				
file-code-corner	图标 file-code-corner；分类: files, development；tags: script, document, html, xml, property list, plist	icon	icons				
file-cog	图标 file-cog；分类: files；tags: executable, settings, cog, edit, gear	icon	icons				
file-diff	图标 file-diff；分类: files, development；tags: diff, patch	icon	icons				
file-digit	图标 file-digit；分类: files, development；tags: number, document	icon	icons				
file-down	图标 file-down；分类: files, arrows；tags: download, import, export	icon	icons				
file-exclamation-point	图标 file-exclamation-point；分类: files, notifications；tags: hidden, warning, alert, danger, protected, exclamation mark	icon	icons				
file-headphone	图标 file-headphone；分类: files；tags: music, audio, sound, headphones	icon	icons		sound		
file-heart	图标 file-heart；分类: files；tags: heart, favourite, bookmark, quick link	icon	icons				
file-image	图标 file-image；分类: files；tags: image, graphics, photo, picture	icon	icons				
file-input	图标 file-input；分类: files, arrows；tags: document	icon	icons				
file-key	图标 file-key；分类: files, security；tags: key, private, public, security	icon	icons				
file-lock	图标 file-lock；分类: files, security；tags: lock, password, security	icon	icons				
file-minus	图标 file-minus；分类: files；tags: delete, remove, erase, document	icon	icons				
file-minus-corner	图标 file-minus-corner；分类: files；tags: document	icon	icons				
file-music	图标 file-music；分类: files, multimedia；tags: audio, sound, noise, track, digital, recording, playback, piano, keyboard, keys, notes, chord, midi, octave	icon	icons		keyboard,sound		
file-output	图标 file-output；分类: files, arrows；tags: document	icon	icons				
file-pen	图标 file-pen；分类: files；tags: signature	icon	icons				
file-pen-line	图标 file-pen-line；分类: files；tags: edit	icon	icons				
file-play	图标 file-play；分类: files；tags: movie, video, film	icon	icons				
file-plus	图标 file-plus；分类: files；tags: add, create, new, document	icon	icons				
file-plus-corner	图标 file-plus-corner；分类: files；tags: add, create, new, document	icon	icons				
file-question-mark	图标 file-question-mark；分类: files；tags: readme, help, question	icon	icons				
file-scan	图标 file-scan；分类: files；tags: scan, code, qr-code	icon	icons				
file-search	图标 file-search；分类: files；tags: lost, document, find, browser, lens	icon	icons				
file-search-corner	图标 file-search-corner；分类: files；tags: lost, document, find, browser, lens	icon	icons				
file-signal	图标 file-signal；分类: files；tags: audio, music, volume	icon	icons				
file-sliders	图标 file-sliders；分类: files, development；tags: cogged, gear, mechanical, machinery, configuration, controls, preferences, settings, system, admin, edit, executable	icon	icons				
file-spreadsheet	图标 file-spreadsheet；分类: files；tags: spreadsheet, sheet, table	icon	icons				
file-stack	图标 file-stack；分类: files, development；tags: versions, multiple, copy, documents, revisions, version control, history	icon	icons				
file-symlink	图标 file-symlink；分类: files；tags: symlink, symbolic, link	icon	icons				
file-terminal	图标 file-terminal；分类: files, development；tags: terminal, bash, script, executable	icon	icons				
file-text	图标 file-text；分类: files, text；tags: data, txt, pdf, document	icon	icons				
file-type	图标 file-type；分类: files, text；tags: font, text, typography, type	icon	icons				
file-type-corner	图标 file-type-corner；分类: files, text；tags: font, text, typography, type	icon	icons				
file-up	图标 file-up；分类: files, arrows；tags: upload, import, export	icon	icons				
file-user	图标 file-user；分类: account, files；tags: person, personal information, people, listing, networking, document, contact, cover letter, resume, cv, curriculum vitae, application form	icon	icons				
file-video-camera	图标 file-video-camera；分类: files；tags: movie, video, film	icon	icons				
file-volume	图标 file-volume；分类: files；tags: audio, music, volume	icon	icons				
file-x	图标 file-x；分类: files；tags: lost, delete, remove, document	icon	icons				
file-x-corner	图标 file-x-corner；分类: files；tags: lost, delete, remove, document	icon	icons				
files	图标 files；分类: files；tags: multiple, copy, documents	icon	icons				
film	图标 film；分类: photography, multimedia；tags: movie, video, reel, camera, cinema, entertainment	icon	icons				
fingerprint-pattern	图标 fingerprint-pattern；分类: account, security, medical, devices；tags: 2fa, authentication, biometric, identity, security	icon	icons				
fire-extinguisher	图标 fire-extinguisher；分类: home, tools, travel；tags: flames, smoke, foam, water, spray, hose, firefighter, fireman, department, brigade, station, emergency, suppress, compressed, tank, cylinder, safety, equipment, amenities	icon	icons		press		
fish	图标 fish；分类: food-beverage, animals；tags: dish, restaurant, course, meal, seafood, pet, sea, marine	icon	icons				
fish-off	图标 fish-off；分类: food-beverage, animals；tags: food, dish, restaurant, course, meal, seafood, animal, pet, sea, marine, allergy, intolerance, diet	icon	icons				
fish-symbol	图标 fish-symbol；分类: food-beverage, animals；tags: dish, restaurant, course, meal, seafood, pet, sea, marine	icon	icons				
fishing-hook	图标 fishing-hook；分类: sports, travel；tags: sea, boating, angler, bait, reel, tackle, marine, outdoors, fish, fishing, hook, sports, travel	icon	icons				
fishing-rod	图标 fishing-rod；分类: sports, travel；tags: fishing, rod, hobby, equipment, reel	icon	icons				
flag	图标 flag；分类: account, social；tags: report, marker, notification, warning, milestone, goal, notice, signal, attention, banner	icon	icons				
flag-off	图标 flag-off；分类: account, social；tags: unflag, unmark, report, marker, notification, warning, milestone, goal, notice, signal, attention, banner	icon	icons				
flag-triangle-left	图标 flag-triangle-left；分类: development, navigation；tags: report, timeline, marker, pin	icon	icons				
flag-triangle-right	图标 flag-triangle-right；分类: development, navigation；tags: report, timeline, marker, pin	icon	icons				
flame	图标 flame；分类: weather, social, gaming；tags: heat, burn, light, glow, ignite, passion, ember, fire, lit, burning, spark, embers, smoke, firefighter, fireman, department, brigade, station, emergency	icon	icons				
flame-kindling	图标 flame-kindling；分类: nature, social, gaming；tags: campfire, camping, wilderness, outdoors, lit, warmth, wood, twigs, sticks	icon	icons				
flashlight	图标 flashlight；分类: photography, devices；tags: torch, light, beam, emergency, safety, tool, bright	icon	icons				
flashlight-off	图标 flashlight-off；分类: photography, devices；tags: torch, light, beam, emergency, safety, tool, bright	icon	icons				
flask-conical	图标 flask-conical；分类: science, gaming；tags: beaker, erlenmeyer, lab, chemistry, experiment, test	icon	icons				
flask-conical-off	图标 flask-conical-off；分类: science, gaming；tags: beaker, erlenmeyer, non toxic, lab, chemistry, experiment, test	icon	icons				
flask-round	图标 flask-round；分类: science, gaming；tags: beaker, lab, chemistry, experiment, test	icon	icons				
flower	图标 flower；分类: nature, gaming, sustainability；tags: sustainability, nature, plant, spring	icon	icons				
flower-2	图标 flower-2；分类: nature, sustainability, seasons；tags: sustainability, nature, plant	icon	icons				
focus	图标 focus；分类: photography；tags: camera, lens, photo, dashed	icon	icons				
fold-horizontal	图标 fold-horizontal；分类: arrows, layout；tags: arrow, collapse, fold, vertical, dashed	icon	icons				
fold-vertical	图标 fold-vertical；分类: arrows, layout；tags: arrow, collapse, fold, vertical, dashed	icon	icons				
folder	图标 folder；分类: files；tags: directory	icon	icons				
folder-archive	图标 folder-archive；分类: files；tags: archive, zip, package	icon	icons				
folder-bookmark	图标 folder-bookmark；分类: files；tags: folder, bookmark, file, mark, storage, archive, directory, project, favorite, save, read later	icon	icons				
folder-check	图标 folder-check；分类: files；tags: done, directory, todo, tick, complete, task	icon	icons				
folder-clock	图标 folder-clock；分类: files, time；tags: history, directory, clock	icon	icons				
folder-closed	图标 folder-closed；分类: files；tags: directory, closed	icon	icons				
folder-code	图标 folder-code；分类: files, development；tags: directory, coding, develop, software	icon	icons				
folder-cog	图标 folder-cog；分类: files；tags: directory, settings, control, preferences, cog, edit, gear	icon	icons				
folder-dot	图标 folder-dot；分类: files, development；tags: directory, root, project, pinned, active, current, cogged, gear, mechanical, machinery, configuration, controls, preferences, settings, system, admin, edit	icon	icons				
folder-down	图标 folder-down；分类: files, arrows；tags: directory, download, import, export	icon	icons				
folder-git	图标 folder-git；分类: files；tags: directory, root, project, git, repo	icon	icons				
folder-git-2	图标 folder-git-2；分类: files；tags: directory, root, project, git, repo	icon	icons				
folder-heart	图标 folder-heart；分类: files；tags: directory, heart, favourite, bookmark, quick link	icon	icons				
folder-input	图标 folder-input；分类: files, arrows；tags: directory, import, export	icon	icons				
folder-kanban	图标 folder-kanban；分类: charts, development, design, files；tags: projects, manage, overview, board, tickets, issues, roadmap, plan, intentions, productivity, work, agile, code, coding, directory, project, root	icon	icons				
folder-key	图标 folder-key；分类: files, security；tags: directory, key, private, security, protected	icon	icons				
folder-lock	图标 folder-lock；分类: files, security；tags: directory, lock, private, security, protected	icon	icons				
folder-minus	图标 folder-minus；分类: files；tags: directory, remove, delete	icon	icons				
folder-open	图标 folder-open；分类: files；tags: directory	icon	icons				
folder-open-dot	图标 folder-open-dot；分类: files, development；tags: directory, root, project, active, current, pinned	icon	icons				
folder-output	图标 folder-output；分类: files, arrows；tags: directory, import, export	icon	icons				
folder-pen	图标 folder-pen；分类: files；tags: directory, rename	icon	icons				
folder-plus	图标 folder-plus；分类: files；tags: directory, add, create, new	icon	icons				
folder-root	图标 folder-root；分类: files, development；tags: directory, root, project, git, repo	icon	icons				
folder-search	图标 folder-search；分类: files；tags: directory, search, find, lost, browser, lens	icon	icons				
folder-search-2	图标 folder-search-2；分类: files；tags: directory, search, find, lost, browser, lens	icon	icons				
folder-symlink	图标 folder-symlink；分类: files；tags: directory, symlink, symbolic, link	icon	icons				
folder-sync	图标 folder-sync；分类: files, arrows；tags: directory, synchronize, synchronise, refresh, reconnect, transfer, backup	icon	icons				
folder-tree	图标 folder-tree；分类: files；tags: directory, tree, browser	icon	icons				
folder-up	图标 folder-up；分类: files, arrows；tags: directory, upload, import, export	icon	icons				
folder-x	图标 folder-x；分类: files；tags: directory, remove, delete	icon	icons				
folders	图标 folders；分类: files；tags: multiple, copy, directories	icon	icons				
footprints	图标 footprints；分类: navigation；tags: steps, walking, foot, feet, trail, shoe	icon	icons				
forklift	图标 forklift；分类: transportation；tags: machinery, industrial, warehouse, lifting, storage, equipment, heavy-duty, moving, vehicle, transport, logistics	icon	icons				
form	图标 form；分类: development；tags: document, page, file, layout, paper, stub, formality, structure, template, inputs, design, components	icon	icons				
forward	图标 forward；分类: mail；tags: send, share, email	icon	icons				
frame	图标 frame；分类: design, photography；tags: logo, design, tool	icon	icons				
fuel	图标 fuel；分类: transportation, navigation；tags: filling-station, gas, petrol, tank	icon	icons				
fullscreen	图标 fullscreen；分类: layout, multimedia, design, photography；tags: expand, zoom, preview, focus, camera, lens, image	icon	icons				
funnel	图标 funnel；分类: layout；tags: filter, hopper	icon	icons				
funnel-plus	图标 funnel-plus；分类: layout；tags: filter, hopper, add, create, new	icon	icons				
funnel-x	图标 funnel-x；分类: layout；tags: filter, hopper, remove, delete	icon	icons				
galaxy	图标 galaxy；分类: science；tags: astronomy, space, stars, cosmos, universe, spiral, milky way, nebula, cosmology, interstellar, celestial, constellation, stargazing, spaceflight	icon	icons				
gallery-horizontal	图标 gallery-horizontal；分类: layout, design, development, photography, multimedia；tags: carousel, pictures, images, scroll, swipe, album, portfolio	icon	icons		scroll,swipe		
gallery-horizontal-end	图标 gallery-horizontal-end；分类: layout, design, development, photography, multimedia, files；tags: carousel, pictures, images, scroll, swipe, album, portfolio, history, versions, backup, time machine	icon	icons		scroll,swipe		
gallery-thumbnails	图标 gallery-thumbnails；分类: layout, design, development, photography, multimedia；tags: carousel, pictures, images, album, portfolio, preview	icon	icons				
gallery-vertical	图标 gallery-vertical；分类: layout, design, development, photography, multimedia；tags: carousel, pictures, images, scroll, swipe, album, portfolio	icon	icons		scroll,swipe		
gallery-vertical-end	图标 gallery-vertical-end；分类: layout, design, development, photography, multimedia, files；tags: carousel, pictures, images, scroll, swipe, album, portfolio, history, versions, backup, time machine	icon	icons		scroll,swipe		
gamepad	图标 gamepad；分类: gaming, devices；tags: console	icon	icons				
gamepad-2	图标 gamepad-2；分类: gaming, devices；tags: console	icon	icons				
gamepad-directional	图标 gamepad-directional；分类: gaming, devices；tags: direction, arrow, controller, navigation, button, move, pointer, arrowhead, console, game, gaming	icon	icons				
gap-horizontal	图标 gap-horizontal；分类: design, layout；tags: gap, spacing, space, between, padding, margin, horizontal, auto layout, layout, distance, frame, distribute	icon	icons				
gap-vertical	图标 gap-vertical；分类: design, layout；tags: gap, spacing, space, between, padding, margin, vertical, auto layout, layout, distance, frame, distribute	icon	icons				
gauge	图标 gauge；分类: transportation, sports, science；tags: dashboard, dial, meter, speed, pressure, measure, level	icon	icons		press		
gavel	图标 gavel；分类: navigation, tools；tags: justice, law, court, judgment, legal, hands, penalty, decision, authority, hammer, mallet	icon	icons				
gem	图标 gem；分类: gaming, development, finance；tags: diamond, crystal, ruby, jewellery, price, special, present, gift, ring, wedding, proposal, marriage, rubygems	icon	icons				
georgian-lari	图标 georgian-lari；分类: finance；tags: currency, money, payment	icon	icons				
germ	图标 germ；分类: medical, science, security；tags: virus, microbe, bacterium, bacteria, germ, organism, cilia, pathogen, infection, disease, contagion, contamination, microbiology, health, medicine, biology, science, microorganism, pandemic, epidemic, outbreak, amoeba, flu, security, single cell, unicellular, vaccine, immunity, quarantine	icon	icons				
germ-off	图标 germ-off；分类: medical, science, security；tags: virus, microbe, bacterium, bacteria, germ, organism, cilia, pathogen, infection, disease, contagion, contamination, microbiology, health, medicine, biology, science, microorganism, pandemic, epidemic, outbreak, amoeba, flu, security, single cell, unicellular, vaccine, immunity, quarantine	icon	icons				
ghost	图标 ghost；分类: gaming；tags: spirit, haunt, specter, apparition, wraith, shade, phantom, entity, shadow, silhouette, pac-man, spooky, halloween, haunted, invisible, hidden, empty, dead, obsolete, outdated	icon	icons				
gift	图标 gift；分类: gaming, account；tags: present, box, birthday, party	icon	icons				
git-branch	图标 git-branch；分类: development；tags: code, version control, vcs, repository	icon	icons				
git-branch-minus	图标 git-branch-minus；分类: development；tags: code, version control, vcs, repository, delete, remove, -	icon	icons				
git-branch-plus	图标 git-branch-plus；分类: development；tags: code, version control, vcs, repository, add, create, +	icon	icons				
git-commit-horizontal	图标 git-commit-horizontal；分类: development, navigation；tags: code, version control, waypoint, stop, station	icon	icons				
git-commit-vertical	图标 git-commit-vertical；分类: development, navigation；tags: code, version control, waypoint, stop, station	icon	icons				
git-compare	图标 git-compare；分类: development；tags: code, version control, diff	icon	icons				
git-compare-arrows	图标 git-compare-arrows；分类: development, arrows；tags: code, version control, diff	icon	icons				
git-fork	图标 git-fork；分类: development；tags: code, version control	icon	icons				
git-graph	图标 git-graph；分类: development；tags: code, version control, commit graph, commits, gitlens	icon	icons				
git-merge	图标 git-merge；分类: development；tags: code, version control	icon	icons				
git-merge-conflict	图标 git-merge-conflict；分类: development；tags: code, version control, commits, diff, error, conflict	icon	icons				
git-pull-request	图标 git-pull-request；分类: development；tags: code, version control, open	icon	icons				
git-pull-request-arrow	图标 git-pull-request-arrow；分类: development, arrows；tags: code, version control, open	icon	icons				
git-pull-request-closed	图标 git-pull-request-closed；分类: development；tags: code, version control, rejected, closed, cancelled, x	icon	icons				
git-pull-request-create	图标 git-pull-request-create；分类: development；tags: code, version control, open, plus, add, +	icon	icons				
git-pull-request-create-arrow	图标 git-pull-request-create-arrow；分类: development, arrows；tags: code, version control, open, plus, add, +	icon	icons				
git-pull-request-draft	图标 git-pull-request-draft；分类: development；tags: code, version control, open, draft, dashed	icon	icons				
glass-water	图标 glass-water；分类: food-beverage；tags: beverage, drink, glass, water	icon	icons	glass			
glasses	图标 glasses；分类: accessibility；tags: glasses, spectacles	icon	icons	glass			
globe	图标 globe；分类: navigation；tags: world, browser, language, translate	icon	icons				
globe-check	图标 globe-check；分类: navigation；tags: world, browser, language, translate, internet, web, check, verified, success, valid, available, online, status	icon	icons				
globe-code	图标 globe-code；分类: navigation, development；tags: website, internet, globe, connection, network, digital, access, global, link, world, browser, language, translate	icon	icons				
globe-lock	图标 globe-lock；分类: security, development, devices；tags: vpn, private, privacy, network, world, browser, security, encryption, protection, connection	icon	icons				
globe-off	图标 globe-off；分类: navigation, connectivity, devices；tags: globe, earth, planet, disable, mute, off, hide, avoid, world, browser, language, translate, internet, offline, disconnected, network, connection, no connection, network failure, signal off	icon	icons				
globe-x	图标 globe-x；分类: connectivity, devices, navigation；tags: globe, internet, offline, disconnected, network, connection, world, no connection, network failure, signal off	icon	icons				
goal	图标 goal；分类: gaming；tags: flag, bullseye	icon	icons				
gpu	图标 gpu；分类: devices, gaming；tags: processor, cores, technology, computer, chip, circuit, specs, graphics processing unit, video card, display adapter, gddr, rendering, digital image processing, crypto mining	icon	icons				
graduation-cap	图标 graduation-cap；分类: buildings；tags: school, university, learn, study, mortarboard, education, ceremony, academic, hat, diploma, bachelor's, master's, doctorate	icon	icons				
grape	图标 grape；分类: food-beverage；tags: fruit, wine, food	icon	icons				
grid-2x2	图标 grid-2x2；分类: text, layout, design, math；tags: table, rows, columns, blocks, plot, land, geometry, measure, size, width, height, distance, surface area, square meter, acre, window, skylight	icon	icons				
grid-2x2-check	图标 grid-2x2-check；分类: text, layout, math；tags: table, rows, columns, blocks, plot, land, geometry, measure, data, size, width, height, distance, surface area, square meter, acre	icon	icons				
grid-2x2-plus	图标 grid-2x2-plus；分类: text, layout, math；tags: table, rows, columns, blocks, plot, land, geometry, measure, data, size, width, height, distance, surface area, square meter, acre	icon	icons				
grid-2x2-x	图标 grid-2x2-x；分类: text, layout, math；tags: table, rows, columns, data, blocks, plot, land, geometry, measure, size, width, height, distance, surface area, square meter, acre	icon	icons				
grid-3x2	图标 grid-3x2；分类: text, math, layout, design；tags: table, rows, columns, blocks, plot, land, geometry, measure, size, width, height, distance, surface area, square meter, acre, window	icon	icons				
grid-3x3	图标 grid-3x3；分类: text, layout, design；tags: table, rows, columns	icon	icons				
grip	图标 grip；分类: layout；tags: grab, dots, handle, move, drag	icon	icons		drag		
grip-horizontal	图标 grip-horizontal；分类: layout；tags: grab, dots, handle, move, drag	icon	icons		drag		
grip-vertical	图标 grip-vertical；分类: layout；tags: grab, dots, handle, move, drag	icon	icons		drag		
group	图标 group；分类: files；tags: cubes, packages, parts, units, collection, cluster, gather, dashed	icon	icons				
guitar	图标 guitar；分类: multimedia；tags: acoustic, instrument, strings, riff, rock, band, country, concert, performance, play, lead, loud, music, audio, sound, noise	icon	icons		sound		
ham	图标 ham；分类: food-beverage；tags: food, pork, pig, meat, bone, hock, knuckle, gammon, cured	icon	icons				
hamburger	图标 hamburger；分类: food-beverage；tags: burger, cheeseburger, meat, beef, patty, bun, fast food, junk food, takeaway, takeout, snack, dish, restaurant, lunch, meal, savory, savoury, cookery, cooking, grilled, barbecue, barbeque, bbq, lettuce, tomato, relish, pickles, onions, ketchup, mustard, mayonnaise	icon	icons				
hammer	图标 hammer；分类: tools, home；tags: mallet, nails, diy, toolbox, build, construction	icon	icons				
hand	图标 hand；分类: cursors, accessibility；tags: wave, move, mouse, grab	icon	icons		cursor		
hand-coins	图标 hand-coins；分类: finance, account；tags: savings, banking, money, finance, offers, mortgage, payment, received, wage, payroll, allowance, pocket money, handout, pennies	icon	icons				
hand-fist	图标 hand-fist；分类: social, emoji, communication, sports；tags: clench, strength, power, unity, solidarity, rebellion, victory, triumph, support, fight, combat, brawl	icon	icons				
hand-grab	图标 hand-grab；分类: cursors, design, layout；tags: hand	icon	icons		cursor		
hand-heart	图标 hand-heart；分类: social；tags: love, like, emotion	icon	icons				
hand-helping	图标 hand-helping；分类: emoji；tags: agreement, help, proposal, charity, begging, terms	icon	icons				
hand-metal	图标 hand-metal；分类: emoji, multimedia；tags: rock	icon	icons				
hand-platter	图标 hand-platter；分类: food-beverage, people；tags: waiter, waitress, restaurant, table service, served, dinner, dining, meal, course, luxury	icon	icons				
handbag	图标 handbag；分类: shopping, transportation；tags: bag, baggage, carry, clutch, fashion, luggage, purse, tote, travel	icon	icons				
handshake	图标 handshake；分类: account, social, communication, finance, security；tags: agreement, partnership, deal, business, assistance, cooperation, friendship, union, terms	icon	icons				
hard-drive	图标 hard-drive；分类: development, devices；tags: computer, server, memory, data, ssd, disk, hard disk, storage, hardware, backup, media	icon	icons				
hard-drive-download	图标 hard-drive-download；分类: development, devices, arrows, files；tags: computer, server, memory, data, ssd, disk, hard disk, save	icon	icons				
hard-drive-upload	图标 hard-drive-upload；分类: development, devices, arrows, files；tags: computer, server, memory, data, ssd, disk, hard disk, save	icon	icons				
hard-hat	图标 hard-hat；分类: tools；tags: helmet, construction, safety	icon	icons				
hash	图标 hash；分类: text, social；tags: hashtag, number, pound	icon	icons				
hat-glasses	图标 hat-glasses；分类: social, account, security；tags: incognito, disguise, costume, masked, anonymous, anonymity, privacy, private browsing, stealth, hidden, undercover, cloak, invisible, ghost, spy, agent, detective, identity, cap, fedora, spectacles, shades, sunglasses, eyewear	icon	icons	glass			
haze	图标 haze；分类: weather；tags: mist, fog	icon	icons				
hd	图标 hd；分类: devices, multimedia；tags: tv, resolution, video, high definition, 720p, 1080p	icon	icons				
hdmi-port	图标 hdmi-port；分类: devices, multimedia, gaming；tags: socket, plug, slot, controller, connector, interface, console, signal, audio, video, visual, av, data, input, output	icon	icons				
heading	图标 heading；分类: text；tags: h1, html, markup, markdown	icon	icons				
heading-1	图标 heading-1；分类: text；tags: h1, html, markup, markdown	icon	icons				
heading-2	图标 heading-2；分类: text；tags: h2, html, markup, markdown	icon	icons				
heading-3	图标 heading-3；分类: text；tags: h3, html, markup, markdown	icon	icons				
heading-4	图标 heading-4；分类: text；tags: h4, html, markup, markdown	icon	icons				
heading-5	图标 heading-5；分类: text；tags: h5, html, markup, markdown	icon	icons				
heading-6	图标 heading-6；分类: text；tags: h6, html, markup, markdown	icon	icons				
headphone-off	图标 headphone-off；分类: multimedia, connectivity, communication, devices, gaming；tags: music, audio, sound, mute, off	icon	icons		sound		
headphones	图标 headphones；分类: multimedia, connectivity, devices, files, gaming；tags: music, audio, sound	icon	icons		sound		
headset	图标 headset；分类: multimedia, connectivity, devices, files, gaming；tags: music, audio, sound, gaming, headphones, headset, call, center, phone, telephone, voip, video	icon	icons		sound		
heart	图标 heart；分类: medical, social, multimedia, emoji, gaming, shapes；tags: like, love, emotion, suit, playing, cards	icon	icons				
heart-crack	图标 heart-crack；分类: emoji；tags: heartbreak, sadness, emotion	icon	icons				
heart-handshake	图标 heart-handshake；分类: emoji, account, security；tags: agreement, charity, help, deal, terms, emotion, together, handshake	icon	icons				
heart-minus	图标 heart-minus；分类: medical, account, multimedia, gaming, social；tags: unlike, unfavorite, remove, delete, damage	icon	icons				
heart-off	图标 heart-off；分类: social, multimedia；tags: unlike, dislike, hate, emotion	icon	icons				
heart-plus	图标 heart-plus；分类: medical, account, multimedia, gaming, social；tags: plus, like, favorite, add, health, support	icon	icons				
heart-pulse	图标 heart-pulse；分类: medical；tags: heartbeat, pulse, health, medical, blood pressure, cardiac, systole, diastole	icon	icons		press		
heart-x	图标 heart-x；分类: social, multimedia, design, shapes；tags: unlike, unfavorite, remove, reject, dismiss, delete, clear	icon	icons				
heater	图标 heater；分类: home, devices, travel；tags: heating, warmth, comfort, fire, stove, electric, electronics, amenities	icon	icons				
helicopter	图标 helicopter；分类: transportation, travel；tags: transport, flying, rotor, aviation, helipad, gear, flyer, technology, helicopter, aircraft, vehicle	icon	icons				
hexagon	图标 hexagon；分类: shapes, development；tags: shape, node.js, logo	icon	icons				
highlighter	图标 highlighter；分类: text, design；tags: mark, text	icon	icons				
hop	图标 hop；分类: food-beverage；tags: beer, brewery, drink	icon	icons				
hop-off	图标 hop-off；分类: food-beverage；tags: beer, brewery, drink, hop free, allergy, intolerance, diet	icon	icons				
hospital	图标 hospital；分类: medical, buildings, navigation, travel；tags: infirmary, sanatorium, healthcare, doctor, hospice, clinic, emergency room, ward, building, medical, vet	icon	icons				
hotel	图标 hotel；分类: buildings, navigation, travel；tags: building, hostel, motel, inn	icon	icons				
hourglass	图标 hourglass；分类: time, gaming；tags: timer, time, sandglass	icon	icons	glass			
hourglass-cog	图标 hourglass-cog；分类: time, tools；tags: timer, time, sandglass, duration, settings, gear, cog, edit, configuration, countdown, timeout, expiration	icon	icons	glass			
house	图标 house；分类: buildings, home, navigation；tags: home, living, building, residence, architecture	icon	icons				
house-cog	图标 house-cog；分类: buildings, home；tags: home, building, residence, settings, gear, configuration, property, automation	icon	icons				
house-heart	图标 house-heart；分类: home, buildings, medical；tags: home sweet home, abode, building, residence, healthy living, lifestyle	icon	icons				
house-plug	图标 house-plug；分类: buildings, home, sustainability；tags: home, living, building, residence, architecture, autarky, energy	icon	icons				
house-plus	图标 house-plus；分类: buildings, medical；tags: home, living, medical, new, addition, building, residence, architecture	icon	icons				
house-wifi	图标 house-wifi；分类: home, buildings, connectivity；tags: home, living, building, wifi, connectivity	icon	icons				
houses	图标 houses；分类: buildings, home；tags: homes, housing, estate, living, buildings, development, residences, residential, village, neighbourhood, accommodation, community, dwellings, architecture	icon	icons				
ice-cream-bowl	图标 ice-cream-bowl；分类: food-beverage；tags: gelato, food, dessert, dish, restaurant, course, meal	icon	icons				
ice-cream-cone	图标 ice-cream-cone；分类: food-beverage；tags: gelato, food	icon	icons				
id-card	图标 id-card；分类: security, account；tags: card, badge, identity, authentication, secure	icon	icons				
id-card-lanyard	图标 id-card-lanyard；分类: security, account；tags: id-card, id-card-lanyard, identity, employee, gate-pass, badge	icon	icons				
image	图标 image；分类: photography, text, multimedia, files；tags: picture, photo	icon	icons				
image-down	图标 image-down；分类: photography, text, multimedia, files；tags: picture, photo, download, save, export	icon	icons				
image-minus	图标 image-minus；分类: photography, multimedia, files；tags: remove, delete	icon	icons				
image-off	图标 image-off；分类: photography, multimedia, files；tags: picture, photo	icon	icons				
image-play	图标 image-play；分类: photography, text, multimedia, files；tags: picture, gif, photo	icon	icons				
image-plus	图标 image-plus；分类: photography, multimedia, files；tags: add, create, picture	icon	icons				
image-up	图标 image-up；分类: photography, text, multimedia, files；tags: picture, photo, upload, import	icon	icons				
image-upscale	图标 image-upscale；分类: photography, multimedia；tags: resize, picture, sharpen, increase	icon	icons				
images	图标 images；分类: photography, text, multimedia, files；tags: picture, photo, multiple, copy, gallery, album, collection, slideshow, showcase	icon	icons				
import	图标 import；分类: arrows, files；tags: save	icon	icons				
inbox	图标 inbox；分类: account, mail；tags: email	icon	icons				
indian-rupee	图标 indian-rupee；分类: finance；tags: currency, money, payment	icon	icons				
infinity	图标 infinity；分类: multimedia；tags: unlimited, forever, loop, math	icon	icons				
info	图标 info；分类: accessibility, notifications；tags: about, advice, clue, details, help, hint, indicator, information, knowledge, notice, status, support, tooltip	icon	icons				
inspection-panel	图标 inspection-panel；分类: tools；tags: access, cover, tile, metal, materials, screws	icon	icons				
italic	图标 italic；分类: text；tags: oblique, text, format	icon	icons				
iteration-ccw	图标 iteration-ccw；分类: arrows, design；tags: arrow, right	icon	icons				
iteration-cw	图标 iteration-cw；分类: arrows, design；tags: arrow, left	icon	icons				
iv-bag	图标 iv-bag；分类: medical；tags: intravenous, therapy, infusion, medicine, medication, treatment, healthcare, hydration, vitamin, supplement, blood, donation, chemotherapy, clinic, feeding tube, administration, health, regeneration	icon	icons				
japanese-yen	图标 japanese-yen；分类: finance；tags: currency, money, payment	icon	icons				
joystick	图标 joystick；分类: gaming, devices；tags: game, console, control stick	icon	icons				
kanban	图标 kanban；分类: charts, development, design；tags: projects, manage, overview, board, tickets, issues, roadmap, plan, intentions, productivity, work, agile, code, coding	icon	icons				
kayak	图标 kayak；分类: transportation；tags: kayak, boat, paddle, water, sport, recreation, adventure, outdoors, equipment, lake, ocean	icon	icons				
kazakh-tenge	图标 kazakh-tenge；分类: finance；tags: currency, money, payment, kazakhstan, currency-symbol, exchange, cash	icon	icons				
key	图标 key；分类: security, account；tags: password, login, authentication, secure, unlock, keychain, key ring, fob	icon	icons				
key-round	图标 key-round；分类: security, account；tags: password, login, authentication, secure, unlock	icon	icons				
key-square	图标 key-square；分类: security, account；tags: password, login, authentication, secure, unlock, car key	icon	icons				
keyboard	图标 keyboard；分类: text, devices, development；tags: layout, spell, settings, mouse	icon	icons		keyboard		
keyboard-music	图标 keyboard-music；分类: multimedia, devices；tags: music, audio, sound, noise, notes, keys, chord, octave, midi, controller, instrument, electric, signal, digital, studio, production, producer, pianist, piano, play, performance, concert	icon	icons		keyboard,sound		
keyboard-off	图标 keyboard-off；分类: devices, text, development；tags: unkeys, layout, spell, settings, mouse	icon	icons		keyboard		
lambda	图标 lambda；分类: development, math, science, text；tags: greek, symbol, math, function, programming, serverless, anonymous, functional, cloud, wavelength, calculus, linear algebra	icon	icons				
lamp	图标 lamp；分类: home；tags: lighting, household, home, furniture	icon	icons				
lamp-ceiling	图标 lamp-ceiling；分类: home；tags: lighting, household, home, furniture	icon	icons				
lamp-desk	图标 lamp-desk；分类: home；tags: lighting, household, office, desk, home, furniture	icon	icons				
lamp-floor	图标 lamp-floor；分类: home；tags: lighting, household, floor, home, furniture	icon	icons				
lamp-wall-down	图标 lamp-wall-down；分类: home；tags: lighting, household, wall, home, furniture	icon	icons				
lamp-wall-up	图标 lamp-wall-up；分类: home；tags: lighting, household, wall, home, furniture	icon	icons				
land-plot	图标 land-plot；分类: design, tools, math, sports, gaming；tags: area, surface, square metres, allotment, parcel, property, plane, acres, measure, distance, isometric, flag, golf course, hole	icon	icons				
landmark	图标 landmark；分类: finance, navigation, buildings；tags: bank, building, capitol, finance, money, museum, art gallery, hall, institute, pediment, portico, doric, columns, pillars, classical, architecture, government, institution, monument, site, history, historic, library, temple, ancient, structure	icon	icons				
languages	图标 languages；分类: text；tags: translate	icon	icons				
laptop	图标 laptop；分类: devices；tags: computer, screen, remote	icon	icons				
laptop-minimal	图标 laptop-minimal；分类: devices；tags: computer, screen, remote	icon	icons				
laptop-minimal-check	图标 laptop-minimal-check；分类: devices, notifications；tags: computer, screen, remote, success, done, todo, tick, complete, task	icon	icons				
lasso	图标 lasso；分类: design, cursors；tags: select, cursor	icon	icons		cursor		
lasso-select	图标 lasso-select；分类: arrows, design, cursors；tags: select, cursor	icon	icons		cursor		
layer-arrow-down	图标 layer-arrow-down；分类: design, layout；tags: move back, backward, lower, demote, step back, behind, reorder, arrange, layer, layers, stack, stacking, z-index, depth, graphics, design	icon	icons				
layer-arrow-up	图标 layer-arrow-up；分类: design, layout；tags: move forward, forward, raise, lift, promote, advance, step forward, reorder, arrange, stack, stacking, z-index, depth, graphics, design	icon	icons				
layers	图标 layers；分类: design, layout；tags: stack, pile, pages, sheets, paperwork, copies, copy	icon	icons				
layers-2	图标 layers-2；分类: design, layout；tags: stack, pile, pages, sheets, paperwork, copies, copy, duplicate, double, shortcuts	icon	icons				
layers-arrow-down	图标 layers-arrow-down；分类: design, layout；tags: send to back, send backward, back, background, bottom, bottommost, lower, demote, behind, reorder, arrange, stack, stacking, z-index, depth, graphics, design	icon	icons				
layers-arrow-up	图标 layers-arrow-up；分类: design, layout, arrows；tags: bring to front, bring forward, front, foreground, top, topmost, raise, lift, promote, reorder, arrange, stack, stacking, z-index, depth, graphics, design	icon	icons				
layers-minus	图标 layers-minus；分类: design, layout；tags: stack, pile, pages, sheets, paperwork, copies, copy, layers, remove, delete	icon	icons				
layers-plus	图标 layers-plus；分类: design, layout；tags: stack, layers, add, new, increase, create, positive, copy, upgrade	icon	icons				
layout-arrow-down	图标 layout-arrow-down；分类: design, layout；tags: layout, direction, flex, flexbox, flex-direction, column, auto layout, vertical, arrange, order, flow, stack	icon	icons				
layout-arrow-right	图标 layout-arrow-right；分类: design, layout；tags: layout, direction, flex, flexbox, flex-direction, row, auto layout, horizontal, arrange, order, flow, stack	icon	icons				
layout-dashboard	图标 layout-dashboard；分类: design, layout；tags: masonry, brick	icon	icons				
layout-freeform	图标 layout-freeform；分类: design, layout；tags: layout, freeform, free, absolute, position, auto layout, unaligned, scattered, arrange, blocks, canvas, frame	icon	icons	canvas			
layout-grid	图标 layout-grid；分类: design, layout；tags: app, home, start	icon	icons				
layout-grid-circles	图标 layout-grid-circles；分类: design, layout；tags: app, home, start, dot matrix, dots, menu, dashboard, collection, overview, tiles, grid, matrix, launcher, apps, widgets, ui, circles, shortcuts	icon	icons				
layout-list	图标 layout-list；分类: design, layout, photography, text；tags: todo, tasks, items, pending, image, photo	icon	icons				
layout-panel-left	图标 layout-panel-left；分类: design, layout；tags: app, home, start, grid	icon	icons				
layout-panel-top	图标 layout-panel-top；分类: layout；tags: window, webpage, block, section, grid, template, structure	icon	icons				
layout-template	图标 layout-template；分类: layout；tags: window, webpage, block, section	icon	icons				
leaf	图标 leaf；分类: nature, sustainability, seasons；tags: sustainability, nature, energy, plant, autumn	icon	icons				
leafy-green	图标 leafy-green；分类: food-beverage, emoji, sustainability；tags: salad, lettuce, vegetable, chard, cabbage, bok choy	icon	icons				
lectern	图标 lectern；分类: communication, multimedia；tags: pulpit, podium, stand	icon	icons				
lens-concave	图标 lens-concave；分类: science, tools, shapes；tags: concave, lens, optics, light, magnification, curved, focus, refraction, science, physics, eyeglass, telescope, microscope	icon	icons	glass			
lens-convex	图标 lens-convex；分类: science, tools, shapes；tags: convex, lens, optics, magnification, focus, light, refraction, physics, eyeglass, telescope, microscope, curved, science	icon	icons	glass			
letters	图标 letters；分类: text；tags: abc, alphabet, alphabetical, text, characters, language, typography, literacy, spelling	icon	icons				
library	图标 library；分类: text, photography, multimedia, navigation, development；tags: books, reading, written, authors, stories, fiction, novels, information, knowledge, education, high school, university, college, academy, learning, study, research, collection, vinyl, records, albums, music, package	icon	icons				
library-big	图标 library-big；分类: text, photography, multimedia, navigation, development；tags: books, reading, written, authors, stories, fiction, novels, information, knowledge, education, high school, university, college, academy, learning, study, research, collection, vinyl, records, albums, music, package	icon	icons				
life-buoy	图标 life-buoy；分类: accessibility, medical；tags: preserver, life belt, lifesaver, help, rescue, ship, ring, raft, inflatable, wheel, donut	icon	icons				
ligature	图标 ligature；分类: text；tags: text, font, typography, alternates, alternatives	icon	icons				
lightbulb	图标 lightbulb；分类: photography；tags: idea, bright, lights	icon	icons				
lightbulb-off	图标 lightbulb-off；分类: photography；tags: lights	icon	icons				
lighthouse	图标 lighthouse；分类: buildings, navigation, travel；tags: lighthouse, beacon, coast, navigation, tower, sea, ocean, maritime, guide, safety, light, shine, port, marine, faro, signal, nautical, harbor, shore, lightbeam, wayfinding, guidance, onboarding, help, landmark	icon	icons				
line-dot-bottom-vertical	图标 line-dot-bottom-vertical；分类: development, navigation；tags: code, version, control, station, waypoint, start, first	icon	icons				
line-dot-left-horizontal	图标 line-dot-left-horizontal；分类: development, navigation；tags: line, dot, left, horizontal, shape, symbol, navigation, arrow, pointer, code, version control, waypoint, stop, start, first, station	icon	icons				
line-dot-right-horizontal	图标 line-dot-right-horizontal；分类: development, navigation；tags: code, version control, waypoint, stop, station, last, end	icon	icons				
line-dot-top-vertical	图标 line-dot-top-vertical；分类: development, navigation；tags: arrow, pointer, direction, indicator, code, version, control, waypoint, stop, station, last, end	icon	icons				
line-squiggle	图标 line-squiggle；分类: shapes, math, design；tags: line, snakes, annotate, curve, doodle, stroke, pen, tool, gesture, draw, wave, art, road	icon	icons				
line-style	图标 line-style；分类: design, tools；tags: line, stroke, style, dashed, border	icon	icons				
link	图标 link；分类: text, account；tags: chain, url	icon	icons				
link-2	图标 link-2；分类: text, account；tags: chain, url	icon	icons				
link-2-off	图标 link-2-off；分类: text；tags: unchain, chain	icon	icons				
list	图标 list；分类: text；tags: options	icon	icons				
list-check	图标 list-check；分类: text；tags: done, check, tick, complete, list, to-do, bom	icon	icons				
list-checks	图标 list-checks；分类: text；tags: todo, done, check, tick, complete, tasks, items, pending	icon	icons				
list-chevrons-down-up	图标 list-chevrons-down-up；分类: text, arrows；tags: options, items, collapse, expand, details, disclosure, show, hide, toggle, accordion, more, less, fold, unfold, vertical	icon	icons				
list-chevrons-up-down	图标 list-chevrons-up-down；分类: text, arrows；tags: options, items, collapse, expand, details, disclosure, show, hide, toggle, accordion, more, less, fold, unfold, vertical	icon	icons				
list-clock	图标 list-clock；分类: text, time, notifications；tags: history, log, clock, time, recent, updated, revision, activity, timestamp, audit, list	icon	icons				
list-collapse	图标 list-collapse；分类: text；tags: items, collapse, expand, details, disclosure, show, hide, toggle, accordion, more, less, fold, unfold	icon	icons				
list-end	图标 list-end；分类: multimedia, text；tags: queue, bottom, end, playlist	icon	icons				
list-filter	图标 list-filter；分类: text；tags: options	icon	icons				
list-filter-plus	图标 list-filter-plus；分类: text, layout；tags: filter, plus, options, add	icon	icons				
list-indent-decrease	图标 list-indent-decrease；分类: text, development；tags: text, tab	icon	icons				
list-indent-increase	图标 list-indent-increase；分类: text, development；tags: text, tab	icon	icons				
list-minus	图标 list-minus；分类: multimedia, text；tags: playlist, remove, song, subtract, delete, unqueue	icon	icons				
list-music	图标 list-music；分类: multimedia；tags: playlist, queue, music, audio, playback	icon	icons				
list-ordered	图标 list-ordered；分类: text；tags: number, order, queue	icon	icons				
list-plus	图标 list-plus；分类: multimedia, text；tags: playlist, add, song, track, new	icon	icons				
list-restart	图标 list-restart；分类: multimedia, text；tags: reset, refresh, reload, playlist, replay	icon	icons				
list-sort-ascending	图标 list-sort-ascending；分类: text, layout；tags: list, order, arrangement, organization, sequence, ranking, categories, presentation, filter, sort, ascending, descending, increasing, decreasing, rising, falling	icon	icons				
list-sort-descending	图标 list-sort-descending；分类: text, layout；tags: list, order, arrangement, organization, sequence, ranking, categories, presentation, filter, sort, ascending, descending, increasing, decreasing, rising, falling	icon	icons				
list-start	图标 list-start；分类: multimedia, text；tags: queue, top, start, next, playlist	icon	icons				
list-todo	图标 list-todo；分类: text；tags: todo, done, check, tick, complete, tasks, items, pending	icon	icons				
list-tree	图标 list-tree；分类: files, text, layout；tags: tree, browser	icon	icons				
list-video	图标 list-video；分类: multimedia；tags: playlist, video, playback	icon	icons				
list-x	图标 list-x；分类: multimedia, text；tags: playlist, subtract, remove, delete, unqueue	icon	icons				
loader	图标 loader；分类: cursors, multimedia, layout, design；tags: loading, wait, busy, progress, spinner, spinning, throbber	icon	icons		cursor		
loader-circle	图标 loader-circle；分类: cursors, multimedia, layout；tags: loading, wait, busy, progress, spinner, spinning, throbber, circle	icon	icons		cursor		
loader-pinwheel	图标 loader-pinwheel；分类: cursors, design；tags: loading, wait, busy, progress, throbber, spinner, spinning, beach ball, frozen, freeze	icon	icons		cursor		
locate	图标 locate；分类: navigation；tags: map, gps, location, cross	icon	icons				
locate-fixed	图标 locate-fixed；分类: navigation；tags: map, gps, location, cross	icon	icons				
locate-off	图标 locate-off；分类: navigation；tags: map, gps, location, cross	icon	icons				
lock	图标 lock；分类: security；tags: security, password, secure, admin	icon	icons				
lock-keyhole	图标 lock-keyhole；分类: security；tags: security, password, secure, admin	icon	icons				
lock-keyhole-open	图标 lock-keyhole-open；分类: security；tags: security	icon	icons				
lock-open	图标 lock-open；分类: security；tags: security	icon	icons				
log-in	图标 log-in；分类: arrows, account；tags: sign in, arrow, enter, auth	icon	icons				
log-out	图标 log-out；分类: arrows, account；tags: sign out, arrow, exit, auth	icon	icons				
logs	图标 logs；分类: text；tags: options, list, menu, order, queue, tasks, logs	icon	icons				
lollipop	图标 lollipop；分类: food-beverage；tags: lolly, candy, sugar, food, sweet, dessert, spiral	icon	icons				
luggage	图标 luggage；分类: travel, transportation；tags: baggage, luggage, travel, suitcase	icon	icons				
magnet	图标 magnet；分类: design；tags: horseshoe, lock, science, snap	icon	icons				
mail	图标 mail；分类: text, account, mail；tags: email, message, letter, unread	icon	icons				
mail-badge	图标 mail-badge；分类: mail, communication, security；tags: email, message, letter, certified, registered, seal, stamp, verified, envelope, rosette, signed, official, delivery	icon	icons				
mail-check	图标 mail-check；分类: mail；tags: email, message, letter, subscribe, delivered, success, read, done, todo, tick, complete, task	icon	icons				
mail-clock	图标 mail-clock；分类: text, account, mail, time, notifications, communication；tags: email, message, letter, unread, scheduled, delayed, sendlater, delivery, reminder, pending, outgoing, timer	icon	icons				
mail-minus	图标 mail-minus；分类: mail；tags: email, message, letter, remove, delete	icon	icons				
mail-open	图标 mail-open；分类: mail；tags: email, message, letter, read	icon	icons				
mail-pen	图标 mail-pen；分类: mail；tags: email, message, letter, pen, edit, compose, draft, write, writing, create, reply	icon	icons				
mail-plus	图标 mail-plus；分类: mail；tags: email, message, letter, add, create, new, compose	icon	icons				
mail-question-mark	图标 mail-question-mark；分类: mail；tags: email, message, letter, delivery, undelivered	icon	icons				
mail-search	图标 mail-search；分类: mail；tags: email, message, letter, search, lens	icon	icons				
mail-warning	图标 mail-warning；分类: mail；tags: email, message, letter, delivery error, exclamation mark	icon	icons				
mail-x	图标 mail-x；分类: mail；tags: email, message, letter, remove, delete	icon	icons				
mailbox	图标 mailbox；分类: mail；tags: emails, messages, letters, mailing list, newsletter	icon	icons				
mails	图标 mails；分类: mail；tags: emails, messages, letters, multiple, mailing list, newsletter, copy	icon	icons				
map	图标 map；分类: text, navigation；tags: location, navigation, travel	icon	icons				
map-minus	图标 map-minus；分类: navigation, travel；tags: location, navigation, travel, drop, delete, remove, erase	icon	icons				
map-pin	图标 map-pin；分类: navigation, travel, account；tags: location, waypoint, marker, drop	icon	icons				
map-pin-check	图标 map-pin-check；分类: navigation, travel, account；tags: location, waypoint, marker, drop, done, tick, complete, task, added	icon	icons				
map-pin-check-inside	图标 map-pin-check-inside；分类: navigation, travel, account；tags: location, waypoint, marker, drop, done, tick, complete, task, added	icon	icons				
map-pin-house	图标 map-pin-house；分类: navigation, travel, account；tags: location, waypoint, marker, drop, home, living, building, residence, architecture, address, poi, real estate, property, navigation, destination, geolocation, place, landmark	icon	icons				
map-pin-minus	图标 map-pin-minus；分类: navigation, travel, account；tags: location, waypoint, marker, drop, delete, remove, erase	icon	icons				
map-pin-minus-inside	图标 map-pin-minus-inside；分类: navigation, travel, account；tags: location, waypoint, marker, drop, delete, remove, erase	icon	icons				
map-pin-off	图标 map-pin-off；分类: navigation, travel；tags: location, waypoint, marker, remove	icon	icons				
map-pin-pen	图标 map-pin-pen；分类: navigation, travel, account；tags: location, waypoint, marker, drop, edit	icon	icons				
map-pin-plus	图标 map-pin-plus；分类: navigation, travel, account；tags: location, waypoint, marker, drop, add, create, new	icon	icons				
map-pin-plus-inside	图标 map-pin-plus-inside；分类: navigation, travel, account；tags: location, waypoint, marker, drop, add, create, new	icon	icons				
map-pin-search	图标 map-pin-search；分类: text, navigation, travel, account；tags: location, navigation, travel, waypoint, marker, drop	icon	icons				
map-pin-x	图标 map-pin-x；分类: navigation, travel, account；tags: location, waypoint, marker, drop, delete, remove, erase	icon	icons				
map-pin-x-inside	图标 map-pin-x-inside；分类: navigation, travel, account；tags: location, waypoint, marker, drop, delete, remove, erase	icon	icons				
map-pinned	图标 map-pinned；分类: navigation, travel, account；tags: location, waypoint, marker, drop	icon	icons				
map-plus	图标 map-plus；分类: navigation；tags: location, navigation, travel, new, add, create	icon	icons				
mars	图标 mars；分类: medical；tags: gender, sex, male, masculine, man, boy	icon	icons				
mars-stroke	图标 mars-stroke；分类: medical；tags: gender, androgyne, transgender	icon	icons				
martini	图标 martini；分类: food-beverage；tags: cocktail, alcohol, beverage, bar, drink, glass, spirit, party, celebration, mixer	icon	icons	glass			
maximize	图标 maximize；分类: layout, design；tags: fullscreen, expand, dashed	icon	icons				
maximize-2	图标 maximize-2；分类: arrows, layout, design；tags: fullscreen, arrows, expand	icon	icons				
medal	图标 medal；分类: sports, gaming；tags: prize, sports, winner, trophy, award, achievement	icon	icons				
megaphone	图标 megaphone；分类: multimedia, notifications；tags: advertisement, announcement, attention, alert, loudspeaker, megaphone, notification	icon	icons				
megaphone-off	图标 megaphone-off；分类: multimedia, notifications；tags: advertisement, announcement, attention, alert, loudspeaker, megaphone, notification, disable, silent	icon	icons				
memory-stick	图标 memory-stick；分类: devices, gaming；tags: ram, random access, technology, computer, chip, circuit, specs, capacity, gigabytes, gb	icon	icons				
menu	图标 menu；分类: layout, account；tags: bars, navigation, hamburger, options	icon	icons				
merge	图标 merge；分类: development, arrows；tags: combine, join, unite	icon	icons				
message-circle	图标 message-circle；分类: social；tags: comment, chat, conversation, dialog, feedback, speech bubble	icon	icons				
message-circle-check	图标 message-circle-check；分类: social, account；tags: comment, chat, conversation, dialog, feedback, speech bubble, moderate, check, done, todo, complete	icon	icons				
message-circle-code	图标 message-circle-code；分类: development, social；tags: comment, chat, conversation, dialog, feedback, speech bubble, code review, coding	icon	icons				
message-circle-dashed	图标 message-circle-dashed；分类: social；tags: comment, chat, conversation, dialog, feedback, speech bubble, draft	icon	icons				
message-circle-dashed-check	图标 message-circle-dashed-check；分类: social, account；tags: comment, chat, conversation, dialog, feedback, speech bubble, draft, pending, provisional, verification, confirmation, success, status, check, approval, moderate, resolved, done, complete	icon	icons				
message-circle-heart	图标 message-circle-heart；分类: social；tags: comment, chat, conversation, dialog, feedback, positive, like, love, interest, valentine, dating, date, speech bubble	icon	icons				
message-circle-more	图标 message-circle-more；分类: social；tags: comment, chat, conversation, dialog, feedback, speech bubble, typing, writing, responding, ellipsis, etc, et cetera, ..., …	icon	icons				
message-circle-off	图标 message-circle-off；分类: social；tags: comment, chat, conversation, dialog, feedback, speech bubble, clear, close, delete, remove, cancel, silence, mute, moderate	icon	icons				
message-circle-plus	图标 message-circle-plus；分类: social；tags: comment, chat, conversation, dialog, feedback, speech bubble, add	icon	icons				
message-circle-question-mark	图标 message-circle-question-mark；分类: social；tags: comment, chat, conversation, dialog, feedback, speech bubble, help	icon	icons				
message-circle-reply	图标 message-circle-reply；分类: social；tags: comment, chat, conversation, dialog, feedback, speech bubble, reply, response	icon	icons				
message-circle-warning	图标 message-circle-warning；分类: social, notifications；tags: comment, chat, conversation, dialog, feedback, speech bubble, report, abuse, offense, alert, danger, caution, protected, exclamation mark	icon	icons				
message-circle-x	图标 message-circle-x；分类: account, social；tags: comment, chat, conversation, dialog, feedback, speech bubble, clear, close, delete, remove, cancel, silence, mute, moderate	icon	icons				
message-square	图标 message-square；分类: social；tags: comment, chat, conversation, dialog, feedback, speech bubble	icon	icons				
message-square-check	图标 message-square-check；分类: social, account；tags: comment, chat, conversation, dialog, feedback, speech bubble, moderate, check, done, todo, complete	icon	icons				
message-square-code	图标 message-square-code；分类: development, social；tags: comment, chat, conversation, dialog, feedback, speech bubble, code review, coding	icon	icons				
message-square-dashed	图标 message-square-dashed；分类: social；tags: comment, chat, conversation, dialog, feedback, speech bubble, draft	icon	icons				
message-square-diff	图标 message-square-diff；分类: development, files, social；tags: comment, chat, conversation, dialog, feedback, speech bubble, add, patch, difference, plus, minus, plus-minus, math, code review, coding, version control, git	icon	icons				
message-square-dot	图标 message-square-dot；分类: social, notifications；tags: unread, unresolved, comment, chat, conversation, dialog, feedback, speech bubble	icon	icons				
message-square-heart	图标 message-square-heart；分类: social；tags: comment, chat, conversation, dialog, feedback, positive, like, love, interest, valentine, dating, date, speech bubble	icon	icons				
message-square-lock	图标 message-square-lock；分类: social；tags: comment, chat, conversation, dialog, feedback, speech bubble, secure, encrypted	icon	icons				
message-square-more	图标 message-square-more；分类: social；tags: comment, chat, conversation, dialog, feedback, speech bubble, typing, writing, responding, ellipsis, etc, et cetera, ..., …	icon	icons				
message-square-off	图标 message-square-off；分类: social；tags: comment, chat, conversation, dialog, feedback, speech bubble, clear, close, delete, remove, cancel, silence, mute, moderate	icon	icons				
message-square-plus	图标 message-square-plus；分类: social；tags: comment, chat, conversation, dialog, feedback, speech bubble, add	icon	icons				
message-square-quote	图标 message-square-quote；分类: social, text；tags: comment, chat, conversation, dialog, feedback, speech bubble, blockquote, quotation, indent, reply, response	icon	icons				
message-square-reply	图标 message-square-reply；分类: social；tags: comment, chat, conversation, dialog, feedback, speech bubble, reply, response	icon	icons				
message-square-share	图标 message-square-share；分类: social；tags: comment, chat, conversation, dialog, feedback, speech bubble, network, forward	icon	icons				
message-square-text	图标 message-square-text；分类: social；tags: comment, chat, conversation, dialog, feedback, speech bubble	icon	icons				
message-square-warning	图标 message-square-warning；分类: social, notifications；tags: comment, chat, conversation, dialog, feedback, speech bubble, report, abuse, offense, alert, danger, caution, protected, exclamation mark	icon	icons				
message-square-x	图标 message-square-x；分类: social；tags: comment, chat, conversation, dialog, feedback, speech bubble, clear, close, delete, remove, cancel, silence, mute, moderate	icon	icons				
messages-circle	图标 messages-circle；分类: social, communication, notifications；tags: comment, chat, conversation, dialog, feedback, speech bubbles, copy, multiple, discussion, interview, debate, group, groupchat, threads, unread, bubble, messaging	icon	icons				
messages-square	图标 messages-square；分类: social；tags: comment, chat, conversation, dialog, feedback, speech bubbles, copy, multiple, discussion, interview, debate	icon	icons				
metronome	图标 metronome；分类: multimedia, time；tags: metronome, tempo, rhythm, beat, bpm, music, audio, sound, practice, timing, timer, time, pulse, sync, cadence, control, playback, studio, tool	icon	icons		sound		
mic	图标 mic；分类: devices, communication, connectivity, multimedia；tags: record, sound, listen, radio, podcast, microphone	icon	icons		sound		
mic-audio-lines	图标 mic-audio-lines；分类: devices, communication, multimedia；tags: podcast, audio, waveform, sound waves, microphone, talk, voice, speech, stream, recording, transcription, dictation, voice assistant, noise cancellation, sound processing	icon	icons		sound		
mic-off	图标 mic-off；分类: devices, communication, connectivity, multimedia；tags: record, sound, mute, microphone	icon	icons		sound		
mic-signal	图标 mic-signal；分类: devices, communication, connectivity, multimedia；tags: podcast, audio, broadcast, signal, wireless, radio, airwaves, microphone, talk, voice, speech, stream, live, voice chat, push to talk, transmission	icon	icons				
mic-vocal	图标 mic-vocal；分类: devices, multimedia；tags: lyrics, voice, listen, sound, music, radio, podcast, karaoke, singing, microphone	icon	icons		sound		
microchip	图标 microchip；分类: devices；tags: processor, cores, technology, computer, chip, integrated circuit, memory, ram, specs, gpu, gigahertz, ghz	icon	icons				
microscope	图标 microscope；分类: science, medical；tags: medical, education, science, imaging, research	icon	icons				
microwave	图标 microwave；分类: food-beverage, home；tags: oven, cooker, toaster oven, bake	icon	icons				
midi-port	图标 midi-port；分类: multimedia, connectivity, devices；tags: musical instrument digital interface, port, connector, socket, jack, din, 5-pin, audio, music, synthesizer, keyboard, controller, interface, input, output, io	icon	icons		keyboard		
milestone	图标 milestone；分类: arrows, navigation, development, gaming；tags: signpost, direction, right, east, forward, version control, waypoint	icon	icons				
milk	图标 milk；分类: food-beverage；tags: lactose, bottle, beverage, drink, water, diet	icon	icons				
milk-off	图标 milk-off；分类: food-beverage；tags: lactose free, bottle, beverage, drink, water, allergy, intolerance, diet	icon	icons				
minimize	图标 minimize；分类: layout, design；tags: exit fullscreen, close, shrink	icon	icons				
minimize-2	图标 minimize-2；分类: arrows, layout, design；tags: exit fullscreen, arrows, close, shrink	icon	icons				
minus	图标 minus；分类: math, development, text, tools；tags: subtract, remove, decrease, decrement, reduce, negative, calculate, line, divider, separator, horizontal rule, hr, html, markup, markdown, ---, toolbar, operator, code, coding, minimum, downgrade	icon	icons				
mirror-rectangular	图标 mirror-rectangular；分类: science, home, tools；tags: reflection, optics, glass, surface, image, physics, science, bathroom, decor, cosmetic, shiny, periscope, vanity	icon	icons	glass			
mirror-round	图标 mirror-round；分类: science, home, tools；tags: reflection, optics, glass, surface, image, physics, science, bathroom, vanity, makeup, decor, cosmetic, shiny, periscope	icon	icons	glass			
monitor	图标 monitor；分类: connectivity, devices；tags: tv, computer, desktop, screen, display, external display, screen sharing, virtual machine, vm	icon	icons				
monitor-check	图标 monitor-check；分类: connectivity, devices；tags: tv, computer, screen, display, desktop, external display, screen sharing, connected, success, verified, running, active, virtual machine, vm	icon	icons				
monitor-cloud	图标 monitor-cloud；分类: connectivity, devices, development；tags: tv, computer, screen, display, desktop, external display, virtual machine, virtual desktop, vm, vdi, computing, remote work, monitoring, infrastructure, software as a service, saas, workstation, environment	icon	icons				
monitor-cog	图标 monitor-cog；分类: connectivity, devices；tags: tv, computer, screen, display, desktop, external display, virtual machine, vm, executable, settings, edit, gear, configuration, preferences, system, control panel, network, computing	icon	icons				
monitor-dot	图标 monitor-dot；分类: connectivity, devices；tags: tv, computer, screen, display, desktop, external display, screen sharing, status, notification, indicator, running, active, virtual machine, vm	icon	icons				
monitor-down	图标 monitor-down；分类: connectivity, devices；tags: tv, computer, screen, display, desktop, external display, screen sharing, download, remote, cast	icon	icons				
monitor-off	图标 monitor-off；分类: connectivity, devices；tags: tv, computer, screen, display, desktop, external display, screen sharing, offline, disabled, disconnected, power	icon	icons				
monitor-pause	图标 monitor-pause；分类: connectivity, devices, multimedia；tags: tv, computer, screen, display, desktop, external display, screen sharing, video, movie, film, pause, suspend, hibernate, boot, virtual machine, vm	icon	icons				
monitor-pc	图标 monitor-pc；分类: devices, development, gaming；tags: personal computer, desktop, screen, display, workstation, tower, chassis, hardware, setup, gaming	icon	icons				
monitor-play	图标 monitor-play；分类: connectivity, devices, multimedia；tags: tv, computer, screen, display, desktop, external display, screen sharing, video, movie, film, play, running, start, boot, virtual machine, vm	icon	icons				
monitor-smartphone	图标 monitor-smartphone；分类: connectivity, devices；tags: phone, cellphone, device, mobile, desktop, screen, display, external display, screen sharing, responsive, screens, sync, cast	icon	icons				
monitor-speaker	图标 monitor-speaker；分类: connectivity, devices；tags: tv, computer, screen, display, desktop, external display, connect, cast, audio, sound, volume, presentation	icon	icons		sound		
monitor-stop	图标 monitor-stop；分类: connectivity, devices, multimedia；tags: tv, computer, screen, display, desktop, external display, screen sharing, video, movie, film, stop, shutdown, virtual machine, vm	icon	icons				
monitor-up	图标 monitor-up；分类: connectivity, devices；tags: tv, computer, screen, display, desktop, external display, upload, connect, remote, screen sharing, cast	icon	icons				
monitor-x	图标 monitor-x；分类: connectivity, devices；tags: tv, computer, screen, display, desktop, external display, screen sharing, virtual machine, vm, close, error, failed, disconnected, stop, suspend, remove, delete	icon	icons				
moon	图标 moon；分类: accessibility；tags: dark, night	icon	icons	dark			
moon-star	图标 moon-star；分类: accessibility, weather；tags: dark, night, star	icon	icons	dark			
mop	图标 mop；分类: home, tools；tags: cleaning, sweeping, scrubbing, housekeeping, hygiene, sanitation, chores, swab, tidy, floor, janitor, maintenance, wash, wipe, spotless, pristine, disinfect	icon	icons				
mop-sparkles	图标 mop-sparkles；分类: home, tools, design；tags: cleaning, scrubbing, sweeping, ai, magic, sparkle, smart, automation, housekeeping, hygiene, sanitation, chores, swab, tidy, floor, spotless, pristine, polish, sanitize, disinfect	icon	icons				
mosque	图标 mosque；分类: buildings, navigation, travel；tags: mosque, masjid, islam, muslim, ramadan, eid, prayer, worship, building, minaret, dome, architecture, faith, religion, holy, sacred, landmark, community, spiritual, tourism, map, heritage	icon	icons				
motorbike	图标 motorbike；分类: transportation；tags: moto, motorcycle, transport, vehicle, drive, ride, trip, race, racing, journey, delivery	icon	icons				
mountain	图标 mountain；分类: nature, gaming；tags: climb, hike, rock	icon	icons				
mountain-snow	图标 mountain-snow；分类: nature；tags: alpine, climb, snow	icon	icons				
mouse	图标 mouse；分类: devices；tags: device, scroll, click	icon	icons		scroll		
mouse-left	图标 mouse-left；分类: devices；tags: device, scroll, click	icon	icons		scroll		
mouse-off	图标 mouse-off；分类: devices；tags: device, scroll, click, disabled	icon	icons		scroll		
mouse-pointer	图标 mouse-pointer；分类: arrows, cursors；tags: click, select	icon	icons		cursor		
mouse-pointer-2	图标 mouse-pointer-2；分类: arrows, cursors；tags: click, select	icon	icons		cursor		
mouse-pointer-2-off	图标 mouse-pointer-2-off；分类: arrows, cursors；tags: pointer, mouse, cursor, off, disable, arrow, navigation, selection, select, click, no-click, interaction	icon	icons		cursor		
mouse-pointer-ban	图标 mouse-pointer-ban；分类: arrows, cursors；tags: wait, busy, loading, blocked, frozen, freeze	icon	icons		cursor		
mouse-pointer-click	图标 mouse-pointer-click；分类: arrows, cursors；tags: click, select	icon	icons		cursor		
mouse-right	图标 mouse-right；分类: devices；tags: device, scroll, click	icon	icons		scroll		
mouth	图标 mouth；分类: medical, accessibility, communication；tags: speech, voice, talk, speaking, taste, tasting, flavor, palate, tongue, gustatory, oral, dental, expression, communication, accessibility	icon	icons		press		
mouth-off	图标 mouth-off；分类: medical, accessibility, communication；tags: speech, voice, talk, mute, silence, speechless, taste loss, flavor loss, ageusia, tasteless, gustatory, oral, dental, communication, accessibility	icon	icons				
move	图标 move；分类: arrows, cursors；tags: arrows	icon	icons		cursor		
move-3d	图标 move-3d；分类: design；tags: arrows, axis, gizmo, coordinates, transform, translate	icon	icons	3d			
move-diagonal	图标 move-diagonal；分类: arrows, cursors；tags: double, arrow	icon	icons		cursor		
move-diagonal-2	图标 move-diagonal-2；分类: arrows, cursors；tags: double, arrow	icon	icons		cursor		
move-down	图标 move-down；分类: arrows；tags: arrow, direction, downwards, south	icon	icons				
move-down-left	图标 move-down-left；分类: arrows；tags: arrow, direction	icon	icons				
move-down-right	图标 move-down-right；分类: arrows；tags: arrow, direction	icon	icons				
move-horizontal	图标 move-horizontal；分类: arrows, cursors；tags: double, arrow	icon	icons		cursor		
move-left	图标 move-left；分类: arrows；tags: arrow, direction, back, west	icon	icons				
move-right	图标 move-right；分类: arrows；tags: arrow, direction, trend flat, east	icon	icons				
move-up	图标 move-up；分类: arrows；tags: arrow, direction, upwards, north	icon	icons				
move-up-left	图标 move-up-left；分类: arrows；tags: arrow, direction	icon	icons				
move-up-right	图标 move-up-right；分类: arrows；tags: arrow, direction	icon	icons				
move-vertical	图标 move-vertical；分类: arrows, cursors；tags: double, arrow	icon	icons		cursor		
music	图标 music；分类: multimedia, files；tags: note, quaver, eighth note	icon	icons				
music-2	图标 music-2；分类: multimedia, files；tags: quaver, eighth note, note	icon	icons				
music-3	图标 music-3；分类: multimedia, files；tags: crotchet, minim, quarter note, half note, note	icon	icons				
music-4	图标 music-4；分类: multimedia, files；tags: semiquaver, sixteenth note, note	icon	icons				
navigation	图标 navigation；分类: navigation；tags: location, travel	icon	icons				
navigation-2	图标 navigation-2；分类: navigation；tags: location, travel	icon	icons				
navigation-2-off	图标 navigation-2-off；分类: navigation；tags: location, travel	icon	icons				
navigation-off	图标 navigation-off；分类: navigation；tags: location, travel	icon	icons				
nepali-rupee	图标 nepali-rupee；分类: finance, shopping, travel；tags: currency, money, nepal, rupee, npr	icon	icons				
network	图标 network；分类: development；tags: tree	icon	icons				
newspaper	图标 newspaper；分类: multimedia, communication；tags: news, feed, home, magazine, article, headline	icon	icons				
nfc	图标 nfc；分类: communication, finance, devices；tags: contactless, payment, near-field communication	icon	icons				
non-binary	图标 non-binary；分类: medical；tags: gender, nonbinary, enby	icon	icons				
notebook	图标 notebook；分类: text, communication, social, design；tags: notepad, notes, stationery, sketchbook, moleskine, closure, strap, band, elastic, organizer, organiser, planner, diary, journal, writing, written, writer, reading, high school, university, college, academy, student, study, homework, research	icon	icons				
notebook-dot	图标 notebook-dot；分类: communication；tags: document, file, journal, page, paper, record, entry, notebook, notification, unread, note	icon	icons				
notebook-pen	图标 notebook-pen；分类: text, social；tags: pencil, notepad, notes, noted, stationery, sketchbook, organizer, organiser, planner, diary, journal, writing, write, written, reading, high school, university, college, academy, student, study, research, homework, eraser, rubber	icon	icons				
notebook-tabs	图标 notebook-tabs；分类: account, communication, social；tags: notepad, notes, people, family, friends, acquaintances, contacts, details, addresses, phone numbers, directory, listing, networking, alphabetical, a-z, organizer, organiser, planner, diary, stationery	icon	icons				
notebook-text	图标 notebook-text；分类: text, social；tags: notepad, notes, pages, paper, stationery, sketchbook, organizer, organiser, planner, diary, journal, writing, write, written, reading, high school, university, college, academy, student, study, research, homework, lines, opened	icon	icons				
notepad-text	图标 notepad-text；分类: text, social；tags: notebook, notes, pages, paper, stationery, sketchbook, organizer, organiser, planner, diary, journal, writing, write, written, reading, high school, university, college, academy, student, study, homework, research, lines, opened	icon	icons				
notepad-text-dashed	图标 notepad-text-dashed；分类: text, social；tags: notebook, notes, pages, paper, stationery, diary, journal, writing, write, written, draft, template, lines	icon	icons				
nut	图标 nut；分类: food-beverage；tags: hazelnut, acorn, food, diet	icon	icons				
nut-off	图标 nut-off；分类: food-beverage；tags: hazelnut, acorn, food, allergy, intolerance, diet	icon	icons				
octagon	图标 octagon；分类: shapes；tags: stop, shape	icon	icons				
octagon-alert	图标 octagon-alert；分类: notifications, shapes；tags: warning, alert, danger, exclamation mark	icon	icons				
octagon-minus	图标 octagon-minus；分类: transportation；tags: stop, forbidden, subtract, remove, decrease, reduce, -, traffic, halt, restricted	icon	icons				
octagon-pause	图标 octagon-pause；分类: multimedia, shapes；tags: music, audio, stop	icon	icons				
octagon-x	图标 octagon-x；分类: math, notifications；tags: delete, stop, alert, warning, times, clear, math	icon	icons				
omega	图标 omega；分类: math, development, text, science；tags: greek, symbol, mathematics, education, physics, engineering, ohms, electrical resistance, angular frequency, dynamical systems, astronomy, constellations, philosophy	icon	icons				
option	图标 option；分类: development；tags: keyboard, key, mac, alt, button	icon	icons		keyboard		
orbit	图标 orbit；分类: science；tags: planet, space, physics, satellites, moons	icon	icons				
origami	图标 origami；分类: animals, design；tags: paper, bird	icon	icons				
package	图标 package；分类: files, development；tags: box, container, storage, sealed, delivery, undelivered, unopened, packed, archive, zip, module	icon	icons				
package-2	图标 package-2；分类: files, development；tags: box, container, storage, sealed, packed, unopened, undelivered, archive, zip	icon	icons				
package-check	图标 package-check；分类: development；tags: confirm, verified, done, todo, tick, complete, task, delivered	icon	icons				
package-minus	图标 package-minus；分类: development；tags: delete, remove	icon	icons				
package-open	图标 package-open；分类: files, development；tags: box, container, storage, unpack, unarchive, unzip, opened, delivered	icon	icons				
package-plus	图标 package-plus；分类: development；tags: new, add, create	icon	icons				
package-search	图标 package-search；分类: files, development；tags: find, product process, lens	icon	icons				
package-x	图标 package-x；分类: development；tags: delete, remove	icon	icons				
paint-bucket	图标 paint-bucket；分类: design, tools；tags: fill, paint, bucket, color, colour	icon	icons				
paint-roller	图标 paint-roller；分类: text, design, home, tools；tags: brush, color, colour, decoration, diy	icon	icons				
paintbrush	图标 paintbrush；分类: text, design, photography, home, tools；tags: brush, paintbrush, design, color, colour, decoration, diy	icon	icons				
paintbrush-vertical	图标 paintbrush-vertical；分类: text, design, photography, home, tools；tags: brush, paintbrush, design, color, colour, decoration, diy	icon	icons				
palette	图标 palette；分类: text, design, photography；tags: colors, colours, theme, scheme, paint, watercolor, watercolour, artist	icon	icons				
panda	图标 panda；分类: animals；tags: animal, wildlife, bear, zoo, bamboo	icon	icons				
panel-bottom	图标 panel-bottom；分类: layout；tags: drawer, dock	icon	icons				
panel-bottom-close	图标 panel-bottom-close；分类: layout, arrows；tags: drawer, dock, hide, chevron, down	icon	icons				
panel-bottom-dashed	图标 panel-bottom-dashed；分类: layout；tags: drawer, dock, show, reveal, padding, margin, guide, layout, bleed	icon	icons				
panel-bottom-open	图标 panel-bottom-open；分类: layout, arrows；tags: drawer, dock, show, reveal, chevron, up	icon	icons				
panel-left	图标 panel-left；分类: layout；tags: primary, drawer	icon	icons				
panel-left-close	图标 panel-left-close；分类: layout, arrows；tags: primary, drawer, hide, chevron, <	icon	icons				
panel-left-dashed	图标 panel-left-dashed；分类: layout；tags: sidebar, primary, drawer, show, reveal, padding, margin, guide, layout, bleed	icon	icons				
panel-left-open	图标 panel-left-open；分类: layout, arrows；tags: primary, drawer, show, reveal, chevron, right, >	icon	icons				
panel-left-right-dashed	图标 panel-left-right-dashed；分类: layout；tags: sidebar, primary, drawer, show, reveal, padding, margin, guide, layout, vertical, bleed	icon	icons				
panel-right	图标 panel-right；分类: layout；tags: sidebar, secondary, drawer	icon	icons				
panel-right-close	图标 panel-right-close；分类: layout, arrows；tags: sidebar, secondary, drawer, hide, chevron, >	icon	icons				
panel-right-dashed	图标 panel-right-dashed；分类: layout；tags: sidebar, secondary, drawer, show, reveal, padding, margin, guide, layout, bleed	icon	icons				
panel-right-open	图标 panel-right-open；分类: layout, arrows；tags: sidebar, secondary, drawer, show, reveal, chevron, left, <	icon	icons				
panel-top	图标 panel-top；分类: layout, design, development；tags: drawer, browser, webpage	icon	icons				
panel-top-bottom-dashed	图标 panel-top-bottom-dashed；分类: layout；tags: sidebar, primary, drawer, show, reveal, padding, margin, guide, layout, horizontal, bleed	icon	icons				
panel-top-close	图标 panel-top-close；分类: layout, arrows；tags: menu bar, drawer, hide, chevron, up	icon	icons				
panel-top-dashed	图标 panel-top-dashed；分类: layout；tags: menu bar, drawer, show, reveal, padding, margin, guide, layout, bleed	icon	icons				
panel-top-open	图标 panel-top-open；分类: layout, arrows；tags: menu bar, drawer, show, reveal, chevron, down	icon	icons				
panels-left-bottom	图标 panels-left-bottom；分类: layout；tags: drawers, sidebar, primary	icon	icons				
panels-right-bottom	图标 panels-right-bottom；分类: layout；tags: drawers, sidebar, secondary	icon	icons				
panels-top-left	图标 panels-top-left；分类: layout, design, development；tags: menu bar, sidebar, primary, drawers, window, webpage, projects, overview	icon	icons				
paper-bag	图标 paper-bag；分类: food-beverage, shopping；tags: storage, package, lunch, takeout, eco-friendly, kraft, retail, doggybag	icon	icons				
paperclip	图标 paperclip；分类: text, design, files, mail；tags: attachment, file	icon	icons				
parasol	图标 parasol；分类: travel, weather；tags: umbrella, sunshade, beach, shade, sun, protection, cover, canopy, garden, outdoors, resort, travel, vacation, holiday, summer, apparel, accessory, sunbathing, relax, tropical	icon	icons				
parentheses	图标 parentheses；分类: development, files, math；tags: code, token, parenthesis, parens, brackets, parameters, arguments, args, input, call, math, formula, function, (, )	icon	icons				
park	图标 park；分类: nature, navigation, travel；tags: nature, green, trees, landscape, rest, walk, leisure, environment, tree, bench, outdoors, recreation	icon	icons				
parking-meter	图标 parking-meter；分类: transportation, navigation；tags: driving, car park, pay, sidewalk, pavement	icon	icons				
party-popper	图标 party-popper；分类: emoji；tags: emoji, congratulations, celebration, party, tada, 🎉, 🎊, excitement, exciting, excites, confetti	icon	icons				
pause	图标 pause；分类: multimedia；tags: music, stop	icon	icons				
paw-print	图标 paw-print；分类: animals；tags: pets, vets, veterinarian, domesticated, cat, dog, bear	icon	icons				
pc-case	图标 pc-case；分类: devices, gaming；tags: computer, chassis	icon	icons				
pen	图标 pen；分类: text, design, tools；tags: pencil, change, create, draw, writer, writing, biro, ink, marker, felt tip, stationery, artist	icon	icons				
pen-line	图标 pen-line；分类: text, design, tools；tags: pencil, change, create, draw, writer, writing, biro, ink, marker, felt tip, stationery, artist	icon	icons				
pen-off	图标 pen-off；分类: text, design, tools；tags: disabled, inactive, non-editable, locked, read-only, unmodifiable, frozen, restricted, pencil, change, create, draw, writer, writing, biro, ink, marker, felt tip, stationery, artist	icon	icons				
pen-tool	图标 pen-tool；分类: text, design, cursors；tags: vector, drawing, path	icon	icons		cursor		
pencil	图标 pencil；分类: design, cursors, tools, text；tags: rubber, edit, create, draw, sketch, draft, writer, writing, stationery, artist	icon	icons		cursor		
pencil-line	图标 pencil-line；分类: text, design, tools；tags: pencil, change, create, draw, sketch, draft, writer, writing, biro, ink, marker, felt tip, stationery, artist	icon	icons				
pencil-off	图标 pencil-off；分类: design, cursors, tools, text；tags: disabled, inactive, non-editable, locked, read-only, unmodifiable, frozen, restricted, rubber, edit, create, draw, sketch, draft, writer, writing, stationery, artist	icon	icons		cursor		
pencil-ruler	图标 pencil-ruler；分类: tools, design, layout, text；tags: edit, create, draw, sketch, draft, writer, writing, stationery, artist, measurements, centimeters, cm, millimeters, mm, metre, foot, feet, inches, units, size, length, width, height, dimensions, depth, breadth, extent	icon	icons				
pencil-sparkles	图标 pencil-sparkles；分类: design, cursors, tools, text, photography；tags: edit, ai, tools, smart, create, draw, sketch, draft, writer, writing, stationery, artist, magic, wizard, magician	icon	icons		cursor		
pentagon	图标 pentagon；分类: shapes；tags: shape	icon	icons				
percent	图标 percent；分类: math, development, finance, shopping；tags: percentage, modulo, modulus, remainder, %, sale, discount, offer, marketing	icon	icons				
person-standing	图标 person-standing；分类: accessibility, people；tags: people, human, accessibility, stick figure	icon	icons				
phi	图标 phi；分类: math, science；tags: math, golden-ratio, symbol, greek, letter, typography, constant, flux, magnetic-flux	icon	icons				
philippine-peso	图标 philippine-peso；分类: finance；tags: currency, peso, money, php	icon	icons				
phone	图标 phone；分类: text, connectivity, devices, communication；tags: call	icon	icons				
phone-call	图标 phone-call；分类: connectivity, devices, communication；tags: ring	icon	icons				
phone-forwarded	图标 phone-forwarded；分类: arrows, connectivity, devices, communication；tags: call	icon	icons				
phone-incoming	图标 phone-incoming；分类: arrows, connectivity, devices, communication；tags: call	icon	icons				
phone-missed	图标 phone-missed；分类: connectivity, devices, communication；tags: call	icon	icons				
phone-off	图标 phone-off；分类: connectivity, devices, communication；tags: call, mute	icon	icons				
phone-outgoing	图标 phone-outgoing；分类: arrows, connectivity, devices, communication；tags: call	icon	icons				
pi	图标 pi；分类: development, math；tags: constant, code, coding, programming, symbol, trigonometry, geometry, formula	icon	icons				
piano	图标 piano；分类: multimedia, devices；tags: music, audio, sound, noise, notes, chord, keys, octave, acoustic, instrument, play, pianist, performance, concert	icon	icons		sound		
pickaxe	图标 pickaxe；分类: tools, gaming；tags: mining, mine, land worker, extraction, labor, construction, progress, advancement, crafting, building, creation	icon	icons				
picture-in-picture	图标 picture-in-picture；分类: multimedia；tags: display, play, video, pop out, always on top, window, inset, multitask	icon	icons				
picture-in-picture-2	图标 picture-in-picture-2；分类: multimedia；tags: display, play, video, pop out, always on top, window, inset, multitask	icon	icons				
piggy-bank	图标 piggy-bank；分类: finance；tags: money, savings	icon	icons				
pilcrow	图标 pilcrow；分类: text；tags: paragraph, mark, paraph, blind, typography, type, text, prose, symbol	icon	icons				
pilcrow-left	图标 pilcrow-left；分类: text；tags: direction, paragraph, mark, paraph, blind, typography, type, text, prose, symbol	icon	icons				
pilcrow-right	图标 pilcrow-right；分类: text；tags: direction, paragraph, mark, paraph, blind, typography, type, text, prose, symbol	icon	icons				
pill	图标 pill；分类: medical；tags: medicine, medication, drug, prescription, tablet, pharmacy	icon	icons				
pill-bottle	图标 pill-bottle；分类: medical；tags: medicine, medication, prescription, drug, supplement, vitamin, capsule, jar, container, healthcare, pharmaceutical, tablet	icon	icons				
pin	图标 pin；分类: navigation, account；tags: save, map, lock, fix	icon	icons				
pin-off	图标 pin-off；分类: navigation；tags: unpin, map, unlock, unfix, unsave, remove	icon	icons				
pipette	图标 pipette；分类: text, design, science；tags: eye dropper, color picker, lab, chemistry	icon	icons				
pizza	图标 pizza；分类: food-beverage；tags: pie, quiche, food	icon	icons				
plane	图标 plane；分类: transportation, travel, navigation；tags: plane, trip, airplane	icon	icons				
plane-landing	图标 plane-landing；分类: transportation, travel；tags: arrival, plane, trip, airplane, landing	icon	icons				
plane-takeoff	图标 plane-takeoff；分类: transportation, travel；tags: departure, plane, trip, airplane, takeoff	icon	icons				
plant-pot	图标 plant-pot；分类: home, nature；tags: plant, leaf, nature, pot, houseplant, gardening, planter, decor, indoor	icon	icons				
play	图标 play；分类: arrows, multimedia；tags: music, audio, video, start, run	icon	icons				
play-off	图标 play-off；分类: multimedia；tags: audio, video, music, start, run, off, disabled, blocked, forbidden	icon	icons				
playing-card	图标 playing-card；分类: gaming, development；tags: deck, draw, deal, shuffle, chance, random, selection, tabletop, flashcard, study, learning, prompt, icebreaker, conversation, collectible, trading, poker, casino, game, gambling, suit	icon	icons				
playing-cards	图标 playing-cards；分类: gaming, development；tags: deck, stack, shuffle, deal, draw, hand, tabletop, planning poker, scrum, agile, estimation, estimate, flashcards, study, learning, collectible, collection, trading, poker, casino, game, gambling, suit	icon	icons				
playing-cards-fan	图标 playing-cards-fan；分类: gaming, development, social；tags: deck, fan, spread, hand, deal, dealt, draw, shuffle, tabletop, planning poker, scrum, agile, estimation, estimate, prompt, icebreaker, conversation, collectible, collection, trading, poker, casino, game, gambling, suit	icon	icons				
plug	图标 plug；分类: devices, development；tags: electricity, energy, electronics, socket, outlet, power, voltage, current, charger	icon	icons				
plug-2	图标 plug-2；分类: devices, development；tags: electricity, energy, socket, outlet	icon	icons				
plug-zap	图标 plug-zap；分类: devices；tags: electricity, energy, electronics, charge, charging, battery, connect	icon	icons				
plus	图标 plus；分类: math, tools, development, text, cursors, gaming；tags: add, new, increase, increment, positive, calculate, toolbar, crosshair, aim, target, scope, sight, reticule, maximum, upgrade, extra, +	icon	icons		cursor		
pocket-knife	图标 pocket-knife；分类: tools；tags: swiss army knife, penknife, multi-tool, multitask, blade, cutter, gadget, corkscrew	icon	icons				
podium	图标 podium；分类: sports, gaming；tags: award, stage, winner, celebration, performance, medal, success, achievement, highlight, ranking, winning, place, placing, leaderboard, first, second, third, gold, silver, bronze	icon	icons				
pointer	图标 pointer；分类: cursors；tags: mouse	icon	icons		cursor		
pointer-off	图标 pointer-off；分类: cursors；tags: mouse	icon	icons		cursor		
popcorn	图标 popcorn；分类: food-beverage, multimedia；tags: cinema, movies, films, salted, sweet, sugar, candy, snack	icon	icons				
popsicle	图标 popsicle；分类: food-beverage；tags: ice lolly, ice cream, sweet, food	icon	icons				
pound-sterling	图标 pound-sterling；分类: finance；tags: currency, money, payment	icon	icons				
power	图标 power；分类: connectivity；tags: on, off, device, switch, toggle, binary, boolean, reboot, restart, button, keyboard, troubleshoot	icon	icons		keyboard		
power-off	图标 power-off；分类: connectivity；tags: on, off, device, switch	icon	icons				
presentation	图标 presentation；分类: multimedia, photography, devices, communication, design；tags: screen, whiteboard, marker pens, markers, blackboard, chalk, easel, school, learning, lesson, office, meeting, project, planning	icon	icons				
printer	图标 printer；分类: devices；tags: fax, office, device	icon	icons				
printer-3d	图标 printer-3d；分类: devices, tools；tags: model, hardware, technology, device, factory, manufacturing, art, extruder, stl, obj, step, additive, fabrication, rapid prototype, layer, filament, nozzle, maker, machine	icon	icons	3d			
printer-check	图标 printer-check；分类: devices；tags: fax, office, device, success, printed	icon	icons				
printer-x	图标 printer-x；分类: devices；tags: fax, office, device, cross, cancel, remove, error	icon	icons				
projector	图标 projector；分类: multimedia, photography, devices, communication；tags: cinema, film, movie, home video, presentation, slideshow, office, meeting, project, planning	icon	icons				
proportions	图标 proportions；分类: layout, design, photography, devices；tags: screens, sizes, rotate, rotation, adjust, aspect ratio, 16:9, widescreen, 4:3, resolution, responsive, mobile, desktop, dimensions, monitor, orientation, portrait, landscape	icon	icons				
puzzle	图标 puzzle；分类: development, gaming；tags: component, module, part, piece	icon	icons				
pyramid	图标 pyramid；分类: shapes, math, travel；tags: prism, triangle, triangular, hierarchy, structure, geometry, ancient, egyptian, landmark, tourism	icon	icons				
qr-code	图标 qr-code；分类: development, social；tags: barcode, scan, link, url, information, digital	icon	icons				
quote	图标 quote；分类: text；tags: quotation	icon	icons				
rabbit	图标 rabbit；分类: animals；tags: animal, rodent, pet, pest, bunny, hare, fast, speed, hop	icon	icons				
radar	图标 radar；分类: navigation, security, communication；tags: scan, sonar, detect, find, locate	icon	icons				
radiation	图标 radiation；分类: science；tags: radioactive, nuclear, fallout, waste, atomic, physics, particle, element, molecule	icon	icons				
radical	图标 radical；分类: development, math；tags: calculate, formula, math, operator, root, square, symbol	icon	icons				
radio	图标 radio；分类: devices, multimedia, social；tags: signal, broadcast, connectivity, live, frequency	icon	icons				
radio-off	图标 radio-off；分类: devices, multimedia, social；tags: signal, broadcast, connectivity, live, frequency	icon	icons				
radio-receiver	图标 radio-receiver；分类: devices；tags: device, music, connect	icon	icons				
radio-tower	图标 radio-tower；分类: devices, multimedia, social；tags: signal, broadcast, connectivity, live, frequency	icon	icons				
radius	图标 radius；分类: shapes, math, design, tools；tags: shape, circle, geometry, trigonometry, radii, calculate, measure, size	icon	icons				
rainbow	图标 rainbow；分类: weather；tags: colors, colours, spectrum, light, prism, arc, clear, sunshine	icon	icons				
rat	图标 rat；分类: animals；tags: mouse, mice, gerbil, rodent, pet, pest, plague, disease	icon	icons				
ratio	图标 ratio；分类: layout, design, photography；tags: screens, sizes, rotate, rotation, adjust, aspect ratio, proportions, 16:9, widescreen, 4:3, resolution, responsive, mobile, desktop, dimensions, monitor, orientation, portrait, landscape	icon	icons				
receipt	图标 receipt；分类: finance, travel；tags: bill, voucher, slip, check, counterfoil, currency, dollar, usd, $	icon	icons				
receipt-cent	图标 receipt-cent；分类: finance, travel；tags: bill, voucher, slip, check, counterfoil, currency, cents, dollar, usd, $, ¢	icon	icons				
receipt-euro	图标 receipt-euro；分类: finance, travel；tags: bill, voucher, slip, check, counterfoil, currency, €	icon	icons				
receipt-indian-rupee	图标 receipt-indian-rupee；分类: finance, travel；tags: bill, voucher, slip, check, counterfoil, currency, inr, ₹	icon	icons				
receipt-japanese-yen	图标 receipt-japanese-yen；分类: finance, travel；tags: bill, voucher, slip, check, counterfoil, currency, jpy, ¥	icon	icons				
receipt-pound-sterling	图标 receipt-pound-sterling；分类: finance, travel；tags: bill, voucher, slip, check, counterfoil, british, currency, gbp, £	icon	icons				
receipt-russian-ruble	图标 receipt-russian-ruble；分类: finance, travel；tags: bill, voucher, slip, check, counterfoil, currency, rub, ₽	icon	icons				
receipt-swiss-franc	图标 receipt-swiss-franc；分类: finance, travel；tags: bill, voucher, slip, check, counterfoil, currency, chf, ₣	icon	icons				
receipt-text	图标 receipt-text；分类: finance, travel；tags: bill, voucher, slip, check, counterfoil, details, small print, terms, conditions, contract	icon	icons				
receipt-turkish-lira	图标 receipt-turkish-lira；分类: finance, travel；tags: bill, voucher, slip, check, counterfoil, currency, try, ₺	icon	icons				
rectangle-circle	图标 rectangle-circle；分类: development, text；tags: compose, keyboard, key, button	icon	icons		keyboard		
rectangle-ellipsis	图标 rectangle-ellipsis；分类: text, development；tags: login, password, authenticate, 2fa, field, fill, ellipsis, et cetera, etc, loader, loading, progress, pending, throbber, menu, options, operator, code, spread, rest, more, further, extra, overflow, dots, …, ...	icon	icons				
rectangle-goggles	图标 rectangle-goggles；分类: devices, gaming, multimedia, connectivity；tags: vr, virtual, augmented, reality, headset, goggles	icon	icons				
rectangle-horizontal	图标 rectangle-horizontal；分类: shapes, design；tags: rectangle, aspect ratio, 16:9, horizontal, shape	icon	icons				
rectangle-vertical	图标 rectangle-vertical；分类: shapes, design；tags: rectangle, aspect ratio, 9:16, vertical, shape	icon	icons				
recycle	图标 recycle；分类: sustainability；tags: sustainability, salvage, arrows	icon	icons				
redo	图标 redo；分类: text, arrows；tags: undo, rerun, history	icon	icons				
redo-2	图标 redo-2；分类: text, arrows；tags: undo, rerun, history	icon	icons				
redo-dot	图标 redo-dot；分类: text, arrows；tags: redo, history, step, over, forward	icon	icons				
refresh-ccw	图标 refresh-ccw；分类: arrows；tags: arrows, rotate, reload, rerun, synchronise, synchronize, circular, cycle	icon	icons				
refresh-ccw-dot	图标 refresh-ccw-dot；分类: arrows, development；tags: arrows, rotate, reload, synchronise, synchronize, circular, cycle, issue, code, coding, version control	icon	icons				
refresh-cw	图标 refresh-cw；分类: arrows；tags: rotate, reload, rerun, synchronise, synchronize, arrows, circular, cycle	icon	icons				
refresh-cw-off	图标 refresh-cw-off；分类: arrows；tags: rotate, reload, rerun, synchronise, synchronize, arrows, circular, cycle, cancel, no, stop, error, disconnect, ignore	icon	icons				
refrigerator	图标 refrigerator；分类: food-beverage, home；tags: frigerator, fridge, freezer, cooler, icebox, chiller, cold storage	icon	icons				
regex	图标 regex；分类: text, development；tags: search, text, code	icon	icons				
remove-formatting	图标 remove-formatting；分类: text；tags: text, font, typography, format, x, remove, delete, times, clear	icon	icons				
repeat	图标 repeat；分类: arrows, multimedia；tags: loop, arrows	icon	icons				
repeat-1	图标 repeat-1；分类: multimedia；tags: replay	icon	icons				
repeat-2	图标 repeat-2；分类: arrows, social, multimedia；tags: arrows, retweet, repost, share, repeat, loop	icon	icons				
repeat-off	图标 repeat-off；分类: arrows, multimedia；tags: loop, arrows, recurring, again	icon	icons				
replace	图标 replace；分类: text；tags: search, substitute, swap, change	icon	icons				
replace-all	图标 replace-all；分类: text；tags: search, substitute, swap, change	icon	icons				
reply	图标 reply；分类: mail；tags: email	icon	icons				
reply-all	图标 reply-all；分类: mail；tags: email	icon	icons				
rewind	图标 rewind；分类: arrows, multimedia；tags: music	icon	icons				
ribbon	图标 ribbon；分类: social, medical, emoji；tags: awareness, strip, band, tape, strap, cordon	icon	icons				
road	图标 road；分类: transportation；tags: road, street, highway, route, path, transport, traffic, drive, map	icon	icons				
robot-arm	图标 robot-arm；分类: science, tools；tags: mechanical, automation, factory, manufacture, technology, cyborg, industrial, hardware, machinery	icon	icons				
robot-vacuum	图标 robot-vacuum；分类: devices, home, tools；tags: appliance, cleaning, household, housekeeping, tool, maintenance, smarthome, sweeping, hygiene, chores, automation, smart home, device, floor, dust, debris, navigation, sensor	icon	icons				
rocket	图标 rocket；分类: gaming, development；tags: release, boost, launch, space, version	icon	icons				
rocking-chair	图标 rocking-chair；分类: home；tags: chair, furniture, seat, comfort, relax	icon	icons				
roller-coaster	图标 roller-coaster；分类: navigation；tags: attraction, entertainment, amusement park, theme park, funfair	icon	icons				
rose	图标 rose；分类: nature, seasons, sustainability, home, social；tags: roses, thorns, petals, plant, stem, leaves, spring, bloom, blossom, gardening, botanical, flora, florist, bouquet, bunch, gift, date, romance, romantic, valentines day, special occasion	icon	icons				
rotate-3d	图标 rotate-3d；分类: design；tags: gizmo, transform, orientation, orbit, axis	icon	icons	3d			
rotate-ccw	图标 rotate-ccw；分类: arrows, design, photography；tags: arrow, left, counter-clockwise, restart, reload, rerun, refresh, backup, undo, replay, redo, retry, rewind, reverse	icon	icons				
rotate-ccw-clock	图标 rotate-ccw-clock；分类: arrows, time；tags: history, time, redo, undo, rewind, timeline, version, time machine, backup, ccw	icon	icons				
rotate-ccw-key	图标 rotate-ccw-key；分类: security, account；tags: password, key, refresh, change	icon	icons				
rotate-ccw-square	图标 rotate-ccw-square；分类: layout, design, photography, tools, arrows；tags: left, counter-clockwise, rotate, image, 90, 45, degrees, °	icon	icons				
rotate-cw	图标 rotate-cw；分类: arrows, design, photography；tags: arrow, right, clockwise, refresh, reload, rerun, redo	icon	icons				
rotate-cw-clock	图标 rotate-cw-clock；分类: arrows, time；tags: modify, edit, refresh, sync, renew, revision, settings, adjust, upgrade, time, timeline, version, time machine, backup, clockwise, arrow, reload, rerun, synchronize, circular, cycle, update	icon	icons				
rotate-cw-fading-clock	图标 rotate-cw-fading-clock；分类: time；tags: clock, waiting, schedule, hourglass, loading, pause, pending, time, watch	icon	icons	glass			
rotate-cw-square	图标 rotate-cw-square；分类: layout, design, photography, tools, arrows；tags: right, clockwise, rotate, image, 90, 45, degrees, °	icon	icons				
route	图标 route；分类: navigation；tags: path, journey, planner, points, stops, stations	icon	icons				
route-off	图标 route-off；分类: navigation；tags: path, journey, planner, points, stops, stations, reset, clear, cancelled, closed, blocked	icon	icons				
router	图标 router；分类: development, devices, connectivity, home；tags: computer, server, cloud	icon	icons				
rows-2	图标 rows-2；分类: layout, design, text；tags: lines, list, queue, preview, panel, paragraphs, parallel, series, split, vertical, horizontal, half, center, middle, even, drawer	icon	icons				
rows-3	图标 rows-3；分类: layout, design, text；tags: lines, list, queue, preview, paragraphs, parallel, series, split, vertical, horizontal, half, center, middle, even, drawers	icon	icons				
rows-4	图标 rows-4；分类: layout, design, text；tags: lines, list, queue, preview, paragraphs, parallel, series, split, vertical, horizontal, half, center, middle, even, drawers, grill	icon	icons				
rss	图标 rss；分类: development, social；tags: feed, subscribe, news, updates, notifications, content, blog, articles, broadcast, syndication, reader, channels, posts, publishing, digest, alert, following, inbox, newsletter, weblog, podcast	icon	icons				
rugby-ball	图标 rugby-ball；分类: sports；tags: rugby, football, ball, goal, sport	icon	icons				
ruler	图标 ruler；分类: tools, design, layout；tags: measurements, centimeters, cm, millimeters, mm, metre, foot, feet, inches, units, size, length, width, height, dimensions, depth, breadth, extent, stationery	icon	icons				
ruler-dimension-line	图标 ruler-dimension-line；分类: tools, design, layout；tags: measurements, centimeters, cm, millimeters, mm, metre, foot, feet, inches, units, size, length, width, height, dimensions, depth, breadth, extent, stationery	icon	icons				
russian-ruble	图标 russian-ruble；分类: finance；tags: currency, money, payment	icon	icons				
sailboat	图标 sailboat；分类: transportation, travel；tags: ship, boat, harbor, harbour, dock	icon	icons				
salad	图标 salad；分类: food-beverage, emoji；tags: food, vegetarian, dish, restaurant, course, meal, side, vegetables, health	icon	icons				
sandwich	图标 sandwich；分类: food-beverage；tags: food, snack, dish, restaurant, lunch, meal	icon	icons				
satellite	图标 satellite；分类: connectivity, science；tags: space station, orbit, transmitter	icon	icons				
satellite-dish	图标 satellite-dish；分类: connectivity, devices, multimedia；tags: antenna, receiver, dish aerial, saucer, communication, broadcast, signal	icon	icons				
saudi-riyal	图标 saudi-riyal；分类: finance；tags: currency, money, payment	icon	icons				
save	图标 save；分类: text, files；tags: floppy disk	icon	icons				
save-all	图标 save-all；分类: text, files；tags: floppy disks, copy	icon	icons				
save-check	图标 save-check；分类: text, files, development；tags: save, save-check, floppy-disk, saved, check, save-success	icon	icons				
save-off	图标 save-off；分类: text, files；tags: floppy disk, unsalvageable	icon	icons				
save-pen	图标 save-pen；分类: text, files；tags: floppy disk, directory, rename	icon	icons				
save-plus	图标 save-plus；分类: text, files；tags: floppy disk, save, plus, add, update, create	icon	icons				
scale	图标 scale；分类: navigation, science, finance；tags: balance, legal, license, right, rule, law, justice, weight, measure, compare, judge, fair, ethics, decision	icon	icons				
scale-3d	图标 scale-3d；分类: design；tags: gizmo, transform, size, axis	icon	icons	3d			
scaling	图标 scaling；分类: design；tags: scale, resize, design	icon	icons				
scan	图标 scan；分类: devices, shopping, security, social, gaming；tags: qr-code, barcode, checkout, augmented reality, ar, target, surveillance, camera, lens, focus, frame, select, box, boundary, bounds, area, square, dashed	icon	icons				
scan-barcode	图标 scan-barcode；分类: shopping, devices；tags: checkout, till, cart, transaction, purchase, buy, product, packaging, retail, consumer	icon	icons				
scan-box	图标 scan-box；分类: design, devices, shopping, gaming；tags: ar, augmented reality, 3d, object detection, object recognition, tracking, spatial computing, capture, cube, bounding box, camera, frame, shape, boundary, lidar, depth, scanning, mapping, placement	icon	icons	3d			
scan-eye	图标 scan-eye；分类: photography, multimedia, accessibility, security, devices, account；tags: preview, zoom, expand, fullscreen, gallery, image, camera, watch, surveillance, retina, focus, lens, biometric, identification, authentication, access, login	icon	icons				
scan-face	图标 scan-face；分类: account, security, devices, social；tags: face, biometric, identification, authentication, 2fa, access, login, dashed	icon	icons				
scan-heart	图标 scan-heart；分类: medical；tags: health, heart rate, pulse, monitoring, healthiness, screening, dashed	icon	icons				
scan-line	图标 scan-line；分类: devices, shopping；tags: checkout, till, cart, transaction, purchase, buy, product, packaging, retail, consumer, qr-code, dashed	icon	icons				
scan-qr-code	图标 scan-qr-code；分类: account, shopping, devices, security；tags: barcode, scan, qrcode, url, information, digital, scanner	icon	icons				
scan-search	图标 scan-search；分类: photography, multimedia, accessibility；tags: preview, zoom, expand, fullscreen, gallery, image, focus, lens	icon	icons				
scan-square	图标 scan-square；分类: photography, design, development；tags: scan, square, detect, recognition, select, frame, object, viewfinder, capture, shape, boundary, camera, scanner, overlay, focus, crop, marker	icon	icons				
scan-text	图标 scan-text；分类: text, devices；tags: recognition, read, translate, copy, lines	icon	icons				
school	图标 school；分类: buildings, navigation；tags: building, education, childhood, university, learning, campus, scholar, student, lecture, degree, course, academia, study, knowledge, classroom, research, diploma, graduation, professor, tutorial, homework, assignment, exam	icon	icons				
scissors	图标 scissors；分类: text, design, tools；tags: cut, snip, chop, stationery, crafts	icon	icons				
scissors-line-dashed	图标 scissors-line-dashed；分类: design, tools；tags: cut here, along, snip, chop, stationery, crafts, instructions, diagram	icon	icons				
scooter	图标 scooter；分类: transportation；tags: vehicle, drive, trip, journey, transport, electric, ride, urban, commute, speed	icon	icons				
screen-share	图标 screen-share；分类: connectivity, devices, communication；tags: host, desktop, monitor	icon	icons				
screen-share-off	图标 screen-share-off；分类: connectivity, devices, communication；tags: desktop, disconnect, monitor	icon	icons				
scroll	图标 scroll；分类: gaming, development, text；tags: paper, log, scripture, document, notes, parchment, list, long, script, story, code, coding	icon	icons		scroll		
scroll-text	图标 scroll-text；分类: gaming, development, text；tags: paper, log, scripture, document, notes, parchment, list, long, script, story, code, coding	icon	icons		scroll		
search	图标 search；分类: text, social；tags: find, scan, magnifier, magnifying glass, lens, locate, explore, discover, enlarge, zoom	icon	icons	glass			
search-alert	图标 search-alert；分类: text, social；tags: find, scan, magnifier, magnifying glass, stop, warning, alert, error, anomaly, lens, locate, explore, discover, enlarge, zoom	icon	icons	glass			
search-check	图标 search-check；分类: text, social；tags: find, scan, magnifier, magnifying glass, found, correct, complete, tick, lens, locate, explore, discover, enlarge, zoom	icon	icons	glass			
search-code	图标 search-code；分类: text, social, development；tags: find, scan, magnifier, magnifying glass, grep, chevrons, <>, lens, locate, explore, discover, enlarge, zoom	icon	icons	glass			
search-slash	图标 search-slash；分类: text, social；tags: find, scan, magnifier, magnifying glass, stop, clear, cancel, abort, /, lens, locate, explore, discover, enlarge, zoom	icon	icons	glass			
search-x	图标 search-x；分类: text, social；tags: find, scan, magnifier, magnifying glass, stop, clear, cancel, abort, lens, locate, explore, discover, enlarge, zoom	icon	icons	glass			
section	图标 section；分类: text；tags: mark, typography, punctuation, legal, type, text, prose, symbol	icon	icons				
send	图标 send；分类: mail, communication, connectivity；tags: email, message, mail, paper airplane, paper aeroplane, submit	icon	icons				
send-horizontal	图标 send-horizontal；分类: mail, communication, connectivity；tags: email, message, mail, paper airplane, paper aeroplane, submit	icon	icons				
send-to-back	图标 send-to-back；分类: design, layout；tags: bring, send, move, under, back, backwards, overlap, layer, order	icon	icons				
separator-horizontal	图标 separator-horizontal；分类: text, arrows, layout；tags: move, split	icon	icons				
separator-vertical	图标 separator-vertical；分类: text, arrows, layout；tags: move, split	icon	icons				
server	图标 server；分类: development, devices；tags: cloud, storage	icon	icons				
server-cog	图标 server-cog；分类: development, devices；tags: cloud, storage, computing, cog, gear	icon	icons				
server-crash	图标 server-crash；分类: development, devices；tags: cloud, storage, problem, error	icon	icons				
server-off	图标 server-off；分类: development, devices；tags: cloud, storage	icon	icons				
server-plus	图标 server-plus；分类: development, devices；tags: add, create, new, cloud, storage, computing	icon	icons				
settings	图标 settings；分类: account；tags: cog, edit, gear, preferences	icon	icons				
settings-2	图标 settings-2；分类: account；tags: cog, edit, gear, preferences, slider	icon	icons				
shapes	图标 shapes；分类: shapes, gaming；tags: triangle, equilateral, square, circle, classification, different, collection, toy, blocks, learning	icon	icons				
share	图标 share；分类: account, social；tags: network, connections	icon	icons				
share-2	图标 share-2；分类: account, social；tags: network, connections	icon	icons				
sheet	图标 sheet；分类: text, files；tags: spreadsheets, table, excel	icon	icons				
shell	图标 shell；分类: animals, development, nature, science, travel, food-beverage, home；tags: beach, sand, holiday, sealife, fossil, ammonite, biology, ocean, terminal, command line, session, bash, zsh, roll, wrap, chewing gum, bubble gum, sweet, sugar, hosepipe, carpet, string, spiral, spinner, hypnotise, hypnosis	icon	icons				
shelving-unit	图标 shelving-unit；分类: home；tags: ledge, rack, storage, inventory, furniture, sill, shelves, shelf, organize, display, store, arrange, unit, cabinet, fixture, retail, warehouse	icon	icons				
shield	图标 shield；分类: account, security, development, gaming, shapes；tags: cybersecurity, secure, safety, protection, guardian, armored, armoured, defense, defence, defender, block, threat, prevention, antivirus, vigilance, vigilant, detection, scan, find, strength, strong, tough, invincible, invincibility, invulnerable, undamaged, audit, admin, verification, crest, bravery, knight, foot soldier, infantry, trooper, pawn, battle, war, military, army, cadet, scout	icon	icons				
shield-alert	图标 shield-alert；分类: account, security, development, notifications, gaming；tags: unshielded, cybersecurity, insecure, unsecured, safety, unsafe, protection, unprotected, guardian, unguarded, unarmored, unarmoured, defenseless, defenceless, undefended, defender, blocked, stopped, intercepted, interception, saved, thwarted, threat, prevention, unprevented, antivirus, vigilance, vigilant, detection, detected, scanned, found, exploit, vulnerability, vulnerable, weakness, infection, infected, compromised, data leak, audited, admin, verification, unverified, uncertified, warning, emergency, attention, urgent, alarm, crest, bravery, strength, tough, attacked, damaged, injured, hit, expired, disabled, inactive, error, exclamation mark, !	icon	icons				
shield-ban	图标 shield-ban；分类: account, security, development, gaming；tags: unshielded, cybersecurity, insecure, unsecured, safety, unsafe, protection, unprotected, guardian, unguarded, unarmored, unarmoured, defenseless, defenceless, undefended, defender, blocked, stopped, intercepted, interception, saved, thwarted, threat, prevention, unprevented, antivirus, vigilance, vigilant, detection, detected, scanned, found, exploit, vulnerability, vulnerable, weakness, infection, infected, compromised, data leak, audited, admin, verification, unverified, uncertified, cancel, error, crest, bravery, attacked, damaged, injured, hit, expired, eliminated, disabled, inactive, /	icon	icons				
shield-check	图标 shield-check；分类: account, security, development, gaming；tags: cybersecurity, secured, safety, protection, protected, guardian, guarded, armored, armoured, defense, defence, defended, blocked, threat, prevention, prevented, antivirus, vigilance, vigilant, active, activated, enabled, detection, scanned, found, strength, strong, tough, invincible, invincibility, invulnerable, undamaged, audited, admin, verification, verified, certification, certified, tested, passed, qualified, cleared, cleaned, disinfected, uninfected, task, completed, todo, done, ticked, checked, crest, bravery	icon	icons				
shield-cog	图标 shield-cog；分类: account, security, development, gaming, shapes；tags: cybersecurity, secure, safety, protection, guardian, armored, armoured, defense, defence, defender, block, threat, prevention, antivirus, vigilance, vigilant, detection, scan, find, strength, strong, tough, invincible, invincibility, invulnerable, undamaged, audit, admin, verification, crest, bravery, knight, foot soldier, infantry, trooper, pawn, battle, war, military, army, cadet, scout	icon	icons				
shield-cog-corner	图标 shield-cog-corner；分类: account, security, development, gaming, shapes；tags: cybersecurity, secure, safety, protection, guardian, armored, armoured, defense, defence, defender, block, threat, prevention, antivirus, vigilance, vigilant, detection, scan, find, strength, strong, tough, invincible, invincibility, invulnerable, undamaged, audit, admin, verification, crest, shieldcog, bravery, knight, foot soldier, infantry, trooper, pawn, battle, war, military, army, cadet, scout	icon	icons				
shield-ellipsis	图标 shield-ellipsis；分类: account, security, development, gaming；tags: cybersecurity, securing, protecting, guarding, armoring, armouring, defending, blocking, preventing, antivirus, detecting, scanning, finding, auditing, admin, verifying, crest, upgrading, loader, loading, throbber, progress, dots, more, etc, ..., …	icon	icons				
shield-half	图标 shield-half；分类: account, security, development, gaming；tags: cybersecurity, secure, safety, protection, guardian, armored, armoured, defense, defence, defender, block, threat, prevention, antivirus, vigilance, vigilant, detection, scan, strength, strong, tough, invincible, invincibility, invulnerable, undamaged, audit, admin, verification, crest, logo, sigil, flag, team, faction, fraternity, university, college, academy, school, education, uniform, bravery, knight, foot soldier, infantry, trooper, pawn, battle, war, military, ranking, army, cadet, scout	icon	icons				
shield-keyhole	图标 shield-keyhole；分类: account, security, development, files；tags: cybersecurity, secure, safety, protection, defense, defence, defender, block, threat, prevention, antivirus, vigilance, vigilant, detection, scan, find, strength, strong, tough, invincible, invincibility, invulnerable, undamaged, audit, admin, verification, crest, bravery, trooper, pawn	icon	icons				
shield-lock	图标 shield-lock；分类: security；tags: antivirus, authentication, authorization, credentials, cybersecurity, data protection, defense, encryption, guard, login, password, privacy, safeguard, ssl, tls, two-factor authentication, verification, vpn	icon	icons				
shield-minus	图标 shield-minus；分类: account, security, development, gaming；tags: unshield, cybersecurity, unsecure, unguard, unblock, antivirus, clean, clear, disinfect, patch, fix, stop, cancel, remove, relax, admin, crest, bravery, weakened, damaged, hit, unarm, disable, deactivate, decommission, downgraded, minimum, -	icon	icons				
shield-off	图标 shield-off；分类: account, security, development, gaming；tags: unshielded, cybersecurity, insecure, unsecured, safety, unsafe, protection, unprotected, guardian, unguarded, unarmored, unarmoured, defenseless, defenceless, undefended, defender, interception, threat, prevention, unprevented, antivirus, detection, undetected, exploit, vulnerability, vulnerable, weakness, infected, infection, compromised, data leak, unaudited, admin, verification, unverified, inactive, cancelled, error, crest, bravery, damaged, injured, hit, expired, eliminated	icon	icons				
shield-plus	图标 shield-plus；分类: account, security, development, gaming, medical；tags: cybersecurity, secure, safety, protection, guardian, armored, armoured, defense, defence, defender, block, threat, prevention, antivirus, vigilance, vigilant, detection, scan, strength, strong, tough, invincible, invincibility, invulnerable, undamaged, extra, added, professional, enterprise, full, maximum, upgraded, ultra, activate, enable, audit, admin, verification, crest, medic, +	icon	icons				
shield-question-mark	图标 shield-question-mark；分类: account, security, development, gaming；tags: unshielded, cybersecurity, insecure, unsecured, safety, unsafe, protection, unprotected, guardian, unguarded, unarmored, unarmoured, defenseless, defenceless, undefended, defender, threat, prevention, unprevented, antivirus, vigilance, vigilant, detection, undetected, scan, find, exploit, vulnerability, vulnerable, weakness, infection, compromised, data leak, audit, admin, verification, unverified, uncertified, uncertain, unknown, inactive, crest, question mark, ?	icon	icons				
shield-user	图标 shield-user；分类: account, security, development；tags: shield, user, admin, protection, protected, safety, guard	icon	icons				
shield-x	图标 shield-x；分类: account, security, development, gaming；tags: unshielded, cybersecurity, insecure, unsecured, safety, unsafe, protection, unprotected, guardian, unguarded, unarmored, unarmoured, defenseless, defenceless, undefended, defender, blocked, stopped, intercepted, interception, saved, thwarted, threat, prevention, prevented, antivirus, vigilance, vigilant, detection, detected, scanned, found, exploit, vulnerability, vulnerable, weakness, infection, infected, compromised, data leak, audited, admin, verification, unverified, inactive, cancel, error, wrong, false, crest, bravery, attacked, damaged, injured, hit, dead, deceased, expired, eliminated, exterminated	icon	icons				
ship	图标 ship；分类: transportation, navigation, travel；tags: boat, knots, nautical mile, maritime, sailing, yacht, cruise, ocean liner, tanker, vessel, navy, trip, releases	icon	icons				
ship-cargo	图标 ship-cargo；分类: transportation, navigation, travel；tags: boat, knots, nautical mile, maritime, sailing, cruise, ocean liner, tanker, vessel, navy, cargo, container, freighter, freight, shipping, port, harbor, dock, logistics, import, export	icon	icons				
ship-wheel	图标 ship-wheel；分类: transportation, navigation, travel；tags: steering, rudder, boat, knots, nautical mile, maritime, sailing, yacht, cruise, ocean liner, tanker, vessel, navy, trip	icon	icons				
shirt	图标 shirt；分类: shopping；tags: t-shirt, shopping, store, clothing, clothes	icon	icons				
shopping-bag	图标 shopping-bag；分类: shopping；tags: ecommerce, cart, purchase, store	icon	icons				
shopping-basket	图标 shopping-basket；分类: shopping；tags: cart, e-commerce, store, purchase, products, items, ingredients	icon	icons				
shopping-cart	图标 shopping-cart；分类: shopping；tags: trolley, cart, basket, e-commerce, store, purchase, products, items, ingredients	icon	icons				
shopping-cart-minus	图标 shopping-cart-minus；分类: shopping；tags: trolley, cart, basket, e-commerce, ecommerce, store, purchase, products, items, checkout, order, retail, remove, decrease, quantity, subtract	icon	icons				
shopping-cart-plus	图标 shopping-cart-plus；分类: shopping；tags: trolley, cart, basket, e-commerce, ecommerce, store, purchase, products, items, checkout, order, retail, add, increase, quantity, buy	icon	icons				
shovel	图标 shovel；分类: nature, tools, gaming；tags: dig, spade, treasure	icon	icons				
shower-head	图标 shower-head；分类: home, travel；tags: shower, bath, bathroom, amenities, services	icon	icons				
shredder	图标 shredder；分类: mail, files；tags: file, paper, tear, cut, delete, destroy, remove, erase, document, destruction, secure, security, confidential, data, trash, dispose, disposal, information, waste, permanent	icon	icons				
shrimp	图标 shrimp；分类: animals, food-beverage；tags: seafood, shellfish, crustacean, prawn, scallop, whelk, arthropod, littleneck, quahog, marine, creature, fisherman, ocean, fresh, cuisine, marine-life	icon	icons				
shrimp-off	图标 shrimp-off；分类: animals, food-beverage；tags: marine, creature, fisherman, ocean, fresh, cuisine, marine-life, seafood, shellfish, crustacean, prawn, scallop, whelk, arthropod, littleneck, quahog, allergy, intolerance, diet	icon	icons				
shrink	图标 shrink；分类: layout, arrows；tags: scale, fullscreen	icon	icons				
shrub	图标 shrub；分类: nature；tags: forest, undergrowth, park, nature	icon	icons				
shuffle	图标 shuffle；分类: multimedia, arrows；tags: music, random, reorder	icon	icons				
sigma	图标 sigma；分类: text, math, science；tags: sum, calculate, formula, math, enumeration, enumerate	icon	icons				
signal	图标 signal；分类: connectivity；tags: connection, wireless, gsm, phone, 2g, 3g, 4g, 5g	icon	icons				
signal-high	图标 signal-high；分类: connectivity；tags: connection, wireless, gsm, phone, 2g, 3g, 4g, 5g	icon	icons				
signal-low	图标 signal-low；分类: connectivity；tags: connection, wireless, gsm, phone, 2g, 3g, 4g, 5g	icon	icons				
signal-medium	图标 signal-medium；分类: connectivity；tags: connection, wireless, gsm, phone, 2g, 3g, 4g, 5g	icon	icons				
signal-zero	图标 signal-zero；分类: connectivity；tags: connection, wireless, gsm, phone, 2g, 3g, 4g, 5g, lost	icon	icons				
signature	图标 signature；分类: text；tags: text, format, input, contract, autograph, handwriting, sign, cursive, ink, scribble, authorize, personal, agreement, legal, document, identity, authentic, approval, verification, unique	icon	icons				
signpost	图标 signpost；分类: arrows, navigation, development, gaming；tags: navigation, direction, arrow, wayfinding, guide, location, pointer, route, indicator, marker, bidirectional, left, right, east, west	icon	icons				
signpost-big	图标 signpost-big；分类: arrows, navigation, development, gaming；tags: bidirectional, left, right, east, west	icon	icons				
siren	图标 siren；分类: medical；tags: police, ambulance, emergency, security, alert, alarm, light	icon	icons				
skip-back	图标 skip-back；分类: multimedia, arrows；tags: arrow, previous, music	icon	icons				
skip-forward	图标 skip-forward；分类: multimedia, arrows；tags: arrow, skip, next, music	icon	icons				
skull	图标 skull；分类: gaming；tags: death, danger, bone	icon	icons				
slash	图标 slash；分类: development, math；tags: divide, division, or, /	icon	icons				
slice	图标 slice；分类: design；tags: cutter, scalpel, knife	icon	icons				
sliders-horizontal	图标 sliders-horizontal；分类: account；tags: settings, filters, controls	icon	icons				
sliders-vertical	图标 sliders-vertical；分类: account；tags: settings, controls	icon	icons				
smartphone	图标 smartphone；分类: connectivity, devices；tags: phone, cellphone, device, mobile, screen, display, touchscreen, portable, responsive	icon	icons				
smartphone-charging	图标 smartphone-charging；分类: connectivity, devices；tags: phone, cellphone, device, power, screen	icon	icons				
smartphone-nfc	图标 smartphone-nfc；分类: communication, finance, devices；tags: contactless, payment, near-field communication, screen	icon	icons				
snail	图标 snail；分类: animals, food-beverage；tags: animal, insect, slow, speed, delicacy, spiral	icon	icons				
snowflake	图标 snowflake；分类: weather, seasons；tags: cold, weather, freeze, snow, winter	icon	icons				
soap-dispenser-droplet	图标 soap-dispenser-droplet；分类: home, travel；tags: wash, bath, water, liquid, fluid, wet, moisture, damp, bead, globule	icon	icons				
sofa	图标 sofa；分类: home；tags: armchair, furniture, leisure, lounge, loveseat, couch	icon	icons				
solar-panel	图标 solar-panel；分类: home, science, sustainability, weather；tags: solar panel, solar, panel, sun, energy, electricity, light	icon	icons				
soup	图标 soup；分类: food-beverage；tags: food, dish, restaurant, course, meal, bowl, starter	icon	icons				
space	图标 space；分类: text；tags: text, selection, letters, characters, font, typography	icon	icons				
spade	图标 spade；分类: shapes, gaming；tags: shape, suit, playing, cards	icon	icons				
sparkle	图标 sparkle；分类: shapes；tags: star, effect, filter, night, magic, shiny, glitter, twinkle, celebration	icon	icons				
sparkles	图标 sparkles；分类: cursors, multimedia, gaming, weather；tags: stars, effect, filter, night, magic	icon	icons		cursor		
speaker	图标 speaker；分类: multimedia, devices；tags: sound, audio, music, tweeter, subwoofer, bass, production, producer, dj	icon	icons		sound		
speech	图标 speech；分类: accessibility, communication；tags: disability, disabled, dda, human, accessibility, people, sound	icon	icons		sound		
spell-check	图标 spell-check；分类: text, development；tags: spelling, error, mistake, oversight, typo, correction, code, linter, a	icon	icons				
spell-check-2	图标 spell-check-2；分类: text, development；tags: spelling, error, mistake, oversight, typo, correction, code, linter, a	icon	icons				
spline	图标 spline；分类: design；tags: path, pen, tool, shape, curve, draw	icon	icons				
spline-pointer	图标 spline-pointer；分类: arrows, cursors, design, tools；tags: path, tool, curve, node, click, pointer, target, vector	icon	icons		cursor		
split	图标 split；分类: development, arrows；tags: break, disband, divide, separate, branch, disunite	icon	icons				
spool	图标 spool；分类: communication, tools, social；tags: bobbin, spindle, yarn, thread, string, sewing, needlework	icon	icons				
sport-shoe	图标 sport-shoe；分类: sports；tags: footwear, sports, running, athletic, shoe, sneaker, training, exercise, fitness	icon	icons				
spotlight	图标 spotlight；分类: devices, photography, multimedia, communication；tags: winner, soapbox, stage, entertainment, drama, podium, actor, actress, singer, light, beam, play, theatre, show, focus, concert, performance, lens, leaderboard, followspot, best, highlight	icon	icons				
spray-can	图标 spray-can；分类: design, tools；tags: paint, color, graffiti, decoration, aerosol, deodorant, shaving foam, air freshener	icon	icons				
sprout	图标 sprout；分类: nature, gaming, sustainability；tags: eco, green, growth, leaf, nature, plant, seed, spring, sustainability	icon	icons				
square	图标 square；分类: shapes, multimedia；tags: stop, playback, music, audio, video, rectangle, aspect ratio, 1:1, shape	icon	icons				
square-activity	图标 square-activity；分类: medical, social, science, multimedia；tags: pulse, action, motion, movement, exercise, fitness, healthcare, heart rate monitor, vital signs, vitals, emergency room, er, intensive care, hospital, defibrillator, earthquake, seismic, magnitude, richter scale, aftershock, tremor, shockwave, audio, waveform, synthesizer, synthesiser, music	icon	icons				
square-arrow-down	图标 square-arrow-down；分类: arrows, gaming；tags: backwards, reverse, direction, south, sign, keyboard, button	icon	icons		keyboard		
square-arrow-down-left	图标 square-arrow-down-left；分类: arrows, gaming；tags: direction, south-west, diagonal, sign, turn, keyboard, button	icon	icons		keyboard		
square-arrow-down-right	图标 square-arrow-down-right；分类: arrows, gaming；tags: direction, south-east, diagonal, sign, turn, keyboard, button	icon	icons		keyboard		
square-arrow-left	图标 square-arrow-left；分类: arrows；tags: previous, back, direction, west, sign, keyboard, button, <-	icon	icons		keyboard		
square-arrow-out-down-left	图标 square-arrow-out-down-left；分类: arrows；tags: outwards, direction, south-west, diagonal	icon	icons				
square-arrow-out-down-right	图标 square-arrow-out-down-right；分类: arrows；tags: outwards, direction, south-east, diagonal	icon	icons				
square-arrow-out-up-left	图标 square-arrow-out-up-left；分类: arrows；tags: outwards, direction, north-west, diagonal	icon	icons				
square-arrow-out-up-right	图标 square-arrow-out-up-right；分类: arrows, social；tags: outwards, direction, north-east, diagonal, share, open, external, link	icon	icons				
square-arrow-right	图标 square-arrow-right；分类: arrows；tags: next, forward, direction, west, sign, keyboard, button, ->	icon	icons		keyboard		
square-arrow-right-enter	图标 square-arrow-right-enter；分类: arrows, shapes, layout, multimedia；tags: left, in, inside, input, insert, source, import, place, ->	icon	icons				
square-arrow-right-exit	图标 square-arrow-right-exit；分类: arrows, shapes, layout, multimedia；tags: out, outside, output, export, ->	icon	icons				
square-arrow-up	图标 square-arrow-up；分类: arrows；tags: forward, direction, north, sign, keyboard, button	icon	icons		keyboard		
square-arrow-up-left	图标 square-arrow-up-left；分类: arrows；tags: direction, north-west, diagonal, sign, keyboard, button	icon	icons		keyboard		
square-arrow-up-right	图标 square-arrow-up-right；分类: arrows, social；tags: direction, north-east, diagonal, sign, keyboard, button, share	icon	icons		keyboard		
square-asterisk	图标 square-asterisk；分类: text, security, math, development；tags: password, secret, access, key, multiply, multiplication, glob pattern, wildcard, *	icon	icons				
square-bookmark	图标 square-bookmark；分类: photography, multimedia；tags: photo, book	icon	icons				
square-bottom-dashed-scissors	图标 square-bottom-dashed-scissors；分类: text, design, tools, files, development；tags: cut, snippet, chop, stationery, crafts	icon	icons				
square-centerline-dashed-horizontal	图标 square-centerline-dashed-horizontal；分类: design, photography；tags: reflect, mirror, alignment, dashed	icon	icons				
square-centerline-dashed-vertical	图标 square-centerline-dashed-vertical；分类: design, photography；tags: reflect, mirror, alignment, dashed	icon	icons				
square-chart-gantt	图标 square-chart-gantt；分类: charts, time, development, design；tags: projects, manage, overview, roadmap, plan, intentions, timeline, deadline, date, event, range, period, productivity, work, agile, code, coding, toolbar, button	icon	icons				
square-check	图标 square-check；分类: notifications；tags: done, todo, tick, complete, task	icon	icons				
square-check-big	图标 square-check-big；分类: notifications；tags: done, todo, tick, complete, task	icon	icons				
square-chevron-down	图标 square-chevron-down；分类: arrows, navigation；tags: back, menu, panel	icon	icons				
square-chevron-left	图标 square-chevron-left；分类: arrows, navigation；tags: back, previous, less than, fewer, menu, panel, button, keyboard, <	icon	icons		keyboard		
square-chevron-right	图标 square-chevron-right；分类: arrows, navigation, development；tags: forward, next, more than, greater, menu, panel, code, coding, command line, terminal, prompt, shell, console, >	icon	icons				
square-chevron-up	图标 square-chevron-up；分类: arrows, navigation, math；tags: caret, keyboard, button, mac, control, ctrl, superscript, exponential, power, ahead, menu, panel, ^	icon	icons		keyboard		
square-code	图标 square-code；分类: text, development；tags: gist, source, programming, html, xml, coding	icon	icons				
square-dashed	图标 square-dashed；分类: text, design；tags: selection, square, rectangular, marquee, tool, dashed, box	icon	icons				
square-dashed-bottom	图标 square-dashed-bottom；分类: development, files；tags: rectangle, aspect ratio, 1:1, shape, snippet, code, coding	icon	icons				
square-dashed-bottom-code	图标 square-dashed-bottom-code；分类: development, files；tags: rectangle, aspect ratio, 1:1, shape, snippet, code, coding	icon	icons				
square-dashed-kanban	图标 square-dashed-kanban；分类: charts, development, design；tags: projects, manage, overview, board, tickets, issues, roadmap, plan, intentions, productivity, work, agile, draft, template, boilerplate, code, coding	icon	icons				
square-dashed-mouse-pointer	图标 square-dashed-mouse-pointer；分类: arrows, cursors, development, tools；tags: inspector, element, mouse, click, pointer, box, browser, selector, target, dom, node	icon	icons		cursor		
square-dashed-plus	图标 square-dashed-plus；分类: design, layout, shapes；tags: selection, select, add, new, placeholder, marquee, box, dashed, plus, insert, frame, empty	icon	icons				
square-dashed-text	图标 square-dashed-text；分类: text, cursors；tags: find, search, selection, dashed	icon	icons		cursor		
square-dashed-top-solid	图标 square-dashed-top-solid；分类: design, development, layout；tags: square, border, width, layout, style, design, rectangular, marquee, dashed, box, rectangle, aspect ratio, 1:1	icon	icons				
square-dashed-x	图标 square-dashed-x；分类: design, development, layout；tags: deselect, unselect, delete, select, selection, border, width, layout, style, design, rectangular, marquee, box, rectangle, aspect ratio, 1:1	icon	icons				
square-dashed-x-corner	图标 square-dashed-x-corner；分类: design, development, layout；tags: deselect, unselect, delete, select, selection, border, width, layout, style, design, rectangular, marquee, box, rectangle, aspect ratio, 1:1	icon	icons				
square-dimensions	图标 square-dimensions；分类: design, layout；tags: ratio, size, width, height, resize, scale, frame, proportions, aspect, bounds, measurements, canvas	icon	icons	canvas			
square-divide	图标 square-divide；分类: math；tags: calculate, math, ÷, /	icon	icons				
square-dot	图标 square-dot；分类: development；tags: git, diff, modified, .	icon	icons				
square-equal	图标 square-equal；分类: math；tags: calculate, =	icon	icons				
square-exclamation-point	图标 square-exclamation-point；分类: notifications, shapes；tags: warning, alert, danger, exclamation mark, rectangle, square, notification, attention, important, caution	icon	icons				
square-function	图标 square-function；分类: development, math；tags: programming, code, automation, math	icon	icons				
square-kanban	图标 square-kanban；分类: charts, development, design；tags: projects, manage, overview, board, tickets, issues, roadmap, plan, intentions, productivity, work, agile, code, coding, toolbar, button	icon	icons				
square-library	图标 square-library；分类: text, photography, multimedia, navigation, development；tags: books, reading, written, authors, stories, fiction, novels, information, knowledge, education, high school, university, college, academy, learning, study, research, collection, vinyl, records, albums, music, package	icon	icons				
square-m	图标 square-m；分类: transportation, navigation；tags: metro, subway, underground, track, line	icon	icons				
square-menu	图标 square-menu；分类: layout；tags: bars, navigation, hamburger, options, menu bar, panel	icon	icons				
square-minus	图标 square-minus；分类: math, development, text, tools, devices；tags: subtract, remove, decrease, reduce, calculator, button, keyboard, line, divider, separator, horizontal rule, hr, html, markup, markdown, ---, toolbar, operator, code, coding, minimum, downgrade	icon	icons		keyboard		
square-mouse-pointer	图标 square-mouse-pointer；分类: arrows, cursors, development, tools；tags: inspector, element, mouse, click, pointer, box, browser, selector, target, dom, node	icon	icons		cursor		
square-off	图标 square-off；分类: shapes, design；tags: /, not, slash, off, disabled, inactive, cancel, none, block, forbidden, unavailable, stopped, checkbox, unchecked, toggle, negation, form, ui	icon	icons				
square-parking	图标 square-parking；分类: transportation, navigation；tags: parking lot, car park	icon	icons				
square-parking-off	图标 square-parking-off；分类: transportation, navigation；tags: parking lot, car park, no parking	icon	icons				
square-pause	图标 square-pause；分类: multimedia；tags: music, audio, stop	icon	icons				
square-pen	图标 square-pen；分类: text；tags: pencil, edit, change, create, draw, sketch, draft, writer, writing, biro, ink, marker, felt tip, stationery, artist	icon	icons				
square-percent	图标 square-percent；分类: social, finance, shopping, math；tags: verified, unverified, sale, discount, offer, marketing, sticker, price tag	icon	icons				
square-pi	图标 square-pi；分类: development, math；tags: constant, code, coding, programming, symbol, trigonometry, geometry, formula	icon	icons				
square-pilcrow	图标 square-pilcrow；分类: text；tags: paragraph, mark, paraph, blind, typography, type, text, prose, symbol	icon	icons				
square-play	图标 square-play；分类: arrows, multimedia；tags: music, audio, video, start, run	icon	icons				
square-plus	图标 square-plus；分类: math, tools, development, text；tags: add, new, increase, increment, positive, calculate, calculator, button, keyboard, toolbar, maximum, upgrade, extra, operator, join, concatenate, code, coding, +	icon	icons		keyboard		
square-power	图标 square-power；分类: connectivity；tags: on, off, device, switch, toggle, binary, boolean, reboot, restart, button, keyboard, troubleshoot	icon	icons		keyboard		
square-radical	图标 square-radical；分类: development, math；tags: calculate, formula, math, operator, root, square, symbol	icon	icons				
square-round-corner	图标 square-round-corner；分类: design, development, layout；tags: border, radius, style, design, corner, layout, round, rounded	icon	icons				
square-scissors	图标 square-scissors；分类: text, design, tools, files, development；tags: cut, snippet, chop, stationery, crafts, toolbar, button	icon	icons				
square-sigma	图标 square-sigma；分类: text, math；tags: sum, calculate, formula, math, enumeration, enumerate	icon	icons				
square-slash	图标 square-slash；分类: development, math；tags: git, diff, ignored, divide, division, shortcut, or, /	icon	icons				
square-sparkles	图标 square-sparkles；分类: photography, text, multimedia, files；tags: picture, photo, sparkles	icon	icons				
square-split-horizontal	图标 square-split-horizontal；分类: layout；tags: split, divide	icon	icons				
square-split-vertical	图标 square-split-vertical；分类: layout；tags: split, divide	icon	icons				
square-square	图标 square-square；分类: layout；tags: float, center, rectangle	icon	icons				
square-stack	图标 square-stack；分类: text, files, development；tags: versions, clone, copy, duplicate, multiple, revisions, version control, backup, history	icon	icons				
square-star	图标 square-star；分类: sports, gaming；tags: badge, medal, honour, decoration, order, pin, laurel, trophy, medallion, insignia, bronze, silver, gold	icon	icons				
square-stop	图标 square-stop；分类: multimedia；tags: media, music	icon	icons				
square-terminal	图标 square-terminal；分类: development；tags: code, command line, prompt, shell	icon	icons				
square-text	图标 square-text；分类: text, shapes, development；tags: text, paragraph, content, note, document, body, copy, article, square, container, block, card, placeholder, log, page, paper, sheet, list, script, code, editor	icon	icons				
square-user	图标 square-user；分类: account；tags: person, account, contact	icon	icons				
square-user-round	图标 square-user-round；分类: account；tags: person, account, contact	icon	icons				
square-x	图标 square-x；分类: math, notifications；tags: cancel, close, delete, remove, times, clear, math, multiply, multiplication	icon	icons				
squares-exclude	图标 squares-exclude；分类: design；tags: square, pathfinder, path, exclude, invert, xor, shape, vector	icon	icons				
squares-intersect	图标 squares-intersect；分类: design；tags: square, pathfinder, path, intersect, shape, include, vector	icon	icons				
squares-subtract	图标 squares-subtract；分类: design；tags: square, pathfinder, path, minus, subtract, subtraction, shape, front, vector	icon	icons				
squares-unite	图标 squares-unite；分类: design；tags: square, pathfinder, path, unite, union, shape, merge, vector	icon	icons				
squircle	图标 squircle；分类: shapes；tags: shape	icon	icons				
squircle-dashed	图标 squircle-dashed；分类: development, shapes, design；tags: shape, pending, progress, issue, draft, code, coding, version control	icon	icons				
squirrel	图标 squirrel；分类: animals；tags: animal, rodent, pet, pest, nuts, retrieve, updates, storage, stash	icon	icons				
stamp	图标 stamp；分类: design, cursors, tools；tags: mark, print, clone, loyalty, library	icon	icons		cursor		
star	图标 star；分类: account, social, shapes, multimedia, weather, emoji, gaming；tags: bookmark, favorite, like, review, rating	icon	icons				
star-check	图标 star-check；分类: account, social, shapes, multimedia, weather, emoji, gaming；tags: bookmark, favorite, like, review, rating, check, star	icon	icons				
star-half	图标 star-half；分类: social, multimedia；tags: bookmark, favorite, like, review, rating	icon	icons				
star-minus	图标 star-minus；分类: account, social, shapes, multimedia, weather, emoji, gaming；tags: bookmark, favorite, like, review, rating, minus, remove, deselect, star	icon	icons				
star-off	图标 star-off；分类: multimedia, social；tags: dislike, unlike, remove, unrate	icon	icons				
star-plus	图标 star-plus；分类: account, social, shapes, multimedia, weather, emoji, gaming；tags: bookmark, favorite, like, review, rating, plus, add, join, star	icon	icons				
star-x	图标 star-x；分类: account, social, shapes, multimedia, weather, emoji, gaming；tags: mark, symbol, shape, vector, design, graphic, bookmark, favorite, like, review, rating, x, cancel, reject, star	icon	icons				
step-back	图标 step-back；分类: multimedia, arrows；tags: arrow, previous, music, left, reverse	icon	icons				
step-forward	图标 step-forward；分类: multimedia, arrows；tags: arrow, next, music, right, continue	icon	icons				
stethoscope	图标 stethoscope；分类: science, medical；tags: phonendoscope, medical, heart, lungs, sound	icon	icons		sound		
sticker	图标 sticker；分类: social；tags: reaction, emotion, smile, happy, feedback	icon	icons				
sticky-note	图标 sticky-note；分类: text, social；tags: post-it, comment, annotation, reaction, memo, reminder, todo, task, idea, brainstorm, document, page, paper, sheet, stationary, office	icon	icons				
sticky-note-check	图标 sticky-note-check；分类: text, social；tags: post-it, comment, annotation, reaction, memo, reminder, todo, task, idea, brainstorm, document, page, paper, sheet, stationary, office, done, complete, success, check, verified	icon	icons				
sticky-note-minus	图标 sticky-note-minus；分类: text, social；tags: post-it, comment, annotation, reaction, memo, reminder, todo, task, idea, brainstorm, document, page, paper, sheet, stationary, office, remove, delete, minus	icon	icons				
sticky-note-off	图标 sticky-note-off；分类: text, social；tags: post-it, comment, annotation, reaction, memo, reminder, todo, task, idea, brainstorm, document, page, paper, sheet, stationary, office, disabled, hidden, mute, inactive	icon	icons				
sticky-note-plus	图标 sticky-note-plus；分类: text, social；tags: post-it, comment, annotation, reaction, memo, reminder, todo, task, idea, brainstorm, document, page, paper, sheet, stationary, office, add, create, new, plus	icon	icons				
sticky-note-x	图标 sticky-note-x；分类: text, social；tags: post-it, comment, annotation, reaction, memo, reminder, todo, task, idea, brainstorm, document, page, paper, sheet, stationary, office, close, cancel, delete, remove	icon	icons				
sticky-notes	图标 sticky-notes；分类: text, social；tags: post-it, annotation, memo, reminder, todo, tasks, ideas, brainstorm, documents, notes, multiple, collection, group, stack, clone, duplicate, copy	icon	icons				
stone	图标 stone；分类: nature；tags: mineral, geology, nature, solid, pebble, crystal, ore, hard, coal, stone, rock, boulder	icon	icons				
store	图标 store；分类: buildings, navigation, shopping；tags: shop, supermarket, stand, boutique, building	icon	icons				
stretch-horizontal	图标 stretch-horizontal；分类: layout；tags: items, flex, justify, distribute	icon	icons				
stretch-vertical	图标 stretch-vertical；分类: layout；tags: items, flex, justify, distribute	icon	icons				
strikethrough	图标 strikethrough；分类: text；tags: cross out, delete, remove, format	icon	icons				
subscript	图标 subscript；分类: text；tags: text	icon	icons				
summary	图标 summary；分类: text；tags: brief, abstract, synopsis, report, digest, outline, recap, condensation, summary, ai, text, overview	icon	icons				
sun	图标 sun；分类: accessibility, weather, seasons, sustainability；tags: brightness, weather, light, summer	icon	icons				
sun-dim	图标 sun-dim；分类: accessibility, weather；tags: brightness, dim, low, brightness low	icon	icons				
sun-medium	图标 sun-medium；分类: accessibility, weather；tags: brightness, medium	icon	icons				
sun-moon	图标 sun-moon；分类: accessibility；tags: dark, light, moon, sun, brightness, theme, auto theme, system theme, appearance	icon	icons	dark			
sun-snow	图标 sun-snow；分类: weather；tags: weather, air conditioning, temperature, hot, cold, seasons	icon	icons				
sunrise	图标 sunrise；分类: arrows, weather, time；tags: weather, time, morning, day	icon	icons				
sunset	图标 sunset；分类: arrows, weather；tags: weather, time, evening, night	icon	icons				
superscript	图标 superscript；分类: text；tags: text, exponent	icon	icons				
swatch-book	图标 swatch-book；分类: design, home, photography；tags: colors, colours, swatches, pantone, shades, tint, hue, saturation, brightness, theme, scheme, palette, samples, textile, carpet	icon	icons				
swiss-franc	图标 swiss-franc；分类: finance；tags: currency, money, payment	icon	icons				
switch-camera	图标 switch-camera；分类: communication, devices；tags: photo, selfie, front, back	icon	icons				
sword	图标 sword；分类: gaming, tools；tags: battle, challenge, combat, duel, fantasy, game, knight, melee, medieval, offense, rpg, sharp, weapon, war, warrior	icon	icons				
swords	图标 swords；分类: gaming, tools；tags: battle, challenge, combat, conflict, crossed, duel, faction, fantasy, game, melee, medieval, opponent, rivalry, rpg, versus, weapon, war, warrior	icon	icons				
syringe	图标 syringe；分类: science, medical；tags: medicine, medical, needle, pump, plunger, nozzle, blood	icon	icons				
table	图标 table；分类: text, files；tags: spreadsheet, grid	icon	icons				
table-2	图标 table-2；分类: text, files；tags: spreadsheet, grid	icon	icons				
table-cells-merge	图标 table-cells-merge；分类: text, files；tags: spreadsheet, grid, row	icon	icons				
table-cells-split	图标 table-cells-split；分类: text, files；tags: spreadsheet, grid, row	icon	icons				
table-columns-split	图标 table-columns-split；分类: text, files；tags: spreadsheet, grid, cut, break, divide, separate, segment	icon	icons				
table-of-contents	图标 table-of-contents；分类: text；tags: toc, outline, navigation, document structure, index, overview, sections, chapters, content, documentation, manual, knowledge base, faq	icon	icons				
table-properties	图标 table-properties；分类: text, development, files；tags: property list, plist, spreadsheet, grid, dictionary, object, hash	icon	icons				
table-rows-split	图标 table-rows-split；分类: text, files；tags: spreadsheet, grid, cut, break, divide, separate, segment	icon	icons				
tablet	图标 tablet；分类: devices；tags: device, mobile, screen, display, touchscreen, portable, responsive	icon	icons				
tablet-smartphone	图标 tablet-smartphone；分类: devices, design, development, tools；tags: phone, cellphone, device, mobile, screen, display, touchscreen, portable, responsive, screens, browser, testing	icon	icons				
tablets	图标 tablets；分类: medical；tags: medicine, medication, drug, prescription, pills, pharmacy	icon	icons				
tag	图标 tag；分类: account；tags: label, badge, ticket, mark	icon	icons				
tag-plus	图标 tag-plus；分类: account；tags: label, badge, ticket, mark, new, add, create, +	icon	icons				
tag-x	图标 tag-x；分类: account；tags: label, badge, ticket, mark, x, delete, remove	icon	icons				
tags	图标 tags；分类: account；tags: labels, badges, tickets, marks, copy, multiple	icon	icons				
tally-1	图标 tally-1；分类: math, gaming；tags: count, score, enumerate, days, one, 1, first, bar, prison, cell, sentence	icon	icons				
tally-2	图标 tally-2；分类: math, gaming；tags: count, score, enumerate, days, two, 2, second, double, bars, prison, cell, sentence	icon	icons				
tally-3	图标 tally-3；分类: math, gaming；tags: count, score, enumerate, days, three, 3, third, triple, bars, prison, cell, sentence	icon	icons	webgl			
tally-4	图标 tally-4；分类: math, gaming；tags: count, score, enumerate, days, 4, fourth, quadruple, bars, prison, cell, sentence	icon	icons				
tally-5	图标 tally-5；分类: math, gaming；tags: count, score, enumerate, days, five, 5, fifth, bars, prison, cell, sentence, slash, /	icon	icons				
tangent	图标 tangent；分类: shapes, math, design, tools；tags: tangential, shape, circle, geometry, trigonometry, bezier curve	icon	icons				
target	图标 target；分类: gaming；tags: logo, bullseye, deadline, projects, overview, work, productivity	icon	icons				
telescope	图标 telescope；分类: science, development, tools；tags: astronomy, space, discovery, exploration, explore, vision, perspective, focus, stargazing, observe, view	icon	icons				
tent	图标 tent；分类: travel, nature, sustainability；tags: tipi, teepee, wigwam, lodge, camping, campsite, holiday, retreat, nomadic, native american, indian, wilderness, outdoors	icon	icons				
tent-tree	图标 tent-tree；分类: travel, nature；tags: camping, campsite, holiday, retreat, nomadic, wilderness, outdoors	icon	icons				
terminal	图标 terminal；分类: development；tags: code, command line, prompt, shell	icon	icons				
test-tube	图标 test-tube；分类: science；tags: tube, vial, phial, flask, ampoule, ampule, lab, chemistry, experiment, test	icon	icons				
test-tube-diagonal	图标 test-tube-diagonal；分类: science；tags: tube, vial, phial, flask, ampoule, ampule, lab, chemistry, experiment, test	icon	icons				
test-tubes	图标 test-tubes；分类: science；tags: tubes, vials, phials, flasks, ampoules, ampules, lab, chemistry, experiment, test	icon	icons				
text-align-center	图标 text-align-center；分类: text；tags: text, alignment, center	icon	icons				
text-align-end	图标 text-align-end；分类: text；tags: text, alignment, right	icon	icons				
text-align-justify	图标 text-align-justify；分类: text；tags: text, alignment, justified, menu, list	icon	icons				
text-align-justify-center	图标 text-align-justify-center；分类: text；tags: paragraph, alignment, justified, center, middle, typography, editor, document	icon	icons				
text-align-justify-end	图标 text-align-justify-end；分类: text；tags: paragraph, alignment, justified, right, end, typography, editor, document	icon	icons				
text-align-justify-start	图标 text-align-justify-start；分类: text；tags: paragraph, alignment, justified, left, start, typography, editor, document	icon	icons				
text-align-start	图标 text-align-start；分类: text；tags: text, alignment, left, list	icon	icons				
text-cursor	图标 text-cursor；分类: text, cursors；tags: select, caret, type, typing, write, writing, edit, insert, input, textarea	icon	icons		cursor		
text-cursor-input	图标 text-cursor-input；分类: text, layout；tags: select	icon	icons		cursor		
text-initial	图标 text-initial；分类: text；tags: drop cap, text, format, typography, letter, font size	icon	icons				
text-quote	图标 text-quote；分类: text；tags: blockquote, quotation, indent, reply, response	icon	icons				
text-search	图标 text-search；分类: text；tags: find, data, copy, txt, pdf, document, scan, magnifier, magnifying glass, lens	icon	icons	glass			
text-wrap	图标 text-wrap；分类: text, arrows；tags: words, lines, break, paragraph	icon	icons				
theater	图标 theater；分类: buildings, social；tags: theater, theatre, entertainment, podium, stage, musical	icon	icons				
thermometer	图标 thermometer；分类: weather；tags: temperature, celsius, fahrenheit, weather	icon	icons				
thermometer-snowflake	图标 thermometer-snowflake；分类: weather；tags: temperature, celsius, fahrenheit, weather, cold, freeze, freezing	icon	icons				
thermometer-sun	图标 thermometer-sun；分类: weather；tags: temperature, celsius, fahrenheit, weather, warm, hot	icon	icons				
thumbs-down	图标 thumbs-down；分类: account, social, emoji；tags: dislike, bad, emotion	icon	icons				
thumbs-up	图标 thumbs-up；分类: account, social, emoji；tags: like, good, emotion	icon	icons				
tic-tac-toe	图标 tic-tac-toe；分类: gaming；tags: game, board, grid, strategy, noughts and crosses	icon	icons				
ticket	图标 ticket；分类: account, transportation；tags: entry, pass, voucher, event, concert, show, perforated, dashed	icon	icons				
ticket-check	图标 ticket-check；分类: transportation；tags: entry, pass, voucher, event, concert, show, booked, purchased, receipt, redeemed, validated, verified, certified, checked, used	icon	icons				
ticket-minus	图标 ticket-minus；分类: transportation；tags: entry, pass, voucher, event, concert, show, remove, cancel, unbook, subtract, decrease, -	icon	icons				
ticket-percent	图标 ticket-percent；分类: transportation, shopping；tags: discount, reduced, offer, voucher, entry, pass, event, concert, show, book, purchase, %	icon	icons				
ticket-plus	图标 ticket-plus；分类: transportation；tags: entry, pass, voucher, event, concert, show, book, purchase, add, +	icon	icons				
ticket-slash	图标 ticket-slash；分类: transportation；tags: entry, pass, voucher, event, concert, show, redeemed, used, marked, checked, verified, spoiled, invalidated, void, denied, refused, banned, barred, forbidden, prohibited, cancelled, cancellation, refunded, delete, remove, clear, error	icon	icons				
ticket-x	图标 ticket-x；分类: transportation；tags: entry, pass, voucher, event, concert, show, cancelled, cancellation, refunded, used, void, invalidated, spoiled, denied, refused, banned, barred, forbidden, prohibited, delete, remove, clear, error, x	icon	icons				
tickets	图标 tickets；分类: travel, account, transportation；tags: trip, travel, pass, entry, voucher, event, concert, show, perforated, dashed	icon	icons				
tickets-plane	图标 tickets-plane；分类: transportation, travel；tags: plane, trip, airplane, flight, travel, fly, takeoff, vacation, passenger, pass, check-in, airport	icon	icons				
timeline	图标 timeline；分类: time；tags: tags, history	icon	icons				
timer	图标 timer；分类: time；tags: time, timer, stopwatch	icon	icons				
timer-off	图标 timer-off；分类: time；tags: time, timer, stopwatch	icon	icons				
timer-reset	图标 timer-reset；分类: time；tags: time, timer, stopwatch	icon	icons				
toggle-left	图标 toggle-left；分类: layout, account, development；tags: on, off, switch, boolean	icon	icons				
toggle-right	图标 toggle-right；分类: layout, account, development；tags: on, off, switch, boolean	icon	icons				
toilet	图标 toilet；分类: devices, home；tags: toilet, potty, bathroom, washroom	icon	icons				
tool-case	图标 tool-case；分类: tools, development, home；tags: tools, maintenance, repair	icon	icons				
toolbox	图标 toolbox；分类: tools, home；tags: toolkit, tools, trunk, chest, box, storage, utility, utilities, container, kit, set, repair, fix, service, maintenance, mechanic, workshop, construction, hardware, equipment, gear, handyman, engineering, craft, diy	icon	icons				
toothbrush	图标 toothbrush；分类: home, travel, tools, medical；tags: dental care, oral hygiene, brushing, teeth, dentist, bathroom, toiletries, personal care, cleaning, bristles, handle, plaque, toothpaste, selfcare, grooming	icon	icons				
toothbrush-sparkles	图标 toothbrush-sparkles；分类: home, tools, medical, travel；tags: dental care, oral hygiene, brushing, teeth, dentist, bathroom, toiletries, personal care, cleaning, bristles, handle, plaque, toothpaste, selfcare, grooming, fresh, clean	icon	icons				
tornado	图标 tornado；分类: weather；tags: weather, wind, storm, hurricane	icon	icons				
torus	图标 torus；分类: shapes, design, tools, food-beverage；tags: donut, doughnut, ring, hollow, 3d, fast food, junk food, snack, treat, sweet, sugar, dessert	icon	icons	3d			
touchpad	图标 touchpad；分类: devices；tags: trackpad, cursor	icon	icons		cursor		
touchpad-off	图标 touchpad-off；分类: devices；tags: trackpad, cursor	icon	icons		cursor		
towel-rack	图标 towel-rack；分类: home, travel；tags: flannel, bathroom, toiletries, sanitation, clean, fresh, dry, laundry, laundrette, hospitality, housekeeping, room service, spa break, health club, amenities, hanging	icon	icons				
tower-control	图标 tower-control；分类: travel, transportation；tags: airport, travel, tower, transportation, lighthouse	icon	icons				
toy-brick	图标 toy-brick；分类: gaming, development；tags: lego, block, addon, plugin, integration	icon	icons				
tractor	图标 tractor；分类: transportation, sustainability, food-beverage；tags: farming, farmer, ranch, harvest, equipment, vehicle	icon	icons				
traffic-cone	图标 traffic-cone；分类: transportation；tags: roadworks, tarmac, safety, block	icon	icons				
trailer	图标 trailer；分类: transportation；tags: tow, shipping, delivery, haulage, vehicle, equipment, freight	icon	icons				
train-front	图标 train-front；分类: transportation；tags: railway, metro, subway, underground, high-speed, bullet, fast, track, line	icon	icons				
train-front-tunnel	图标 train-front-tunnel；分类: transportation, navigation；tags: railway, metro, subway, underground, speed, bullet, fast, track, line	icon	icons				
train-track	图标 train-track；分类: transportation, navigation；tags: railway, line	icon	icons				
tram-front	图标 tram-front；分类: transportation；tags: railway, metro, subway, underground, track, line, tourism	icon	icons				
transgender	图标 transgender；分类: medical, accessibility；tags: gender, inclusive	icon	icons				
trash	图标 trash；分类: files, mail；tags: empty, deletion, cleanup, junk, clear, garbage, delete, remove, bin, waste, recycle, discard, binoculars, rubbish	icon	icons				
trash-off	图标 trash-off；分类: files, mail；tags: empty, deletion, cleanup, junk, clear, garbage, delete, remove, bin, trash, waste, recycle, discard, rubbish, disabled, off, prevent, locked, unavailable, protected	icon	icons				
tree-deciduous	图标 tree-deciduous；分类: nature, sustainability；tags: tree, forest, park, nature	icon	icons				
tree-palm	图标 tree-palm；分类: nature, sustainability；tags: vacation, leisure, island	icon	icons				
tree-pine	图标 tree-pine；分类: nature, sustainability；tags: tree, pine, forest, park, nature	icon	icons				
trees	图标 trees；分类: nature, sustainability；tags: tree, forest, park, nature	icon	icons				
trending-down	图标 trending-down；分类: charts, arrows；tags: statistics	icon	icons				
trending-up	图标 trending-up；分类: charts, arrows；tags: statistics	icon	icons				
trending-up-down	图标 trending-up-down；分类: charts, arrows；tags: arrows, estimated, indeterminate, data fluctuation, uncertain, forecast, variable, prediction, dynamic, volatile	icon	icons				
triangle	图标 triangle；分类: shapes；tags: equilateral, delta, shape, pyramid, hierarchy	icon	icons				
triangle-alert	图标 triangle-alert；分类: notifications, shapes, development；tags: warning, alert, danger, exclamation mark, linter	icon	icons				
triangle-dashed	图标 triangle-dashed；分类: shapes；tags: equilateral, delta, shape, pyramid, hierarchy, dashed	icon	icons				
triangle-right	图标 triangle-right；分类: shapes, math；tags: volume, controls, controller, tv remote, geometry, delta, ramp, slope, incline, increase	icon	icons				
triangles-centerline-dashed-horizontal	图标 triangles-centerline-dashed-horizontal；分类: design, photography；tags: reflect, mirror, alignment, dashed	icon	icons				
triangles-centerline-dashed-vertical	图标 triangles-centerline-dashed-vertical；分类: design, photography；tags: reflect, mirror, alignment, dashed	icon	icons				
trophy	图标 trophy；分类: sports, gaming；tags: prize, sports, winner, achievement, award, champion, celebration, victory, competition, tournament, leaderboard, ranking, success, reward, cup, first, gold	icon	icons				
truck	图标 truck；分类: transportation；tags: delivery, van, shipping, haulage, lorry	icon	icons				
truck-electric	图标 truck-electric；分类: transportation；tags: delivery, van, shipping, haulage, lorry, electric	icon	icons				
tube-lotion	图标 tube-lotion；分类: medical, home, shopping, travel, seasons；tags: sunscreen, sunblock, spf, uv, cream, skincare, toothpaste, ointment, bottle, toiletries, bathroom, beach, summer	icon	icons				
turkish-lira	图标 turkish-lira；分类: finance；tags: currency, money, payment	icon	icons				
turntable	图标 turntable；分类: multimedia, home；tags: record player, gramophone, stereo, phonograph, vinyl, lp, disc, platter, cut, music, analog, retro, dj deck, disc jockey, scratch, spinning	icon	icons				
turtle	图标 turtle；分类: animals；tags: animal, pet, tortoise, slow, speed	icon	icons				
tv	图标 tv；分类: devices, multimedia, communication；tags: television, stream, display, widescreen, high-definition, hd, 1080p, 4k, 8k, smart, digital, video, entertainment, showtime, channels, terrestrial, satellite, cable, broadcast, live, frequency, tune, scan, aerial, receiver, transmission, signal, connection, connectivity	icon	icons				
tv-minimal	图标 tv-minimal；分类: devices, multimedia；tags: flatscreen, television, stream, display, widescreen, high-definition, hd, 1080p, 4k, 8k, smart, digital, video, home cinema, entertainment, showtime, channels, catchup	icon	icons				
tv-minimal-play	图标 tv-minimal-play；分类: devices, multimedia；tags: flatscreen, television, stream, display, widescreen, high-definition, hd, 1080p, 4k, 8k, smart, digital, video, movie, live, ott, running, start, film, home cinema, entertainment, showtime, channels, catchup	icon	icons				
type	图标 type；分类: text；tags: text, font, typography	icon	icons				
type-outline	图标 type-outline；分类: text；tags: text, font, typography, silhouette, profile, contour, stroke, line	icon	icons				
umbrella	图标 umbrella；分类: weather；tags: rain, weather	icon	icons				
umbrella-off	图标 umbrella-off；分类: weather；tags: rain, weather, uncovered, uninsured, antivirus, unprotected, risky	icon	icons				
underline	图标 underline；分类: text；tags: text, format	icon	icons				
undo	图标 undo；分类: text, arrows；tags: redo, rerun, history	icon	icons				
undo-2	图标 undo-2；分类: text, arrows；tags: redo, rerun, history, back, return, reverse, revert, direction, u-turn	icon	icons				
undo-dot	图标 undo-dot；分类: text, arrows；tags: redo, history, step, back	icon	icons				
unfold-horizontal	图标 unfold-horizontal；分类: arrows, layout；tags: arrow, collapse, fold, vertical, dashed	icon	icons				
unfold-vertical	图标 unfold-vertical；分类: arrows, layout；tags: arrow, expand, vertical, dashed	icon	icons				
ungroup	图标 ungroup；分类: shapes, files；tags: cubes, packages, parts, units, collection, cluster, separate	icon	icons				
university	图标 university；分类: buildings, navigation；tags: building, education, childhood, school, college, academy, institute	icon	icons				
unlink	图标 unlink；分类: text；tags: url, unchain	icon	icons				
unlink-2	图标 unlink-2；分类: text；tags: url, unchain	icon	icons				
unplug	图标 unplug；分类: devices, development；tags: electricity, energy, electronics, socket, outlet, disconnect	icon	icons				
upload	图标 upload；分类: arrows, files；tags: file	icon	icons				
usb	图标 usb；分类: devices, multimedia, home；tags: universal, serial, bus, controller, connector, interface	icon	icons				
usb-c-port	图标 usb-c-port；分类: devices, multimedia, home, gaming；tags: universal, serial, bus, controller, connector, interface, socket, plug, slot, data, input, output	icon	icons				
user	图标 user；分类: account；tags: person, account, contact	icon	icons				
user-check	图标 user-check；分类: account；tags: followed, subscribed, done, todo, tick, complete, task	icon	icons				
user-cog	图标 user-cog；分类: account；tags: settings, edit, cog, gear	icon	icons				
user-group	图标 user-group；分类: account, people, social；tags: group, people, team, members, community, membership, collaboration, organization, contacts, directory, staff, family, ancestry, ancestors, lineage, parents	icon	icons				
user-key	图标 user-key；分类: account；tags: passkey, password, login, authentication, authorization, roles, permissions, private, public, security, person, account, contact	icon	icons				
user-lock	图标 user-lock；分类: account, security；tags: person, lock, locked, account, secure	icon	icons				
user-minus	图标 user-minus；分类: account；tags: delete, remove, unfollow, unsubscribe	icon	icons				
user-pen	图标 user-pen；分类: account；tags: person, account, contact, profile, edit, change	icon	icons				
user-plus	图标 user-plus；分类: account；tags: new, add, create, follow, subscribe	icon	icons				
user-round	图标 user-round；分类: account；tags: person, account, contact	icon	icons				
user-round-arrow-left	图标 user-round-arrow-left；分类: account, people, arrows；tags: person, assign, move, give, setup, self, me, myself, profile, avatar, incoming, recipient, assignee, inbound	icon	icons				
user-round-check	图标 user-round-check；分类: account；tags: followed, subscribed, done, todo, tick, complete, task	icon	icons				
user-round-cog	图标 user-round-cog；分类: account；tags: settings, edit, cog, gear	icon	icons				
user-round-group	图标 user-round-group；分类: account, people, social；tags: group, people, team, members, community, membership, collaboration, organization, contacts, directory, staff, family, ancestry, ancestors, lineage, parents	icon	icons				
user-round-key	图标 user-round-key；分类: account；tags: passkey, password, login, authentication, authorization, roles, permissions, private, public, security, person, account, contact	icon	icons				
user-round-minus	图标 user-round-minus；分类: account；tags: delete, remove, unfollow, unsubscribe	icon	icons				
user-round-pen	图标 user-round-pen；分类: account；tags: person, account, contact, profile, edit, change	icon	icons				
user-round-plus	图标 user-round-plus；分类: account；tags: new, add, create, follow, subscribe	icon	icons				
user-round-search	图标 user-round-search；分类: account, social；tags: person, account, contact, find, scan, magnifier, magnifying glass, lens	icon	icons	glass			
user-round-x	图标 user-round-x；分类: account；tags: delete, remove, unfollow, unsubscribe, unavailable	icon	icons				
user-search	图标 user-search；分类: account, social；tags: person, account, contact, find, scan, magnifier, magnifying glass, lens	icon	icons	glass			
user-shield	图标 user-shield；分类: account, security, development, people；tags: user, shield, admin, protected, guard, profile, security, privacy, permissions, role	icon	icons				
user-star	图标 user-star；分类: account；tags: person, account, favorite, contact, like, review, rating, admin	icon	icons				
user-x	图标 user-x；分类: account；tags: delete, remove, unfollow, unsubscribe, unavailable	icon	icons				
users	图标 users；分类: account；tags: group, people	icon	icons				
users-round	图标 users-round；分类: account；tags: group, people	icon	icons				
utensils	图标 utensils；分类: food-beverage, travel, navigation；tags: fork, knife, cutlery, flatware, tableware, silverware, food, restaurant, meal, breakfast, dinner, supper	icon	icons				
utensils-crossed	图标 utensils-crossed；分类: food-beverage, travel, navigation；tags: fork, knife, cutlery, flatware, tableware, silverware, food, restaurant, meal, breakfast, dinner, supper	icon	icons				
utility-pole	图标 utility-pole；分类: buildings, home, sustainability；tags: electricity, energy, transmission line, telegraph pole, power lines, phone	icon	icons				
van	图标 van；分类: transportation；tags: minivan, cart, wagon, truck, lorry, trailer, camper, vehicle, drive, trip, journey, van, transport, carriage, delivery, travel	icon	icons				
variable	图标 variable；分类: development, math；tags: code, coding, programming, symbol, calculate, algebra, x, parentheses, parenthesis, brackets, parameter, (, )	icon	icons				
vault	图标 vault；分类: security, travel, home；tags: safe, lockbox, deposit, locker, coffer, strongbox, safety, secure, storage, valuables, bank	icon	icons				
vector-polygon	图标 vector-polygon；分类: design, math, shapes；tags: map, vector, geometry, coordinates, shape, location, boundary, area, region, gis, geospatial, vertices, points, outline, drawing, design, math	icon	icons				
vector-square	图标 vector-square；分类: shapes, math, design, tools；tags: shape, geometry, art, width, height, size, calculate, measure, select, graphics, box	icon	icons				
vegan	图标 vegan；分类: food-beverage, sustainability；tags: vegetarian, fruitarian, herbivorous, animal rights, diet	icon	icons				
venetian-mask	图标 venetian-mask；分类: account, gaming；tags: mask, masquerade, impersonate, secret, incognito	icon	icons				
venus	图标 venus；分类: medical；tags: gender, sex, female, feminine, woman, girl	icon	icons				
venus-and-mars	图标 venus-and-mars；分类: medical；tags: gender, sex, intersex, androgynous, hermaphrodite	icon	icons				
vibrate	图标 vibrate；分类: devices, connectivity, account, notifications；tags: smartphone, notification, rumble, haptic feedback, screen	icon	icons				
vibrate-off	图标 vibrate-off；分类: devices, connectivity, account；tags: smartphone, notification, rumble, haptic feedback, notifications, screen	icon	icons				
video	图标 video；分类: devices, communication, connectivity, photography；tags: camera, movie, film, recording, motion picture, camcorder, reel	icon	icons				
video-off	图标 video-off；分类: devices, communication, connectivity, photography；tags: camera, movie, film	icon	icons				
videotape	图标 videotape；分类: devices, communication, connectivity, photography, files；tags: vhs, movie, film, recording, motion picture, showreel, cassette	icon	icons				
view	图标 view；分类: design, photography；tags: eye, look	icon	icons				
virus	图标 virus；分类: medical, science, security；tags: pathogen, infection, disease, illness, contagion, outbreak, pandemic, epidemic, covid, coronavirus, germ, microbe, microorganism, biology, medical, healthcare, malware, cybersecurity, threat	icon	icons				
virus-off	图标 virus-off；分类: medical, science, security；tags: pathogen, infection, disease, illness, contagion, outbreak, pandemic, epidemic, covid, coronavirus, germ, microbe, microorganism, biology, medical, healthcare, malware, cybersecurity, threat, antivirus, blocked, removed, clean, safe, prevention, quarantine	icon	icons				
voicemail	图标 voicemail；分类: connectivity, devices, social；tags: phone, cassette, tape, reel, recording, audio	icon	icons				
volleyball	图标 volleyball；分类: sports, gaming, travel；tags: beach, sand, net, holiday, vacation, summer, soccer, football, futbol, kick, pitch, goal, score, bounce, leather, wool, yarn, knitting, sewing, thread, embroidery, textile	icon	icons				
volume	图标 volume；分类: connectivity, communication, multimedia；tags: music, sound, mute, speaker	icon	icons		sound		
volume-1	图标 volume-1；分类: connectivity, communication, multimedia；tags: music, sound, speaker	icon	icons		sound		
volume-2	图标 volume-2；分类: connectivity, communication, multimedia；tags: music, sound, speaker	icon	icons		sound		
volume-off	图标 volume-off；分类: connectivity, communication, multimedia；tags: music, sound, mute, speaker	icon	icons		sound		
volume-x	图标 volume-x；分类: connectivity, communication, multimedia；tags: music, sound, mute, speaker	icon	icons		sound		
vote	图标 vote；分类: social；tags: vote, poll, ballot, political, social, check, tick	icon	icons				
wallet	图标 wallet；分类: account, finance；tags: money, finance, pocket	icon	icons				
wallet-cards	图标 wallet-cards；分类: account, finance；tags: wallet, cards, banking, cash, debit, transport, money, finance, pocket, credit, purchase, payment, shopping, retail, consumer, cc	icon	icons				
wallet-minimal	图标 wallet-minimal；分类: account, finance；tags: finance, pocket	icon	icons				
wallpaper	图标 wallpaper；分类: account, devices；tags: background, texture, image, art, design, visual, decor, pattern, screen, cover, lock screen	icon	icons				
wand	图标 wand；分类: design, gaming, cursors, photography；tags: magic, selection	icon	icons		cursor		
wand-sparkles	图标 wand-sparkles；分类: design, gaming, cursors, photography；tags: magic, wizard, magician	icon	icons		cursor		
warehouse	图标 warehouse；分类: buildings, navigation；tags: storage, storehouse, depot, depository, repository, stockroom, logistics, building	icon	icons				
washing-machine	图标 washing-machine；分类: home, devices, travel；tags: tumble dryer, amenities, electronics, cycle, clothes, rinse, spin, drum	icon	icons				
watch	图标 watch；分类: time；tags: clock, time	icon	icons				
waves-arrow-down	图标 waves-arrow-down；分类: weather, sustainability；tags: water, sea, level, sound, hertz, wavelength, vibrate, low, tide, ocean, rising, down, falling	icon	icons		sound		
waves-arrow-up	图标 waves-arrow-up；分类: weather, sustainability；tags: water, sea, level, sound, hertz, wavelength, vibrate, high, tide, ocean, rising	icon	icons		sound		
waves-horizontal	图标 waves-horizontal；分类: weather, navigation, multimedia, sustainability；tags: water, sea, sound, hertz, wavelength, vibrate, ocean, swimming, frequency	icon	icons		sound		
waves-ladder	图标 waves-ladder；分类: sports, home；tags: swimming, water, pool, lifeguard, ocean, 🌊, 🏊‍♂️, 🏊‍♀️, 🏊, 🥽	icon	icons				
waves-vertical	图标 waves-vertical；分类: weather, sustainability；tags: steam, warmth, temperature, burn, hot, boiling, heat, smoke, vapor, smell, aroma, sauna	icon	icons				
waypoints	图标 waypoints；分类: security, account, navigation, development, social；tags: indirection, vpn, virtual private network, proxy, connections, bounce, reroute, path, journey, planner, stops, stations, shared, spread, viral	icon	icons				
webcam	图标 webcam；分类: connectivity, devices, communication；tags: camera, security	icon	icons				
webcam-off	图标 webcam-off；分类: connectivity, devices, communication；tags: camera, security	icon	icons				
webhook	图标 webhook；分类: development, social, account；tags: push api, interface, callback	icon	icons				
webhook-off	图标 webhook-off；分类: development, social, account；tags: push api, interface, callback	icon	icons				
weight	图标 weight；分类: math；tags: mass, heavy, lead, metal, measure, geometry, scales, balance	icon	icons				
weight-tilde	图标 weight-tilde；分类: math；tags: measure, scale, estimate, load, balance, size, measurement, quantity, mass	icon	icons				
wheat	图标 wheat；分类: food-beverage；tags: corn, cereal, grain, gluten	icon	icons				
wheat-off	图标 wheat-off；分类: food-beverage；tags: corn, cereal, grain, gluten free, allergy, intolerance, diet	icon	icons				
whistle	图标 whistle；分类: sports, notifications；tags: alert, signal, sound, blow, noise, coach, trainer, referee, gym, game, training, sports, traffic cops, police, lifeguard, safety, rescue, emergency	icon	icons		sound		
whole-word	图标 whole-word；分类: text；tags: text, selection, letters, characters, font, typography	icon	icons				
wifi	图标 wifi；分类: connectivity, devices；tags: connection, signal, wireless	icon	icons				
wifi-cog	图标 wifi-cog；分类: connectivity, devices, files；tags: connection, signal, wireless, directory, settings, control, preferences, cog, edit, gear	icon	icons				
wifi-high	图标 wifi-high；分类: connectivity, devices；tags: connection, signal, wireless	icon	icons				
wifi-low	图标 wifi-low；分类: connectivity, devices；tags: connection, signal, wireless	icon	icons				
wifi-off	图标 wifi-off；分类: connectivity, devices；tags: disabled	icon	icons				
wifi-pen	图标 wifi-pen；分类: connectivity, devices；tags: edit, wifi, pen, change, network	icon	icons				
wifi-sync	图标 wifi-sync；分类: connectivity, devices；tags: connection, signal, wireless, synchronize, reconnect, reset, restart	icon	icons				
wifi-zero	图标 wifi-zero；分类: connectivity, devices；tags: connection, signal, wireless	icon	icons				
wind	图标 wind；分类: weather, sustainability；tags: weather, air, blow	icon	icons				
wind-arrow-down	图标 wind-arrow-down；分类: weather, sustainability；tags: weather, air, pressure, blow	icon	icons		press		
wind-arrow-up	图标 wind-arrow-up；分类: weather, sustainability, arrows, navigation；tags: weather, air, pressure, blow, gust, windy, sort, increase	icon	icons		press		
wine	图标 wine；分类: food-beverage；tags: alcohol, beverage, bar, drink, glass, sommelier, vineyard, winery	icon	icons	glass			
wine-off	图标 wine-off；分类: food-beverage；tags: alcohol, beverage, drink, glass, alcohol free, abstinence, abstaining, teetotalism, allergy, intolerance	icon	icons	glass			
workflow	图标 workflow；分类: development；tags: action, continuous integration, ci, automation, devops, network, node, connection	icon	icons				
worm	图标 worm；分类: animals, security；tags: invertebrate, grub, larva, snake, crawl, wiggle, slither, pest control, computer virus, malware	icon	icons				
wrench	图标 wrench；分类: account, development, tools；tags: account, settings, spanner, diy, toolbox, build, construction	icon	icons				
wrench-off	图标 wrench-off；分类: account, development, tools；tags: account, settings, spanner, diy, toolbox, build, construction, off, service, maintenance, disabled	icon	icons				
x	图标 x；分类: notifications, math；tags: cancel, close, cross, delete, ex, remove, times, clear, math, multiply, multiplication	icon	icons				
x-line-top	图标 x-line-top；分类: notifications, math；tags: line, top, arrow, navigation, up, pointer, direction, vector, symbol, cancel, close, delete, remove, times, clear, math, multiply, multiplication, mean, median, average, x̄	icon	icons				
zap	图标 zap；分类: connectivity, devices, photography, weather；tags: flash, camera, lightning, electricity, energy, power, quick	icon	icons				
zap-off	图标 zap-off；分类: connectivity, devices, photography, weather；tags: flash, camera, lightning, electricity, energy, power	icon	icons				
zodiac-aquarius	图标 zodiac-aquarius；分类: social, emoji；tags: water bearer, waves, innovation, air, future, astrology, star sign, horoscope, constellation, celestial	icon	icons				
zodiac-aries	图标 zodiac-aries；分类: social, emoji；tags: ram, horns, fire, energy, initiative, astrology, star sign, horoscope, constellation, celestial	icon	icons				
zodiac-cancer	图标 zodiac-cancer；分类: social, emoji；tags: crab, shell, protection, water, intuition, astrology, star sign, horoscope, constellation, celestial	icon	icons				
zodiac-capricorn	图标 zodiac-capricorn；分类: social, emoji；tags: goat, mountain, ambition, earth, discipline, astrology, star sign, horoscope, constellation, celestial	icon	icons				
zodiac-gemini	图标 zodiac-gemini；分类: social, emoji；tags: twins, duality, communication, air, adaptability, astrology, star sign, horoscope, constellation, celestial	icon	icons				
zodiac-leo	图标 zodiac-leo；分类: social, emoji；tags: lion, crown, leadership, fire, confidence, astrology, star sign, horoscope, constellation, celestial	icon	icons				
zodiac-libra	图标 zodiac-libra；分类: social, emoji；tags: scales, balance, justice, air, harmony, astrology, star sign, horoscope, constellation, celestial	icon	icons				
zodiac-ophiuchus	图标 zodiac-ophiuchus；分类: social, emoji；tags: serpent, snake holder, healing, knowledge, astronomy, astrology, star sign, horoscope, constellation, celestial	icon	icons				
zodiac-pisces	图标 zodiac-pisces；分类: social, emoji；tags: fish, duality, water, dreams, empathy, astrology, star sign, horoscope, constellation, celestial	icon	icons				
zodiac-sagittarius	图标 zodiac-sagittarius；分类: social, emoji；tags: archer, arrow, exploration, fire, philosophy, astrology, star sign, horoscope, constellation, celestial	icon	icons				
zodiac-scorpio	图标 zodiac-scorpio；分类: social, emoji；tags: scorpion, stinger, intensity, water, transformation, astrology, star sign, horoscope, constellation, celestial	icon	icons				
zodiac-taurus	图标 zodiac-taurus；分类: social, emoji；tags: bull, strength, stability, earth, endurance, astrology, star sign, horoscope, constellation, celestial	icon	icons				
zodiac-virgo	图标 zodiac-virgo；分类: social, emoji；tags: virgin, maiden, harvest, precision, earth, analysis, astrology, star sign, horoscope, constellation, celestial	icon	icons				
zoom-in	图标 zoom-in；分类: accessibility, layout, design, text, photography；tags: magnifying glass, plus	icon	icons	glass			
zoom-out	图标 zoom-out；分类: accessibility, layout, design, text, photography；tags: magnifying glass, plus	icon	icons	glass			
lab:ampersand-square	Lucide Lab 实验图标 ampersand-square；分类: text, design, development；tags: and, typography, operator, join, concatenate, code, coding, &	icon	icons				
lab:apple-core	Lucide Lab 实验图标 apple-core；分类: food-beverage；tags: fruit, juice, smoothie, sweet, snack, meal, lunch, ingredient, cooking, cookery, kitchen, cuisine, eating, healthy, nutrition, diet, bite, bitten, consumed, litter, trash, rubbish	icon	icons				
lab:arrows-up-down-square	Lucide Lab 实验图标 arrows-up-down-square；分类: buildings, travel, arrows, shapes；tags: elevator, lift, floors, levels, hotel, accommodation, expand, unfold, vertical, toolbar, button	icon	icons				
lab:astronaut-helmet	Lucide Lab 实验图标 astronaut-helmet；分类: science, gaming；tags: spacesuit, spaceman, explore, interplanetary, stars, safety, protection, headgear, 🧑‍🚀, 👨‍🚀, 👩‍🚀	icon	icons				
lab:at-sign-circle	Lucide Lab 实验图标 at-sign-circle；分类: text, account, communication, social, notifications, shapes；tags: mention, at, email address, message, contact, networking, ping, @	icon	icons				
lab:at-sign-square	Lucide Lab 实验图标 at-sign-square；分类: text, account, connectivity, communication, social, shapes；tags: mention, at, email address, message, contacts, details, address book, directory, listing, networking, business card, ping, toolbar, keyboard, button, @	icon	icons		keyboard		
lab:avocado	Lucide Lab 实验图标 avocado；分类: food-beverage；tags: fruit, snack, meal, lunch, ingredient, cooking, cookery, kitchen, cuisine, eating, healthy, nutrition, diet, guacamole, mexican	icon	icons				
lab:baby-pacifier	Lucide Lab 实验图标 baby-pacifier；分类: people, home, shopping；tags: dummy, teething, suck, silence, quiet, newborn, childproof, children, infant, kids, toddler, mother, mum, family	icon	icons				
lab:bacon	Lucide Lab 实验图标 bacon；分类: food-beverage；tags: rashers, smoked, streaky, crispy, meat, fast food, junk food, snack, dish, restaurant, brunch, lunch, meal, savory, savoury, cookery, cooking, grilled, barbecue, barbeque, bbq, pig	icon	icons				
lab:bag-hand	Lucide Lab 实验图标 bag-hand；分类: shopping, money；tags: purse, finance, storage, store, ecommerce, cart, purchase, womens, girls, female, ladies, accessories, fashion, leather	icon	icons				
lab:barbecue	Lucide Lab 实验图标 barbecue；分类: food-beverage；tags: barbeque, bbq, grilled, smoke, dinner, meal, meat, cookery, cooking, charcoal, heat, hot, fire	icon	icons				
lab:barber-pole	Lucide Lab 实验图标 barber-pole；分类: maps, medical, people, social；tags: hairdresser, grooming, cut, shave, shop, salon, service, signage, stripes, spin, spiral, helix, twist, twirl, rotate	icon	icons				
lab:barn	Lucide Lab 实验图标 barn；分类: buildings, animals, maps；tags: stable, cattle, horses, farm, ranch, hay, alfalfa, door	icon	icons				
lab:baseball	Lucide Lab 实验图标 baseball；分类: sports, gaming；tags: home run, pitcher, bat, innings, rounders, bounce	icon	icons				
lab:baseline-square	Lucide Lab 实验图标 baseline-square；分类: text, tools, design, development；tags: color, colour, toolbar, formatting, plain text, rich text, rtf, typography, fonts, font book, collection, slab serif, writing, writer, prose, content, markdown, markup	icon	icons				
lab:basketball	Lucide Lab 实验图标 basketball；分类: sports, gaming；tags: bounce, hoop, netball, court, dribble, slam dunk, alley-oop, team, score, nba	icon	icons				
lab:bat-ball	Lucide Lab 实验图标 bat-ball；分类: sports, gaming；tags: table tennis, ping-pong, whiff-whaff, paddle, racquet, racket, net, bounce, score	icon	icons				
lab:bath-bubble	Lucide Lab 实验图标 bath-bubble；分类: home, travel；tags: amenities, services, bathroom, towel, relax, luxury	icon	icons				
lab:beach-ball	Lucide Lab 实验图标 beach-ball；分类: travel, sports, gaming；tags: inflatable, summer holiday, seaside, toys, kids, children, play, football, soccer	icon	icons				
lab:bear-face	Lucide Lab 实验图标 bear-face；分类: animals；tags: cub, cuddle, children, kids, toys, teddy, nursery, picnic, outdoors, wilderness, forest, national park, open season, hunting, grizzly, warning, danger, strength, mammal, 🐻, 🧸	icon	icons				
lab:bed-bunk	Lucide Lab 实验图标 bed-bunk；分类: furniture, home, travel；tags: sleep, hostel, accommodation, sheets	icon	icons				
lab:bee-hive	Lucide Lab 实验图标 bee-hive；分类: nature, food-beverage；tags: nest, beehive, beeswax, bumble, buzz, busy, productivity, honeycomb, keeper, garden, insect, sting, swarm, wasps	icon	icons				
lab:bee	Lucide Lab 实验图标 bee；分类: animals；tags: bumble, buzz, busy, productivity, pollen, pollinate, honey, hive, keeper, garden, insect, antennae, flying, wings, sting, swarm, wasp	icon	icons				
lab:beetle-scarab	Lucide Lab 实验图标 beetle-scarab；分类: animals；tags: bug, wildlife, wings, flying, insect, antennae, ancient, egyptian, heiroglyphic	icon	icons	webgl			
lab:bell-concierge-dot	Lucide Lab 实验图标 bell-concierge-dot；分类: travel, notifications；tags: reception, bellboy, bellhop, porter, service, summon, hospitality, hotel, accommodation, attention, alert, ring, ding, sound, reminder, unread, pending, updates	icon	icons		sound		
lab:bell-concierge-off	Lucide Lab 实验图标 bell-concierge-off；分类: travel, notifications；tags: unstaffed, self-service, self-catering, hospitality, hotel, accommodation, silent, silence, quiet, ignore, forget	icon	icons				
lab:bell-concierge	Lucide Lab 实验图标 bell-concierge；分类: travel, notifications；tags: reception, bellboy, bellhop, porter, service, summon, hospitality, hotel, accommodation, attention, alert, sound, ding, ring, 🛎️；仓库 main 分支有，但 @lucide/lab 0.7.0 尚未发布，无法 import	icon	icons		sound		
lab:belt	Lucide Lab 实验图标 belt；分类: shopping, social, food-beverage；tags: buckle, strap, fasten, fasting, waistline, weight loss, diet, calories, store, clothing, clothes, accessories, apparel, attire, outfit, fashion, leather	icon	icons				
lab:bold-square	Lucide Lab 实验图标 bold-square；分类: text, tools, design, development；tags: emphasis, emphasize, strong, toolbar, formatting, styling, plain text, rich text, rtf, typography, font, sans serif, writing, writer, prose, content, markdown, markup	icon	icons				
lab:bottle-baby	Lucide Lab 实验图标 bottle-baby；分类: people, home, shopping；tags: newborn, children, infant, kids, toddler, mother, mum, family, milk	icon	icons				
lab:bottle-champagne	Lucide Lab 实验图标 bottle-champagne；分类: food-beverage, social；tags: alcohol, drink, glass, bubbly, sparkling, fizzy, bar, party, special occasion, celebration, victory, champion, luxury, nightclub, nightlife, sommelier, restaurant	icon	icons	glass			
lab:bottle-dispenser	Lucide Lab 实验图标 bottle-dispenser；分类: home, travel；tags: toiletries, bathroom, amenities, shower gel, bubble bath, shampoo, conditioner, hand soap, sanitizer, sanitiser, clean, wash	icon	icons				
lab:bottle-perfume	Lucide Lab 实验图标 bottle-perfume；分类: social, travel；tags: parfum, aftershave, aroma, fragrance, smell, scent, special, present, gift, accessories, container, duty free	icon	icons				
lab:bottle-plastic	Lucide Lab 实验图标 bottle-plastic；分类: food-beverage；tags: drink, water, liquid, litres, pints, container, shampoo	icon	icons				
lab:bottle-spray	Lucide Lab 实验图标 bottle-spray；分类: home, travel；tags: cleaning products, toiletries, bathroom, amenities, service, sanitizer, sanitiser	icon	icons				
lab:bottle-toothbrush-comb	Lucide Lab 实验图标 bottle-toothbrush-comb；分类: home, travel；tags: toiletries, bathroom, amenities, shower gel, bubble bath, shampoo, conditioner, toothpaste, tube, clean, wash, brush	icon	icons				
lab:bowl-chopsticks	Lucide Lab 实验图标 bowl-chopsticks；分类: food-beverage, tools；tags: noodles, poke, soup, culinary, cuisine, asian, japanese, chinese, oriental, eastern, brunch, lunch, dinner	icon	icons				
lab:bowl-overflow	Lucide Lab 实验图标 bowl-overflow；分类: food-beverage；tags: spillage, drip, liquid, soup, porridge, gruel, cereal, breakfast, morning, brunch, lunch, dinner, meal, starter, appetizer, appetiser, culinary, cuisine	icon	icons				
lab:bowling	Lucide Lab 实验图标 bowling；分类: sports, gaming；tags: ten-pin, 10 pin, pins, ball, lane, alley, strike, spare, score, indoor sports, heavy	icon	icons				
lab:bra-sports	Lucide Lab 实验图标 bra-sports；分类: shopping, sports, travel；tags: brassiere, breasts, boobs, tops, womens, girls, female, ladies, lingerie, underwear, undergarment, sportswear, exercise, fitness, swimwear, beachwear, bathing constume, summer holiday, store, clothing, clothes, apparel, attire, fashion, thread, cotton, casual	icon	icons				
lab:briefcase-plus	Lucide Lab 实验图标 briefcase-plus；分类: medical, gaming；tags: healthcare, first aid kit, paramedic, medkit, medikit, medpack, medicine, pharmacy, pharmaceutical, add, cross, box	icon	icons				
lab:broom	Lucide Lab 实验图标 broom；分类: tools, home；tags: broomstick, brush, sweep, floor, cleaning, witch, halloween；仓库 main 分支有，但 @lucide/lab 0.7.0 尚未发布，无法 import	icon	icons				
lab:bucket	Lucide Lab 实验图标 bucket；分类: nature, home, tools, travel；tags: handle, container, fill, liquid, water, seaside, summer holiday, beach, sandcastle, sandbox, toys, kids, children, play, gardening, equipment, spade, shovel, catch, fishing, crabs	icon	icons				
lab:bull-head	Lucide Lab 实验图标 bull-head；分类: animals, food-beverage；tags: cow, horns, meat, steak, barbecue, bbq, beef, bovine, rodeo, ranch, farmyard, livestock, cattle, taurus, toro, hoofs, hooved, mammal, 🐮	icon	icons				
lab:burger	Lucide Lab 实验图标 burger；分类: food-beverage；tags: hamburger, cheeseburger, meat, patty, bun, fast food, junk food, takeaway, takeout, snack, dish, restaurant, lunch, meal, savory, savoury, cookery, cooking, grilled, barbecue, barbeque, bbq	icon	icons				
lab:butterfly	Lucide Lab 实验图标 butterfly；分类: animals；tags: wings, flying, wildlife, botanical gardens, nectar, pollen, pollinate, pattern, insect, antennae	icon	icons				
lab:cabin	Lucide Lab 实验图标 cabin；分类: buildings, travel, home；tags: hut, shed, property, real estate, dwellings, living, door, woods, forest, winter holiday, alpine, wilderness, outdoors	icon	icons				
lab:cabinet-filing	Lucide Lab 实验图标 cabinet-filing；分类: furniture, files；tags: nightstand, bedside table, drawers, documents, binders, folders, records, storage, archive, office	icon	icons				
lab:cactus	Lucide Lab 实验图标 cactus；分类: nature, maps；tags: spikes, spines, needles, glochid, plant, desert, botanical, flora	icon	icons				
lab:candle-holder-lit	Lucide Lab 实验图标 candle-holder-lit；分类: home, sustainability, design, development；tags: handle, wax, incense, fragrance, smell, senses, spirituality, meditation, relaxation, wellbeing, romance, romantic evening, valentines day, date, power cut, outage, melting, burning, flame, fire, alight, lighting, daytime, mode, theme, toggle, css	icon	icons				
lab:candle-holder	Lucide Lab 实验图标 candle-holder；分类: home, sustainability, design, development；tags: handle, wax, incense, fragrance, smell, senses, spirituality, meditation, relaxation, wellbeing, romance, romantic evening, valentines day, date, power cut, outage, darkness, night, mode, theme, toggle, css	icon	icons	dark			
lab:candle-tealight-lit	Lucide Lab 实验图标 candle-tealight-lit；分类: home, sustainability, design, development；tags: wax, incense, fragrance, smell, senses, spirituality, meditation, relaxation, wellbeing, romance, romantic evening, valentines day, date, power cut, outage, melting, burning, flame, fire, alight, lighting, daytime, mode, theme, toggle, css	icon	icons				
lab:candle-tealight	Lucide Lab 实验图标 candle-tealight；分类: home, sustainability, design, development；tags: wax, incense, fragrance, smell, senses, spirituality, meditation, relaxation, wellbeing, romance, romantic evening, valentines day, date, power cut, outage, melting, burning, flame, fire, alight, lighting, mode, theme, toggle, css	icon	icons				
lab:candlestick-big-lit	Lucide Lab 实验图标 candlestick-big-lit；分类: home, sustainability, design, development；tags: wax, incense, fragrance, smell, senses, spirituality, meditation, relaxation, wellbeing, romance, romantic evening, valentines day, date, power cut, outage, melting, burning, flame, fire, alight, lighting, daytime, mode, theme, toggle, css	icon	icons				
lab:candlestick-big	Lucide Lab 实验图标 candlestick-big；分类: home, sustainability, design, development；tags: wax, incense, fragrance, smell, senses, spirituality, meditation, relaxation, wellbeing, romance, romantic evening, valentines day, date, birthday cake, power cut, outage, melting, burning, flame, fire, alight, lighting, mode, theme, toggle, css	icon	icons				
lab:candlestick-lit	Lucide Lab 实验图标 candlestick-lit；分类: home, sustainability, design, development；tags: wax, incense, fragrance, smell, senses, spirituality, meditation, relaxation, wellbeing, romance, romantic evening, valentines day, date, power cut, outage, melting, burning, flame, fire, alight, lighting, daytime, mode, theme, toggle, css	icon	icons				
lab:candlestick	Lucide Lab 实验图标 candlestick；分类: home, sustainability, design, development；tags: wax, incense, fragrance, smell, senses, spirituality, meditation, relaxation, wellbeing, romance, romantic evening, valentines day, date, birthday cake, power cut, outage, darkness, night, mode, theme, toggle, css	icon	icons	dark			
lab:card-credit	Lucide Lab 实验图标 card-credit；分类: account, money；tags: atm, cash machine, cash point, withdrawal, debit, visa, mastercard, bank, finance, financial, spending, budget, purchase, payment, cc, shopping, retail, store, mall, consumer, loyalty, points, cashback, transaction	icon	icons				
lab:card-sd	Lucide Lab 实验图标 card-sd；分类: photography, files, multimedia, devices；tags: smartphone, mobile, disk, data, backup, save, read, write, rw, storage, extra, capacity, megabytes, mb, gigabytes, gb, format, flash, drive, digital, camera, photos, pictures, images, raw	icon	icons				
lab:card-sim	Lucide Lab 实验图标 card-sim；分类: connectivity, communication, multimedia, devices；tags: cellphone, smartphone, mobile, network, cellular, service, provider, signal, coverage, disk, data, format, storage, flash, digital, contacts, phone book, contractual, circuit board, chip；仓库 main 分支有，但 @lucide/lab 0.7.0 尚未发布，无法 import	icon	icons				
lab:carton-off	Lucide Lab 实验图标 carton-off；分类: food-beverage；tags: milk, dairy, drink, diet, lactose free, liquid, litres, pints, pasturised, skimmed, container, vegan；仓库 main 分支有，但 @lucide/lab 0.7.0 尚未发布，无法 import	icon	icons				
lab:carton	Lucide Lab 实验图标 carton；分类: food-beverage；tags: milk, dairy, drink, diet, lactose, liquid, litres, pints, pasturised, skimmed, container, cow；仓库 main 分支有，但 @lucide/lab 0.7.0 尚未发布，无法 import	icon	icons				
lab:case-camel	Lucide Lab 实验图标 case-camel；分类: text, development；tags: text, letters, characters, font, typography, ab, string, code	icon	icons				
lab:case-kebab	Lucide Lab 实验图标 case-kebab；分类: text, development；tags: text, letters, characters, font, typography, dash, a-b, ab, string, code	icon	icons				
lab:case-snake-upper	Lucide Lab 实验图标 case-snake-upper；分类: text, development；tags: text, letters, capitals, caps, characters, font, typography, underscore, a_b, ab, constant, string, code	icon	icons				
lab:case-snake	Lucide Lab 实验图标 case-snake；分类: text, development；tags: text, letters, characters, font, typography, underscore, a_b, ab, string, code	icon	icons				
lab:cat-big	Lucide Lab 实验图标 cat-big；分类: animals；tags: tiger, lion, leopard, panther, zoo, safari park, savannah, wildlife, mammal, carnivore, predator, pride, feline, ferocious, roar, 🐯, 🦁	icon	icons				
lab:cauldron	Lucide Lab 实验图标 cauldron；分类: gaming, food-beverage；tags: pot, boiling, heat, hot, soup, potion, brewing, bubbles, spell, curse, witches, wizard, druid, halloween	icon	icons				
lab:cent-circle	Lucide Lab 实验图标 cent-circle；分类: currency, money, shapes；tags: finance, financial, markets, exchange, trader, trading, transaction, payment, coin, cents, dollar, usd, $, ¢	icon	icons				
lab:cent-square	Lucide Lab 实验图标 cent-square；分类: currency, money, shapes；tags: finance, financial, markets, exchange, trader, trading, transaction, payment, cents, dollar, usd, $, ¢, toolbar, button	icon	icons				
lab:cent	Lucide Lab 实验图标 cent；分类: currency, money；tags: finance, financial, markets, exchange, trader, trading, transaction, payment, symbol, cents, dollar, usd, $, ¢	icon	icons				
lab:chairs-table-parasol	Lucide Lab 实验图标 chairs-table-parasol；分类: furniture, home, travel；tags: terrace, balcony, patio, umbrella, shade, seating, garden, outdoor, al fresco, dining	icon	icons				
lab:chairs-table-platter	Lucide Lab 实验图标 chairs-table-platter；分类: food-beverage, furniture, home, travel, maps；tags: restaurant, seating, table service, waiter, waitress, served, dinner, dining, meal, courses, luxury	icon	icons				
lab:chameleon	Lucide Lab 实验图标 chameleon；分类: animals；tags: camouflage, colors, colours, multicolor, multicolour, lizard, reptile, wildlife	icon	icons				
lab:cheese	Lucide Lab 实验图标 cheese；分类: food-beverage；tags: swiss, holes, fondue, emmental, gouda, edam, cheddar, brie, mozzarella, feta, halloumi, gorgonzola, roquefort, camembert, dairy, snack, dish, restaurant, lunch, meal, savory, savoury, cookery, cooking, grilled	icon	icons				
lab:chest	Lucide Lab 实验图标 chest；分类: tools, gaming；tags: trunk, treasure, loot, gold, toybox, toolbox, tool chest, storage, container	icon	icons				
lab:chevrons-left-right-square	Lucide Lab 实验图标 chevrons-left-right-square；分类: text, development；tags: gist, source, programming, html, xml, code, coding；仓库 main 分支有，但 @lucide/lab 0.7.0 尚未发布，无法 import	icon	icons				
lab:chevrons-up-down-square	Lucide Lab 实验图标 chevrons-up-down-square；分类: buildings, travel, arrows, shapes；tags: elevator, lift, floors, levels, hotel, accommodation, expand, unfold, vertical, toolbar, button	icon	icons				
lab:cloth	Lucide Lab 实验图标 cloth；分类: home, shopping, furniture；tags: thread, sewing, stitch, embroidery, waeve, woven, fabric, material, textile, upholstery, cleaning	icon	icons				
lab:coat-hanger	Lucide Lab 实验图标 coat-hanger；分类: home, furniture, travel, maps；tags: clothes, clothing, apparel, attire, wardrobe, dry cleaning, amenities	icon	icons				
lab:cocktail	Lucide Lab 实验图标 cocktail；分类: food-beverage, social；tags: martini, alcohol, spirits, drink, glass, straw, citrus, orange, lemon, lime, bar, lounge, party, nightclub, nightlife	icon	icons	glass			
lab:coconut	Lucide Lab 实验图标 coconut；分类: food-beverage, travel；tags: segments, milk, smoothie, cocktail, piña colada, tropical, beach bar, holiday, vacation, sweet, creamy, snack, ingredient, cooking, cookery, kitchen, cuisine, eating, healthy, nutrition, diet	icon	icons				
lab:coffee-bean	Lucide Lab 实验图标 coffee-bean；分类: food-beverage；tags: roast, ground, blend, arabica, filter, instant, cafetiere, hot, drink, barista, fair trade	icon	icons				
lab:coffeemaker	Lucide Lab 实验图标 coffeemaker；分类: food-beverage, devices；tags: machine, amenities, electronics, appliances, roast, ground, blend, arabica, filter, instant, cafetiere, hot, drink, barista, fair trade	icon	icons				
lab:coins-exchange	Lucide Lab 实验图标 coins-exchange；分类: currency, money；tags: exchange, trader, trading, transaction, swap, finance, financial, markets	icon	icons				
lab:coins-stack	Lucide Lab 实验图标 coins-stack；分类: money, currency, account, shopping, gaming；tags: cash, finance, financial, markets, exchange, trader, trading, transaction, payment, payroll, wages, income, pocket money, allowance, savings, banking, gamble	icon	icons				
lab:copy-code	Lucide Lab 实验图标 copy-code；分类: text, development；tags: clone, duplicate, multiple, codebase, source, raw, snippets, gists	icon	icons				
lab:copy-down	Lucide Lab 实验图标 copy-down；分类: development；tags: read, dictionary, booklet, library, code, version control, git, repository, clone, download all	icon	icons				
lab:copy-file-path	Lucide Lab 实验图标 copy-file-path；分类: files, development, text；tags: relative, location, multiple	icon	icons				
lab:copy-image	Lucide Lab 实验图标 copy-image；分类: photography, text, multimedia, files, social, design, development；tags: clone, duplicate, multiple, images, pictures, photos, album, collection, event, gallery	icon	icons				
lab:copy-text	Lucide Lab 实验图标 copy-text；分类: text；tags: clone, duplicate, multiple, texts, lines, drafts, script, plagiarism	icon	icons				
lab:copy-type	Lucide Lab 实验图标 copy-type；分类: text, tools, design；tags: formatting, styling, rich text, rtf, fonts, font book, typography, collection, slab serif, clone, duplicate, multiple, toolbar, button	icon	icons				
lab:cow-head	Lucide Lab 实验图标 cow-head；分类: animals, food-beverage；tags: milk, dairy, drink, diet, unpasturised, lactose, livestock, cattle, calf, bovine, farmyard, hoofs, hooved, mammal, 🐮, 🐄	icon	icons				
lab:cow-udder-droplets	Lucide Lab 实验图标 cow-udder-droplets；分类: animals, food-beverage；tags: milk, dairy, drink, diet, unpasturised, lactose, livestock, cattle, calf, bovine, farmyard, hoofs, hooved, mammal, 🐄, 🐮	icon	icons				
lab:crab	Lucide Lab 实验图标 crab；分类: animals；tags: crustacean, shell, pinch, snap, crawl, sideways, ocean, marine life, seabed, seaside, summer holiday, beach, sand, water, bucket, fishing, catch, lobster, zodiac, astrology, star sign, cancer, horoscope	icon	icons				
lab:cricket-ball	Lucide Lab 实验图标 cricket-ball；分类: sports, gaming；tags: bowler, batsman, batting, fielder, runs, wicket, innings, overs, score, umpire, spin, catch, bounce, ashes, summer	icon	icons				
lab:cricket-wicket	Lucide Lab 实验图标 cricket-wicket；分类: sports, gaming；tags: bowler, ball, batsman, batting, fielder, runs, innings, overs, out, duck, score, umpire, spin, catch, bounce, ashes, summer	icon	icons				
lab:cross-square	Lucide Lab 实验图标 cross-square；分类: medical, gaming；tags: healthcare, first aid kit, paramedic, medkit, medikit, medpack, medicine, pharmacy, pharmaceutical, add, cross, box	icon	icons				
lab:crosshair-2-dot	Lucide Lab 实验图标 crosshair-2-dot；分类: gaming, cursors；tags: aim, target, scope, sight, reticule	icon	icons		cursor		
lab:crosshair-2	Lucide Lab 实验图标 crosshair-2；分类: gaming, cursors；tags: aim, target, scope, sight, reticule	icon	icons		cursor		
lab:crosshair-plus-dot	Lucide Lab 实验图标 crosshair-plus-dot；分类: gaming, cursors；tags: aim, target, scope, sight, reticule	icon	icons		cursor		
lab:crosshair-plus	Lucide Lab 实验图标 crosshair-plus；分类: gaming, cursors；tags: aim, target, scope, sight, reticule	icon	icons		cursor		
lab:crosshair-square	Lucide Lab 实验图标 crosshair-square；分类: gaming, cursors, photography；tags: aim, target, scope, sight, reticule	icon	icons		cursor		
lab:cup-saucer	Lucide Lab 实验图标 cup-saucer；分类: food-beverage；tags: mug, hot, drink, cafe, tea	icon	icons				
lab:cup-to-go	Lucide Lab 实验图标 cup-to-go；分类: food-beverage；tags: coffee, roast, ground, blend, arabica, filter, instant, cafe, hot, drink, barista, fair trade, packaging, disposable, recycling, cardboard, plastic, take away	icon	icons				
lab:currency-square	Lucide Lab 实验图标 currency-square；分类: currency, money；tags: finance, financial, markets, exchange, trader, trading, transaction, payment, symbol, scarab, toolbar, button, ¤	icon	icons				
lab:desk-lamp	Lucide Lab 实验图标 desk-lamp；分类: furniture, home；tags: office, workstation, table, drawers, household, lighting, ambience, ambiance	icon	icons				
lab:diaper	Lucide Lab 实验图标 diaper；分类: people, home, shopping；tags: nappy, absorbent, potty, newborn, childproof, children, infant, kids, toddler, mother, mum, family	icon	icons				
lab:dishwasher	Lucide Lab 实验图标 dishwasher；分类: home, devices, travel；tags: kitchen, appliances, amenities, electric, cleaning, cycle, plates, glasses, cutlery, utensils	icon	icons	glass			
lab:dollar-sign-circle	Lucide Lab 实验图标 dollar-sign-circle；分类: currency, money, shapes；tags: monetization, marketing, finance, financial, markets, exchange, trader, trading, transaction, payment, coin, usd, $；仓库 main 分支有，但 @lucide/lab 0.7.0 尚未发布，无法 import	icon	icons				
lab:dollar-sign-square	Lucide Lab 实验图标 dollar-sign-square；分类: currency, money, shapes；tags: monetization, marketing, finance, financial, markets, exchange, trader, trading, transaction, payment, usd, $, toolbar, button	icon	icons				
lab:doorbell-intercom	Lucide Lab 实验图标 doorbell-intercom；分类: buildings, home, travel, security；tags: buzzer, speaker, call, service, summon, hospitality, hotel, accommodation, elevator, lift, ring, ding, sound, access, gate	icon	icons		sound		
lab:dress	Lucide Lab 实验图标 dress；分类: shopping, social；tags: skirt, womens, girls, female, ladies, store, sexy, classy, clothing, clothes, apparel, attire, outfit, fashion, formal, fancy, smart, refined, elegant, evening wear, nightlife, club, party, occasion, gathering, wedding, tailored, thread, cotton, staps	icon	icons				
lab:egg-cup	Lucide Lab 实验图标 egg-cup；分类: food-beverage；tags: boiled, soldiers, continental breakfast, brunch, meal, morning	icon	icons				
lab:elephant-face	Lucide Lab 实验图标 elephant-face；分类: animals；tags: mammoth, mastodon, mammal, memory, remember, trunk, tusks, safari, savannah, wildlife, herbivore, herd, calf, dumbo, evernote	icon	icons				
lab:elephant	Lucide Lab 实验图标 elephant；分类: animals；tags: mammoth, mastodon, mammal, memory, remember, trunk, tusks, safari park, savannah, wildlife, herbivore, herd, calf, dumbo, 🐘	icon	icons				
lab:escalator-arrow-down-left	Lucide Lab 实验图标 escalator-arrow-down-left；分类: buildings, travel, arrows；tags: steps, stairs, staircase, conveyor belt, conveyer, ground floor, levels, signage, directions, diagonal	icon	icons				
lab:escalator-arrow-up-right	Lucide Lab 实验图标 escalator-arrow-up-right；分类: buildings, travel, arrows；tags: steps, stairs, staircase, conveyor belt, conveyer, top floor, levels, signage, directions, diagonal	icon	icons				
lab:euro-circle	Lucide Lab 实验图标 euro-circle；分类: currency, money, shapes；tags: monetization, marketing, finance, financial, markets, exchange, trader, trading, transaction, payment, coin, €	icon	icons				
lab:euro-square	Lucide Lab 实验图标 euro-square；分类: currency, money, shapes；tags: monetization, marketing, finance, financial, markets, exchange, trader, trading, transaction, payment, €, toolbar, button	icon	icons				
lab:face-alien	Lucide Lab 实验图标 face-alien；分类: science, emoji, gaming；tags: extraterrestrial, life form, outer space, interplanetary, galactic, universe, area 51, 👽️	icon	icons				
lab:fan-handheld	Lucide Lab 实验图标 fan-handheld；分类: tools, social, design；tags: folding, cooler, airflow, waft, decoration, ornate, oriental, chinese, culture, wisdom, colors, spectrum, range, guide	icon	icons				
lab:farm	Lucide Lab 实验图标 farm；分类: buildings, maps, sustainability, animals, food-beverage；tags: farmland, ranch, acres, fields, harvest, silo, farmhouse, barn, door	icon	icons				
lab:faucet	Lucide Lab 实验图标 faucet；分类: food-beverage, home, maps；tags: tap, spigot, water, drinking, fresh, source, pipes, plumbing, plumber	icon	icons				
lab:feather-plus	Lucide Lab 实验图标 feather-plus；分类: text, social；tags: quill, pen, write, writing, prose, inkwell, scribe, scroll, draft, new, add, +	icon	icons		scroll		
lab:feather-square	Lucide Lab 实验图标 feather-square；分类: text, social, shapes；tags: quill, pen, write, writing, prose, inkwell, scribe, scroll, draft, edit	icon	icons		scroll		
lab:feather-text	Lucide Lab 实验图标 feather-text；分类: text；tags: quill, pen, write, writing, prose, inkwell, scribe, scroll, draft, signature	icon	icons		scroll		
lab:flippers	Lucide Lab 实验图标 flippers；分类: travel, maps；tags: snorkeling, scuba, submerge, freediving, diver, location, spot, gear, equipment, vacation, summer holiday, seaside, beach, marine, ocean, depth, deep, underwater, aquatic, encounter, exploration, tourism	icon	icons				
lab:floor-plan	Lucide Lab 实验图标 floor-plan；分类: buildings；tags: blueprint, property, real estate, house, home, dwelling, living space, rooms, doorway, area, measure, square meter	icon	icons				
lab:floppy-disk-2	Lucide Lab 实验图标 floppy-disk-2；分类: files, devices；tags: format, data, storage, capacity, megabytes, mb, label	icon	icons				
lab:floppy-disk-rear	Lucide Lab 实验图标 floppy-disk-rear；分类: files, devices；tags: format, data, storage, capacity, megabytes, mb, label, back, reverse	icon	icons				
lab:floppy-disk	Lucide Lab 实验图标 floppy-disk；分类: files, devices；tags: format, data, storage, capacity, megabytes, mb, label；仓库 main 分支有，但 @lucide/lab 0.7.0 尚未发布，无法 import	icon	icons				
lab:floppy-disks-2	Lucide Lab 实验图标 floppy-disks-2；分类: files, devices；tags: copy, format, data, storage, capacity, megabytes, mb, label	icon	icons				
lab:floppy-disks-rear	Lucide Lab 实验图标 floppy-disks-rear；分类: files, devices；tags: copy, format, data, storage, capacity, megabytes, mb, label, back, reverse	icon	icons				
lab:floppy-disks	Lucide Lab 实验图标 floppy-disks；分类: files, devices；tags: copy, format, data, storage, capacity, megabytes, mb, label；仓库 main 分支有，但 @lucide/lab 0.7.0 尚未发布，无法 import	icon	icons				
lab:flower-lotus	Lucide Lab 实验图标 flower-lotus；分类: nature, seasons, sustainability；tags: water lily, petals, plant, spring, bloom, blossom, flora, pond, aquatic, sacred, purity, longevity, culture, philosopy, sprituality, meditation, wellbeing, lifestyle	icon	icons				
lab:flower-pot	Lucide Lab 实验图标 flower-pot；分类: nature, seasons, home, gaming；tags: petals, houseplant, stem, spring, bloom, blossom, gardening, botanical, flora, florist	icon	icons				
lab:flower-rose-single	Lucide Lab 实验图标 flower-rose-single；分类: nature, seasons, sustainability, home, social；tags: roses, thorns, petals, plant, stem, leaves, spring, bloom, blossom, gardening, botanical, flora, florist, bouquet, bunch, gift, date, romance, romantic, valentines day, special occasion	icon	icons				
lab:flower-rose	Lucide Lab 实验图标 flower-rose；分类: nature, seasons, sustainability, home, social；tags: roses, thorns, petals, plant, stem, leaves, spring, bloom, blossom, gardening, botanical, flora, florist, bouquet, bunch, gift, date, romance, romantic, valentines day, special occasion	icon	icons				
lab:flower-stem	Lucide Lab 实验图标 flower-stem；分类: nature, seasons, sustainability, home, gaming；tags: petals, plant, leaves, spring, bloom, blossom, gardening, botanical, flora, florist, bouquet, bunch, gift, special occasion；仓库 main 分支有，但 @lucide/lab 0.7.0 尚未发布，无法 import	icon	icons				
lab:flower-tulip	Lucide Lab 实验图标 flower-tulip；分类: nature, seasons, sustainability, home, gaming；tags: petals, plant, stem, leaves, spring, bloom, blossom, gardening, botanical, flora, florist, bouquet, bunch, gift, romantic, special occasion	icon	icons				
lab:football-goal	Lucide Lab 实验图标 football-goal；分类: sports, gaming；tags: american, gridiron, posts, field, score, touchdown, pitch, team	icon	icons				
lab:football-helmet	Lucide Lab 实验图标 football-helmet；分类: sports, gaming；tags: american, gridiron, touchdown, kick, pitch, team, cricket, protective equipment, protection, padding, headgear, goal, score, bounce	icon	icons				
lab:football	Lucide Lab 实验图标 football；分类: sports, gaming；tags: rugby, american, touchdown, kick, pitch, team, goal, score, bounce, super bowl, nfl	icon	icons				
lab:fork-knife-crossed	Lucide Lab 实验图标 fork-knife-crossed；分类: food-beverage, home, tools, travel, maps；tags: utensils, kitchenware, cutlery, culinary, cooking, cookery, cut, slice, eat, restaurant, meal, breakfast, brunch, lunch, dinner, supper；仓库 main 分支有，但 @lucide/lab 0.7.0 尚未发布，无法 import	icon	icons				
lab:fork-knife	Lucide Lab 实验图标 fork-knife；分类: food-beverage, home, tools, travel, maps；tags: utensils, kitchenware, cutlery, culinary, cooking, cookery, cut, slice, eat, restaurant, meal, breakfast, brunch, lunch, dinner, supper；仓库 main 分支有，但 @lucide/lab 0.7.0 尚未发布，无法 import	icon	icons				
lab:fox-face-tail	Lucide Lab 实验图标 fox-face-tail；分类: animals；tags: sly, wily, cunning, canine, mammal, bushy, furry, firefox, 🦊	icon	icons				
lab:frog-face	Lucide Lab 实验图标 frog-face；分类: animals；tags: jump, hop, lilly pad, pond life, aquatic, amphibian, tadpole, 🐸	icon	icons				
lab:fruit	Lucide Lab 实验图标 fruit；分类: food-beverage, gaming, time, devices, home；tags: citrus, orange, grapefruit, lime, tomato, pomodoro technique, productivity, work, egg timer, timing, alarm, alert, olive, pitted, passion fruit, guava, juice, squeeze, smoothie, tropical, sweet, bitter, snack, meal, lunch, ingredient, cooking, cookery, kitchen, cuisine, eating, healthy, nutrition, diet, fruit machine, slots, gambling, jackpot	icon	icons				
lab:garlic	Lucide Lab 实验图标 garlic；分类: food-beverage；tags: flavor, flavour, spice, vegetable, ingredient, cooking, cookery, kitchen, cuisine, eating, nutrition, diet	icon	icons				
lab:gearbox-square	Lucide Lab 实验图标 gearbox-square；分类: sports, gaming；tags: gears, gear lever, gearstick, shift, speed, driving, driver, racing, racer, motor sport, formula one, formula 1, f1, car, vehicle, mechanical, clutch, ratio	icon	icons				
lab:gearbox	Lucide Lab 实验图标 gearbox；分类: sports, gaming；tags: gears, gear lever, gearstick, shift, speed, driving, driver, racing, racer, motor sport, formula one, formula 1, f1, car, vehicle, mechanical, clutch, ratio	icon	icons				
lab:gem-ring	Lucide Lab 实验图标 gem-ring；分类: social；tags: diamond, crystal, ruby, rock, jewellery, price, special, present, gift, wedding, proposal, marriage, accessories	icon	icons				
lab:glasses-square	Lucide Lab 实验图标 glasses-square；分类: accessibility, medical, shopping；tags: spectacles, eyesight, vision, reading, learning, education, academic, books, nerd, geek	icon	icons	glass			
lab:glasses-sun	Lucide Lab 实验图标 glasses-sun；分类: shopping, travel；tags: aviators, shades, sunglasses, summer holiday, seaside, beachwear, vacation, accessories, fashion	icon	icons	glass			
lab:goal-net	Lucide Lab 实验图标 goal-net；分类: sports, gaming；tags: score, football, futbol, soccer, ice hockey, posts, crossbar, kick, pitch, penalty	icon	icons				
lab:goblet-crack	Lucide Lab 实验图标 goblet-crack；分类: food-beverage, social, transportation, mail；tags: glass, chalice, broken, break, smash, fragile, damaged, package, transit, shipping, postage	icon	icons	glass			
lab:goblet	Lucide Lab 实验图标 goblet；分类: food-beverage, social；tags: glass, chalice, alcohol, drink, vineyard, winery, red, white, rose, dry, sparkling, gin & tonic, spirits, cocktail, bar, party, nightclub, nightlife, sommelier, restaurant, dinner, meal	icon	icons	glass			
lab:golf-driver	Lucide Lab 实验图标 golf-driver；分类: sports, gaming；tags: tee off, driving range, sand wedge, pitching wedge, course, hole in one, par, double bogey, birdie, eagle, albatross, handicap, caddie, caddy, bunker, rough	icon	icons				
lab:grapes	Lucide Lab 实验图标 grapes；分类: food-beverage；tags: bunch, wine, vineyard, seedless, blackberry, blackberries, rasberry, rasberries, wild berries, juice, squeeze, smoothie, sweet, snack, meal, lunch, eating, healthy, nutrition, diet, picked, fruit machine, slots, gambling, jackpot；仓库 main 分支有，但 @lucide/lab 0.7.0 尚未发布，无法 import	icon	icons				
lab:grid-lines-offset	Lucide Lab 实验图标 grid-lines-offset；分类: layout, design, tools；tags: guides	icon	icons				
lab:grid-lines	Lucide Lab 实验图标 grid-lines；分类: layout, design, tools, maths, gaming；tags: table, guides, number, pound, tic-tac-toe, noughts and crosses	icon	icons				
lab:hairdryer	Lucide Lab 实验图标 hairdryer；分类: home, travel, devices；tags: hairdrier, hairstyle, hairdresser, salon, styling, heat, amenities, electronics	icon	icons				
lab:hat-baseball	Lucide Lab 实验图标 hat-baseball；分类: shopping, sports；tags: cap, hats, headwear, headgear, mens, boys, store, clothing, clothes, accessories, apparel, attire, fashion	icon	icons				
lab:hat-beanie	Lucide Lab 实验图标 hat-beanie；分类: shopping, seasons；tags: bobble, wooly, woolly, winter, cold, headgear, apparel, fashion	icon	icons				
lab:hat-bowler	Lucide Lab 实验图标 hat-bowler；分类: shopping, social, travel；tags: hats, headwear, headgear, gentleman, mens, boys, store, clothing, clothes, accessories, apparel, attire, outfit, fashion, formal, fancy dress, costume, smart, classic, refined, elegant, evening, black tie event, occasion, gathering, vacation, summer holiday, straw	icon	icons				
lab:hat-chef	Lucide Lab 实验图标 hat-chef；分类: food-beverage；tags: cooking, kitchen, restaurant；仓库 main 分支有，但 @lucide/lab 0.7.0 尚未发布，无法 import	icon	icons				
lab:hat-hard	Lucide Lab 实验图标 hat-hard；分类: tools；tags: helmet, headgear, construction, protective, safety, builder；仓库 main 分支有，但 @lucide/lab 0.7.0 尚未发布，无法 import	icon	icons				
lab:hat-top	Lucide Lab 实验图标 hat-top；分类: shopping, social；tags: hats, headwear, headgear, gentleman, mens, boys, store, clothing, clothes, accessories, apparel, attire, outfit, fashion, formal, fancy dress, costume, smart, classic, refined, elegant, evening, black tie event, occasion, wedding, groom, gathering	icon	icons				
lab:heading-circle	Lucide Lab 实验图标 heading-circle；分类: medical, transportation, shapes；tags: hospital, accident, emergency, helicopter pad, helipad, help	icon	icons				
lab:heading-square	Lucide Lab 实验图标 heading-square；分类: text, tools, design, development, medical, shapes；tags: h1, html, markup, markdown, #, ==, toolbar, formatting, styling, typography, hospital, accident, emergency, help	icon	icons				
lab:hedgehog	Lucide Lab 实验图标 hedgehog；分类: animals；tags: porcupine, prickly, spiny, spiky, spikes, defences, defend, mammal, woodland, garden	icon	icons				
lab:helmet-diving	Lucide Lab 实验图标 helmet-diving；分类: science, travel, maps；tags: submerge, diver, location, spot, gear, equipment, safety, sea, ocean, depth, deep, decompression, pressure, underwater, oxygen, o2, breathe, air, aquatic, encounter, exploration, discovery, observe, view, marine life, shipwreck, tourism	icon	icons		press		
lab:hexagons-3	Lucide Lab 实验图标 hexagons-3；分类: shapes, food-beverage；tags: honeycomb, beeswax, cells, cluster, tessellation, pollen, pollinate	icon	icons				
lab:hexagons-7	Lucide Lab 实验图标 hexagons-7；分类: shapes, food-beverage；tags: honeycomb, beeswax, cells, cluster, tessellation, pollen, pollinate	icon	icons				
lab:high-heel	Lucide Lab 实验图标 high-heel；分类: shopping, social；tags: stiletto, platform, shoe, footwear, womens, girls, female, ladies, store, sexy, classy, clothing, clothes, apparel, attire, outfit, fashion, formal, fancy, refined, dressy, smart, elegant, evening, nightlife, club, party, occasion, gathering, leather	icon	icons				
lab:hockey-mask	Lucide Lab 实验图标 hockey-mask；分类: sports, gaming；tags: ice hockey, puck, goalkeeper, goalie, team, protective equipment, protection, padding, headgear, face, winter sports, horror, scary, scared, halloween, costume	icon	icons				
lab:hockey	Lucide Lab 实验图标 hockey；分类: sports, gaming；tags: stick, ball, goalkeeper, goalie, team, protective equipment, protection, face, winter sports, horror, scary, scared, halloween, costume	icon	icons				
lab:horse-head	Lucide Lab 实验图标 horse-head；分类: animals, gaming；tags: donkey, pony, calf, filly, stallion, steed, mare, mammal, equestrian, horseback, ride, riding, racing, furlong, betting, gambling, 🐴	icon	icons				
lab:hot-dog	Lucide Lab 实验图标 hot-dog；分类: food-beverage；tags: banger, wiener, wurst, jumbo, bun, meat, pork, fast food, junk food, snack, dish, restaurant, lunch, meal, savory, savoury, cookery, cooking, grilled, barbecue, barbeque, bbq	icon	icons				
lab:house-manor	Lucide Lab 实验图标 house-manor；分类: buildings, travel, maps, home；tags: mansion, country, property, real estate, dwellings, living, rooms, door, chimneys, land, acres	icon	icons				
lab:house-off	Lucide Lab 实验图标 house-off；分类: account, home, buildings；tags: property, real estate, dwellings, living, rooms, door, automation, iot, disconnected, disabled, deactivated, unpowered	icon	icons				
lab:house-roof-off	Lucide Lab 实验图标 house-roof-off；分类: account, home, buildings；tags: property, real estate, dwellings, living, rooms, door, automation, iot, disconnected, disabled, deactivated, unpowered	icon	icons				
lab:house-roof	Lucide Lab 实验图标 house-roof；分类: account, home, buildings；tags: property, real estate, dwellings, living, rooms, door, thatch, snow	icon	icons				
lab:house	Lucide Lab 实验图标 house；分类: account, home, buildings；tags: property, real estate, dwellings, living, rooms, door；仓库 main 分支有，但 @lucide/lab 0.7.0 尚未发布，无法 import	icon	icons				
lab:houses	Lucide Lab 实验图标 houses；分类: buildings；tags: homes, property, real estate, dwellings, living, rooms, door；仓库 main 分支有，但 @lucide/lab 0.7.0 尚未发布，无法 import	icon	icons				
lab:ice-hockey	Lucide Lab 实验图标 ice-hockey；分类: sports, gaming；tags: stick, puck, ice rink, skates, team, winter sports	icon	icons				
lab:ice-skate	Lucide Lab 实验图标 ice-skate；分类: sports, seasons；tags: skates, ice rink, figure skating, speed skating, boots, shoes, footwear, winter	icon	icons				
lab:igloo	Lucide Lab 实验图标 igloo；分类: buildings, weather, seasons；tags: ice blocks, cold, freeze, frozen, winter, shelter, dome, eskimo	icon	icons				
lab:indian-rupee-circle	Lucide Lab 实验图标 indian-rupee-circle；分类: currency, money, shapes；tags: finance, financial, markets, exchange, trader, trading, transaction, payment, coin, inr, ₹	icon	icons				
lab:indian-rupee-square	Lucide Lab 实验图标 indian-rupee-square；分类: currency, money, shapes；tags: finance, financial, markets, exchange, trader, trading, transaction, payment, inr, ₹, toolbar, button	icon	icons				
lab:intercom	Lucide Lab 实验图标 intercom；分类: buildings, home, travel, security；tags: buzzer, speaker, voice, call, service, summon, hospitality, hotel, accommodation, sound, access, gate	icon	icons		sound		
lab:iron-off	Lucide Lab 实验图标 iron-off；分类: home, devices；tags: do not iron, warning, instructions, clothes, clothing, apparel, attire	icon	icons				
lab:iron	Lucide Lab 实验图标 iron；分类: home, devices, travel；tags: steam, flatten, straighten, clothes, clothing, apparel, attire, dry cleaning, amenities	icon	icons				
lab:ironing-board	Lucide Lab 实验图标 ironing-board；分类: home, furniture, travel；tags: flatten, straighten, clothes, clothing, apparel, attire, dry cleaning, amenities	icon	icons				
lab:italic-square	Lucide Lab 实验图标 italic-square；分类: text, tools, design, development；tags: oblique, emphasis, emphasize, toolbar, formatting, styling, plain text, rich text, rtf, typography, font, slab serif, writing, writer, prose, content, markdown, markup	icon	icons				
lab:jacket-sports	Lucide Lab 实验图标 jacket-sports；分类: shopping, sports；tags: coat, man, mens, top, store, clothing, clothes, apparel, attire, fashion, thread, leather, casual, regular, warmth, winter, outdoors	icon	icons				
lab:jacket	Lucide Lab 实验图标 jacket；分类: shopping, social；tags: blazer, coat, suit, gentleman, mens, boys, top, store, clothing, clothes, accessories, apparel, attire, outfit, fashion, formal, dressy, dinner, uniform, smart, classic, refined, elegant, evening wear, tuxedo, black tie event, special occasion, wedding, groom, gathering, thread, tailored, regular, slim fit, warmth	icon	icons				
lab:japanese-yen-circle	Lucide Lab 实验图标 japanese-yen-circle；分类: currency, money, shapes；tags: monetization, marketing, finance, financial, markets, exchange, trader, trading, transaction, payment, coin, jpy, ¥	icon	icons				
lab:japanese-yen-square	Lucide Lab 实验图标 japanese-yen-square；分类: currency, money, shapes；tags: monetization, marketing, finance, financial, markets, exchange, trader, trading, transaction, payment, jpy, ¥, toolbar, button	icon	icons				
lab:jar	Lucide Lab 实验图标 jar；分类: food-beverage, text；tags: pot, container, storage, jam, preserve, conserve, honey, marmalade, sweet, sugar, diet, inkwell, glass, kitchenware	icon	icons	glass			
lab:jug	Lucide Lab 实验图标 jug；分类: food-beverage；tags: coffee pot, roast, ground, blend, arabica, filter, cafe, hot, drink, barista, fresh, juice, pour, glass	icon	icons	glass			
lab:kebab	Lucide Lab 实验图标 kebab；分类: food-beverage；tags: shish, skewer, meat, fast food, junk food, snack, meal, savory, savoury, cookery, cooking, grilled, barbecue, barbeque, bbq	icon	icons				
lab:kettle-electric	Lucide Lab 实验图标 kettle-electric；分类: food-beverage, home, devices；tags: heat, boiling, water, steam, drink, tea, coffee, kitchen, appliances	icon	icons				
lab:kettle	Lucide Lab 实验图标 kettle；分类: food-beverage, home, devices；tags: heat, boiling, water, steam, whistle, drink, tea, coffee, kitchen, appliances	icon	icons				
lab:kiwi	Lucide Lab 实验图标 kiwi；分类: food-beverage, gaming；tags: citrus, orange, grapefruit, lemon, lime, segments, juice, squeeze, smoothie, tropical, sweet, snack, meal, lunch, eating, healthy, nutrition, diet, fruit machine, slots, gambling, jackpot	icon	icons				
lab:layout-grid-move-horizontal	Lucide Lab 实验图标 layout-grid-move-horizontal；分类: design, layout, tools, arrows；tags: apps, applications, sorting, ascending, descending, reorder, rearrange, up, down, drag, view	icon	icons		drag		
lab:layout-grid-move-vertical	Lucide Lab 实验图标 layout-grid-move-vertical；分类: design, layout, tools, arrows；tags: apps, applications, sorting, ascending, descending, reorder, rearrange, up, down, drag, view	icon	icons		drag		
lab:layout-grid-plus	Lucide Lab 实验图标 layout-grid-plus；分类: design, layout, tools；tags: apps, applications, add, collection, +	icon	icons				
lab:layout-list-move	Lucide Lab 实验图标 layout-list-move；分类: design, layout, text, tools, arrows；tags: todo, tasks, items, pending, ascending, descending, sorting, reorder, rearrange, up, down, drag, view	icon	icons		drag		
lab:lemon	Lucide Lab 实验图标 lemon；分类: food-beverage, gaming；tags: citrus, lime, juice, squeezy, squeeze, smoothie, bitter, sweet, ingredient, cooking, cookery, kitchen, cuisine, eating, healthy, nutrition, diet, fruit machine, slots, gambling, jackpot	icon	icons				
lab:life-jacket	Lucide Lab 实验图标 life-jacket；分类: accessibility, medical；tags: vest, buoyant, buoyancy, lifeguard, coastguard, sea, ocean, baywatch, beach, help, rescue, inflatable, safety, equipment, emergency	icon	icons				
lab:ligature-square	Lucide Lab 实验图标 ligature-square；分类: text, tools, design, shapes；tags: toolbar, button, formatting, styling, typography, fonts, font book, collection, slab serif, writing, writer, prose, content, alternates, alternatives, variants, variations, fi	icon	icons				
lab:light-switch	Lucide Lab 实验图标 light-switch；分类: devices, connectivity；tags: on, off, electricity, electronics, lights, toggle, binary, boolean, power, outlet, plug	icon	icons				
lab:lingerie	Lucide Lab 实验图标 lingerie；分类: shopping, social, travel；tags: brassiere, breasts, boobs, bottoms, tops, knickers, womens, girls, female, ladies, underwear, swimwear, beachwear, bathing constume, summer holiday, night, evening, elegant, sexy, store, clothing, clothes, apparel, attire, fashion, thread, cotton, lace, fitted	icon	icons				
lab:locate-square	Lucide Lab 实验图标 locate-square；分类: navigation, maps, development, tools, cursors, gaming；tags: gps, location, crosshair, inspector, element, selector, target, box, browser, dom, node, aim, target, scope, sight, reticule	icon	icons		cursor		
lab:luggage-cabin	Lucide Lab 实验图标 luggage-cabin；分类: travel, transportation；tags: baggage, suitcase, wheels, packing, sotrage	icon	icons				
lab:lunch-box	Lucide Lab 实验图标 lunch-box；分类: tools, food-beverage；tags: trunk, toolbox, chest, storage, container, snack, meal, brunch	icon	icons				
lab:mailbox-flag	Lucide Lab 实验图标 mailbox-flag；分类: mail；tags: post, inbox, emails, messages, letters, mailing list, newsletter	icon	icons				
lab:mask-snorkel	Lucide Lab 实验图标 mask-snorkel；分类: travel, maps；tags: scuba, submerge, freediving, diver, location, spot, gear, equipment, vacation, summer holiday, seaside, beach, ocean, depth, deep, underwater, oxygen, o2, breathe, air, aquatic, encounter, exploration, observe, view, fish, marine life, tourism	icon	icons				
lab:meal-box	Lucide Lab 实验图标 meal-box；分类: food-beverage；tags: brunch, lunch, dinner, tray, bento, sushi, noodles, culinary, cuisine, asian, japanese, chinese, oriental, eastern, microwave, ready, frozen, packaging	icon	icons				
lab:mortar-pestle	Lucide Lab 实验图标 mortar-pestle；分类: food-beverage, tools, home；tags: bowl, crush, grind, ingredients, herbs, spices, cooking, cookery, culinary, kitchen, equipment, utensil	icon	icons				
lab:motor-racing-helmet	Lucide Lab 实验图标 motor-racing-helmet；分类: sports, transportation, gaming；tags: driving, driver, racer, formula one, formula 1, f1, car, motorcyle, motorbike, vehicle, safety, protection, headgear, crash	icon	icons				
lab:mug-teabag	Lucide Lab 实验图标 mug-teabag；分类: food-beverage；tags: cup, hot, drink, cafe	icon	icons				
lab:mug	Lucide Lab 实验图标 mug；分类: food-beverage；tags: cup, hot, drink, cafe, tea, barista；仓库 main 分支有，但 @lucide/lab 0.7.0 尚未发布，无法 import	icon	icons				
lab:mustache	Lucide Lab 实验图标 mustache；分类: maps, people, social；tags: moustache, facial hair, hairdresser, barbers, grooming, cut, shave, shop, salon, service	icon	icons				
lab:olive	Lucide Lab 实验图标 olive；分类: food-beverage；tags: grove, extra virgin, oil, ingredient, cooking, cookery, kitchen, cuisine, eating, nutrition, diet, mediterranean, bitter, fruit, cocktail	icon	icons				
lab:onion	Lucide Lab 实验图标 onion；分类: food-beverage；tags: flavor, flavour, vegetable, ingredient, cooking, cookery, kitchen, cuisine, eating, nutrition, diet	icon	icons				
lab:owl	Lucide Lab 实验图标 owl；分类: animals；tags: wise, wisdom, wings, bird, avian, tawny, perch, wildlife, nocturnal, knowledge, learning, education, hoot, 🦉	icon	icons				
lab:pac-man-ghost	Lucide Lab 实验图标 pac-man-ghost；分类: gaming；tags: arcade, classic, retro, phantom, spooky, halloween, costume, sheet	icon	icons				
lab:pac-man	Lucide Lab 实验图标 pac-man；分类: gaming；tags: eat, munch, consume, arcade, classic, retro	icon	icons				
lab:palmtree-island-sun	Lucide Lab 实验图标 palmtree-island-sun；分类: nature, travel；tags: desert island, summer holiday, vacation, retreat, relax, leisure, tropical, beach, resort, exotic, stranded, castaway, isolated, isolation；仓库 main 分支有，但 @lucide/lab 0.7.0 尚未发布，无法 import	icon	icons				
lab:pancakes	Lucide Lab 实验图标 pancakes；分类: food-beverage；tags: shrove tuesday, maple syrup, dripping, fast food, junk food, snack, sweet, dish, restaurant, breakfast, brunch, dessert, meal, cookery, cooking	icon	icons				
lab:peace	Lucide Lab 实验图标 peace；分类: social, sustainability；tags: harmony, symbol, unity, quiet, calm, rest, tranquility, sprituality, meditation, wellbeing, lifestyle, culture, philosopy, freedom, hippy, hippie, 1960s	icon	icons				
lab:peach	Lucide Lab 实验图标 peach；分类: food-beverage；tags: fruit, nectarine, apricot, plum, damson, cherry, juice, smoothie, jam, conserve, preserve, sweet, snack, meal, lunch, eating, healthy, nutrition, diet	icon	icons				
lab:pear	Lucide Lab 实验图标 pear；分类: food-beverage, shapes；tags: fruit, snack, meal, lunch, eating, healthy, nutrition, diet	icon	icons				
lab:penguin	Lucide Lab 实验图标 penguin；分类: animals, development；tags: pingu, bird, arctic, aquatic, flightless, linux	icon	icons				
lab:pepper-chilli	Lucide Lab 实验图标 pepper-chilli；分类: food-beverage；tags: chili, chile, hot, spicy, spice, flavor, flavour, vegetable, ingredient, cooking, cookery, kitchen, cuisine, culinary, eating, nutrition, diet	icon	icons				
lab:pie	Lucide Lab 实验图标 pie；分类: food-beverage；tags: tart, quiche, patty, flan, strudel, bakery, pastry, homemade, hot, steaming, cookery, oven	icon	icons				
lab:pig-head	Lucide Lab 实验图标 pig-head；分类: animals, food-beverage；tags: piggy, piglet, hog, boar, swine, snout, trough, greedy, farmyard, sty, mud, meat, pork, bacon, butcher, hoofs, hooved, mammal, 🐖, 🐷, 🐽	icon	icons				
lab:pig	Lucide Lab 实验图标 pig；分类: animals, food-beverage；tags: piggy, piglet, hog, boar, swine, snout, trough, greedy, farmyard, sty, mud, meat, pork, bacon, butcher, hoofs, hooved, mammal, 🐖, 🐷, 🐽	icon	icons				
lab:pillow	Lucide Lab 实验图标 pillow；分类: home, furniture, travel；tags: pillowcase, extra, bedding, cushion, headrest, sheets, soft, support, sleep, rest	icon	icons				
lab:pin-safety-open	Lucide Lab 实验图标 pin-safety-open；分类: people, security, account, home, shopping；tags: unsafe, unsecured, unpinned, unfastened, loose, off, baby, newborn, childproof, children, infant, kids, toddler, mother, mum, family	icon	icons				
lab:pin-safety	Lucide Lab 实验图标 pin-safety；分类: people, security, account, home, shopping；tags: pinned, secured, fastened, fixed, baby, newborn, childproof, children, infant, kids, toddler, mother, mum, family	icon	icons				
lab:pineapple-ring	Lucide Lab 实验图标 pineapple-ring；分类: food-beverage；tags: segments, chunks, canned fruit, tinned fruit, juice, smoothie, cocktail, piña colada, tropical, sweet, snack, meal, lunch, eating, healthy, nutrition, diet	icon	icons				
lab:planet	Lucide Lab 实验图标 planet；分类: account, social, shapes, multimedia, weather, emoji, gaming, science；tags: ringed, orbit, saturn, interplanetary, space, galaxy, universe, astro, 🪐	icon	icons				
lab:pond	Lucide Lab 实验图标 pond；分类: nature, sustainability, maps；tags: marsh, bog, pool, lake, lily pads, water lillies, lotus flowers, leaves, reeds, plants, aquatic, preserve, wildlife, flora	icon	icons				
lab:pound-sterling-circle	Lucide Lab 实验图标 pound-sterling-circle；分类: currency, money, shapes；tags: finance, financial, markets, exchange, trader, trading, transaction, payment, coin, british, gbp, £	icon	icons				
lab:pound-sterling-square	Lucide Lab 实验图标 pound-sterling-square；分类: currency, money, shapes；tags: finance, financial, markets, exchange, trader, trading, transaction, payment, british, gbp, £, toolbar, button	icon	icons				
lab:pram	Lucide Lab 实验图标 pram；分类: transportation, people；tags: baby, newborn, children, infant, kids, toddler, mother, mum, family, buggy, stroller, pushchair, wheels	icon	icons				
lab:pretzel	Lucide Lab 实验图标 pretzel；分类: food-beverage；tags: bakery, cooking, food, pastry	icon	icons				
lab:pumpkin	Lucide Lab 实验图标 pumpkin；分类: food-beverage；tags: halloween, horror, creepy, spooky, frightening, fruit, spice	icon	icons				
lab:razor-blade	Lucide Lab 实验图标 razor-blade；分类: home, travel, tools；tags: cut, slice, shaving, shave, trim, style, edge, beard, stubble, mens, grooming, toiletries, bathroom, amenities	icon	icons				
lab:razor	Lucide Lab 实验图标 razor；分类: home, travel, tools；tags: shaving, shaver, trimmer, styler, edger, beard, stubble, mens, grooming, toiletries, bathroom, amenities	icon	icons				
lab:reel-thread	Lucide Lab 实验图标 reel-thread；分类: home, tools, social；tags: needle, sewing, stitch, embroidery, waeve, woven, fabric, material, cloth, cotton, textile, string, unravel, unroll	icon	icons				
lab:refrigerator-freezer	Lucide Lab 实验图标 refrigerator-freezer；分类: food-beverage, home；tags: fridge, freezer, cooler, icebox, chiller, cold storage, appliances	icon	icons				
lab:remove-formatting-square	Lucide Lab 实验图标 remove-formatting-square；分类: text, tools, design, development；tags: delete, clear, cancel, normalise, normalize, styling, plain text, font, typography, slab serif, writing, writer, prose, content, markdown, markup, x, times	icon	icons				
lab:rugby	Lucide Lab 实验图标 rugby；分类: sports, gaming；tags: goal, score, posts, kicker, pitch, team, scrum, ruck, ball	icon	icons				
lab:russian-ruble-circle	Lucide Lab 实验图标 russian-ruble-circle；分类: currency, money, shapes；tags: finance, financial, markets, exchange, trader, trading, transaction, payment, coin, rub, ₽	icon	icons				
lab:russian-ruble-square	Lucide Lab 实验图标 russian-ruble-square；分类: currency, money, shapes；tags: finance, financial, markets, exchange, trader, trading, transaction, payment, rub, ₽, toolbar, button	icon	icons				
lab:sausage	Lucide Lab 实验图标 sausage；分类: food-beverage；tags: banger, wiener, wurst, hot dog, jumbo, chorizo, meat, pork, fast food, junk food, snack, dish, restaurant, lunch, meal, savory, savoury, cookery, cooking, grilled, barbecue, barbeque, bbq	icon	icons				
lab:scarf	Lucide Lab 实验图标 scarf；分类: shopping, seasons；tags: wooly, woolly, winter, cold, neckwear, apparel, fashion, knitting	icon	icons				
lab:scissors-hair-comb	Lucide Lab 实验图标 scissors-hair-comb；分类: maps, tools, people, social；tags: hairdresser, grooming, cut, chop, snip, shave, shop, salon, service	icon	icons				
lab:shark	Lucide Lab 实验图标 shark；分类: animals, travel；tags: pectoral, fishing, infested, waters, warning, danger, alert, jaws, attack, aquatic, encounter, marine life, tourism, seaside, beach, ocean, depth, deep	icon	icons				
lab:shave-face	Lucide Lab 实验图标 shave-face；分类: home, travel, connectivity, devices, tools；tags: shavers only, electric, electronics, socket, plug, razor, beard, stubble, mens, grooming, toiletries, bathroom, amenities	icon	icons				
lab:shirt-folded-buttons	Lucide Lab 实验图标 shirt-folded-buttons；分类: shopping；tags: ironed, pressed, top, henley, store, clothing, clothes, apparel, attire, fashion, formal, dressy, smart, occasion, gathering, dinner, restaurant, waiter, uniform, office wear, work, thread, cotton, slim fit, regular, basics	icon	icons		press		
lab:shirt-long-sleeve	Lucide Lab 实验图标 shirt-long-sleeve；分类: shopping；tags: jersey, top, store, clothing, clothes, apparel, attire, fashion, thread, cotton, casual, slim fit, regular, basics, undergarment, layer	icon	icons				
lab:shirt-t-ruler	Lucide Lab 实验图标 shirt-t-ruler；分类: shopping；tags: fit, sizes, sizing, measurements, tailored, t-shirt, jersey, store, clothing, clothes, apparel, attire, fashion, casual, slim, regular	icon	icons				
lab:shirt-t-v-neck	Lucide Lab 实验图标 shirt-t-v-neck；分类: shopping；tags: jersey, t-shirt, top, store, clothing, clothes, apparel, attire, fashion, thread, cotton, casual, slim fit, regular, basics, undergarment, layer	icon	icons				
lab:shirt-t	Lucide Lab 实验图标 shirt-t；分类: shopping；tags: jersey, t-shirt, top, store, clothing, clothes, apparel, attire, fashion, thread, cotton, casual, slim fit, regular, basics；仓库 main 分支有，但 @lucide/lab 0.7.0 尚未发布，无法 import	icon	icons				
lab:shorts-boxer	Lucide Lab 实验图标 shorts-boxer；分类: shopping；tags: boxers, briefs, underpants, trunks, underwear, mens, boys, bottoms, store, clothing, clothes, apparel, attire, fashion, thread, cotton, casual, slim fit, regular	icon	icons				
lab:shorts	Lucide Lab 实验图标 shorts；分类: shopping；tags: chino, cargo, denim, beachwear, bottoms, store, clothing, clothes, apparel, attire, fashion, thread, cotton, casual, slim fit, regular	icon	icons				
lab:shovel-dig	Lucide Lab 实验图标 shovel-dig；分类: nature, home, tools, travel, gaming；tags: spade, gardening, equipment, soil, dirt, dig, excavate, bury, buried, treasure, seaside, summer holiday, beach, sandcastle, sandbox, toys, kids, children, play, bucket	icon	icons				
lab:shower	Lucide Lab 实验图标 shower；分类: home, travel；tags: bathroom, amenities, services, steam, clean, wash	icon	icons				
lab:skirt	Lucide Lab 实验图标 skirt；分类: shopping；tags: dress, bottom, womens, girls, female, ladies, store, sexy, classy, clothing, clothes, apparel, attire, outfit, fashion, formal, smart, elegant, nightlife, club, party, occasion, gathering, thread, cotton	icon	icons				
lab:skis	Lucide Lab 实验图标 skis；分类: sports, seasons；tags: skiing, poles, slope, slalom, winter holiday, vacation, trip, snow, equipment	icon	icons				
lab:slot-card-credit	Lucide Lab 实验图标 slot-card-credit；分类: account, money, devices；tags: debit, visa, mastercard, bank, atm, cash machine, cash point, withdrawal, finance, financial, spending, budget, purchase, payment, cc, shopping, retail, store, mall, consumer, loyalty, points, cashback, transaction, instructions, port, input, insert, slide, push	icon	icons				
lab:slot-card	Lucide Lab 实验图标 slot-card；分类: multimedia, files, devices, photography；tags: sd, sim, data, format, floppy disk, save, storage, flash, drive, digital, smartphone, mobile, instructions, port, input, insert, slide, push	icon	icons				
lab:slot-disc	Lucide Lab 实验图标 slot-disc；分类: multimedia, devices, files；tags: data, backup, save, storage, capacity, megabytes, mb, gigabytes, gb, format, digital, read, write, rw, cd, dvd, minidisc, drive, tray, walkman, player, playback, listen, audio, music, instructions, port, input, insert, slide, push	icon	icons				
lab:sneaker	Lucide Lab 实验图标 sneaker；分类: shopping, sports；tags: trainer, shoe, footwear, store, clothing, clothes, apparel, attire, outfit, fashion, casual, exercise, running, jogging	icon	icons				
lab:snowboard	Lucide Lab 实验图标 snowboard；分类: sports, seasons；tags: slope, winter holiday, vacation, trip, equipment	icon	icons				
lab:snowman	Lucide Lab 实验图标 snowman；分类: weather, seasons；tags: cold, freeze, frozen, winter	icon	icons				
lab:soap-bar	Lucide Lab 实验图标 soap-bar；分类: home, travel；tags: toiletries, amenities, bathroom, shower, clean, wash, lather, bubbles	icon	icons				
lab:soccer-ball	Lucide Lab 实验图标 soccer-ball；分类: sports, gaming；tags: football, futbol, kick, pitch, goal, score, bounce	icon	icons				
lab:soccer-pitch	Lucide Lab 实验图标 soccer-pitch；分类: sports, gaming；tags: football, field, stadium, ground, surface, grass, futbol, kick, goal, score, bounce	icon	icons				
lab:socket-eu	Lucide Lab 实验图标 socket-eu；分类: devices, connectivity, travel, tools；tags: electricity, electronics, outlet, plug, european, two pin, 2 pin	icon	icons				
lab:socket-uk	Lucide Lab 实验图标 socket-uk；分类: devices, connectivity, travel, tools；tags: electricity, electronics, outlet, plug, united kingdom, great britain, england, three pin, 3 pin	icon	icons	webgl			
lab:socket-usa	Lucide Lab 实验图标 socket-usa；分类: devices, connectivity, travel, tools；tags: electricity, electronics, outlet, plug, united states, american, two pin, 2 pin	icon	icons				
lab:socks	Lucide Lab 实验图标 socks；分类: shopping；tags: feet, foot, underwear, undergarment, store, clothing, clothes, apparel, attire, fashion, thread, cotton	icon	icons				
lab:spider-web	Lucide Lab 实验图标 spider-web；分类: nature, animals；tags: silk, weave, insects, arachnids, arachnophobia, fear, frightening, horror, halloween, creepy, lair, trap, entangle	icon	icons				
lab:spider	Lucide Lab 实验图标 spider；分类: animals；tags: silk, web, weave, insect, bite, fangs, venom, poison, arachnid, arachnophobia, fear, frightening, horror, halloween, creepy	icon	icons				
lab:stairs-arch	Lucide Lab 实验图标 stairs-arch；分类: buildings；tags: steps, staircase, stairway, basement, cellar, amenities	icon	icons				
lab:stairs-arrow-down-left	Lucide Lab 实验图标 stairs-arrow-down-left；分类: buildings, travel, home, arrows；tags: steps, stairwell, staircase, basement access, ground floor, levels, hotel, accommodation, emergency exit, safety, signage, directions, diagonal	icon	icons				
lab:stairs-arrow-up-right	Lucide Lab 实验图标 stairs-arrow-up-right；分类: buildings, travel, home, arrows；tags: steps, stairwell, staircase, rooftop access, top floor, penthouse suite, levels, hotel, accommodation, emergency exit, safety, signage, directions, diagonal	icon	icons				
lab:stairs	Lucide Lab 实验图标 stairs；分类: buildings；tags: steps, staircase, stairway	icon	icons				
lab:star-north	Lucide Lab 实验图标 star-north；分类: navigation, science；tags: guide, directions, dark, night, sky, twinkle, sparkle, shine, planet, space, galaxy, universe, astro	icon	icons	dark			
lab:steering-wheel	Lucide Lab 实验图标 steering-wheel；分类: sports, transportation, gaming；tags: driving, driver, racing, racer, motor sport, formula one, formula 1, f1, car, vehicle, direction	icon	icons				
lab:strawberry	Lucide Lab 实验图标 strawberry；分类: food-beverage；tags: fruit, berries, smoothie, sweet, snack, meal, lunch, jam, conserve, preserve, eating, healthy, nutrition, diet	icon	icons				
lab:strikethrough-square	Lucide Lab 实验图标 strikethrough-square；分类: text, tools, design, development；tags: correction, cross out, redacted, delete, remove, toolbar, formatting, styling, plain text, rich text, rtf, typography, font, sans serif, writing, writer, prose, content, markdown, markup	icon	icons				
lab:stroller	Lucide Lab 实验图标 stroller；分类: transportation, people；tags: baby, newborn, children, infant, kids, toddler, mother, mum, family, buggy, pram, pushchair, wheels	icon	icons				
lab:sunlounger-parasol-sun-palmtree	Lucide Lab 实验图标 sunlounger-parasol-sun-palmtree；分类: travel；tags: shade, sunbathing, summer holiday, vacation, retreat, relax, leisure, tropical, island, beach, resort, exotic；仓库 main 分支有，但 @lucide/lab 0.7.0 尚未发布，无法 import	icon	icons				
lab:sunlounger-parasol-sun	Lucide Lab 实验图标 sunlounger-parasol-sun；分类: travel；tags: shade, sunbathing, summer holiday, vacation, retreat, relax, leisure, tropical, island, beach, resort, exotic	icon	icons				
lab:sunlounger-parasol-table	Lucide Lab 实验图标 sunlounger-parasol-table；分类: travel；tags: shade, sunbathing, summer holiday, vacation, retreat, relax, leisure, tropical, island, beach, resort, exotic	icon	icons				
lab:surfboard	Lucide Lab 实验图标 surfboard；分类: travel, sports, gaming；tags: bodyboard, surfer, summer holiday, seaside, beach, waves, wind, tidal, tide, ocean, baywatch, lifesaver, lifeguard, coastguard, equipment, emergency, rescue	icon	icons				
lab:sushi-2	Lucide Lab 实验图标 sushi-2；分类: food-beverage；tags: rice, raw fish, nori, seaweed, kale, snack, brunch, lunch, dinner, culinary, cuisine, asian, japanese, chinese, oriental, eastern	icon	icons				
lab:sushi-3	Lucide Lab 实验图标 sushi-3；分类: food-beverage；tags: rice, raw fish, salmon, tuna, snack, brunch, lunch, dinner, culinary, cuisine, asian, japanese, chinese, oriental, eastern	icon	icons				
lab:sushi-chopsticks	Lucide Lab 实验图标 sushi-chopsticks；分类: food-beverage, tools；tags: rice, raw fish, nori, seaweed, kale, snack, brunch, lunch, dinner, culinary, cuisine, asian, japanese, chinese, oriental, eastern	icon	icons				
lab:sushi	Lucide Lab 实验图标 sushi；分类: food-beverage；tags: rice, raw fish, nori, seaweed, kale, snack, brunch, lunch, dinner, culinary, cuisine, asian, japanese, chinese, oriental, eastern	icon	icons				
lab:sweater	Lucide Lab 实验图标 sweater；分类: shopping, social, seasons；tags: jumper, jersey, pullover, warmth, winter, christmas, xmas, thanksgiving, occasion, gathering	icon	icons				
lab:swiss-franc-circle	Lucide Lab 实验图标 swiss-franc-circle；分类: currency, money, shapes；tags: monetization, marketing, finance, financial, markets, exchange, trader, trading, transaction, payment, coin, chf, ₣	icon	icons				
lab:swiss-franc-square	Lucide Lab 实验图标 swiss-franc-square；分类: currency, money, shapes；tags: monetization, marketing, finance, financial, markets, exchange, trader, trading, transaction, payment, chf, ₣, toolbar, button	icon	icons				
lab:tab-arrow-down	Lucide Lab 实验图标 tab-arrow-down；分类: layout；tags: tab, save, session, download	icon	icons				
lab:tab-arrow-up-right	Lucide Lab 实验图标 tab-arrow-up-right；分类: layout, social；tags: tab, new, open, external, share	icon	icons				
lab:tab-check	Lucide Lab 实验图标 tab-check；分类: layout, social, development；tags: ballot, poll, referendum, political, governance, government, democracy, democratic, social, decision, decide, yes, aye, counted, confirm, tick, right, correct, confident, confidence, passed, output, result, log；仓库 main 分支有，但 @lucide/lab 0.7.0 尚未发布，无法 import	icon	icons				
lab:tab-dot	Lucide Lab 实验图标 tab-dot；分类: layout；tags: tab, unsaved, unread	icon	icons				
lab:tab-plus	Lucide Lab 实验图标 tab-plus；分类: layout；tags: tab, new, open, add, restore, +	icon	icons				
lab:tab-slash	Lucide Lab 实验图标 tab-slash；分类: layout, social, development；tags: ballot, vote, poll, referendum, political, governance, government, democracy, democratic, social, decision, decide, spoiled, protest, no confidence, discounted, disqualify, reject, none, output, log, or, /	icon	icons				
lab:tab-text	Lucide Lab 实验图标 tab-text；分类: layout, social, development, text；tags: ballot, vote, poll, referendum, political, governance, government, democracy, democratic, social, manifesto, pledge, decision, decide, printout, punched card, fax, paper, leaflet, pamphlet, instructions, office, output, result, log	icon	icons				
lab:tab-x	Lucide Lab 实验图标 tab-x；分类: layout, social, development；tags: ballot, vote, poll, referendum, political, governance, government, democracy, democratic, social, decision, decide, no, reject, spoiled, cross, incorrect, no confidence, wrong, error, output, result, log, close, remove, cancel	icon	icons				
lab:tab	Lucide Lab 实验图标 tab；分类: layout, social, development；tags: ballot, vote, poll, referendum, political, governance, government, democracy, democratic, social, decision, decide, undecided, unsure, printout, punched card, fax, paper, office, output, result, log, blank, clear	icon	icons				
lab:target-arrow	Lucide Lab 实验图标 target-arrow；分类: sports, gaming；tags: archery, crossbow, bullseye, hit, range	icon	icons				
lab:tennis-ball	Lucide Lab 实验图标 tennis-ball；分类: sports, gaming；tags: court, racquet, racket, net, deuce, love, bounce	icon	icons				
lab:tennis-racket	Lucide Lab 实验图标 tennis-racket；分类: sports, gaming；tags: court, racquet, net, deuce, love, bounce	icon	icons				
lab:text-square	Lucide Lab 实验图标 text-square；分类: text, development；tags: note, log, document, page, paper, sheet, list, script, code, editor；仓库 main 分支有，但 @lucide/lab 0.7.0 尚未发布，无法 import	icon	icons				
lab:tie-bow-ribbon	Lucide Lab 实验图标 tie-bow-ribbon；分类: shopping, social；tags: gift, present, party, birthday, box, decoration, neckwear, female, girls, kids, children, toys, doll, accessories, apparel	icon	icons				
lab:tie-bow	Lucide Lab 实验图标 tie-bow；分类: shopping, social；tags: neckwear, gentleman, mens, boys, store, clothing, clothes, accessories, apparel, attire, outfit, fashion, formal, fancy, dressy, smart, classic, refined, elegant, evening, black tie event, occasion, tuxedo, wedding, groom, gathering, dinner, restaurant, waiter, uniform, service, serve	icon	icons				
lab:tie	Lucide Lab 实验图标 tie；分类: shopping, social；tags: neckwear, gentleman, mens, boys, store, clothing, clothes, accessories, apparel, attire, outfit, fashion, formal, fancy, dressy, smart, classic, refined, elegant, evening, black tie event, occasion, gathering, dinner, restaurant, waiter, uniform, service, serve	icon	icons				
lab:tire	Lucide Lab 实验图标 tire；分类: transportation, maps；tags: tyre, wheel, hubcap, rubber, trim, automobile, vehicle, rim, axle	icon	icons				
lab:toast	Lucide Lab 实验图标 toast；分类: food-beverage；tags: bread, butter, spread, jam, conserve, preserve, marmalade, continental breakfast, brunch, meal, morning	icon	icons				
lab:toaster	Lucide Lab 实验图标 toaster；分类: food-beverage, home, devices；tags: heat, burnt, bread, breakfast, morning, kitchen, appliances, amenities, electric	icon	icons				
lab:toilet-roll	Lucide Lab 实验图标 toilet-roll；分类: home, travel；tags: paper, sheets, lavatory, latrine, loo, bog, poo, privy, bathroom, toiletries, sanitation, clean, hospitality, housekeeping, room service, amenities, unravel, perforated, dashed	icon	icons				
lab:toolbox-2	Lucide Lab 实验图标 toolbox-2；分类: tools, home；tags: tools, trunk, chest, storage, utility, utilities, container, kit, set	icon	icons				
lab:toolbox	Lucide Lab 实验图标 toolbox；分类: tools, home；tags: tools, trunk, chest, storage, utility, utilities, container, kit, set；仓库 main 分支有，但 @lucide/lab 0.7.0 尚未发布，无法 import	icon	icons				
lab:top-crop	Lucide Lab 实验图标 top-crop；分类: shopping, sports；tags: brassiere, breasts, boobs, tops, womens, girls, female, ladies, sportswear, exercise, fitness, store, clothing, clothes, apparel, attire, fashion, thread, cotton, casual	icon	icons				
lab:towel-folded	Lucide Lab 实验图标 towel-folded；分类: home, travel；tags: towels, flannel, bathroom, toiletries, sanitation, sheets, bedding, clean, fresh, dry, laundry, laundrette, hospitality, housekeeping, room service, robe, spa break, health club, amenities	icon	icons				
lab:towel-rack	Lucide Lab 实验图标 towel-rack；分类: home, travel；tags: flannel, bathroom, toiletries, sanitation, clean, fresh, dry, laundry, laundrette, hospitality, housekeeping, room service, spa break, health club, amenities, hanging；仓库 main 分支有，但 @lucide/lab 0.7.0 尚未发布，无法 import	icon	icons				
lab:trees-forest	Lucide Lab 实验图标 trees-forest；分类: nature, seasons, sustainability, maps；tags: evergreen, forest, woodland, park, preserve, lumber, logging, outdoors, wildlife, habitat, botanical, flora	icon	icons				
lab:triangle-stripes	Lucide Lab 实验图标 triangle-stripes；分类: social, sustainability, shapes；tags: equilateral, delta, shape, pyramid, levels, structure, hierarchy, maslow, needs, wellbeing	icon	icons				
lab:trousers	Lucide Lab 实验图标 trousers；分类: shopping；tags: jeans, denim, corduroy, chinos, cargo, pants, bottoms, store, clothing, clothes, apparel, attire, fashion, thread, cotton, casual, slim fit, skinny, regular	icon	icons				
lab:tuxedo	Lucide Lab 实验图标 tuxedo；分类: shopping, social；tags: blazer, buttons, shirt, suit, gentleman, mens, boys, top, store, clothing, clothes, accessories, apparel, attire, outfit, fashion, formal, dressy, dinner, restaurant, waiter, uniform, smart, classic, refined, elegant, evening wear, black tie event, special occasion, wedding, groom, gathering, thread, tailored, regular, slim fit, service, serve	icon	icons				
lab:type-square	Lucide Lab 实验图标 type-square；分类: text, tools, design, development；tags: toolbar, formatting, styling, plain text, rich text, rtf, typography, fonts, font book, collection, slab serif, writing, writer, prose, content, markdown, markup	icon	icons				
lab:ufo	Lucide Lab 实验图标 ufo；分类: science, transportation, gaming；tags: unidentified flying object, flying saucer, spaceship, spacecraft, aliens, extraterrestrial, abduction, beam, crop circles, area 51, outer space, lightyears, interstellar travel, interplanetary, galactic, universe, explore, stars	icon	icons				
lab:underline-square	Lucide Lab 实验图标 underline-square；分类: text, tools, design, development；tags: highlight, emphasis, emphasize, toolbar, formatting, styling, plain text, rich text, rtf, typography, font, sans serif, writing, writer, prose, content, markdown, markup	icon	icons				
lab:unicorn-head	Lucide Lab 实验图标 unicorn-head；分类: animals, gaming；tags: rare, unique, horn, fairy tale, nursery, story, fictional, imaginary, imagination, 🦄	icon	icons				
lab:venn	Lucide Lab 实验图标 venn；分类: design, charts；tags: venn diagram, overlap, compare, common, blend mode, opacity, transparency	icon	icons				
lab:vest	Lucide Lab 实验图标 vest；分类: shopping, sports, travel；tags: underwear, undergarment, mens, boys, top, waistcoat, sleeveless, sportswear, exercise, fitness, summer holiday, beachwear, bathing, seaside, store, clothing, clothes, apparel, attire, fashion, thread, cotton, casual, slim fit, regular	icon	icons				
lab:volleyball	Lucide Lab 实验图标 volleyball；分类: sports, gaming, travel, home；tags: beach, sand, net, holiday, vacation, summer, soccer, football, futbol, kick, pitch, goal, score, bounce, leather, wool, yarn, knitting, sewing, thread, embroidery, textile；仓库 main 分支有，但 @lucide/lab 0.7.0 尚未发布，无法 import	icon	icons				
lab:waffle	Lucide Lab 实验图标 waffle；分类: food-beverage；tags: syrup, fast food, junk food, snack, sweet, dish, restaurant, breakfast, brunch, dessert, meal, cookery, cooking	icon	icons				
lab:wardrobe	Lucide Lab 实验图标 wardrobe；分类: furniture；tags: closet, cupboard, shelves, drawer, storage, clothes, clothing, apparel	icon	icons				
lab:watch-activity	Lucide Lab 实验图标 watch-activity；分类: time, devices, sports, medical；tags: clock, wearable, wrist, strap, face, digital, touchscreen, smart, gadget, technology, mobile, pulse, levels, heart rate monitor, vital signs, vitals, health, exercise, fitness, running, jogging, tracking, action, motion, movement, audio, waveform, sound	icon	icons		sound		
lab:watch-alarm	Lucide Lab 实验图标 watch-alarm；分类: time, devices；tags: beep, ring, clock, timer, stopwatch, alarm, alert, wear, wrist, strap, face, mechanical, analog, analogue, round, circle	icon	icons				
lab:watch-bars	Lucide Lab 实验图标 watch-bars；分类: time, devices, sports；tags: clock, wearable, wrist, strap, face, digital, touchscreen, smart, gadget, mobile, levels, chart, statistics, tracking, monitor, activity, exercise, fitness, running, jogging, audio, waveform, sound, vertical	icon	icons		sound		
lab:watch-charging	Lucide Lab 实验图标 watch-charging；分类: time, devices；tags: clock, wearable, wrist, strap, face, digital, touchscreen, smart, gadget, technology, mobile, battery, recharge, power, energy, zap	icon	icons				
lab:watch-check	Lucide Lab 实验图标 watch-check；分类: time, devices, notifications；tags: clock, wearable, wrist, strap, face, digital, touchscreen, smart, gadget, technology, mobile, done, todo, tick, complete, task	icon	icons				
lab:watch-loader	Lucide Lab 实验图标 watch-loader；分类: time, devices；tags: polar, clock, wearable, wrist, strap, face, digital, touchscreen, smart, gadget, technology, mobile, loading, wait, busy, progress, spinner, spinning, throbber	icon	icons				
lab:watch-music	Lucide Lab 实验图标 watch-music；分类: time, devices, multimedia；tags: clock, wearable, wrist, strap, face, digital, touchscreen, smart, gadget, technology, mobile, playback, audio, sound, semiquaver, sixteenth note	icon	icons		sound		
lab:watch-square-alarm	Lucide Lab 实验图标 watch-square-alarm；分类: time, devices；tags: beep, ring, clock, timer, stopwatch, alarm, alert, wearable, wrist, strap, face, digital, touchscreen, smart, gadget, technology, mobile	icon	icons				
lab:watch-square	Lucide Lab 实验图标 watch-square；分类: time, devices；tags: clock, wearable, wrist, strap, face, digital, touchscreen, smart, gadget, technology, mobile	icon	icons				
lab:watch-text	Lucide Lab 实验图标 watch-text；分类: time, devices, sports, social；tags: clock, wearable, wrist, strap, face, digital, touchscreen, smart, gadget, technology, mobile, levels, chart, statistics, tracking, monitor, activity, exercise, fitness, running, jogging, audio, sound, vertical, information, message, read, horizontal	icon	icons		sound		
lab:watermelon	Lucide Lab 实验图标 watermelon；分类: food-beverage, gaming；tags: snack, meal, lunch, juice, smoothie, eating, healthy, nutrition, diet, fruit machine, slots, gambling, jackpot	icon	icons				
lab:wave-circle	Lucide Lab 实验图标 wave-circle；分类: weather, travel；tags: surfing, tidal, tide, water, aqua, seaside, beach, ocean, curl	icon	icons				
lab:waves-birds	Lucide Lab 实验图标 waves-birds；分类: maps, travel；tags: water, aqua, seaside, view, picturesque, tourism, summer holiday, beach, ocean, flow	icon	icons				
lab:waves-shark-fin	Lucide Lab 实验图标 waves-shark-fin；分类: travel, animals；tags: pectoral, fishing, infested, waters, warning, danger, alert, jaws, attack, aquatic, encounter, marine life, tourism, seaside, beach, ocean, depth, deep	icon	icons				
lab:whale-narwhal	Lucide Lab 实验图标 whale-narwhal；分类: animals；tags: narwhale, horn, tusk, fishing, fins, blowhole, blubber, barnacles, plankton, krill, sealife, ocean, aquatic, water, depth, deep, dive, diving, marine, mammal, school, calf	icon	icons				
lab:whale	Lucide Lab 实验图标 whale；分类: animals, development；tags: porpoise, fishing, fins, blowhole, blubber, barnacles, plankton, krill, sealife, ocean, aquatic, water, depth, deep, dive, diving, marine, mammal, school, calf, docker, containers, environment	icon	icons				
lab:wheel	Lucide Lab 实验图标 wheel；分类: transportation, maps；tags: tire, rim, hub, spoke, cog, pulley, gear, turning, disk, circle, revolve, rotate, spin, roll, cart, bike, wagon, water wheel, axle, turn	icon	icons				
lab:whisk-fork-knife	Lucide Lab 实验图标 whisk-fork-knife；分类: food-beverage, home, tools；tags: utensils, kitchenware, cutlery, culinary, cooking, cookery, restaurant, chef, mix, cut, slice, eat, meal, dinner	icon	icons				
lab:whisk	Lucide Lab 实验图标 whisk；分类: food-beverage, home, tools；tags: utensils, kitchenware, cutlery, culinary, cooking, cookery, restaurant, chef, mix	icon	icons				
lab:whisks	Lucide Lab 实验图标 whisks；分类: food-beverage, tools；tags: kitchen, utensils, cutlery, culinary, cooking, cookery, restaurant, chef, mix	icon	icons				
lab:windmill	Lucide Lab 实验图标 windmill；分类: buildings, maps, sustainability；tags: sails, turbine, electricity, power, energy, renewables	icon	icons				
lab:wine-glass-bottle	Lucide Lab 实验图标 wine-glass-bottle；分类: food-beverage, social；tags: alcohol, drink, glass, goblet, chalice, vineyard, winery, red, white, rose, dry, sparkling, bar, party, nightclub, nightlife, sommelier, restaurant, dinner, meal	icon	icons	glass			
lab:yarn-ball	Lucide Lab 实验图标 yarn-ball；分类: home, social, development；tags: wool, thread, needle, sewing, stitch, embroidery, waeve, woven, fabric, material, cloth, cotton, textile, string, unravel, unroll, code, conding, package manager, npm	icon	icons				
lab:yin-yang	Lucide Lab 实验图标 yin-yang；分类: social, accessibility, sustainability；tags: yinyang, contrast, opposites, interconnected, balance, unity, chinese, culture, philosopy, chaos, calm, rest, tranquility, peace, harmony, energy, aura, sprituality, meditation, wellbeing, lifestyle, symbol	icon	icons				
lab:bat	Lucide Lab 实验图标 bat（npm 0.7.0 已发布，仓库 main 分支已改名或移除，无 tags）	icon	icons				
lab:check-x	Lucide Lab 实验图标 check x（npm 0.7.0 已发布，仓库 main 分支已改名或移除，无 tags）	icon	icons				
lab:chinese-character	Lucide Lab 实验图标 chinese character（npm 0.7.0 已发布，仓库 main 分支已改名或移除，无 tags）	icon	icons				
lab:hand-gear	Lucide Lab 实验图标 hand gear（npm 0.7.0 已发布，仓库 main 分支已改名或移除，无 tags）	icon	icons				
lab:monstera-leaf	Lucide Lab 实验图标 monstera leaf（npm 0.7.0 已发布，仓库 main 分支已改名或移除，无 tags）	icon	icons				
lab:peace-sign	Lucide Lab 实验图标 peace sign（npm 0.7.0 已发布，仓库 main 分支已改名或移除，无 tags）	icon	icons				
lab:pilot	Lucide Lab 实验图标 pilot（npm 0.7.0 已发布，仓库 main 分支已改名或移除，无 tags）	icon	icons				
lab:police-cap	Lucide Lab 实验图标 police cap（npm 0.7.0 已发布，仓库 main 分支已改名或移除，无 tags）	icon	icons				
lab:sunlounger-parasol-sun-palm-tree	Lucide Lab 实验图标 sunlounger parasol sun palm tree（npm 0.7.0 已发布，仓库 main 分支已改名或移除，无 tags）	icon	icons				
lab:tree-palm-island-sun	Lucide Lab 实验图标 tree palm island sun（npm 0.7.0 已发布，仓库 main 分支已改名或移除，无 tags）	icon	icons				
