originkit	cursor-ring-field	Cursor Ring Field	background-animation	WebGL 胶囊点阵背景，柔和光环跟随 cursor 移动，照亮并推开经过的点后回弹，适合做 hero 背景。	npx originkit add cursor-ring-field（需 originkit login）；页面 https://www.originkit.dev/components/cursor-ring-field	login	install	manual
originkit	spring-text	Spring Text	text	整词文字被 cursor 磁吸牵引，移开后弹簧般回位，移动时拖出色散彩色图层，适合 hover 互动标题。	npx originkit add spring-text（需 originkit login）；页面 https://www.originkit.dev/components/spring-text	pro	install	none
originkit	reactive-lines	Reactive Lines	animation	Canvas 曲线背景，线条朝 cursor 弯曲并增殖，让空白区域活起来，适合 hero 背景。	npx originkit add reactive-lines（需 originkit login）；页面 https://www.originkit.dev/components/reactive-lines	pro	install	none
originkit	plasma-ring	Plasma Ring	interactive-elements	WebGL 线框球体按视角着色，只有轮廓发光成环，可拖拽 orbit 旋转并在 cursor 下膨胀，适合 hero 视觉，依赖 framer-motion motion	npx originkit add plasma-ring（需 originkit login）；页面 https://www.originkit.dev/components/plasma-ring	login	install	manual
originkit	silk-waves	Silk Waves	background-animation	WebGL 多层正弦波场，用精确法线打光出高光波峰和边缘光，在指针下起伏涟漪，适合 shader 背景，依赖 three	npx originkit add silk-waves（需 originkit login）；页面 https://www.originkit.dev/components/silk-waves	pro	install	none
originkit	ribbon-glow-02	Ribbon Glow 2	background-animation	全屏 WebGL2 背景，84 层折叠扭曲叠成光带，围绕指针旋涌并被其运动拖拽，适合 hero 背景。	npx originkit add ribbon-glow-02（需 originkit login）；页面 https://www.originkit.dev/components/ribbon-glow/02	login	install	manual
originkit	reflect-shader	Reflect Shader	background-animation	WebGL 背景，对角色散光束从跟随 cursor 的点放射，绘制在透明 canvas 上叠加背景色，适合 hero。	npx originkit add reflect-shader（需 originkit login）；页面 https://www.originkit.dev/components/reflect-shader	login	install	manual
originkit	particle-jupiter	Particle Jupiter	interactive-elements	GPU 粒子球体，vertex shader 中由纬向急流生成木星条带，带翻涌红斑和拖拽旋转惯性，适合交互展示，依赖 three	npx originkit add particle-jupiter（需 originkit login）；页面 https://www.originkit.dev/components/particle-jupiter	pro	install	none
originkit	stream-convergence	Stream Convergence	background-animation	WebGL 对角波前条带，以三次偏移绘制分别着一种颜色，形成色散边缘，适合 shader 背景。	npx originkit add stream-convergence（需 originkit login）；页面 https://www.originkit.dev/components/stream-convergence	login	install	manual
originkit	harmonic-shell	Harmonic Shell	interactive-elements	WebGL 球体半径由四个正弦项驱动，在柔和波瓣与尖刺间变形，轮廓边缘聚集 rim 光，适合 hero 3D 视觉，依赖 three	npx originkit add harmonic-shell（需 originkit login）；页面 https://www.originkit.dev/components/harmonic-shell	pro	install	none
originkit	flip-gallery	Flip Gallery	image-gallery	3D 翻转卡片画廊，带 cursor 倾斜，点击任一半即可像发牌一样翻看图片，适合图片展示，依赖 framer-motion	npx originkit add flip-gallery（需 originkit login）；页面 https://www.originkit.dev/components/flip-gallery	login	install	manual
originkit	textmorph	Text Morph	text	文字列表循环切换，用 gooey 模糊缩放变形让每个词平滑融入下一个，适合 hero 标题。	npx originkit add textmorph（需 originkit login）；页面 https://www.originkit.dev/components/textmorph	pro	install	none
originkit	tilt-mosaic	Tilt Mosaic	background-animation	WebGL 圆角金属瓦片网格，法线沿指针下的隐形凸起倾斜，高光描出一圈环而非光斑，适合 shader 背景。	npx originkit add tilt-mosaic（需 originkit login）；页面 https://www.originkit.dev/components/tilt-mosaic	login	install	manual
originkit	vortex-dust-fall	Vortex Dust Fall	animation	WebGL 场景，倾斜平面上的明亮椭圆环，数万点精灵从环沿螺旋飞出并向下坠落，适合 hero 背景。	npx originkit add vortex-dust-fall（需 originkit login）；页面 https://www.originkit.dev/components/vortex-dust-fall	pro	install	none
originkit	tunnel-wrap	Tunnel Wrap	background-animation	点精灵 0 和 1 包裹圆柱壁并向镜头滚动，朝指针弯曲，经五级 mip bloom 发光，适合科技感 hero 背景，依赖 framer-motion motion	npx originkit add tunnel-wrap（需 originkit login）；页面 https://www.originkit.dev/components/tunnel-wrap	pro	install	none
originkit	kinetic-text	Kinetic Text	animation	WebGL 曲面（torus knot 或扭曲条）铺满 canvas 纹理文字，沿几何体滚动且 hover 加速，适合动态排版，依赖 three	npx originkit add kinetic-text（需 originkit login）；页面 https://www.originkit.dev/components/kinetic-text	pro	install	none
originkit	roundcarousel	Round Carousel	image-gallery	3D 圆柱形旋转 carousel，双面卡片自动旋转并可带动量拖拽，适合作品或卡片展示。	npx originkit add roundcarousel（需 originkit login）；页面 https://www.originkit.dev/components/roundcarousel	login	install	manual
originkit	wave-arcs	Wave Arcs	animation	发光弧线场在 canvas 上扫动，实时朝 cursor 弯曲，适合 hero 背景。	npx originkit add wave-arcs（需 originkit login）；页面 https://www.originkit.dev/components/wave-arcs	pro	install	none
originkit	dither-globe	Dither Globe	animation	Canvas 有序抖动 dither 地球，噪声切出大陆、带亮边和可选光晕，可按住拖拽旋转，适合 hero 装饰。	npx originkit add dither-globe（需 originkit login）；页面 https://www.originkit.dev/components/dither-globe	login	install	manual
originkit	video-text	Video Text	text	大号文字以循环视频做蒙版，标题像片段一样播放而非平铺静态，适合 hero 标题。	npx originkit add video-text（需 originkit login）；页面 https://www.originkit.dev/components/video-text	pro	install	none
originkit	smokey-shader	Smokey Shader	background-animation	全屏 WebGL 面板，domain-warped fbm 噪声飘成彩色烟雾，渐隐至背景色并围绕指针卷成漩涡，适合 hero 背景。	npx originkit add smokey-shader（需 originkit login）；页面 https://www.originkit.dev/components/smokey-shader	pro	install	none
originkit	fireworks	Fireworks	background-animation	Canvas 2D 粒子烟花，火箭升至随机顶点后爆成火花球，受重力与阻力下落，可倾斜相机观看，适合庆祝场景。	npx originkit add fireworks（需 originkit login）；页面 https://www.originkit.dev/components/fireworks	pro	install	none
originkit	bubble-text	Bubble Text	animation	文字由数千个 WebGL 实例化球体按字形采样组成，各自膨胀、破裂、重生，并在指针下飘起，适合 hero 标题，依赖 three	npx originkit add bubble-text（需 originkit login）；页面 https://www.originkit.dev/components/bubble-text	login	install	manual
originkit	wave-grid	Wave Grid	background-animation	WebGL 高方块阵列，指针移动或点击处升起扩散涟漪，方块升高时染向波峰色，适合 hero 背景，依赖 three	npx originkit add wave-grid（需 originkit login）；页面 https://www.originkit.dev/components/wave-grid	pro	install	none
originkit	gravitygallery	Gravity Gallery	animation	把图片方块或圆形放入 Matter.js 物理世界，带重力、围墙和点击拖拽抛掷，适合互动画廊，依赖 matter-js	npx originkit add gravitygallery（需 originkit login）；页面 https://www.originkit.dev/components/gravitygallery	pro	install	none
originkit	foil-drift	Foil Drift	background-animation	WebGL 翻滚箔片碎屑场，仅 specular 着色，跟随指针的点光源使闪光形成移动亮带，适合 shader 背景。	npx originkit add foil-drift（需 originkit login）；页面 https://www.originkit.dev/components/foil-drift	pro	install	none
originkit	spin-cursor	Spin Cursor	cursor	旋转箭头 cursor，沿运动方向拉伸，可选发光和居中 hover 标签，适合自定义光标。	npx originkit add spin-cursor（需 originkit login）；页面 https://www.originkit.dev/components/spin-cursor	pro	install	none
originkit	cyclone-ink	Cyclone Ink	background-animation	WebGL shader 把对数螺旋切成参差墨臂环绕亮眼，纹理向内流动，hover 时加速旋转，适合 hero 背景。	npx originkit add cyclone-ink（需 originkit login）；页面 https://www.originkit.dev/components/cyclone-ink	login	install	manual
originkit	infinite-text-passage	Infinite Text Passage	text	连续缩放隧道依次循环文字列表，每个词冲过镜头进入下一个，适合 hero 标题或过场，依赖 framer-motion	npx originkit add infinite-text-passage（需 originkit login）；页面 https://www.originkit.dev/components/infinite-text-passage	pro	install	none
originkit	wobble-fence	Wobble Fence	background-animation	全屏 WebGL 对角金属丝网，经纬交错织入，缓慢起伏并在指针下隆起成穹顶，适合 shader 背景，依赖 three	npx originkit add wobble-fence（需 originkit login）；页面 https://www.originkit.dev/components/wobble-fence	login	install	manual
originkit	ribbon-glow-03	Ribbon Glow 3	background-animation	全屏 WebGL2 背景，84 层折叠扭曲叠成光带，围绕指针旋涌并被其运动拖拽，适合 hero 背景。	npx originkit add ribbon-glow-03（需 originkit login）；页面 https://www.originkit.dev/components/ribbon-glow/03	login	install	manual
originkit	bubble-burst	Bubble Burst	interactive-elements	WebGL 肥皂泡，拖拽旋转、点击戳破，从击中点撕开参差破洞后薄膜自行愈合，适合互动 hero，依赖 three	npx originkit add bubble-burst（需 originkit login）；页面 https://www.originkit.dev/components/bubble-burst	pro	install	none
originkit	rotunda-carousel	Rotunda Carousel	image-gallery	WebGL 图片 carousel，相机置于照片圆柱内部，拖拽时弧形墙面扫过视野，适合沉浸式图集。	npx originkit add rotunda-carousel（需 originkit login）；页面 https://www.originkit.dev/components/rotunda-carousel	pro	install	none
originkit	infinitegallery	Infinity Canvas	image-gallery	可无限缩放和拖拽的图片画廊，带平滑动量与沉浸式导航，适合作品集，依赖 framer-motion	npx originkit add infinitegallery（需 originkit login）；页面 https://www.originkit.dev/components/infinitegallery	pro	install	none
originkit	image-flipper	Image Flipper	image	翻页牌 split-flap 瓦片板，逐块翻动切换照片，每块以各自角度裁切投射，适合图片展示。	npx originkit add image-flipper（需 originkit login）；页面 https://www.originkit.dev/components/image-flipper	login	install	manual
originkit	stained-glass	Stained Glass	background-animation	WebGL Voronoi 彩色玻璃面板，铅条相连，背后光源自行漂移并偏向指针，适合 shader 背景，依赖 three	npx originkit add stained-glass（需 originkit login）；页面 https://www.originkit.dev/components/stained-glass	pro	install	none
originkit	liquid-distortion	Liquid Distortion	image	WebGL 液体涟漪 hover 效果，随 cursor 驱动的流体波纹扭曲图片，适合图片 hover。	npx originkit add liquid-distortion（需 originkit login）；页面 https://www.originkit.dev/components/liquid-distortion	pro	install	none
originkit	chess-horizon	Chess Horizon	background-animation	WebGL 棋盘平面按真实透视朝镜头滚动，指针像灯一样照亮所站的方格，适合 hero 背景。	npx originkit add chess-horizon（需 originkit login）；页面 https://www.originkit.dev/components/chess-horizon	login	install	manual
originkit	halftone-pulse	Halftone Pulse	background-animation	WebGL 点精灵网格，点的大小和透明度承载径向正弦波，从指针或中心向外涟漪，适合 halftone 背景。	npx originkit add halftone-pulse（需 originkit login）；页面 https://www.originkit.dev/components/halftone-pulse	login	install	manual
originkit	domino-text-fall	Domino Text Fall	text	文字字符像多米诺骨牌一样从倾斜隐形堆叠中依次立起，适合标题入场动画，依赖 framer-motion	npx originkit add domino-text-fall（需 originkit login）；页面 https://www.originkit.dev/components/domino-text-fall	pro	install	none
originkit	floatingicons	Floating Icons	animation	Emoji 或图片错落有致地批量向上漂浮，轻量环境动画，适合 hero 区块和空状态。	npx originkit add floatingicons（需 originkit login）；页面 https://www.originkit.dev/components/floatingicons	login	install	manual
originkit	sticker-peel	Sticker Peel	image	3D 图片贴纸在 hover 和按下时从表面剥起卷曲，带骨骼驱动折叠与柔和阴影，适合互动卡片，依赖 framer-motion three	npx originkit add sticker-peel（需 originkit login）；页面 https://www.originkit.dev/components/sticker-peel	pro	install	none
originkit	outline-typeflow	Outline Typeflow	animation	把文字或图片描成轮廓，让重复短语沿轮廓循环排布，每个字形按切线旋转，适合装饰排版。	npx originkit add outline-typeflow（需 originkit login）；页面 https://www.originkit.dev/components/outline-typeflow	login	install	manual
originkit	arch-corridor	Arch Corridor	background-animation	WebGL 走廊，发光圆角方框沿缓慢螺旋前行，由近色渐变到远色，适合 hero 背景，依赖 three	npx originkit add arch-corridor（需 originkit login）；页面 https://www.originkit.dev/components/arch-corridor	pro	install	none
originkit	ribbon-glow-04	Ribbon Glow 4	background-animation	WebGL2 背景，将平面折叠 84 次成细发光光带，随指针移动旋涌拖拽，适合 hero 背景。	npx originkit add ribbon-glow-04（需 originkit login）；页面 https://www.originkit.dev/components/ribbon-glow/04	login	install	manual
originkit	boxcarousel	Box Carousel	image-gallery	在 Framer 中沿 3D 立方体四个面轮换图片和视频，支持 autoplay、拖拽或方向键，适合媒体展示，依赖 framer-motion	npx originkit add boxcarousel（需 originkit login）；页面 https://www.originkit.dev/components/boxcarousel	pro	install	none
originkit	accretion-disc-03	Accretion Disc 3	background-animation	WebGL 黑洞，点云绕螺旋纹吸积盘和遮挡背景的不透明核心球运行，带两道极向喷流，适合 hero 背景。	npx originkit add accretion-disc-03（需 originkit login）；页面 https://www.originkit.dev/components/accretion-disc/03	login	install	manual
originkit	rubber-spheres	Rubber Spheres	interactive-elements	WebGL 橡胶球池，亮面球体向锚点聚拢、碰撞并被指针驱散，每个球可带图片或挤出 SVG logo，适合互动 hero，依赖 three	npx originkit add rubber-spheres（需 originkit login）；页面 https://www.originkit.dev/components/rubber-spheres	pro	install	none
originkit	voxel-sphere	Voxel Sphere	interactive-elements	WebGL 球体由数千个实例化立方体组成，以波动方式胀缩，每块绕自身轴翻滚，拖拽时 orbit，适合 hero 3D 视觉，依赖 three	npx originkit add voxel-sphere（需 originkit login）；页面 https://www.originkit.dev/components/voxel-sphere	login	install	manual
originkit	sync-scroll	Sync Scroll	text	无限跑马灯 marquee 文字，方向和速度与访客 scroll 输入同步，适合 scroll 联动区块。	npx originkit add sync-scroll（需 originkit login）；页面 https://www.originkit.dev/components/sync-scroll	login	install	manual
originkit	dry-brush-reveal	Dry Brush Reveal	image	WebGL hover 效果，用斜向笔刷扫过把第二张图画到第一张上，鬃毛状缝隙透出原图，适合图片切换。	npx originkit add dry-brush-reveal（需 originkit login）；页面 https://www.originkit.dev/components/dry-brush-reveal	login	install	manual
originkit	cosmic-bg	Cosmic BG	background-animation	全屏 WebGL 星云，由 domain-warped 噪声构成，画在透明 canvas 上让暗处透出自身背景，适合 hero 背景。	npx originkit add cosmic-bg（需 originkit login）；页面 https://www.originkit.dev/components/cosmic-bg	login	install	manual
originkit	fluid-ribbons	Fluid Ribbons	background-animation	WebGL2 fragment shader，两族扇形发光细丝扫过 domain-warped 放大噪声场，单个全屏三角形绘制，适合 hero 背景。	npx originkit add fluid-ribbons（需 originkit login）；页面 https://www.originkit.dev/components/fluid-ribbons	login	install	manual
originkit	glass-icon	Glass Icon	interactive-elements	raymarched 玻璃 X、torus、球体或 logo 轮廓，折射背后内容，朝指针倾斜并可拖拽 orbit，适合 logo 展示，依赖 framer-motion	npx originkit add glass-icon（需 originkit login）；页面 https://www.originkit.dev/components/glass-icon	login	install	manual
originkit	skew-in-text-effect	Skew in text effect	text	文字以尖锐倾斜、位移和淡入滑入并扭正，可在加载、hover 或 scroll 时触发，适合标题动画，依赖 framer-motion	npx originkit add skew-in-text-effect（需 originkit login）；页面 https://www.originkit.dev/components/skew-in-text-effect	login	install	manual
originkit	cube-roll-letter-role	Cube Roll Letter Role	text	每个字符循环做无缝 3D 立方体翻滚，让任意标题自我重复滚动，适合 hero 标题，依赖 framer-motion	npx originkit add cube-roll-letter-role（需 originkit login）；页面 https://www.originkit.dev/components/cube-roll-letter-role	pro	install	none
originkit	coverflowcarousel	Coverflow Carousel	image-gallery	无限 cover-flow 卷轴，居中图片放大成横幅主图，两侧邻图折成细条，适合图集 carousel，依赖 framer-motion	npx originkit add coverflowcarousel（需 originkit login）；页面 https://www.originkit.dev/components/coverflowcarousel	pro	install	none
originkit	meshtexthover	Mesh Text Hover	text	文字铺在 WebGL 网格上，在 cursor 下被拖拽并弹回，带循环调色板的色散边缘，适合 hover 标题。	npx originkit add meshtexthover（需 originkit login）；页面 https://www.originkit.dev/components/meshtexthover	pro	install	none
originkit	ascii-flame-ball	Ascii Flame Ball	background-animation	纯等宽字符渲染的旋转球体，每格字符由附着在旋转体上的噪声场方向决定，适合 ASCII 风 hero。	npx originkit add ascii-flame-ball（需 originkit login）；页面 https://www.originkit.dev/components/ascii-flame-ball	login	install	manual
originkit	ocean-background	Ocean Background	background-animation	全屏 WebGL 背景，分层 value noise 扭成缓慢竖向水流带淡色脊状纹，指针触碰处搅出漩涡，适合 hero 背景，依赖 three	npx originkit add ocean-background（需 originkit login）；页面 https://www.originkit.dev/components/ocean-background	login	install	manual
originkit	glyph-burst	Glyph Burst	cursor	用像素风箭头替换指针，沿路径撒落 7x7 位图字符，每次点击向外迸发一簇，适合自定义 cursor。	npx originkit add glyph-burst（需 originkit login）；页面 https://www.originkit.dev/components/glyph-burst	login	install	manual
originkit	chrome-blob	Chrome Blob	interactive-elements	raymarched 液态金属团，珠子以弹簧跟随 cursor，点击时飞散，再经 smooth-minimum 颈部融合，适合互动 hero，依赖 three	npx originkit add chrome-blob（需 originkit login）；页面 https://www.originkit.dev/components/chrome-blob	pro	install	none
originkit	ocean-swell	Ocean Swell	background-animation	全屏 WebGL 海洋，由叠加指数波 raymarch，带真实天空反射、阳光闪烁、陡度泡沫和拖拽环视，适合 hero 背景，依赖 three	npx originkit add ocean-swell（需 originkit login）；页面 https://www.originkit.dev/components/ocean-swell	pro	install	none
originkit	text-carousel	Text Carousel	text	前缀标题循环切换旋转词，带字符、词或行级 stagger 动画，置于自适应大小的徽章内，适合 hero 标题，依赖 gsap	npx originkit add text-carousel（需 originkit login）；页面 https://www.originkit.dev/components/text-carousel	login	install	manual
originkit	falling-canopy	Falling Canopy	background-animation	WebGL 尖叶翻滚场，从一侧进入并按设定罗盘方向穿过画面，遇 cursor 时旋开，适合 hero 背景。	npx originkit add falling-canopy（需 originkit login）；页面 https://www.originkit.dev/components/falling-canopy	login	install	manual
originkit	satin-ribbon	Satin Ribbon	background-animation	全屏 WebGL shader，堆叠波浪条带按圆柱截面着色，反射程序化影棚环境并带发光细边，适合 hero 背景。	npx originkit add satin-ribbon（需 originkit login）；页面 https://www.originkit.dev/components/satin-ribbon	login	install	manual
originkit	constellation	Constellation	interactive-elements	WebGL 3D 漂浮节点场，距离够近的两点连线，指针视作额外节点，整体云朝其倾斜，适合粒子背景，依赖 three	npx originkit add constellation（需 originkit login）；页面 https://www.originkit.dev/components/constellation	pro	install	none
originkit	pixelcard	Pixel Card	background-animation	卡片内填充闪烁的 canvas 像素网格，在 hover、scroll 或自动时从中心或任一边长出，适合卡片 hover。	npx originkit add pixelcard（需 originkit login）；页面 https://www.originkit.dev/components/pixelcard	pro	install	none
originkit	toonfireball-04	Toon fireball 4	background-animation	WebGL 卡通渲染火球环，每个是旋涡球带火焰锥尾，沿倾斜轨道俯视下互相追逐，适合 hero 视觉。	npx originkit add toonfireball-04（需 originkit login）；页面 https://www.originkit.dev/components/toonfireball/04	login	install	manual
originkit	fluid-image-reveal	Fluid Image Reveal	image	WebGL blob 蒙版有机流体地溶开以揭示图片，可在 scroll 或加载时触发，适合图片入场，依赖 gsap three	npx originkit add fluid-image-reveal（需 originkit login）；页面 https://www.originkit.dev/components/fluid-image-reveal	pro	install	none
originkit	vector-wordmark	Vector Wordmark	text	大号渐变文字标，光标周围圆盘内字形填充切换为点状矢量轮廓，外框带漂移三手柄装置，适合 hero 标题。	npx originkit add vector-wordmark（需 originkit login）；页面 https://www.originkit.dev/components/vector-wordmark	login	install	manual
originkit	usercursor	User Cursor	cursor	在任意区域内用弹簧跟踪箭头替换原生指针，拖着随速度摆动的名字胶囊，适合协作 cursor，依赖 framer-motion	npx originkit add usercursor（需 originkit login）；页面 https://www.originkit.dev/components/usercursor	pro	install	none
originkit	toonfireball-02	Toon fireball 2	interactive-elements	卡通渲染火球动画，带发光火焰尾迹、bloom 和可拖拽交互控制，适合 hero 视觉。	npx originkit add toonfireball-02（需 originkit login）；页面 https://www.originkit.dev/components/toonfireball/02	login	install	manual
originkit	dither-effect-2	Dither Effect 2	background-animation	动画漩涡场渲染为双色有序 dither，可平铺在任意布局后作为氛围背景纹理，依赖 framer-motion	npx originkit add dither-effect-2（需 originkit login）；页面 https://www.originkit.dev/components/dither-effect-2	pro	install	none
originkit	wire-throat	Wire Throat	background-animation	WebGL 线框双曲面，从近口内部向下看，圆环按几何级数间距使环距一直均匀，适合隧道背景。	npx originkit add wire-throat（需 originkit login）；页面 https://www.originkit.dev/components/wire-throat	login	install	manual
originkit	fibre-arc-03	Fibre Arc 3	interactive-elements	WebGL 背景，绘制最多 26 条抛物线光纤束，沿亮色渐变发光，在指针处径向分开并在其后合拢，适合 hero 背景。	npx originkit add fibre-arc-03（需 originkit login）；页面 https://www.originkit.dev/components/fibre-arc/03	login	install	manual
originkit	pixelated-frame	Pixelated Frame	image	Canvas 方块瓦片覆盖图片，指针轨迹把瓦片擦成透明，之后愈合或永久保持打开，适合图片 hover。	npx originkit add pixelated-frame（需 originkit login）；页面 https://www.originkit.dev/components/pixelated-frame	login	install	manual
originkit	keycap-button	Keycap Button	button	绘成等轴测键帽的按钮，悬浮于自身彩色光之上，指针靠近变亮，按下时压平，适合 CTA 按钮，依赖 framer-motion motion	npx originkit add keycap-button（需 originkit login）；页面 https://www.originkit.dev/components/keycap-button	pro	install	none
originkit	pixel-run-game	Pixel Run Game	games	Canvas 无限跑酷游戏，单色 16px 位图，带视差冲刺行、堆叠障碍和自动驾驶直到你接手，适合 404 页或彩蛋。	npx originkit add pixel-run-game（需 originkit login）；页面 https://www.originkit.dev/components/pixel-run-game	login	install	manual
originkit	interactive-landscape	Interactive Landscape	interactive-elements	WebGL 背景，无尽 Perlin 噪声山脊朝镜头滚动，配 Preetham 天空，山谷随指针弯曲，适合 hero 背景。	npx originkit add interactive-landscape（需 originkit login）；页面 https://www.originkit.dev/components/interactive-landscape	login	install	manual
originkit	fibre-arc	Fibre Arc	interactive-elements	WebGL 背景，绘制最多 26 条抛物线光纤束，沿亮色渐变发光，在指针处径向分开并在其后合拢，适合 hero 背景。	npx originkit add fibre-arc（需 originkit login）；页面 https://www.originkit.dev/components/fibre-arc	login	install	manual
originkit	dotted-offset-button	Dotted Offset Button	button	按钮 hover 时表面按自由 X/Y 向量平移，实心偏移阴影落在其后，圆角动画收紧，适合 CTA 按钮，依赖 framer-motion motion	npx originkit add dotted-offset-button（需 originkit login）；页面 https://www.originkit.dev/components/dotted-offset-button	login	install	manual
originkit	interactive-grid	Interactive Grid	animation	hover 响应的 logo 网格，以 3D 抬起卡片及其邻居，可选发光脉冲，适合 logo 墙或功能区。	npx originkit add interactive-grid（需 originkit login）；页面 https://www.originkit.dev/components/interactive-grid	login	install	manual
originkit	grid-hole	Grid Hole	animation	动画线框漏斗把发光网格扭成引力井，漂移粒子被吸入虚空，适合科技感 hero 背景。	npx originkit add grid-hole（需 originkit login）；页面 https://www.originkit.dev/components/grid-hole	pro	install	none
originkit	draggable-grid	Draggable Grid	image-gallery	可无限拖拽的图片画布，带平滑动量与无缝画廊浏览，适合作品集，依赖 framer-motion	npx originkit add draggable-grid（需 originkit login）；页面 https://www.originkit.dev/components/draggable-grid	pro	install	none
originkit	thunderstrike	Thunder Strike	interactive-elements	GPU 渲染的电光闪电 shader，带动态噼啪、颜色和角度控制，适合 hero 背景。	npx originkit add thunderstrike（需 originkit login）；页面 https://www.originkit.dev/components/thunderstrike	pro	install	none
originkit	proximityorbit	Proximity Orbit	image-gallery	以平滑可交互的圆形 orbit 展示图片，适合图片展示区块，依赖 framer-motion	npx originkit add proximityorbit（需 originkit login）；页面 https://www.originkit.dev/components/proximityorbit	pro	install	none
originkit	type-sequence	Type Sequence	text	打字机风格文字循环，输入、停顿、删除一组轮换短语并带闪烁光标，适合 hero 标语。	npx originkit add type-sequence（需 originkit login）；页面 https://www.originkit.dev/components/type-sequence	login	install	manual
originkit	auger-tape	Auger Tape	animation	WebGL 锥形线圈漏斗，文字和刻度网格沿固定带按角度滑动，拖拽、scroll 和速度驱动流动，适合动态排版，依赖 framer-motion motion three	npx originkit add auger-tape（需 originkit login）；页面 https://www.originkit.dev/components/auger-tape	login	install	manual
originkit	globe-study-02	Globe Study 2	interactive-elements	Canvas 纯文字地球，大陆由重复短语的字母拼成，海洋为点，可旋转、倾斜、缩放并在 cursor 下插标记，适合 hero 装饰。	npx originkit add globe-study-02（需 originkit login）；页面 https://www.originkit.dev/components/globe-study/02	pro	install	none
originkit	text-ring	Text Ring	text	文字环原地旋转，hover 时可加速、暂停或缩放，适合装饰性环形文字，依赖 framer-motion	npx originkit add text-ring（需 originkit login）；页面 https://www.originkit.dev/components/text-ring	login	install	manual
originkit	floating-gallery	Floating Gallery	image-gallery	图片卡片置于固定六格拼贴，按各自速度向下漂移并无缝循环，点击后飞到中央放大，适合图集，依赖 framer-motion motion	npx originkit add floating-gallery（需 originkit login）；页面 https://www.originkit.dev/components/floating-gallery	login	install	manual
originkit	text-vaporize	Text Vaporize	text	文字溶解成漂移粒子并重组为下一个词，在 canvas 上循环，可完整控制运动和时序，适合 hero 标题。	npx originkit add text-vaporize（需 originkit login）；页面 https://www.originkit.dev/components/text-vaporize	pro	install	none
originkit	embroidery	Embroidery	text	Canvas 文字以缎面针法逐列缝出，像机头移动，线到之前有虚线转印轮廓标出路径，适合标题动画。	npx originkit add embroidery（需 originkit login）；页面 https://www.originkit.dev/components/embroidery	login	install	manual
originkit	cobalt-louvre	Cobalt Louvre	background-animation	WebGL shader 背景，钴蓝光带扭转，背后是凹槽玻璃百叶把它切成堆叠发光菱形，适合 hero 背景。	npx originkit add cobalt-louvre（需 originkit login）；页面 https://www.originkit.dev/components/cobalt-louvre	pro	install	none
originkit	text-wipe	Text Wipe	text	clip-path 文字揭示，在 scroll 进入或 hover 时朝任意方向把标题擦入视野，适合标题动画，依赖 gsap	npx originkit add text-wipe（需 originkit login）；页面 https://www.originkit.dev/components/text-wipe	login	install	manual
originkit	rain-puddle	Rain Puddle	background-animation	全屏 WebGL shader 渲染雨后湿地面，fbm 水坑映出程序化夜景地平线，带扩散雨圈和下落雨丝，适合 hero 背景。	npx originkit add rain-puddle（需 originkit login）；页面 https://www.originkit.dev/components/rain-puddle	login	install	manual
originkit	rotating-gallery	Rotating Gallery	image-gallery	无限循环的竖向 WebGL 图片平面列，每个平面按屏幕位置在 vertex shader 中扭转，支持点按聚焦和 scroll 捕获，适合图集。	npx originkit add rotating-gallery（需 originkit login）；页面 https://www.originkit.dev/components/rotating-gallery	login	install	manual
originkit	luminous-prism	Luminous Prism	background-animation	WebGL2 shader 光线追踪的深色棱面体，在固定影棚光下旋转，带彩色刻面反射、bloom、亮边，可拖拽旋转，适合 hero 3D。	npx originkit add luminous-prism（需 originkit login）；页面 https://www.originkit.dev/components/luminous-prism	login	install	manual
originkit	swell-grid	Swell Grid	background-animation	Canvas 圆角格网，亮度由四个波项在透视中叠加驱动，另有在指针后衰减的 cursor 光晕，适合 hero 背景。	npx originkit add swell-grid（需 originkit login）；页面 https://www.originkit.dev/components/swell-grid	login	install	manual
originkit	energy-ring	Energy Ring	background-animation	Canvas 区块，由叠加正弦链绘制闪烁的等离子环，带加色发光，下半部堆积粒子地毯，适合 hero 背景。	npx originkit add energy-ring（需 originkit login）；页面 https://www.originkit.dev/components/energy-ring	login	install	manual
originkit	globe-study-04	Globe Study 4	interactive-elements	2D canvas 可拖拽排版地球，内嵌一位陆地蒙版用短语拼出大陆，用点描绘海洋，适合 hero 装饰。	npx originkit add globe-study-04（需 originkit login）；页面 https://www.originkit.dev/components/globe-study/04	pro	install	none
originkit	mood-field	Mood Field	background-animation	全屏 WebGL 背景，domain-warped 噪声等离子在两种情绪色间渐变，围绕 cursor 旋转、推开并变亮，适合 hero 背景。	npx originkit add mood-field（需 originkit login）；页面 https://www.originkit.dev/components/mood-field	login	install	manual
originkit	tornado-03	Tornado 3	background-animation	WebGL 旋涡，由旋转线束和实例化点构成，彗星沿线束疾驰撞击点并在形体中扩散冲击波，适合 hero 视觉，依赖 three	npx originkit add tornado-03（需 originkit login）；页面 https://www.originkit.dev/components/tornado/03	pro	install	none
originkit	glowing-sphere	Glowing Sphere	interactive-elements	WebGL2 shader 球体，带皱褶玻璃刻面、青色折痕脉络和粉色内核，拖拽带惯性旋转，点击产生弹簧挤压，适合互动 hero。	npx originkit add glowing-sphere（需 originkit login）；页面 https://www.originkit.dev/components/glowing-sphere	login	install	manual
originkit	xylophone-helix-03	Xylophone Helix 3	animation	原生 WebGL2 倾斜金属条环，随 scroll 或拖拽 orbit，惯性滑停，指针扫过时每根条摆动，适合 hero 3D。	npx originkit add xylophone-helix-03（需 originkit login）；页面 https://www.originkit.dev/components/xylophone-helix/03	login	install	manual
originkit	ember-husk	Ember Husk	animation	Three.js 焦岩球，从散落石板聚合，橙色裂缝发光，在 cursor 所到之处被推开，适合 hero 3D 视觉，依赖 three	npx originkit add ember-husk（需 originkit login）；页面 https://www.originkit.dev/components/ember-husk	login	install	manual
originkit	woven-sphere	Woven Sphere	animation	WebGL 点云，在球面上编织两族丝带并做 halftone 成点，在面上铺开、在每道折处聚亮，适合 hero 视觉。	npx originkit add woven-sphere（需 originkit login）；页面 https://www.originkit.dev/components/woven-sphere	pro	install	none
originkit	spotlighttext	Spotlight Text	text	调暗一段文字，hover 时用跟随 cursor 的柔和聚光灯扫过，揭示底下明亮字母，适合文字 hover 效果，依赖 framer-motion	npx originkit add spotlighttext（需 originkit login）；页面 https://www.originkit.dev/components/spotlighttext	pro	install	none
originkit	single-glossy-sphere	Single Glossy Sphere	background-animation	raymarched WebGL 球体，表面叠成错位板片带彩虹色反射，拖拽旋转并带弹簧挤压，适合 hero 3D。	npx originkit add single-glossy-sphere（需 originkit login）；页面 https://www.originkit.dev/components/single-glossy-sphere	login	install	manual
originkit	xylophone-helix-02	Xylophone Helix 2	animation	WebGL2 铬刃环，自行旋转，拖拽或 scroll 时 orbit，指针扫过时每片刀刃被拨开，适合 hero 3D。	npx originkit add xylophone-helix-02（需 originkit login）；页面 https://www.originkit.dev/components/xylophone-helix/02	login	install	manual
originkit	flap	Flap	games	全屏 canvas 错误页小游戏，点击、轻触或按空格让方块鸟穿过滚动柱子，下方固定返回主页链接，适合 404 页。	npx originkit add flap（需 originkit login）；页面 https://www.originkit.dev/components/flap	login	install	manual
originkit	hex-comb	Hex Comb	background-animation	WebGL 蜂巢，每个六边形在指针下挤出为棱柱升起，侧壁带明暗、接触阴影并遮挡后方格子，适合 hero 背景。	npx originkit add hex-comb（需 originkit login）；页面 https://www.originkit.dev/components/hex-comb	login	install	manual
originkit	crystalgem	Crystal Gem	interactive-elements	硬切面 3D 抛光铬宝石，绕自身轴自转，可带真实动量拖拽，适合 hero 3D 装饰，依赖 three	npx originkit add crystalgem（需 originkit login）；页面 https://www.originkit.dev/components/crystalgem	login	install	manual
originkit	globe-study-03	Globe Study 3	interactive-elements	Canvas 地球，大陆由你的短语拼出、海洋为点，可拖拽旋转、scroll 缩放、点击插标记，适合 hero 装饰。	npx originkit add globe-study-03（需 originkit login）；页面 https://www.originkit.dev/components/globe-study/03	pro	install	none
originkit	particle-saturn	Particle Saturn	interactive-elements	WebGL 带环行星，由 Fibonacci 球面点构成，光环按开普勒速度公转并带缝隙，拖拽旋转带惯性，适合粒子 hero，依赖 three	npx originkit add particle-saturn（需 originkit login）；页面 https://www.originkit.dev/components/particle-saturn	login	install	manual
originkit	liquid-carve-button	Liquid Carve Button	button	液态团块切入按钮表面并追随 cursor，移动时成泪滴、停下时变圆，适合 hover CTA 按钮，依赖 framer-motion	npx originkit add liquid-carve-button（需 originkit login）；页面 https://www.originkit.dev/components/liquid-carve-button	login	install	manual
originkit	void-spiral	Void Spiral	animation	绕空心中心旋转的对数螺旋，从柔和模糊经方块像素化到清晰聚焦循环，双通道 WebGL2 shader 绘制，适合 hero 背景。	npx originkit add void-spiral（需 originkit login）；页面 https://www.originkit.dev/components/void-spiral	login	install	manual
originkit	beam-sweep	Beam Sweep	interactive-elements	WebGL 倾斜光丝场，每根各自正弦摆动并带 bloom，指针靠近时涟漪成行波，适合 hero 背景。	npx originkit add beam-sweep（需 originkit login）；页面 https://www.originkit.dev/components/beam-sweep	pro	install	none
originkit	glass-curl-reveal	Glass Curl Reveal	image	WebGL 图片揭示，起初模糊在涟漪玻璃后，随 scroll 或 hover 沉降展平，同时带走色散和染色，适合图片入场，依赖 framer-motion motion	npx originkit add glass-curl-reveal（需 originkit login）；页面 https://www.originkit.dev/components/glass-curl-reveal	login	install	manual
originkit	particlesphere	Particle Sphere	interactive-elements	交互式 3D 球体，由数千发光粒子组成，在 cursor 和点击时散开，适合粒子 hero。	npx originkit add particlesphere（需 originkit login）；页面 https://www.originkit.dev/components/particlesphere	pro	install	none
originkit	emoji-particle	Emoji Particle	text	用 emoji 拼出任意单词，飞入并弹出成形，再从 cursor 处散开，适合趣味标题。	npx originkit add emoji-particle（需 originkit login）；页面 https://www.originkit.dev/components/emoji-particle	pro	install	none
originkit	xylophone-helix-04	Xylophone Helix 4	interactive-elements	WebGL2 铬刃环，随 scroll 或拖拽 orbit，指针扫过时摆动刀刃，并在金属上拖出流体尾迹，适合 hero 3D。	npx originkit add xylophone-helix-04（需 originkit login）；页面 https://www.originkit.dev/components/xylophone-helix/04	login	install	manual
originkit	text-button-cursor	Text Button Cursor	cursor	带边框文字胶囊跟随指针，循环自定义短语，每次移动留下缩小淡出的拖尾，适合自定义 cursor。	npx originkit add text-button-cursor（需 originkit login）；页面 https://www.originkit.dev/components/text-button-cursor	pro	install	none
originkit	text-noise	Text Noise	text	Canvas 文字溶解成闪烁的静电噪点，在 hover、点击和定时 glitch 时变清晰或散开，适合 glitch 标题。	npx originkit add text-noise（需 originkit login）；页面 https://www.originkit.dev/components/text-noise	login	install	manual
originkit	solar-particle-globe	Solar Particle Globe	interactive-elements	WebGL2 点云按 Fibonacci 螺旋排成球，绕倾斜轴自转，深度渐隐发光点在 cursor 附近吸引或排斥，适合粒子 hero。	npx originkit add solar-particle-globe（需 originkit login）；页面 https://www.originkit.dev/components/solar-particle-globe	login	install	manual
originkit	tornado-02	Tornado 2	background-animation	Three.js 龙卷风，由扭转光束和漂移点组成，彗星沿光束疾驰并以涟漪爆发击散点，适合 hero 视觉，依赖 three	npx originkit add tornado-02（需 originkit login）；页面 https://www.originkit.dev/components/tornado/02	pro	install	none
originkit	metal-unfold	Metal Unfold	loader	六块倒角铬板从平面立方体展开图铰接立起成闭合盒，停顿后再摊平，WebGL 渲染并带影棚反射环境，适合 hero 3D。	npx originkit add metal-unfold（需 originkit login）；页面 https://www.originkit.dev/components/metal-unfold	login	install	manual
originkit	focus-reveal	Focus Reveal	text	电影感标题揭示，每个字符从柔和模糊中快速对焦并带有力的缩放入场，适合 hero 标题，依赖 gsap	npx originkit add focus-reveal（需 originkit login）；页面 https://www.originkit.dev/components/focus-reveal	pro	install	none
originkit	depth-gallery	Depth Gallery	image-gallery	无限循环图片走廊，scroll 带你穿行，每块板淡入下一块，背景随聚焦图片着色，适合沉浸式图集。	npx originkit add depth-gallery（需 originkit login）；页面 https://www.originkit.dev/components/depth-gallery	pro	install	none
originkit	gateway-flow	Gateway Flow	background-animation	WebGL 背景，数十条贝塞尔轨道从两侧扫向画布中心，每条带一个向内运动并重启的点，适合 hero 背景。	npx originkit add gateway-flow（需 originkit login）；页面 https://www.originkit.dev/components/gateway-flow	pro	install	none
originkit	disc-split	Disc Split	animation	3D 圆盘由四块挤出楔形组成，向外迸开、转半圈后合拢，持续循环，原生 WebGL matcap 着色，适合 hero 3D。	npx originkit add disc-split（需 originkit login）；页面 https://www.originkit.dev/components/disc-split	login	install	manual
originkit	breathing-dots	Breathing Dots	background-animation	WebGL 六角密排点阵，以圆角方波胀缩，脉冲从中心向外滞后成行波环，适合 hero 背景，依赖 three	npx originkit add breathing-dots（需 originkit login）；页面 https://www.originkit.dev/components/breathing-dots	login	install	manual
originkit	paper-quilling	Paper Quilling	background-animation	WebGL 背景，对漂移噪声场的等高线做 sphere-tracing 成直立纸条，由单一主光打出投影，适合 hero 背景。	npx originkit add paper-quilling（需 originkit login）；页面 https://www.originkit.dev/components/paper-quilling	login	install	manual
originkit	helix-shaft	Helix Shaft	background-animation	WebGL 光隧道，灯丝沿竖井螺旋下降，画成单个点云，深度、角度和行进脉冲全在 shader 中计算，适合 hero 背景，依赖 three	npx originkit add helix-shaft（需 originkit login）；页面 https://www.originkit.dev/components/helix-shaft	pro	install	none
originkit	particle-tether	Particle Tether	loader	Canvas 球体约 150 个点沿经线滑向密集赤道环，停留后再铺回球面，无缝循环，适合粒子装饰。	npx originkit add particle-tether（需 originkit login）；页面 https://www.originkit.dev/components/particle-tether	login	install	manual
originkit	motion-orbit	Motion Orbit	loader	WebGL 循环，球体沿反向转动的开放半管跑完一圈，过冲后每周期回稳，适合 loader 或 hero 装饰。	npx originkit add motion-orbit（需 originkit login）；页面 https://www.originkit.dev/components/motion-orbit	login	install	manual
originkit	particle-simulation	Particle Simulation	image	WebGL 点云用最多两百万个点重建上传照片，每个点向外迸发，仅在 cursor 经过时闪烁，适合图片 hero。	npx originkit add particle-simulation（需 originkit login）；页面 https://www.originkit.dev/components/particle-simulation	pro	install	none
originkit	glyph-tumbler	Glyph Tumbler	animation	可玩 Rubik 魔方，各面带跨瓦片切开的超大字母，先打乱再倒放还原字形，然后继续翻滚，适合 hero 3D 标题，依赖 framer-motion motion	npx originkit add glyph-tumbler（需 originkit login）；页面 https://www.originkit.dev/components/glyph-tumbler	login	install	manual
originkit	neon-border	Neon Border	border	发光霓虹线沿框架边缘追逐，带真实分层 bloom 并精确贴合每个转角，适合卡片或按钮边框。	npx originkit add neon-border（需 originkit login）；页面 https://www.originkit.dev/components/neon-border	login	install	manual
originkit	ink-plume	Ink Plume	background-animation	WebGL fragment shader 渲染在暗场中上升的烟柱，由三张漂移噪声片构成，指针可将其推开，适合 hero 背景。	npx originkit add ink-plume（需 originkit login）；页面 https://www.originkit.dev/components/ink-plume	login	install	manual
originkit	rubber-mesh	Rubber Mesh	image	WebGL 图片平面在晶格上，随指针按正弦扭曲弯曲，点击时通过亮度位移溶解到下一张图，适合图片轮播，依赖 framer-motion motion	npx originkit add rubber-mesh（需 originkit login）；页面 https://www.originkit.dev/components/rubber-mesh	login	install	manual
originkit	mirror-shards	Mirror Shards	animation	原生 WebGL2 场景，文字悬在缓慢旋转的镜面板之间，反射出隐藏副本，边缘带彩虹薄膜干涉，适合 hero 标题。	npx originkit add mirror-shards（需 originkit login）；页面 https://www.originkit.dev/components/mirror-shards	login	install	manual
originkit	inkbleed	Inkbleed	text	交互式墨水晕染效果，随 cursor 移动流体般反应，营造液态手绘质感，适合 cursor 特效。	npx originkit add inkbleed（需 originkit login）；页面 https://www.originkit.dev/components/inkbleed	pro	install	none
originkit	cursor-ring-field-03	Cursor Ring Field 3	background-animation	WebGL 胶囊点阵背景，柔和光环跟随 cursor 移动，照亮并推开经过的点后回弹，适合做 hero 背景。	npx originkit add cursor-ring-field-03（需 originkit login）；页面 https://www.originkit.dev/components/cursor-ring-field/03	pro	install	none
originkit	one-solid-glass	One Solid Glass	interactive-elements	raymarched 圆角玻璃立方体，在彩色灯条影棚中旋转并弯折灯光，拖拽转动，hover 提亮，适合 hero 3D。	npx originkit add one-solid-glass（需 originkit login）；页面 https://www.originkit.dev/components/one-solid-glass	login	install	manual
originkit	coins	Interactive Coins	interactive-elements	three.js 平面 matcap 圆盘环绕中心 orbit，每枚绕自身三轴翻滚，可带动量拖拽摆动整个环，适合 hero 3D，依赖 three	npx originkit add coins（需 originkit login）；页面 https://www.originkit.dev/components/coins	login	install	manual
originkit	particle-drift-02	Particle Drift 2	interactive-elements	WebGL 漂移点场，近邻间画渐隐连线，点亮指针附近粒子并把每个系到 cursor 上，适合粒子背景。	npx originkit add particle-drift-02（需 originkit login）；页面 https://www.originkit.dev/components/particle-drift/02	login	install	manual
originkit	inkbleed-cursor	Inkbleed Cursor	cursor	像素拖尾以弹簧逐节物理流淌在指针后，可选实线、虚线或波浪图案，适合自定义 cursor 拖尾。	npx originkit add inkbleed-cursor（需 originkit login）；页面 https://www.originkit.dev/components/inkbleed-cursor	pro	install	none
originkit	ticker-delta	Ticker Delta	animation	由单根扫掠 WebGL 管道构成的 Penrose 三角形，三条循环文字带顺时针绕面运行，hover 加速、拖拽拨动，适合 hero 标题，依赖 three	npx originkit add ticker-delta（需 originkit login）；页面 https://www.originkit.dev/components/ticker-delta	login	install	manual
originkit	particle-drift-03	Particle Drift 3	interactive-elements	WebGL 漂移点场，近邻间画渐隐连线，点亮指针附近粒子并把每个系到 cursor 上，适合粒子背景。	npx originkit add particle-drift-03（需 originkit login）；页面 https://www.originkit.dev/components/particle-drift/03	login	install	manual
originkit	liquid-metal	Liquid Metal	background-animation	WebGL 背景，把调色板作为环境贴图反射到起伏高度场上，包裹深色椭圆空洞，适合 hero 背景。	npx originkit add liquid-metal（需 originkit login）；页面 https://www.originkit.dev/components/liquid-metal	login	install	manual
originkit	letter-flue	Letter Flue	background-animation	光线投射方形隧道，四壁带同一段文字，无尽穿行，字母带运动模糊、缓慢翻滚并随指针导向，适合 hero 标题，依赖 framer-motion motion three	npx originkit add letter-flue（需 originkit login）；页面 https://www.originkit.dev/components/letter-flue	login	install	manual
originkit	prism-film	Prism Film	background-animation	WebGL 背景，80 层折叠的发光丝绸，以随时间旋转的色散收尾，并在指针下扩大闪耀，适合 hero 背景。	npx originkit add prism-film（需 originkit login）；页面 https://www.originkit.dev/components/prism-film	login	install	manual
originkit	label-slide-button	Label Slide Button	button	hover 按钮，标签滚出到堆叠的副本，同时图标徽章沿设定角度滑走静止字形并滑入 hover 字形，适合 CTA 按钮，依赖 framer-motion motion	npx originkit add label-slide-button（需 originkit login）；页面 https://www.originkit.dev/components/label-slide-button	login	install	manual
originkit	cursor-ring-field-02	Cursor Ring Field 2	background-animation	WebGL 胶囊点阵背景，柔和光环跟随 cursor 移动，照亮并推开经过的点后回弹，适合做 hero 背景。	npx originkit add cursor-ring-field-02（需 originkit login）；页面 https://www.originkit.dev/components/cursor-ring-field/02	pro	install	none
originkit	light-shaft-text	Light Shaft Text	text	WebGL 文字标，由固定的竖线梳状笔画构成，每条按自己的噪声时钟发光，部分延伸出字外成静止光条，适合 hero 标题。	npx originkit add light-shaft-text（需 originkit login）；页面 https://www.originkit.dev/components/light-shaft-text	login	install	manual
originkit	particle-drift-04	Particle Drift 4	interactive-elements	WebGL 漂移点场，近邻间画渐隐连线，点亮指针附近粒子并把每个系到 cursor 上，适合粒子背景。	npx originkit add particle-drift-04（需 originkit login）；页面 https://www.originkit.dev/components/particle-drift/04	login	install	manual
originkit	blob-text-reveal	Blob Text Reveal	text	gooey 团块擦去一个词并画入下一个，逐字符模糊揭示地滑过，适合 hero 标题切换，依赖 framer-motion	npx originkit add blob-text-reveal（需 originkit login）；页面 https://www.originkit.dev/components/blob-text-reveal	pro	install	none
originkit	hyperspace	Hyper Space	background-animation	WebGL 走廊，蓝白长光条冲过镜头，位于缓慢滚动的条纹锥体内，由隧道轴上的 bloom 照亮，适合 loader 或 hero 背景。	npx originkit add hyperspace（需 originkit login）；页面 https://www.originkit.dev/components/hyperspace	login	install	manual
originkit	iso-cube-trail	Cube Trail	background-animation	WebGL2 等轴测场，数千个带阴影的实例化立方体，被压出拉伸凹痕拖在指针后，适合 hero 背景。	npx originkit add iso-cube-trail（需 originkit login）；页面 https://www.originkit.dev/components/iso-cube-trail	login	install	manual
originkit	noise-wipe	Noise Wipe	image	点击切换图片幻灯片，竖向擦除经 4D Perlin 噪声场把一张照片溶解到下一张，由单个 WebGL shader 绘制，适合图片轮播，依赖 three	npx originkit add noise-wipe（需 originkit login）；页面 https://www.originkit.dev/components/noise-wipe	login	install	manual
originkit	matrix-junction	Matrix Junction	interactive-elements	WebGL 发光光束汇聚于漂移节点，抖动闪电从每条光束最近点射向指针，适合科技感 hero 背景。	npx originkit add matrix-junction（需 originkit login）；页面 https://www.originkit.dev/components/matrix-junction	pro	install	none
originkit	kineticgrid	Kinetic Grid	cursor	交互式网格背景，随 cursor 移动平滑吸引、网格线动画，可选 cursor 拖尾，适合 hero 背景。	npx originkit add kineticgrid（需 originkit login）；页面 https://www.originkit.dev/components/kineticgrid	pro	install	none
originkit	acrylic-pour	Acrylic Pour	background-animation	WebGL 流体模拟，从游走的水流把分层颜料倒在暗板上，再裂出硅油细胞并持续流动，适合 hero 背景。	npx originkit add acrylic-pour（需 originkit login）；页面 https://www.originkit.dev/components/acrylic-pour	login	install	manual
originkit	liquid-burn-reveal	Liquid Burn Reveal	image	WebGL 双图切换，cursor 烧出带余烬边缘和焦黑边的破洞，hover 保持一块，点击扩散满帧，适合图片 hover 切换，依赖 three	npx originkit add liquid-burn-reveal（需 originkit login）；页面 https://www.originkit.dev/components/liquid-burn-reveal	pro	install	none
originkit	shape-mosaic	Shape Mosaic	background-animation	全屏 WebGL 网格，每格画六种形状之一并持续旋转，指针经过时转向、膨胀并变色，适合 hero 背景，依赖 three	npx originkit add shape-mosaic（需 originkit login）；页面 https://www.originkit.dev/components/shape-mosaic	login	install	manual
originkit	miura-image-fold	Miura Image Fold	animation	双页过渡，把第一页沿 Miura-ori 折痕网格折成平叠，翻面后展开背面作为第二页，适合页面 transition。	npx originkit add miura-image-fold（需 originkit login）；页面 https://www.originkit.dev/components/miura-image-fold	login	install	manual
originkit	liquid-chrome	Liquid Chrome	background-animation	WebGL shader 背景，把分形噪声扭成金属表面并反射硬分带环境，呈现流动铬质感，适合 hero 背景。	npx originkit add liquid-chrome（需 originkit login）；页面 https://www.originkit.dev/components/liquid-chrome	login	install	manual
originkit	gabriel-graph	Gabriel Graph	interactive-elements	球面随机点连成 Gabriel graph，每条边渲染为 3D 线框盒子，竖轴缓慢自转，可拖拽 orbit，适合做 3D 网络可视化展示。	npx originkit add gabriel-graph（需 originkit login）；页面 https://www.originkit.dev/components/gabriel-graph	login	install	manual
originkit	checker-vortex	Checker Vortex	background-animation	WebGL 棋盘格经 log-polar 映射无限螺旋卷入偏心漩涡眼，hover 时漩涡眼滑向 cursor，适合做催眠感 hero 背景。	npx originkit add checker-vortex（需 originkit login）；页面 https://www.originkit.dev/components/checker-vortex	login	install	manual
originkit	slide-fill-button	Slide Fill Button	button	hover 时像水杯注水般填充的按钮，波浪波峰无缝滚动，文字随水位淹没变色，适合做 CTA 按钮，依赖 framer-motion	npx originkit add slide-fill-button（需 originkit login）；页面 https://www.originkit.dev/components/slide-fill-button	login	install	manual
originkit	spark-lattice	Spark Lattice	background-animation	WebGL 三角晶格背景，火花沿边随机游走留下渐隐拖尾，另有一颗火花沿裂缝追向指针，适合做科技感背景。	npx originkit add spark-lattice（需 originkit login）；页面 https://www.originkit.dev/components/spark-lattice	login	install	manual
originkit	mech-keyboard	Mech Keyboard	interactive-elements	WebGL 60% 机械键盘，键入或点击时对应键帽按下，带弹簧行程、合成的轴体点击声和三种配色，适合做交互展示区，依赖 three	npx originkit add mech-keyboard（需 originkit login）；页面 https://www.originkit.dev/components/mech-keyboard	pro	install	none
originkit	pixelate-image	Pixelate Image	image	通过实时 SVG 像素化滤镜显现或隐藏图片，由 cursor 距离或 scroll 触发的 tween 驱动，适合图片揭示效果，依赖 framer-motion	npx originkit add pixelate-image（需 originkit login）；页面 https://www.originkit.dev/components/pixelate-image	login	install	manual
originkit	single-clear-faceted	Single Clear Faceted	animation	WebGL2 宝石由相交平面构成，逐通道折射光线追踪，转动时分光出彩色，可拖拽旋转，适合做 hero 视觉主体。	npx originkit add single-clear-faceted（需 originkit login）；页面 https://www.originkit.dev/components/single-clear-faceted	login	install	manual
originkit	metal-rubics	Metal Rubics	interactive-elements	three.js 圆角小方块魔方，用弹簧驱动的层旋转自动打乱，三轴漂移并跟随指针拖拽，适合做 3D 交互展示，依赖 framer-motion motion three	npx originkit add metal-rubics（需 originkit login）；页面 https://www.originkit.dev/components/metal-rubics	pro	install	none
originkit	scroll-wave-field-03	Scroll Wave Field 3	background-animation	上万个 GPU 点铺在正弦起伏地面上，相机置于场内无尽前行，随 cursor 隆起，适合做 scroll 风格 hero 背景，依赖 framer-motion motion	npx originkit add scroll-wave-field-03（需 originkit login）；页面 https://www.originkit.dev/components/scroll-wave-field/03	pro	install	none
originkit	chain-vortex	Chain Vortex	background-animation	WebGL raymarching 锁链地面经 log-polar 映射，平行锁链变成卷向暗色中心的螺旋臂，适合做沉浸式背景。	npx originkit add chain-vortex（需 originkit login）；页面 https://www.originkit.dev/components/chain-vortex	login	install	manual
originkit	chladni-tune	Chladni Tune	background-animation	全屏 Canvas 叠层，12000 颗沙粒在振动板上随加载进度的频率扫描聚成 Chladni 图形，适合做 loader 加载页。	npx originkit add chladni-tune（需 originkit login）；页面 https://www.originkit.dev/components/chladni-tune	login	install	manual
originkit	blurcarousel	Blur Carousel	image-gallery	图片轮播，hover 箭头时渐入柔和模糊，切换时带 3D 按压倾斜并弹回，适合做作品展示 carousel。	npx originkit add blurcarousel（需 originkit login）；页面 https://www.originkit.dev/components/blurcarousel	login	install	manual
originkit	flip-cube	Flip Cube	animation	循环播放的 WebGL 动画，27 个方块堆成立方体，三层依次错开半圈旋转，整体同时自转，适合做 logo 动画或装饰。	npx originkit add flip-cube（需 originkit login）；页面 https://www.originkit.dev/components/flip-cube	login	install	manual
originkit	vector-wordmark-04	Vector Wordmark 4	text	WebGL 文字标识在跟随 cursor 的圆盘内栅格化为方格，叠加网格线、十字准星和单元读数，适合做技术风 hero 标题。	npx originkit add vector-wordmark-04（需 originkit login）；页面 https://www.originkit.dev/components/vector-wordmark/04	login	install	manual
originkit	paper-ridge	Paper Ridge	background-animation	全幅 Three.js 平面经脊状分形噪声位移并用屏幕空间导数平面着色，褶皱呈硬边折痕原地起伏，适合做纸质感背景，依赖 three	npx originkit add paper-ridge（需 originkit login）；页面 https://www.originkit.dev/components/paper-ridge	login	install	manual
originkit	spiral-glass-hollow	Spiral Glass Hollow	interactive-elements	raymarched WebGL2 玻璃螺旋，内部挤出你的文字，绕竖轴旋转并带折射、色散和内部反弹，适合做 3D 文字展示。	npx originkit add spiral-glass-hollow（需 originkit login）；页面 https://www.originkit.dev/components/spiral-glass-hollow	login	install	manual
originkit	smooth-scroll-slider	Smooth Scroll Slider	image-gallery	横向图片滑轨，支持滚轮、触控板或拖拽，每张幻灯片接近中心前放大至 2.5 倍，经过后缩小变暗，适合做 scroll 图库。	npx originkit add smooth-scroll-slider（需 originkit login）；页面 https://www.originkit.dev/components/smooth-scroll-slider	login	install	manual
originkit	particle-dome	Particle Dome	loader	Canvas 球体由约 150 个按深度排序的点组成，一条亮色大圆带无缝循环摆动轴线，可拖拽并带 flick 惯性，适合做 loader。	npx originkit add particle-dome（需 originkit login）；页面 https://www.originkit.dev/components/particle-dome	login	install	manual
originkit	scroll-text-highlight	Scroll Text Highlight	text	段落文字随访客 scroll 经过时逐词或逐字亮起高亮，适合做滚动叙事文案区块，依赖 gsap	npx originkit add scroll-text-highlight（需 originkit login）；页面 https://www.originkit.dev/components/scroll-text-highlight	pro	install	none
originkit	scroll-wave-field-04	Scroll Wave Field 4	background-animation	WebGL 点阵场，数千个圆盘分布在镜像的双层正弦曲面上，向场内相机流动并随 cursor 隆起，适合做 scroll 背景，依赖 motion	npx originkit add scroll-wave-field-04（需 originkit login）；页面 https://www.originkit.dev/components/scroll-wave-field/04	pro	install	none
originkit	gyro-rings	Gyro Rings	interactive-elements	嵌套的 3D 万向环按交替轴自行旋转，对 cursor 的甩动会被抛飞，适合做交互装饰元素，依赖 three	npx originkit add gyro-rings（需 originkit login）；页面 https://www.originkit.dev/components/gyro-rings	pro	install	none
originkit	morph-solid	Morph Solid	interactive-elements	raymarched 距离场实体在立方体、球、八面体和环面间循环变形，抛光金属质感并映出虚构房间，可拖拽旋转，适合 3D 展示，依赖 three	npx originkit add morph-solid（需 originkit login）；页面 https://www.originkit.dev/components/morph-solid	pro	install	none
originkit	thread-sphere	Thread Sphere	animation	WebGL 球体由数百个点和数千条细弦线连成，旋转、呼吸并偏向 cursor，hover 时标出所指的点，适合做 hero 视觉，依赖 framer-motion motion	npx originkit add thread-sphere（需 originkit login）；页面 https://www.originkit.dev/components/thread-sphere	login	install	manual
originkit	particle-pulse	Particle Pulse	loader	Canvas 2D 球体约 150 个点膨胀收缩，每个纬度滞后于上一层，脉冲像波浪向下传递，适合做 loader 加载动画。	npx originkit add particle-pulse（需 originkit login）；页面 https://www.originkit.dev/components/particle-pulse	login	install	manual
originkit	pixel-reveal	Pixel Reveal	image	Canvas 网格中指针给格子充能：最亮的显示图片，其后的格子经色板逐级退出，最终全部衰减消失，适合做图片 hover 揭示。	npx originkit add pixel-reveal（需 originkit login）；页面 https://www.originkit.dev/components/pixel-reveal	pro	install	none
originkit	beyond-horizon	Beyond Horizon	background-animation	WebGL 点光源停在巨大暗盘顶点，只有光晕顶部、上升羽流和一圈边缘光越过地平线，适合做暗色 hero 背景。	npx originkit add beyond-horizon（需 originkit login）；页面 https://www.originkit.dev/components/beyond-horizon	login	install	manual
originkit	phyllotaxis-disc	Phyllotaxis Disc	interactive-elements	WebGL 向日葵花盘按黄金角排布，一道亮色脉冲从中心向外穿过种子，整个花盘偏向 cursor，适合做生成艺术展示，依赖 three	npx originkit add phyllotaxis-disc（需 originkit login）；页面 https://www.originkit.dev/components/phyllotaxis-disc	pro	install	none
originkit	compare-slider	Compare Slider	image	前后对比图片滑块，可拖拽的竖向手柄裁切上层图片，支持 hover 跟随、边缘标签和键盘方向键控制，适合做效果对比。	npx originkit add compare-slider（需 originkit login）；页面 https://www.originkit.dev/components/compare-slider	login	install	manual
originkit	fur-pelt	Fur Pelt	background-animation	WebGL 毛皮背景，细毛聚成簇，单侧打光使整簇闪银或压黑，在指针处卷成旋毛，适合做质感背景。	npx originkit add fur-pelt（需 originkit login）；页面 https://www.originkit.dev/components/fur-pelt	login	install	manual
originkit	clip-stack-fixed	Clip Stack Fixed	background-animation	WebGL 背景，水平细线从中心向外按渐宽 V 形逐行点亮，再自上而下褪回灰色，适合做极简科技感背景。	npx originkit add clip-stack-fixed（需 originkit login）；页面 https://www.originkit.dev/components/clip-stack-fixed	login	install	manual
originkit	particle-revolve	Particle Revolve	loader	约 150 个按深度排序的点从球面滑到立方体六个面再返回，无缝循环，Canvas 2D 绘制，可像轨迹球拖拽，适合做 loader。	npx originkit add particle-revolve（需 originkit login）；页面 https://www.originkit.dev/components/particle-revolve	login	install	manual
originkit	silk-fringe	Silk Fringe	background-animation	全屏 WebGL 场，一条行进的正弦波在半球隆起上被延迟，色带弯曲成明亮压缩的焦散脊，适合做 hero 背景。	npx originkit add silk-fringe（需 originkit login）；页面 https://www.originkit.dev/components/silk-fringe	login	install	manual
originkit	contour-embers	Contour Embers	background-animation	WebGL 地形等高线场，余烬沿扭曲的等高线游走，指针会抬起一圈等距同心环锥体，适合做交互背景。	npx originkit add contour-embers（需 originkit login）；页面 https://www.originkit.dev/components/contour-embers	login	install	manual
originkit	scrambletext	Scramble Text	text	用电影感 glitch 揭示动画文字，并带基于字符的 hover 交互效果，适合做标题文字特效。	npx originkit add scrambletext（需 originkit login）；页面 https://www.originkit.dev/components/scrambletext	pro	install	none
originkit	liquid-glass-carousel	Liquid Glass Carousel	image-gallery	WebGL carousel 把无尽图片卡片渲染进缓冲区，再透过玻璃透镜重绘，产生折射、色散和辉光，适合做高端作品图库，依赖 three	npx originkit add liquid-glass-carousel（需 originkit login）；页面 https://www.originkit.dev/components/liquid-glass-carousel	login	install	manual
originkit	tiles-loader	Tiles Loader	loader	全页 loading 遮罩，方块瓦片按随机顺序逐个涂黑，叠在混合模式百分比之后，再沿对角波浪缩小退场，适合做 loader 加载页。	npx originkit add tiles-loader（需 originkit login）；页面 https://www.originkit.dev/components/tiles-loader	login	install	manual
originkit	chevron-duct	Chevron Duct	background-animation	WebGL 走廊由实例化 V 形环组成，向纵深后退，随行进开合脉动，相邻环反向旋转，适合做隧道感背景，依赖 three	npx originkit add chevron-duct（需 originkit login）；页面 https://www.originkit.dev/components/chevron-duct	login	install	manual
originkit	magazine-flip	Magazine Flip	image-gallery	WebGL 走廊中近乎侧立的杂志页随 scroll 掠过相机并无限循环，点击任一页可抬起铺满画面，适合做杂志图库，依赖 three	npx originkit add magazine-flip（需 originkit login）；页面 https://www.originkit.dev/components/magazine-flip	login	install	manual
originkit	chrome-stack	Chrome Stack	background-animation	全屏 WebGL shader 把同心带弯成圆柱截面，并反射程序化天空、地面和一盏移动灯来着色，适合做铬金属感背景。	npx originkit add chrome-stack（需 originkit login）；页面 https://www.originkit.dev/components/chrome-stack	login	install	manual
originkit	light-cables-03	Light Cables 3	background-animation	WebGL 发光光纤束经一次弯折，脉冲从入口边传来，hover 时向指针抬起，适合做科技感 hero 背景。	npx originkit add light-cables-03（需 originkit login）；页面 https://www.originkit.dev/components/light-cables/03	pro	install	none
originkit	curl-pool	Curl Pool	background-animation	WebGL 脊状焦散场退入黑暗，被 curl noise 搅动，指针涡旋卷动光线并把池水拉向 cursor，适合做水光背景。	npx originkit add curl-pool（需 originkit login）；页面 https://www.originkit.dev/components/curl-pool	pro	install	none
originkit	ribbon-glow	Ribbon Glow	background-animation	全幅 WebGL2 背景，堆叠 84 层扭曲折叠的光带，绕指针旋涌并被其运动拖拽，适合做流光 hero 背景。	npx originkit add ribbon-glow（需 originkit login）；页面 https://www.originkit.dev/components/ribbon-glow	login	install	manual
originkit	rope	Rope	interactive-elements	WebGL 盘绕绳球，从一极无尽解开并在新倾斜的轴上重新盘起，辫股着色，可拖拽旋转，适合做 3D 展示元素。	npx originkit add rope（需 originkit login）；页面 https://www.originkit.dev/components/rope	login	install	manual
originkit	glyph-ring	Glyph Ring	background-animation	WebGL shader 绘制 4x6 像素字形同心环，各环反向旋转，由跟随指针绕盘面移动的光束照亮，适合做科幻背景，依赖 three	npx originkit add glyph-ring（需 originkit login）；页面 https://www.originkit.dev/components/glyph-ring	login	install	manual
originkit	petrol-glob	Petrol Glob	interactive-elements	three.js 油膜玻璃球，在光滑气泡与锐利玻璃纸折面间循环，视图固定的彩虹边缘加红色泛光，适合做 3D 视觉元素，依赖 three	npx originkit add petrol-glob（需 originkit login）；页面 https://www.originkit.dev/components/petrol-glob	login	install	manual
originkit	isometric-squares	Isometric Squares	interactive-elements	Canvas 等距立方柱平板，中间有深圆角方形凹坑，彩虹光墙面绕网格旋转并在 hover 时跟随指针，适合做交互展示。	npx originkit add isometric-squares（需 originkit login）；页面 https://www.originkit.dev/components/isometric-squares	login	install	manual
originkit	dither-effect	Dither Effect	background-animation	动态抖动噪声场，通过实时 4x4 有序抖动矩阵渲染你的调色板，hover 时产生排斥空洞，适合做复古像素风背景，依赖 framer-motion	npx originkit add dither-effect（需 originkit login）；页面 https://www.originkit.dev/components/dither-effect	pro	install	none
originkit	scroll-wave-field-02	Scroll Wave Field 2	background-animation	WebGL 点阵场，数千个叠加发光点分布在分层正弦地面上，相机位于场内，近处行掠过底边，适合做 scroll 背景，依赖 motion	npx originkit add scroll-wave-field-02（需 originkit login）；页面 https://www.originkit.dev/components/scroll-wave-field/02	pro	install	none
originkit	halftone-bloom	Halftone Bloom	background-animation	86 层折叠光带场通过旋转半调网格印出，圆点向指针增大并取代下方平滑图像，适合做半调 halftone 风背景。	npx originkit add halftone-bloom（需 originkit login）；页面 https://www.originkit.dev/components/halftone-bloom	login	install	manual
originkit	twist-ribbon	Twist Ribbon	background-animation	WebGL2 shader 绘制横跨画面的单条扭曲缎带，沿循环样条侧向漂移，颜色由金渐变为蓝，适合做优雅 hero 背景。	npx originkit add twist-ribbon（需 originkit login）；页面 https://www.originkit.dev/components/twist-ribbon	login	install	manual
originkit	scroll-text-reveal	Scroll Text Reveal	text	文字蒙版逐行拆分为字符、词或行，在 scroll 进入视口时依次揭示，适合做标题和段落入场动画，依赖 framer-motion gsap	npx originkit add scroll-text-reveal（需 originkit login）；页面 https://www.originkit.dev/components/scroll-text-reveal	pro	install	none
originkit	dither-burn	Dither Burn	background-animation	WebGL2 光带场经有序 4x4 Bayer 抖动渲染，指针周围从七级色调坍缩为黑白双色，适合做 dither 风格背景。	npx originkit add dither-burn（需 originkit login）；页面 https://www.originkit.dev/components/dither-burn	login	install	manual
originkit	type-slab-field	Type Slab Field	animation	满屏 3D 挤出字符网格沉在黑雾中，指针经过处字符立起，由两盏随高度变化的彩色聚光灯照亮，适合做 hero 背景。	npx originkit add type-slab-field（需 originkit login）；页面 https://www.originkit.dev/components/type-slab-field	login	install	manual
originkit	jade-bagel	Jade Bagel	interactive-elements	raymarched 环面，表面是你的单词作为有向距离场向内挤出，从管内打光，穿过孔洞无尽滚动，适合做 3D 文字展示，依赖 framer-motion motion three	npx originkit add jade-bagel（需 originkit login）；页面 https://www.originkit.dev/components/jade-bagel	login	install	manual
originkit	light-cables-02	Light Cables 2	background-animation	WebGL 最多 48 条发光电缆，经一次折弯，从一边送入光脉冲，hover 时向指针抬起，适合做科技感背景。	npx originkit add light-cables-02（需 originkit login）；页面 https://www.originkit.dev/components/light-cables/02	pro	install	none
originkit	light-cables-04	Light Cables 4	background-animation	WebGL 发光电缆束呈马蹄形悬挂，光脉冲沿每股线传播，指针会抬起经过的线股，适合做科技感 hero 背景。	npx originkit add light-cables-04（需 originkit login）；页面 https://www.originkit.dev/components/light-cables/04	pro	install	none
originkit	slice-blade	Slice Blade	games	Canvas 小游戏，标题的位图字母弧线飞起，沿指针拖过的精确直线被切开，含连击、炸弹和自动演示，适合做互动彩蛋。	npx originkit add slice-blade（需 originkit login）；页面 https://www.originkit.dev/components/slice-blade	login	install	manual
originkit	metal-rosette	Metal Rosette	animation	WebGL 加号形，七个倒角铬立方体循环展开、停住、收回，同时在固定影棚环境下旋转，适合做 logo 或装饰动画。	npx originkit add metal-rosette（需 originkit login）；页面 https://www.originkit.dev/components/metal-rosette	login	install	manual
originkit	cursor-ring-field-04	Cursor Ring Field 4	background-animation	WebGL 散布胶囊场，一个柔和光环跟随指针，照亮经过的点并把它们推开再回落，适合做 cursor 交互背景。	npx originkit add cursor-ring-field-04（需 originkit login）；页面 https://www.originkit.dev/components/cursor-ring-field/04	pro	install	none
originkit	dimensional-field	Dimensional Field	background-animation	四个暗玻璃球漂浮在噪声扭曲的 WebGL 场上，从背后的场取得体色，并随指针视差移动，适合做 hero 背景。	npx originkit add dimensional-field（需 originkit login）；页面 https://www.originkit.dev/components/dimensional-field	login	install	manual
originkit	toonfireball	Toon fireball	interactive-elements	卡通渲染 cel-shaded 火球动画，带发光火焰拖尾、bloom 和可拖拽交互控制，适合做游戏风格展示。	npx originkit add toonfireball（需 originkit login）；页面 https://www.originkit.dev/components/toonfireball	login	install	manual
originkit	ripple-field	Ripple Field	background-animation	Canvas 粒子场，每个微粒被移动吸引子按 sin(d·k)/d 拉动，堆叠在交替壳层上画出同心环，适合做波纹背景。	npx originkit add ripple-field（需 originkit login）；页面 https://www.originkit.dev/components/ripple-field	login	install	manual
originkit	emojiburst	Emoji Burst	button	点击按钮发射一束自定义 emoji，在重力下自由飞散，每次按压带弹性抖动，适合做互动 button。	npx originkit add emojiburst（需 originkit login）；页面 https://www.originkit.dev/components/emojiburst	pro	install	none
originkit	dash-cursor	Dash Cursor	cursor	像素方块 cursor 冲刺追随指针，留下渐隐拖尾，可吸附到不可见网格，适合做复古风自定义 cursor。	npx originkit add dash-cursor（需 originkit login）；页面 https://www.originkit.dev/components/dash-cursor	pro	install	none
originkit	scan-effect	Scan Effect	image	WebGL2 照片特效，用深度图让图案光带从最近表面扫向最远，带指针视差和 bloom，适合做图片 hero。	npx originkit add scan-effect（需 originkit login）；页面 https://www.originkit.dev/components/scan-effect	pro	install	none
originkit	stack-tower	Stack Tower	games	Canvas 叠方块游戏，方块在塔上滑动，点击落下，超出边缘的部分被切掉并翻落，使下块变窄，适合做小游戏。	npx originkit add stack-tower（需 originkit login）；页面 https://www.originkit.dev/components/stack-tower	login	install	manual
originkit	stencil-moon	Stencil Moon	interactive-elements	three.js 球体贴满重复排列的你的文字，置于无光平地之上，文字带从正对观众的极点流出，适合做 3D 文字展示，依赖 framer-motion motion three	npx originkit add stencil-moon（需 originkit login）；页面 https://www.originkit.dev/components/stencil-moon	login	install	manual
originkit	wire-terrain	Wire Terrain	background-animation	WebGL 背景，相机沿线框峡谷飞向条带地平线太阳，带隐线遮挡，指针转向会倾斜偏航视角，适合做复古 synthwave 背景。	npx originkit add wire-terrain（需 originkit login）；页面 https://www.originkit.dev/components/wire-terrain	login	install	manual
originkit	particle-saturn-02	Particle Saturn 2	animation	GPU 粒子系统用球面微粒画出带环行星，光环按开普勒定律公转并被本体遮挡，可拖拽重定向，适合做太空主题展示，依赖 three	npx originkit add particle-saturn-02（需 originkit login）；页面 https://www.originkit.dev/components/particle-saturn/02	login	install	manual
originkit	flare-arc	Flare Arc	background-animation	全幅 WebGL 噪声场，发光等高线描绘某一亮度级而非峰值，指针推送热量使其外凸，适合做热感 hero 背景。	npx originkit add flare-arc（需 originkit login）；页面 https://www.originkit.dev/components/flare-arc	pro	install	none
originkit	cello-stack	Cello Stack	image-gallery	WebGL 图片卡堆，把下一张卡向上发出，整堆被一层程序化收缩膜封住并产生折射和眩光，适合做产品图库，依赖 framer-motion motion three	npx originkit add cello-stack（需 originkit login）；页面 https://www.originkit.dev/components/cello-stack	login	install	manual
originkit	fibre-arc-04	Fibre Arc 4	background-animation	WebGL 细发光丝场，排成弧形、螺旋、圆或星形，随时钟漂移并被指针梳向一侧，适合做 hero 背景。	npx originkit add fibre-arc-04（需 originkit login）；页面 https://www.originkit.dev/components/fibre-arc/04	login	install	manual
originkit	lenticular-duo	Lenticular Duo	image	WebGL 交替脊片板同时承载两张图，各占朝向自己的面，转动薄片即可从一张切换为另一张，适合做光栅图片切换。	npx originkit add lenticular-duo（需 originkit login）；页面 https://www.originkit.dev/components/lenticular-duo	login	install	manual
originkit	shadow-play	Shadow Play	text	WebGL 标题文字，每个像素向跟随 cursor 的光源投射光线，字形抛出带光谱色边的柔和体积阴影，适合做 hero 标题。	npx originkit add shadow-play（需 originkit login）；页面 https://www.originkit.dev/components/shadow-play	login	install	manual
originkit	crease-flyer	Crease Flyer	image-gallery	WebGL 薄片把每张海报揉成纸团，再展平、停留，在下一张出现前再次揉皱，适合做海报图库切换，依赖 three	npx originkit add crease-flyer（需 originkit login）；页面 https://www.originkit.dev/components/crease-flyer	login	install	manual
originkit	shine-card	Shine Card	interactive-elements	深色卡片，带涟漪般起伏的金属点阵，捕捉光线并随 cursor 做 3D 倾斜，适合做产品或功能卡片。	npx originkit add shine-card（需 originkit login）；页面 https://www.originkit.dev/components/shine-card	login	install	manual
originkit	fibre-image-tear	Fibre Image Tear	animation	页面 A 沿参差纸缝撕开，两半随重力翻转落下，露出后方的页面 B，撕边带纤维和奶油色芯，适合做页面转场。	npx originkit add fibre-image-tear（需 originkit login）；页面 https://www.originkit.dev/components/fibre-image-tear	login	install	manual
originkit	ripple-image-card	Ripple Image Card	image	WebGL 图片卡，沿指针轨迹落下扩散的涟漪环，每圈随扩大衰减并向外位移照片像素，适合做 hover 图片效果，依赖 framer-motion motion	npx originkit add ripple-image-card（需 originkit login）；页面 https://www.originkit.dev/components/ripple-image-card	pro	install	none
originkit	falling-text	Falling Text	text	文字逐字或逐词落下，落地时带弹性的类重力弹跳，适合做标题入场动画，依赖 framer-motion	npx originkit add falling-text（需 originkit login）；页面 https://www.originkit.dev/components/falling-text	login	install	manual
originkit	star-burst-graph	Star burst Graph	interactive-elements	Canvas 2D 星爆图，彩色细线从中心枢纽辐射到点球，缓慢 3D 旋转，点会从指针处弹开，适合做交互数据可视化。	npx originkit add star-burst-graph（需 originkit login）；页面 https://www.originkit.dev/components/star-burst-graph	login	install	manual
originkit	accretion-disc-04	Accretion Disc 4	background-animation	WebGL 黑洞，点云绕螺旋带吸积盘轨道运行，不透明核心球遮挡后方物体，带两道极喷流，适合做太空 hero 背景。	npx originkit add accretion-disc-04（需 originkit login）；页面 https://www.originkit.dev/components/accretion-disc/04	login	install	manual
originkit	scan-grid-button	Scan Grid Button	button	科幻 HUD 按钮，静止时有角括号，hover 时吸成发光准星并带扫描带，标签文字 glitch，适合做 CTA 按钮，依赖 framer-motion	npx originkit add scan-grid-button（需 originkit login）；页面 https://www.originkit.dev/components/scan-grid-button	login	install	manual
originkit	infinity-trail	Infinity Trail	loader	Canvas loader，渐细发光彗星头沿伯努利双纽线奔跑，洒落火花和柔和光晕，可选下方标签，适合做加载动画。	npx originkit add infinity-trail（需 originkit login）；页面 https://www.originkit.dev/components/infinity-trail	login	install	manual
originkit	hairline-loader	Hairline Loader	loader	全屏 preloader，在页面画一条细线，百分比跟在线端，然后沿线把页面一分为二展开，适合做加载页。	npx originkit add hairline-loader（需 originkit login）；页面 https://www.originkit.dev/components/hairline-loader	login	install	manual
originkit	masthead-reveal	Masthead Reveal	loader	全屏遮罩 loader，单词每个字母随加载进度从基线蒙版升起，伴随画出的横线和三位数计数器，适合做加载页。	npx originkit add masthead-reveal（需 originkit login）；页面 https://www.originkit.dev/components/masthead-reveal	login	install	manual
originkit	firework-cursor	Firework Cursor	cursor	GPGPU 粒子场跟随指针，拖出漂移的 bloom 光火花，像烟花追随每次移动，适合做自定义 cursor，依赖 threejs-components	npx originkit add firework-cursor（需 originkit login）；页面 https://www.originkit.dev/components/firework-cursor	pro	install	none
originkit	cluster-about-soap	Cluster About Soap	interactive-elements	WebGL2 fragment shader 光线追踪最多 32 个重叠肥皂泡成旋转团簇，带薄膜色、发光接缝和困住的气囊，适合做 3D 展示。	npx originkit add cluster-about-soap（需 originkit login）；页面 https://www.originkit.dev/components/cluster-about-soap	login	install	manual
originkit	fluid-text	Fluid Text	text	标题实为实时流体模拟，染料被裁剪在字形内，随 cursor 移动流动，适合做 hero 标题特效。	npx originkit add fluid-text（需 originkit login）；页面 https://www.originkit.dev/components/fluid-text	login	install	manual
originkit	smokytext	Smoky Text	text	用逼真烟雾扩散动画文字，可自定义揭示方向、触发模式和逐字平滑过渡，适合做标题文字特效。	npx originkit add smokytext（需 originkit login）；页面 https://www.originkit.dev/components/smokytext	pro	install	none
originkit	mosaic-lens	Mosaic Lens	background-animation	WebGL2 动态光带场渲染为粗方块瓦片，指针像透镜把瓦片逐步解析为更细的细节，适合做 hero 背景。	npx originkit add mosaic-lens（需 originkit login）；页面 https://www.originkit.dev/components/mosaic-lens	login	install	manual
originkit	text-colour-sweep	Text Colour Sweep	text	逐字母揭示动画，一道强调色带扫过文字后才落定为最终颜色，适合做标题文字特效，依赖 framer-motion	npx originkit add text-colour-sweep（需 originkit login）；页面 https://www.originkit.dev/components/text-colour-sweep	login	install	manual
originkit	glyph-globe	Glyph Globe	interactive-elements	WebGL 地球仅有纬线行：海洋上暗点，陆地上按离岸距离选取 ASCII 字形，滴答转动并避开指针，适合做数据主题 hero，依赖 framer-motion motion	npx originkit add glyph-globe（需 originkit login）；页面 https://www.originkit.dev/components/glyph-globe	login	install	manual
originkit	cloud-sky-04	Cloud Sky 4	background-animation	全幅 WebGL 天空，层叠积云配斜雨、暗色风暴层和从内部闪亮云层的闪电，点击可劈下一道闪电，适合做天气背景。	npx originkit add cloud-sky-04（需 originkit login）；页面 https://www.originkit.dev/components/cloud-sky/04	pro	install	none
originkit	sphere-gallery-3d	Sphere Gallery 3D	image-gallery	WebGL 球面图片板连到发光核心，拖拽 orbit、scroll 缩放，hover 时向 cursor 靠拢，适合做 3D 图库。	npx originkit add sphere-gallery-3d（需 originkit login）；页面 https://www.originkit.dev/components/sphere-gallery-3d	login	install	manual
originkit	cog-train	Cog Train	background-animation	WebGL 背景，随机大小的齿轮按真实相切啮合，各按齿数比转动，指针扫过会摇动齿轮组，适合做机械感背景。	npx originkit add cog-train（需 originkit login）；页面 https://www.originkit.dev/components/cog-train	login	install	manual
originkit	crystal-caldera	Crystal Caldera	animation	WebGL 线框火山口，发光球落下弹跳，每次撞击缩小并向表面推出彩色涟漪环，适合做动画展示。	npx originkit add crystal-caldera（需 originkit login）；页面 https://www.originkit.dev/components/crystal-caldera	login	install	manual
originkit	predictive-arc-03	Predictive Arc 3	background-animation	WebGL 点阵网格绘制 scroll 的双谐波正弦波，圆点向曲线膨胀变亮并弯向指针，适合做数据感背景。	npx originkit add predictive-arc-03（需 originkit login）；页面 https://www.originkit.dev/components/predictive-arc/03	login	install	manual
originkit	accretion-disc-02	Accretion Disc 2	background-animation	WebGL 点云渲染倾斜螺旋星系，含发光核球、开普勒轨道上的对数旋臂和淡星晕，适合做太空背景。	npx originkit add accretion-disc-02（需 originkit login）；页面 https://www.originkit.dev/components/accretion-disc/02	login	install	manual
originkit	six-chunky-cubes	Six Chunky Cubes	animation	WebGL raymarching 六个倒角立方体聚成互锁等距团簇，停住后飞散并循环，虹彩 matcap 着色，适合做 3D 动画。	npx originkit add six-chunky-cubes（需 originkit login）；页面 https://www.originkit.dev/components/six-chunky-cubes	login	install	manual
originkit	orbit-bundle	Orbit Bundle	animation	嵌套椭圆环共享一条倾斜轴做 3D 旋转，各环滞后使环束从圆展开成细条，hover 加速，拖拽转动，适合做装饰动画。	npx originkit add orbit-bundle（需 originkit login）；页面 https://www.originkit.dev/components/orbit-bundle	login	install	manual
originkit	purple-wireframe-room	Purple Wireframe Room	background-animation	Canvas 走廊飞行：滚动三角网格地面、两侧墙面的轮廓符文和下落的中心柱，全部指向同一灭点，适合做游戏风背景。	npx originkit add purple-wireframe-room（需 originkit login）；页面 https://www.originkit.dev/components/purple-wireframe-room	login	install	manual
originkit	frosted-veil	Frosted Veil	background-animation	WebGL 背景，缓慢漂移的光场置于竖向玻璃板后，每条板以不同偏移采样模糊光线，使图像在每道接缝处断开，适合做毛玻璃背景。	npx originkit add frosted-veil（需 originkit login）；页面 https://www.originkit.dev/components/frosted-veil	login	install	manual
originkit	cloud-sky	Cloud Sky	background-animation	WebGL 天空，离散积云簇在两层视差上飘过渐变，带角落太阳光晕、薄卷云和指针驱动的风，适合做 hero 背景。	npx originkit add cloud-sky（需 originkit login）；页面 https://www.originkit.dev/components/cloud-sky	login	install	manual
originkit	flower-expansion	Flower Expansion	background-animation	WebGL shader 把屏幕映射到极坐标，两族反向旋转的螺旋线相互错切成绽开的花瓣，适合做生成艺术背景。	npx originkit add flower-expansion（需 originkit login）；页面 https://www.originkit.dev/components/flower-expansion	login	install	manual
originkit	predictive-arc-04	Predictive Arc 4	background-animation	全幅 WebGL 点阵网格点亮为嵌套抛物拱形，亮度脉冲向外滚动，拱形向指针倾斜，适合做科技感背景。	npx originkit add predictive-arc-04（需 originkit login）；页面 https://www.originkit.dev/components/predictive-arc/04	login	install	manual
originkit	dense-grid-round	Dense Grid Round	background-animation	WebGL 点阵平面呈真透视，青色光带沿每行扫过并褪成蓝，随后交替行燃成橙色向上攀升，适合做 hero 背景。	npx originkit add dense-grid-round（需 originkit login）；页面 https://www.originkit.dev/components/dense-grid-round	login	install	manual
originkit	juiceeffect	Juice Effect	animation	用粘稠、起落的液体粒子填满图片轮廓，融合成有机团块，并从 cursor 处散开，适合做图片粒子特效。	npx originkit add juiceeffect（需 originkit login）；页面 https://www.originkit.dev/components/juiceeffect	pro	install	none
originkit	wave-ribbons	Wave Ribbons	background-animation	WebGL2 背景，三条重叠光带由多层细线堆成，扭转到侧立处形成明亮折痕，按慢周期呼吸，适合做流光 hero 背景。	npx originkit add wave-ribbons（需 originkit login）；页面 https://www.originkit.dev/components/wave-ribbons	login	install	manual
originkit	luminous-text	Luminous Text	text	显示一个大数字，描边副本从后方飘入落在其上并闪出辉光，渐变填充随指针划过字形，适合做数据展示，依赖 framer-motion motion	npx originkit add luminous-text（需 originkit login）；页面 https://www.originkit.dev/components/luminous-text	login	install	manual
originkit	star-gate	Star Gate	background-animation	全幅 WebGL 背景，发光星形轮廓串在走廊中，反向旋转并朝向或远离相机行进，适合做穿越感 hero 背景，依赖 three	npx originkit add star-gate（需 originkit login）；页面 https://www.originkit.dev/components/star-gate	login	install	manual
originkit	transparent-glass-cube	Transparent Glass Cube	interactive-elements	光线追踪玻璃立方体绕大理石球翻滚，由单个 WebGL2 fragment shader 绘制，逐通道折射，可拖拽旋转，适合 3D 展示。	npx originkit add transparent-glass-cube（需 originkit login）；页面 https://www.originkit.dev/components/transparent-glass-cube	login	install	manual
originkit	liquid-sphere	Liquid Sphere	animation	WebGL 玻璃球逐像素 raymarching，光线穿过起伏深处折射，拖拽旋转，hover 时 cursor 下表面隆起，适合 3D 展示。	npx originkit add liquid-sphere（需 originkit login）；页面 https://www.originkit.dev/components/liquid-sphere	login	install	manual
originkit	grain-mass	Grain Mass	animation	WebGL 粒子云最多 26 万个受光珠粒精灵，由弹簧保持成不规则椭球，被 curl noise 搅动并被 cursor 推开，适合做 hero 视觉。	npx originkit add grain-mass（需 originkit login）；页面 https://www.originkit.dev/components/grain-mass	login	install	manual
originkit	stardust	Stardust	background-animation	发光星尘粒子漂移场，闪烁并飘过任意背景，适合做轻量氛围装饰背景。	npx originkit add stardust（需 originkit login）；页面 https://www.originkit.dev/components/stardust	pro	install	none
originkit	glowing-dome-liquid	Glowing Dome Liquid	interactive-elements	WebGL 圆顶由纬度光带构成，在噪声扭曲下像液态金属翻涌，顶部打光，带薄膜条纹、边缘光晕和胶片颗粒，适合 3D 展示。	npx originkit add glowing-dome-liquid（需 originkit login）；页面 https://www.originkit.dev/components/glowing-dome-liquid	login	install	manual
originkit	xylophone-helix	Xylophone Helix	interactive-elements	铬金属叶片排成球、平环或螺旋，指针扫过每片像琴键敲响并按阻尼摆锤摆动，流体模拟尾迹拖色，scroll 或拖拽 orbit，全程实时 WebGL。	npx originkit add xylophone-helix（需 originkit login）；页面 https://www.originkit.dev/components/xylophone-helix	login	install	manual
originkit	svgparticles	SVG Particle	animation	把图片和 SVG 转成可交互粒子动画，带 hover 和排斥效果，适合做 logo 或图片的粒子特效。	npx originkit add svgparticles（需 originkit login）；页面 https://www.originkit.dev/components/svgparticles	pro	install	none
originkit	3d-stagger-flip	3D Stagger Flip	text	文字按字符逐个做 3D 立方体翻转，可自定义错开 stagger 模式，适合做标题文字动画，依赖 framer-motion	npx originkit add 3d-stagger-flip（需 originkit login）；页面 https://www.originkit.dev/components/3d-stagger-flip	pro	install	none
originkit	wire-terrain-04	Wire Terrain 4	background-animation	WebGL 飞越无尽噪声地形，绘制为点云，扫描前沿从相机扫出，使途经的点膨胀发热，适合做 hero 背景。	npx originkit add wire-terrain-04（需 originkit login）；页面 https://www.originkit.dev/components/wire-terrain/04	login	install	manual
originkit	many-thin-light	Many Thin Light	background-animation	WebGL 背景，光点短线沿弯曲车道汇聚到一点，合并为单束光后消散并循环重启，适合做速度感背景。	npx originkit add many-thin-light（需 originkit login）；页面 https://www.originkit.dev/components/many-thin-light	login	install	manual
originkit	text-string	Text String	text	段落被穿成一根 Verlet 弦，随 scroll 从末端解开，字母落下摆动，回滚时又飞回原位，适合做 scroll 文字特效。	npx originkit add text-string（需 originkit login）；页面 https://www.originkit.dev/components/text-string	pro	install	none
originkit	motion-text-trail	Motion Text Trail	text	WebGL 单词涂抹成长曝光拖尾，每帧重采样变暗并被噪声位移，字体向身后拖拽卷曲，适合做标题文字特效，依赖 three	npx originkit add motion-text-trail（需 originkit login）；页面 https://www.originkit.dev/components/motion-text-trail	login	install	manual
originkit	text-reveal-wall	Text Reveal Wall	text	一面不断乱码的字符墙逐行落定成你的文字，随后再次消散，适合做标题文字揭示特效，依赖 gsap	npx originkit add text-reveal-wall（需 originkit login）；页面 https://www.originkit.dev/components/text-reveal-wall	pro	install	none
originkit	color-hexa-sphere	Color Hexa Sphere	interactive-elements	Canvas 绘制的六边形单元球体，单元旋转、脉动并按加权色板换色，可拖拽手动 orbit，适合做交互装饰。	npx originkit add color-hexa-sphere（需 originkit login）；页面 https://www.originkit.dev/components/color-hexa-sphere	login	install	manual
originkit	image-grid	Image Grid	image-gallery	three.js 照片网格，靠近指针的卡片放大、前移并保持彩色，远离后缩回灰度，适合做图片图库，依赖 three	npx originkit add image-grid（需 originkit login）；页面 https://www.originkit.dev/components/image-grid	pro	install	none
originkit	ascii-reveal	ASCII Reveal	image	把任意照片转成实时 ASCII 艺术，用柔和的 cursor 跟随舷窗露出下方真实图像，适合做图片 hover 特效。	npx originkit add ascii-reveal（需 originkit login）；页面 https://www.originkit.dev/components/ascii-reveal	login	install	manual
originkit	textpath	Text Path	text	让重复文字沿程序化正弦波路径无缝 scroll，可调频率、高度、速度和方向，适合做文字跑马灯。	npx originkit add textpath（需 originkit login）；页面 https://www.originkit.dev/components/textpath	pro	install	none
originkit	wire-terrain-02	Wire Terrain 2	background-animation	WebGL 线框地景在条带太阳下永远滚动，网格线从谷底霓虹渐变到峰顶强调色，带世界锁定星空，适合做复古背景。	npx originkit add wire-terrain-02（需 originkit login）；页面 https://www.originkit.dev/components/wire-terrain/02	login	install	manual
originkit	bubble-stream	Bubble Stream	background-animation	全幅 WebGL 背景，肥皂泡沿同一角度在最多四层视差中行进，带薄膜虹彩和 Fresnel 边缘着色，适合做梦幻背景。	npx originkit add bubble-stream（需 originkit login）；页面 https://www.originkit.dev/components/bubble-stream	pro	install	none
originkit	tile-cursor	Tile Cursor	cursor	自定义 cursor，在指针后印出彩色渐隐瓦片网格，每格填入你文字的下一个字符，适合做创意 cursor。	npx originkit add tile-cursor（需 originkit login）；页面 https://www.originkit.dev/components/tile-cursor	pro	install	none
originkit	cloud-sky-03	Cloud Sky 3	background-animation	WebGL 夜空，哈希积云簇飘过闪烁星空，遮住星星并在掠过月亮时带银边，适合做夜景 hero 背景。	npx originkit add cloud-sky-03（需 originkit login）；页面 https://www.originkit.dev/components/cloud-sky/03	pro	install	none
originkit	metal-flower	Metal Flower	interactive-elements	WebGL 花朵，花瓣、花心和花茎由曲线生成而非模型文件，matcap 金属质感，轻轻摆动，可拖拽转动，适合 3D 展示，依赖 three	npx originkit add metal-flower（需 originkit login）；页面 https://www.originkit.dev/components/metal-flower	login	install	manual
originkit	globe-mesh	Globe Mesh	interactive-elements	three.js 地球，Fibonacci 点球位于二十面体线框内，带漂移色波、移动闪光、拖拽旋转，指针下面板亮起，适合 hero 展示，依赖 three	npx originkit add globe-mesh（需 originkit login）；页面 https://www.originkit.dev/components/globe-mesh	pro	install	none
originkit	particle-saturn-03	Particle Saturn 3	background-animation	WebGL 点云渲染球体及其环系统，由数千个叠加粒子构成，环按开普勒速度转动，带缝隙和拖拽 orbit，适合做太空背景，依赖 three	npx originkit add particle-saturn-03（需 originkit login）；页面 https://www.originkit.dev/components/particle-saturn/03	login	install	manual
originkit	particle-saturn-04	Particle Saturn 4	interactive-elements	WebGL 土星由 Fibonacci 球面点构成，光环按开普勒速度公转，带缝隙，拖拽旋转带惯性，适合做太空主题展示，依赖 three	npx originkit add particle-saturn-04（需 originkit login）；页面 https://www.originkit.dev/components/particle-saturn/04	login	install	manual
originkit	facet-wall	Facet Wall	image	WebGL shader 透过六边形、方形、菱形、三角或圆形玻璃瓦片墙显示图片，每片带红蓝边折射，适合做图片特效。	npx originkit add facet-wall（需 originkit login）；页面 https://www.originkit.dev/components/facet-wall	login	install	manual
originkit	path-gallery	Path Gallery	image-gallery	WebGL2 中数百张图片散布在闭合 3D 曲线上，scroll 驱动固定相机穿越，经过的图片放大铺满画面，适合做沉浸式图库。	npx originkit add path-gallery（需 originkit login）；页面 https://www.originkit.dev/components/path-gallery	pro	install	none
originkit	predictive-arc	Predictive Arc	background-animation	WebGL 方点场，在抛物线附近增大变亮，带交叉波闪烁，并把曲线弯向指针，适合做科技感背景。	npx originkit add predictive-arc（需 originkit login）；页面 https://www.originkit.dev/components/predictive-arc	login	install	manual
originkit	wax-seal	Wax Seal	image	WebGL 蜡封，熔融倾倒、凝成硬币，并在组件 scroll 进入视口时把你的 logo 压印在表面，适合做品牌 logo 展示，依赖 three	npx originkit add wax-seal（需 originkit login）；页面 https://www.originkit.dev/components/wax-seal	login	install	manual
originkit	glitterwrap	Glitter Wrap	animation	闪烁粒子星场向外或向内从中心扭曲，带随机闪光和运动拖影，适合做星际穿越动画背景。	npx originkit add glitterwrap（需 originkit login）；页面 https://www.originkit.dev/components/glitterwrap	pro	install	none
originkit	ascii-wave	Ascii Wave	background-animation	WebGL canvas 把径向正弦波画成 ASCII 字符网格，按波高从空白到实心字符挑选字形，圆环向 cursor 弯曲，适合做 ASCII 风背景，依赖 three	npx originkit add ascii-wave（需 originkit login）；页面 https://www.originkit.dev/components/ascii-wave	login	install	manual
originkit	hex-shaft	Hex Shaft	background-animation	WebGL 六棱柱瓦片隧道，从内部观看，波浪沿竖井滚下，把瓦片沿自身半径推出，墙面流动，适合做科幻背景，依赖 three	npx originkit add hex-shaft（需 originkit login）；页面 https://www.originkit.dev/components/hex-shaft	pro	install	none
originkit	twin-galaxy-rings	Twin Galaxy Rings	interactive-elements	双臂螺旋星系粒子漂移，膨胀并流向你的 cursor，专为沉浸式背景打造，适合做太空 hero 背景，依赖 framer-motion	npx originkit add twin-galaxy-rings（需 originkit login）；页面 https://www.originkit.dev/components/twin-galaxy-rings	pro	install	none
originkit	point-dna-helix	Point DNA Helix	interactive-elements	WebGL 粒子 DNA 双螺旋，由两股点云链、碱基对横档和尘埃套筒组成，绕自身轴旋转，带拖拽和 cursor 推开，适合做科技 hero，依赖 framer-motion motion	npx originkit add point-dna-helix（需 originkit login）；页面 https://www.originkit.dev/components/point-dna-helix	pro	install	none
originkit	imagefold	Image Fold	image	照片像从圆柱上剥开一样在页面展开，随 scroll 或加载以真实 3D 深度显现，适合做图片揭示效果。	npx originkit add imagefold（需 originkit login）；页面 https://www.originkit.dev/components/imagefold	login	install	manual
originkit	striped-waves	Striped Waves	background-animation	全屏 WebGL shader，绘制最多 128 根扭曲线缆随缓慢正弦波漂移，由三色调色板着色，可叠加在任意背景上。	npx originkit add striped-waves（需 originkit login）；页面 https://www.originkit.dev/components/striped-waves	pro	install	none
originkit	origami-loop	Origami Loop	loader	WebGL 平板环，每块在自身轴上边缘朝向旋转，整条环带慢四倍转动，程序化铬 matcap 着色，适合做 loader。	npx originkit add origami-loop（需 originkit login）；页面 https://www.originkit.dev/components/origami-loop	pro	install	none
originkit	prism-grid	Prism Grid	animation	可 3D 倾斜的方块网格，cursor 划过时给每格随机上色再柔和淡出，适合做交互展示，依赖 framer-motion	npx originkit add prism-grid（需 originkit login）；页面 https://www.originkit.dev/components/prism-grid	pro	install	none
originkit	light-curtain	Light Curtain	background-animation	WebGL 垂直光柱场由一维噪声构成，以滞后弹簧弯向指针，拖出彗尾，点击时闪出光环，适合做 hero 背景。	npx originkit add light-curtain（需 originkit login）；页面 https://www.originkit.dev/components/light-curtain	pro	install	none
originkit	low-poly-asteroid	Low Poly Asteroid	interactive-elements	WebGL 小行星由噪声位移的二十面体构成，自行漂移、随指针拖拽，点击时炸成自身面片再重组，适合做 3D 交互展示，依赖 three	npx originkit add low-poly-asteroid（需 originkit login）；页面 https://www.originkit.dev/components/low-poly-asteroid	login	install	manual
originkit	prisma-smoke	Prisma Smoke	animation	WebGL 玻璃块由有向距离场 raymarching，内部聚集域扭曲噪声如墨水，拖拽指针旋转整个实体，适合 3D 展示，依赖 three	npx originkit add prisma-smoke（需 originkit login）；页面 https://www.originkit.dev/components/prisma-smoke	login	install	manual
originkit	gallery-tunnel	Gallery Tunnel	image-gallery	第一人称图片与色块板隧道，永远冲向观众，指针按下时加速，适合做沉浸式图库，依赖 three	npx originkit add gallery-tunnel（需 originkit login）；页面 https://www.originkit.dev/components/gallery-tunnel	pro	install	none
originkit	phosphor	Phosphor	background-animation	WebGL fragment shader 向噪声扭曲球壳 ray march 80 步，累积出扭转的彩虹光丝，无缝循环，适合做 hero 背景。	npx originkit add phosphor（需 originkit login）；页面 https://www.originkit.dev/components/phosphor	pro	install	none
originkit	magic-marble	Magic Marble	interactive-elements	three.js 球体，旋转的颜料在玻璃内部 raymarching 而非贴图，带拖拽 orbit、动量抛掷和点击换色，适合 3D 展示，依赖 three	npx originkit add magic-marble（需 originkit login）；页面 https://www.originkit.dev/components/magic-marble	login	install	manual
originkit	pixel-arc	Pixel Arc	background-animation	全幅 WebGL 背景，沿浅弧点亮固定大小的方形像素，用两道交叉波和指针辉光调制透明度，适合做科技感背景。	npx originkit add pixel-arc（需 originkit login）；页面 https://www.originkit.dev/components/pixel-arc	pro	install	none
originkit	particle-winding	Particle Winding	loader	一条约 150 个点的链沿隐形球体从极到极缠绕，缠绕圈数从两圈收紧到八圈再放松，Canvas 按深度排序绘制，适合做 loader。	npx originkit add particle-winding（需 originkit login）；页面 https://www.originkit.dev/components/particle-winding	login	install	manual
originkit	moire-lattice	Moire Lattice	background-animation	WebGL 双点阵场，其中一个相对另一个扭转零点几度，干涉剩下的就是玫瑰花样莫尔纹，适合做抽象背景。	npx originkit add moire-lattice（需 originkit login）；页面 https://www.originkit.dev/components/moire-lattice	login	install	manual
originkit	infinite-tendrils	Infinite Tendrils	background-animation	WebGL 流场，数千粒子跟随 simplex-noise 向量场，各留下渐隐条痕，形成卷曲的长触须，适合做 hero 背景。	npx originkit add infinite-tendrils（需 originkit login）；页面 https://www.originkit.dev/components/infinite-tendrils	login	install	manual
originkit	accretion-disc	Accretion Disc	background-animation	WebGL 黑洞，点云绕螺旋带吸积盘轨道运行，不透明核心球遮挡后方物体，带两道极喷流，适合做太空背景。	npx originkit add accretion-disc（需 originkit login）；页面 https://www.originkit.dev/components/accretion-disc	login	install	manual
originkit	image-group-circle	Image Group Circle	image-gallery	动画照片卡排成绕共同中心旋转的同心环，适合做图片图库展示。	npx originkit add image-group-circle（需 originkit login）；页面 https://www.originkit.dev/components/image-group-circle	pro	install	none
originkit	zoom-grid	Zoom Grid	image	Canvas 把图片切成静态方格，越靠近指针的格子重采样越小的裁切，形成柔和透镜，适合做图片 hover 放大效果。	npx originkit add zoom-grid（需 originkit login）；页面 https://www.originkit.dev/components/zoom-grid	login	install	manual
originkit	light-bloom	Light Bloom	background-animation	全幅 WebGL 背景，从画面一边渲染指数衰减辉光，经两色渐变，可选漂移光束变体，适合做 hero 背景。	npx originkit add light-bloom（需 originkit login）；页面 https://www.originkit.dev/components/light-bloom	pro	install	none
originkit	rotating-carousel	Rotating Carousel	image-gallery	carousel 把图片卡弧排成 3D 环，按环的转速成比例模糊，停稳后重新变清晰，适合做作品图库，依赖 framer-motion motion	npx originkit add rotating-carousel（需 originkit login）；页面 https://www.originkit.dev/components/rotating-carousel	pro	install	none
originkit	circular-gallery	Circular Gallery	image-gallery	切向旋转的图片卡环，滚轮可旋转缩放并无限循环，静止时卡片翻转并向 cursor 抬起，适合做 3D 图库。	npx originkit add circular-gallery（需 originkit login）；页面 https://www.originkit.dev/components/circular-gallery	pro	install	none
originkit	line-ripple-background	Line Ripple Background	background-animation	响应 cursor 的噪声驱动线条流场，在背景上泛起涟漪并旋涌，适合做互动背景。	npx originkit add line-ripple-background（需 originkit login）；页面 https://www.originkit.dev/components/line-ripple-background	login	install	manual
originkit	flame	Flame	background-animation	全屏 WebGL canvas 渲染上升剪切的 fBm 火焰，四色热力渐变，可选半调网点屏，指针会拉扯并使其炸亮，适合做火焰背景。	npx originkit add flame（需 originkit login）；页面 https://www.originkit.dev/components/flame	login	install	manual
originkit	liquid-vortex	Liquid Vortex	background-animation	WebGL shader 围绕中心旋转分形噪声，剪切成螺旋烟丝，指针在画面上时不断卷紧，适合做漩涡背景，依赖 three	npx originkit add liquid-vortex（需 originkit login）；页面 https://www.originkit.dev/components/liquid-vortex	login	install	manual
originkit	tactile-button	Tactile Button	button	按钮帽在按压时滑入固定底板直至齐平，再弹回，hover 只切换填充、文字和图标颜色，适合做触感 button，依赖 framer-motion motion	npx originkit add tactile-button（需 originkit login）；页面 https://www.originkit.dev/components/tactile-button	login	install	manual
originkit	dice-roll	Dice Roll	interactive-elements	真实 3D 骰子翻滚、跳跃并落在某个点数上，带柔和接触阴影，点击可再次投掷，适合做互动展示，依赖 three	npx originkit add dice-roll（需 originkit login）；页面 https://www.originkit.dev/components/dice-roll	pro	install	none
originkit	word-globe	Word Globe	interactive-elements	由你输入的单词重复编织而成的旋转文字球体，Canvas 实时自转，适合做 hero 动画或排版展示。	npx originkit add word-globe（需 originkit login）；页面 https://www.originkit.dev/components/word-globe	pro	install	none
originkit	pixeldrift	Pixel Drift	text	交互式粒子排版，文字粒子可聚合、散开并随 cursor 移动做物理动画，适合 hero 标题。	npx originkit add pixeldrift（需 originkit login）；页面 https://www.originkit.dev/components/pixeldrift	pro	install	none
originkit	ray-column	Ray Column	background-animation	WebGL 柔光光束从画面外一点向外扇形发散，指针像光圈一样打开光线，适合 hero 氛围背景。	npx originkit add ray-column（需 originkit login）；页面 https://www.originkit.dev/components/ray-column	pro	install	none
originkit	liquid-mask-cursor	Liquid Mask Cursor	image	WebGL 液态 cursor，拖着带锥形拖尾的 blob 窗口透出第二张图并折射扭曲边缘，适合图片 reveal。	npx originkit add liquid-mask-cursor（需 originkit login）；页面 https://www.originkit.dev/components/liquid-mask-cursor	login	install	manual
originkit	ridge-parallax	Ridge Parallax	background-animation	WebGL 点阵组成层叠山脊线并持续横向漂移，近景随 cursor 视差更强，适合 hero 背景。	npx originkit add ridge-parallax（需 originkit login）；页面 https://www.originkit.dev/components/ridge-parallax	login	install	manual
originkit	scroll-wave-field	Scroll Wave Field	background-animation	一万个 GPU 点铺成正弦起伏地面，相机置于场内向前无尽流动，cursor 带动隆起，适合 WebGL 背景，依赖 framer-motion motion	npx originkit add scroll-wave-field（需 originkit login）；页面 https://www.originkit.dev/components/scroll-wave-field	login	install	manual
originkit	butterfly-drift	Butterfly Drift	background-animation	WebGL shader 绘制的蝴蝶群扇翅游荡并避开指针，近大远小有景深，适合轻盈的背景装饰。	npx originkit add butterfly-drift（需 originkit login）；页面 https://www.originkit.dev/components/butterfly-drift	login	install	manual
originkit	refract-gem	Refract Gem	interactive-elements	WebGL 宝石由切面轮廓旋转生成，红绿蓝三色按不同折射率分离，转动时棱边带色散，适合 three.js 展示，依赖 three	npx originkit add refract-gem（需 originkit login）；页面 https://www.originkit.dev/components/refract-gem	pro	install	none
originkit	live-chat	Live Chat	animation	带错峰入场和跳动 typing indicator 的 iMessage 风格聊天气泡列表动画，适合产品演示或 hero，依赖 framer-motion	npx originkit add live-chat（需 originkit login）；页面 https://www.originkit.dev/components/live-chat	login	install	manual
originkit	shadow-cast	Shadow Cast	background-animation	WebGL 圆柱阵列场景，地面像素用 DDA 向 cursor 灯光步进并计算遮挡阴影，适合光影 shader 背景。	npx originkit add shadow-cast（需 originkit login）；页面 https://www.originkit.dev/components/shadow-cast	login	install	manual
originkit	energy-stream	Energy Stream	background-animation	WebGL 沙漏形发光粒子（最多 30 万点）穿过窄腰与核心球体，带 bloom 并被 cursor 推开，适合 three.js hero，依赖 three	npx originkit add energy-stream（需 originkit login）；页面 https://www.originkit.dev/components/energy-stream	login	install	manual
originkit	ascii-tunnel	Ascii Tunnel	background-animation	WebGL ASCII 字符走廊向消失点后退，cursor 经过处被点亮，适合复古科技感背景，依赖 three	npx originkit add ascii-tunnel（需 originkit login）；页面 https://www.originkit.dev/components/ascii-tunnel	pro	install	none
originkit	brush-reveal	Brush Reveal	text	文字平时若隐若现，cursor 缓慢划过的位置像画笔一样显出完整色彩，适合 hover 文字特效。	npx originkit add brush-reveal（需 originkit login）；页面 https://www.originkit.dev/components/brush-reveal	pro	install	none
originkit	appear-text	Appear Text	text	重复文字行组成交错网格，缩放、擦除后聚焦显出中间单词并循环，适合 hero 标题动画，依赖 framer-motion	npx originkit add appear-text（需 originkit login）；页面 https://www.originkit.dev/components/appear-text	login	install	manual
originkit	cell-field	Cell Field	background-animation	Canvas 点阵中每个点取最近漂移种子的颜色，两种子等距的边界处变暗，Voronoi 风格，适合背景。	npx originkit add cell-field（需 originkit login）；页面 https://www.originkit.dev/components/cell-field	login	install	manual
originkit	interactive-droplets	Interactive Droplets	interactive-elements	WebGL raymarch 距离场在 cursor 后留下水滴并融合成油膜，指针静止时自行漂移，适合液态 shader 背景，依赖 three	npx originkit add interactive-droplets（需 originkit login）；页面 https://www.originkit.dev/components/interactive-droplets	login	install	manual
originkit	ascii-sphere	Ascii Sphere	animation	WebGL 球体由你输入的字符绘成，沿倾斜轴旋转，跟随指针的灯光决定亮面，适合 hero 展示，依赖 three	npx originkit add ascii-sphere（需 originkit login）；页面 https://www.originkit.dev/components/ascii-sphere	pro	install	none
originkit	hammer-strike	Hammer Strike	loader	循环播放的 WebGL 场景，倒角 3D 锤子砸向铁砧，铁砧受击挤压并余震晃动，适合趣味 loader 或展示。	npx originkit add hammer-strike（需 originkit login）；页面 https://www.originkit.dev/components/hammer-strike	login	install	manual
originkit	dot-lens	Dot Lens	background-animation	全屏 WebGL 点阵，每个点的大小和颜色随与指针的距离变化，无 hover 时自行游走，适合 hero 背景。	npx originkit add dot-lens（需 originkit login）；页面 https://www.originkit.dev/components/dot-lens	pro	install	none
originkit	blackhole	Black Hole	interactive-elements	Canvas 渲染的 3D 黑洞，含轨道粒子、模拟引力流入和发光事件视界，适合科幻 hero 背景。	npx originkit add blackhole（需 originkit login）；页面 https://www.originkit.dev/components/blackhole	pro	install	none
originkit	character-cursor	Character Cursor	cursor	cursor 周围的字符网格乱码般闪现，发光后衰减成静态噪点，Canvas hover 效果。	npx originkit add character-cursor（需 originkit login）；页面 https://www.originkit.dev/components/character-cursor	pro	install	none
originkit	ring-gallery	Ring Gallery	image-gallery	环绕旋转的图片卡片环，持续自转，拖拽后甩出新的漂移，适合图片 gallery / carousel，依赖 framer-motion	npx originkit add ring-gallery（需 originkit login）；页面 https://www.originkit.dev/components/ring-gallery	pro	install	none
originkit	ascii-water	Ascii Water	background-animation	FLIP 流体模拟以等宽字符绘制，移动 cursor 搅动水面，点击激起外扩水花，适合 ASCII 风背景。	npx originkit add ascii-water（需 originkit login）；页面 https://www.originkit.dev/components/ascii-water	pro	install	none
originkit	constellation-shell	Constellation Shell	interactive-elements	WebGL 球面均匀散点以最近邻连线成网格，双轴翻转并按远近渐变着色，适合网络感 hero。	npx originkit add constellation-shell（需 originkit login）；页面 https://www.originkit.dev/components/constellation-shell	pro	install	none
originkit	rolling-letters	Rolling Letters	text	文字逐字符滚动入场，类似老虎机的 GSAP 平滑 reveal，适合标题文字动画，依赖 gsap	npx originkit add rolling-letters（需 originkit login）；页面 https://www.originkit.dev/components/rolling-letters	login	install	manual
originkit	fluidtrail	Fluid Trail	cursor	GPU 模拟的发光流体轨迹，基于 Navier-Stokes 物理在 cursor 后方旋涌漂移，适合 WebGL 交互背景。	npx originkit add fluidtrail（需 originkit login）；页面 https://www.originkit.dev/components/fluidtrail	pro	install	none
originkit	bayer-vortex	Bayer Vortex	background-animation	Canvas 背景绘制对数螺旋场并经 8x8 Bayer 矩阵量化，旋臂呈硬边 dither 像素，复古风 hero 背景。	npx originkit add bayer-vortex（需 originkit login）；页面 https://www.originkit.dev/components/bayer-vortex	login	install	manual
originkit	fluid-field	Fluid Field	background-animation	全屏 WebGL 背景，对角光波穿过域扭曲 simplex noise 场并绕 cursor 旋涌，适合 shader hero 背景。	npx originkit add fluid-field（需 originkit login）；页面 https://www.originkit.dev/components/fluid-field	pro	install	none
originkit	light-cables	Light Cables	background-animation	WebGL 背景中最多 48 根发光光纤管道折弯，光脉冲从一端进入沿管传播并在远端消散，适合科技感 hero。	npx originkit add light-cables（需 originkit login）；页面 https://www.originkit.dev/components/light-cables	login	install	manual
originkit	axis-cursor	Axis Cursor	cursor	带实时 X/Y 坐标读数的精准十字准星 custom cursor，适合设计工具、画布和技术类界面，依赖 framer-motion	npx originkit add axis-cursor（需 originkit login）；页面 https://www.originkit.dev/components/axis-cursor	pro	install	none
originkit	risinglines	Rising Lines	animation	Canvas 双层发光粒子（细线火花与柔光斑）从发光地平线上升或下落，适合氛围背景。	npx originkit add risinglines（需 originkit login）；页面 https://www.originkit.dev/components/risinglines	pro	install	none
originkit	blinkingsquares	Blinking Squares	background-animation	独立闪烁的方块网格，带方向性密度渐隐和跟随 cursor 的光晕，Canvas 背景。	npx originkit add blinkingsquares（需 originkit login）；页面 https://www.originkit.dev/components/blinkingsquares	login	install	manual
originkit	pulsating-border	Pulsating Border	border	WebGL shader 边框，彩色光斑沿框边漂移，canvas 置于布局之外不会被父级裁切，适合卡片 glow 边框。	npx originkit add pulsating-border（需 originkit login）；页面 https://www.originkit.dev/components/pulsating-border	login	install	manual
originkit	data-pixel-arc	Data Pixel Arc	background-animation	全屏 WebGL 定尺寸方形像素场，不透明度由弧形强度带驱动，cursor 探针会加热附近单元，适合数据感背景。	npx originkit add data-pixel-arc（需 originkit login）；页面 https://www.originkit.dev/components/data-pixel-arc	pro	install	none
originkit	flat-text	Flat Text	text	WebGL 文字平面，字形为细分网格的 alpha 蒙版，在指针处以三次缓动隆起并受固定光照，hover 立体文字，依赖 three	npx originkit add flat-text（需 originkit login）；页面 https://www.originkit.dev/components/flat-text	login	install	manual
originkit	glitch-text	Glitch Text	text	故障扭曲的文字或图片 reveal，可调抖动与切片撕裂强度，hover 或 scroll 时触发。	npx originkit add glitch-text（需 originkit login）；页面 https://www.originkit.dev/components/glitch-text	login	install	manual
originkit	botanical-text	Botanical Text	animation	three.js 文字，每个字形像素渲染成半透明花朵或叶片精灵，输入时重新比对保持已有花朵，适合 hero 标题，依赖 three	npx originkit add botanical-text（需 originkit login）；页面 https://www.originkit.dev/components/botanical-text	login	install	manual
originkit	electricborder	Electric Border	border	带噪声驱动的噼啪电弧动画轮廓，为任意框体包裹发光边框，Canvas 实现。	npx originkit add electricborder（需 originkit login）；页面 https://www.originkit.dev/components/electricborder	login	install	manual
originkit	ribbon-trails	Ribbon Trails	cursor	丝滑的弹簧绳索轨迹追随 cursor，颜色循环并在交叉处发光，适合 cursor trail 效果。	npx originkit add ribbon-trails（需 originkit login）；页面 https://www.originkit.dev/components/ribbon-trails	pro	install	none
originkit	mandala-bloom	Mandala Bloom	background-animation	WebGL 曼陀罗由同心环带的 SDF 图案构成，各自裁剪于独立单元内互不重叠，缓慢旋转，适合 hero 背景，依赖 three	npx originkit add mandala-bloom（需 originkit login）；页面 https://www.originkit.dev/components/mandala-bloom	login	install	manual
originkit	text-dither	Text Dither	text	WebGL2 文字块静止时清晰，hover 时沿正弦波扭曲，并在上下边缘溶解成 8x8 有序 dither，依赖 framer-motion motion	npx originkit add text-dither（需 originkit login）；页面 https://www.originkit.dev/components/text-dither	pro	install	none
originkit	satin-flow	Satin Flow	background-animation	WebGL 背景叠加三层域扭曲分形噪声形成绸缎般折叠色带，三色着色，可选 cursor 隆起与背景模糊。	npx originkit add satin-flow（需 originkit login）；页面 https://www.originkit.dev/components/satin-flow	pro	install	none
originkit	flickertext	Flicker Text	text	为文字和图片添加可定制的闪烁与描边效果，进入视口或 hover 时触发。	npx originkit add flickertext（需 originkit login）；页面 https://www.originkit.dev/components/flickertext	pro	install	none
originkit	sonar-bloom	Sonar Bloom	background-animation	WebGL 场景，六圈重叠波环从画面下方源点扩散、变宽渐隐，cursor 下方诞生新环，适合声呐涟漪背景。	npx originkit add sonar-bloom（需 originkit login）；页面 https://www.originkit.dev/components/sonar-bloom	pro	install	none
originkit	dot-cursor	Dot Cursor	cursor	弹簧平滑的 custom cursor 圆点，悬停按钮时变形为圆环，悬停链接时吸附为下划线。	npx originkit add dot-cursor（需 originkit login）；页面 https://www.originkit.dev/components/dot-cursor	login	install	manual
originkit	shattered-glass	Shattered Glass	interactive-elements	光线追踪玻璃球由 32 片五边形与六边形壳片组成，指针下的金属球将其推开后各片弹回原位，WebGL 折射。	npx originkit add shattered-glass（需 originkit login）；页面 https://www.originkit.dev/components/shattered-glass	login	install	manual
originkit	flow-field	Flow Field	background-animation	全屏 WebGL 背景，域扭曲噪声单向漂移，可渲染为绸缎色带、速度拖尾或卷曲涂抹，适合 hero shader。	npx originkit add flow-field（需 originkit login）；页面 https://www.originkit.dev/components/flow-field	login	install	manual
originkit	prism-burst	Prism Burst	background-animation	WebGL 光爆，射线在偏移角度与半径上采样三次，红蓝分离出棱镜色散边缘，适合 hero 光效。	npx originkit add prism-burst（需 originkit login）；页面 https://www.originkit.dev/components/prism-burst	login	install	manual
originkit	frosted-type-band	Frosted Type Band	interactive-elements	WebGL 重复文字环置于 backdrop-filter 板上，下方内容被模糊并裁剪成带状轮廓透出，磨砂玻璃 marquee。	npx originkit add frosted-type-band（需 originkit login）；页面 https://www.originkit.dev/components/frosted-type-band	login	install	manual
originkit	nacre-spine	Nacre Spine	interactive-elements	2D Canvas 沿三叶结绘制数百个半透明圆盘并前后排序，色带跟随 cursor 沿线移动，珍珠母贝质感。	npx originkit add nacre-spine（需 originkit login）；页面 https://www.originkit.dev/components/nacre-spine	login	install	manual
originkit	connectivity-graph	Connectivity Graph	interactive-elements	WebGL 渐变细长光束从画面底部下方原点向上扇形射出，尾部近透明、头部发亮并带圆点，适合 hero 背景。	npx originkit add connectivity-graph（需 originkit login）；页面 https://www.originkit.dev/components/connectivity-graph	pro	install	none
originkit	spinimage	Spin Image	image-gallery	让一组图片沿倾斜 3D 椭圆轨道连续旋转，带景深缩放与前后层叠，适合图片 gallery。	npx originkit add spinimage（需 originkit login）；页面 https://www.originkit.dev/components/spinimage	pro	install	none
originkit	ink-current	Ink Current	background-animation	WebGL2 流体模拟，速度场驱动数千粒子，在画布上绘出轨迹，指针推动水流，适合墨水感背景。	npx originkit add ink-current（需 originkit login）；页面 https://www.originkit.dev/components/ink-current	login	install	manual
originkit	shiny-pill	Shiny Pill	text	在单行文字上循环扫过一道亮光，可调光泽颜色与扫动速度，纯 CSS 文字 shine 效果。	npx originkit add shiny-pill（需 originkit login）；页面 https://www.originkit.dev/components/shiny-pill	pro	install	none
originkit	elemental-lightning	Elemental Lightning	background-animation	WebGL2 风暴把文字或图片转成 SDF，在噪声位移距离穿过轮廓处点亮电弧，适合闪电标题。	npx originkit add elemental-lightning（需 originkit login）；页面 https://www.originkit.dev/components/elemental-lightning	pro	install	none
originkit	ball-study	Ball Study	interactive-elements	等宽字符均匀分布在不可见旋转球面上，点击会震落朝向你的字符，空缺随后重新长出，Canvas 排版。	npx originkit add ball-study（需 originkit login）；页面 https://www.originkit.dev/components/ball-study	pro	install	none
originkit	ink-flow-field	Ink Flow Field	cursor	WebGL Navier-Stokes 求解器让彩色染料在压力修正的速度场中平流，由指针和自身漂移搅动，适合流体背景。	npx originkit add ink-flow-field（需 originkit login）；页面 https://www.originkit.dev/components/ink-flow-field	pro	install	none
originkit	starfield-button	Starfield Button	button	药丸形按钮，边框上有流动强调光，hover 时按钮表面显现 Canvas 像素网格并错频闪烁，依赖 framer-motion motion	npx originkit add starfield-button（需 originkit login）；页面 https://www.originkit.dev/components/starfield-button	login	install	manual
originkit	ascii-rain	ASCII Rain	background-animation	黑客帝国风格的 ASCII 雨背景，带发光雨头与渐隐尾迹，速度、角度、密度均可调，Canvas 实现。	npx originkit add ascii-rain（需 originkit login）；页面 https://www.originkit.dev/components/ascii-rain	pro	install	none
originkit	dark-cluster	Dark Cluster	interactive-elements	WebGL 二十面体球分裂为挤出的三角碎片，随噪声缩放并缓慢旋转，指针经过处泛金属光泽，适合 hero。	npx originkit add dark-cluster（需 originkit login）；页面 https://www.originkit.dev/components/dark-cluster	login	install	manual
originkit	leaf-fall	Leaf Fall	background-animation	Canvas 2D 落叶场，叶片靠水平挤压翻滚，随风摇摆漂移并避开指针，透明背景，适合秋季氛围。	npx originkit add leaf-fall（需 originkit login）；页面 https://www.originkit.dev/components/leaf-fall	pro	install	none
originkit	stacked-carousel	Stacked Carousel	image-gallery	WebGL 图片沿 Z 轴堆叠倾斜，滚轮无限滚动，hover 卡片时拉平向镜头并推开邻卡，3D carousel。	npx originkit add stacked-carousel（需 originkit login）；页面 https://www.originkit.dev/components/stacked-carousel	pro	install	none
originkit	topo-contour	Topo Contour	background-animation	WebGL shader 把漂移的分形噪声场切成地形等高线，每五条加粗，线间留空，适合地图感背景，依赖 three	npx originkit add topo-contour（需 originkit login）；页面 https://www.originkit.dev/components/topo-contour	login	install	manual
originkit	scroll-buldge	Scroll Buldge	image-gallery	无限 WebGL 图片滑块，图片平面移动时向观众弯曲，弯曲深度随 scroll 速度变化，适合 gallery。	npx originkit add scroll-buldge（需 originkit login）；页面 https://www.originkit.dev/components/scroll-buldge	pro	install	none
originkit	particle-drift	Particle Drift	interactive-elements	WebGL 漂移点阵在近邻间画渐隐连线，指针附近的粒子被点亮并与 cursor 相连，星座网络背景。	npx originkit add particle-drift（需 originkit login）；页面 https://www.originkit.dev/components/particle-drift	login	install	manual
originkit	text-fall	Text Fall	animation	Canvas ASCII 字符拼出你的文字，点击或 scroll 时受重力掉落、触底弹跳后重新聚合，适合文字特效。	npx originkit add text-fall（需 originkit login）；页面 https://www.originkit.dev/components/text-fall	pro	install	none
originkit	globe-study	Globe Study	interactive-elements	Canvas 半调方块地球，陆地上有字母，可拖拽旋转、滚轮缩放、点击放置标记，内联 7KB 陆地蒙版。	npx originkit add globe-study（需 originkit login）；页面 https://www.originkit.dev/components/globe-study	login	install	manual
originkit	nebula-drift	Nebula Drift	background-animation	GPU 流体模拟，Navier-Stokes 速度场推动数十万加色粒子与染料光晕，hover 时被指针推动，星云背景。	npx originkit add nebula-drift（需 originkit login）；页面 https://www.originkit.dev/components/nebula-drift	login	install	manual
originkit	hex-flux	Hex Flux	background-animation	WebGL 蜂巢六边形场，每个六边形仅在中心采样一次噪声加波动，光逐格推进而非整体流动，适合 shader 背景，依赖 three	npx originkit add hex-flux（需 originkit login）；页面 https://www.originkit.dev/components/hex-flux	pro	install	none
originkit	glyph-ripple	Glyph Ripple	background-animation	Canvas 淡点网格，指针发出同心环和随机雨滴使每格沿 ASCII 密度梯度升级并染上强调色。	npx originkit add glyph-ripple（需 originkit login）；页面 https://www.originkit.dev/components/glyph-ripple	login	install	manual
originkit	text-wave	Text Wave	background-animation	字符网格像波浪般闪烁起伏，光扫过你的文字或背景，适合文字特效或 ASCII 背景，依赖 framer-motion	npx originkit add text-wave（需 originkit login）；页面 https://www.originkit.dev/components/text-wave	pro	install	none
originkit	liquid-hover	Liquid Hover	image	WebGL 平面在 hover 时切换两张图，通过位移图红绿通道把两图采样向相反方向推动，液态图片过渡，依赖 three	npx originkit add liquid-hover（需 originkit login）；页面 https://www.originkit.dev/components/liquid-hover	login	install	manual
originkit	glowing-particles	Glowing Particles	interactive-elements	WebGL 爆发，数千个点沿共享射线外飞、减速聚成亮壳，并经过两级高斯 bloom，适合粒子 hero，依赖 three	npx originkit add glowing-particles（需 originkit login）；页面 https://www.originkit.dev/components/glowing-particles	login	install	manual
originkit	liquid-grid	Liquid Grid	background-animation	起伏的方格纸网格对 hover 与点击产生涟漪，由随波移动的光晕照亮，适合交互背景。	npx originkit add liquid-grid（需 originkit login）；页面 https://www.originkit.dev/components/liquid-grid	pro	install	none
originkit	data-strings	Data Strings	background-animation	Canvas 数百条贝塞尔丝线从共同原点绘出，重叠处加色发光，并以弹簧物理避开 cursor，适合生成艺术背景。	npx originkit add data-strings（需 originkit login）；页面 https://www.originkit.dev/components/data-strings	login	install	manual
originkit	lightfall	Lightfall	background-animation	全屏 WebGL 背景，彩色光束穿过 raymarch 透视漏斗下落，带径向背景光晕，由单个 fragment shader 渲染。	npx originkit add lightfall（需 originkit login）；页面 https://www.originkit.dev/components/lightfall	pro	install	none
originkit	molten-cracks	Molten Cracks	background-animation	WebGL 裂纹石板，Worley 噪声裂缝网络在指针附近加热成白芯，身后冷却为暗红，适合熔岩 shader。	npx originkit add molten-cracks（需 originkit login）；页面 https://www.originkit.dev/components/molten-cracks	login	install	manual
originkit	grain-ring	Grain Ring	background-animation	WebGL 分形噪声圆环在极坐标采样，颗粒沿圆周拉丝，指针可使其旋转、加宽并点亮一段弧，适合 hero。	npx originkit add grain-ring（需 originkit login）；页面 https://www.originkit.dev/components/grain-ring	pro	install	none
originkit	magnet-filaments	Magnet Filaments	background-animation	WebGL 数千根实例化细针各在 vertex shader 中求解偶极角度，自然形成磁力线，无需代码绘制，适合磁场背景，依赖 three	npx originkit add magnet-filaments（需 originkit login）；页面 https://www.originkit.dev/components/magnet-filaments	pro	install	none
originkit	typewriter	Type Writer	text	逐字符打出一组轮换短语，带闪烁光标和独立着色的固定前缀，适合 hero 标语，依赖 framer-motion	npx originkit add typewriter（需 originkit login）；页面 https://www.originkit.dev/components/typewriter	pro	install	none
originkit	globe	Globe	interactive-elements	three.js 地球，基于 Natural Earth 数据的陆地点阵，带国界、15 度经纬网、可放置标记和拖拽惯性旋转，也可用实心陆地纹理，依赖 d3-geo three	npx originkit add globe（需 originkit login）；页面 https://www.originkit.dev/components/globe	login	install	manual
originkit	infinite-hole	Infinite Hole	background-animation	WebGL 线框边盒体竖井螺旋向外并坠入波浪漏斗，每周期推出一整圈，坠落永不停止，适合 3D 隧道背景。	npx originkit add infinite-hole（需 originkit login）；页面 https://www.originkit.dev/components/infinite-hole	login	install	manual
originkit	morphing-rings	Morphing Rings	interactive-elements	WebGL 同心粒子环圆盘透视倾斜，空心中心在圆、五边形和心形间变形并有波纹穿过，适合 hero，依赖 framer-motion motion	npx originkit add morphing-rings（需 originkit login）；页面 https://www.originkit.dev/components/morphing-rings	pro	install	none
originkit	text-emerge	Text Emerge	text	单词从无到有缩放并模糊淡入，从你指定的点向外错开出现，柔和的电影感文字 reveal，基于 GSAP，依赖 gsap	npx originkit add text-emerge（需 originkit login）；页面 https://www.originkit.dev/components/text-emerge	login	install	manual
originkit	cosmic-orb	Cosmic Orb	interactive-elements	玻璃球内封存活的银河，含漂移星云、闪烁星星和边缘色差镜头光晕，WebGL shader 展示。	npx originkit add cosmic-orb（需 originkit login）；页面 https://www.originkit.dev/components/cosmic-orb	pro	install	none
originkit	moving-gradient-button	Moving Gradient Button	button	药丸形按钮，边框为旋转 conic-gradient 描边，hover 时绽放为整体 glow，适合 CTA 按钮，依赖 framer-motion	npx originkit add moving-gradient-button（需 originkit login）；页面 https://www.originkit.dev/components/moving-gradient-button	login	install	manual
originkit	multi-effect-cursor	Multi-Effect Cursor	cursor	Canvas cursor 轨迹，含星座、丝带、彗星、气泡四种可切换样式，按真实时间同步，任意刷新率下一致。	npx originkit add multi-effect-cursor（需 originkit login）；页面 https://www.originkit.dev/components/multi-effect-cursor	login	install	manual
originkit	topology-field	Topology Field	interactive-elements	WebGL 球面均匀节点连向近邻，每个点以自己的正弦脉动，整个图转动并随深度雾渐隐，适合网络图 hero。	npx originkit add topology-field（需 originkit login）；页面 https://www.originkit.dev/components/topology-field	pro	install	none
originkit	cursor-image-trail	Cursor Image Trail	image-gallery	hover 触发的图片轨迹跟随 cursor，带弹性模糊淡出过渡，适合作品集 hover 效果，依赖 framer-motion	npx originkit add cursor-image-trail（需 originkit login）；页面 https://www.originkit.dev/components/cursor-image-trail	pro	install	none
originkit	paper-image	Paper Image	image	WebGL 图片贴在布料般的薄片上，指针处起伏并在空闲时轻摆，Lift 模式可掀起底边，适合 hover 图片，依赖 three	npx originkit add paper-image（需 originkit login）；页面 https://www.originkit.dev/components/paper-image	login	install	manual
originkit	particle-enfold	Particle Enfold	loader	5x5x5 点阵膨胀贴合外接球再回落，无缝循环，Canvas 2D 深度排序并标出八个角点，适合 loader 或展示。	npx originkit add particle-enfold（需 originkit login）；页面 https://www.originkit.dev/components/particle-enfold	login	install	manual
originkit	gyro-loader	Gyro Loader	loader	四个同心 3D 圆环依次错峰翻滚、停顿再重复，原生 WebGL 铬质 matcap 质感，适合 loader / spinner。	npx originkit add gyro-loader（需 originkit login）；页面 https://www.originkit.dev/components/gyro-loader	login	install	manual
originkit	liquid-glass-cube	Liquid Glass Cube	interactive-elements	three.js 超椭球玻璃折射材质，自转并可拖拽翻滚，松手后保留惯性，适合 3D 展示，依赖 three	npx originkit add liquid-glass-cube（需 originkit login）；页面 https://www.originkit.dev/components/liquid-glass-cube	login	install	manual
originkit	metal-frame-cross	Metal Frame Cross	loader	WebGL 线框立方体沿轴向滑出六根方管形成空心十字再收回，铬金属棚拍材质，无限循环，适合 3D loader。	npx originkit add metal-frame-cross（需 originkit login）；页面 https://www.originkit.dev/components/metal-frame-cross	login	install	manual
originkit	text-distortion	Text Distortion	text	将任意标题扭曲成 WebGL 驱动的波浪文字，带有机呼吸感，适合 hero 标题，依赖 three	npx originkit add text-distortion（需 originkit login）；页面 https://www.originkit.dev/components/text-distortion	login	install	manual
originkit	magneticcarousel	Magnetic Carousel	image-gallery	一排图片条随 cursor 靠近像 macOS Dock 一样放大，点击任一条展开为大方图，适合 gallery。	npx originkit add magneticcarousel（需 originkit login）；页面 https://www.originkit.dev/components/magneticcarousel	pro	install	none
originkit	plate-stack	Plate Stack	loader	WebGL 五块圆角板堆叠，依次带过冲缓动旋转四分之一圈，倾斜视角无缝循环，matcap 材质 3D 动画。	npx originkit add plate-stack（需 originkit login）；页面 https://www.originkit.dev/components/plate-stack	login	install	manual
originkit	cloth-study	Cloth Study	interactive-elements	Canvas Verlet 布料，每个网格四边形绘制短语中的一个字符，随织物摆动变形渐隐，物理排版效果。	npx originkit add cloth-study（需 originkit login）；页面 https://www.originkit.dev/components/cloth-study	pro	install	none
originkit	warp-field	Warp Field	background-animation	WebGL 走廊中加色光束与翻滚方块掠过相机，可在每块方块上绘制字符，适合超空间 warp 背景。	npx originkit add warp-field（需 originkit login）；页面 https://www.originkit.dev/components/warp-field	pro	install	none
originkit	chromatic-waves	Chromatic Waves	background-animation	彩虹噪声场转成点阵网格，密度与色相随缓慢色差波浪漂移，适合 WebGL shader 背景，依赖 ogl	npx originkit add chromatic-waves（需 originkit login）；页面 https://www.originkit.dev/components/chromatic-waves	pro	install	none
originkit	crater-burst	Crater Burst	background-animation	WebGL2 粒子点阵在指针处位移成锯齿边缘的洞，点在阻尼弹簧上拖出速度拖尾并回落，适合 pointer 交互背景。	npx originkit add crater-burst（需 originkit login）；页面 https://www.originkit.dev/components/crater-burst	login	install	manual
originkit	blooming-flower	Blooming Flower	interactive-elements	WebGL 点云由数万精灵组成带花瓣的花朵和摇摆花茎，一次绘制，hover 时绽放、移开后合成花苞，依赖 framer-motion motion	npx originkit add blooming-flower（需 originkit login）；页面 https://www.originkit.dev/components/blooming-flower	pro	install	none
originkit	3d-text-unfold	3D Text Unfold	text	字符从 3D 旋转的透明初始状态展开到位，变成清晰直立的文字，适合文字 reveal 动画，依赖 framer-motion	npx originkit add 3d-text-unfold（需 originkit login）；页面 https://www.originkit.dev/components/3d-text-unfold	pro	install	none
originkit	liquid-film	Liquid Film	background-animation	WebGL 90 条折叠光带绘入纹理，再经漂移交叉流、指针拖拽和点击扩散环读回，折射液态效果背景。	npx originkit add liquid-film（需 originkit login）；页面 https://www.originkit.dev/components/liquid-film	login	install	manual
originkit	morphing-glyph-cloud	Morphing Glyph Cloud	animation	随机字符先填成一个图形，再重组为另一个文字、形状或图片，按角度配对使字符云旋转而非乱洗，Canvas。	npx originkit add morphing-glyph-cloud（需 originkit login）；页面 https://www.originkit.dev/components/morphing-glyph-cloud	login	install	manual
originkit	particle-surge	Particle Surge	loader	Canvas 深度排序圆点球从中心弹性射出、过冲、回弹后渐隐，支持拖拽 trackball 旋转，适合粒子 loader。	npx originkit add particle-surge（需 originkit login）；页面 https://www.originkit.dev/components/particle-surge	login	install	manual
originkit	membrane-bloom	Membrane Bloom	background-animation	WebGL 背景，八个绕行 metaball 的叠加场经阈值形成发光表面，并有发丝焦散曲线和黑色核心，有机感。	npx originkit add membrane-bloom（需 originkit login）；页面 https://www.originkit.dev/components/membrane-bloom	login	install	manual
originkit	reflect-background	Reflect Background	background-animation	全屏 WebGL 水波焦散背景，单色循环涟漪绕指针扭曲，可冻结在当前帧，适合 hero 背景。	npx originkit add reflect-background（需 originkit login）；页面 https://www.originkit.dev/components/reflect-background	pro	install	none
originkit	grid-massing	Grid Massing	background-animation	WebGL 背景光线遍历无限体素格，格线立方体构成，指针控制相机偏航与视线高度，适合建筑感背景。	npx originkit add grid-massing（需 originkit login）；页面 https://www.originkit.dev/components/grid-massing	login	install	manual
originkit	ember-dissolve	Ember Dissolve	image	WebGL 文字或图片板块在指针驱动的阈值下按 simplex noise 剥落碎片，边缘喷出火星，hover 溶解效果。	npx originkit add ember-dissolve（需 originkit login）；页面 https://www.originkit.dev/components/ember-dissolve	login	install	manual
originkit	character-waves	Character Waves	background-animation	ASCII 字符流动场，由多层噪声波驱动并从 cursor 向外泛起涟漪，适合 Canvas 背景。	npx originkit add character-waves（需 originkit login）；页面 https://www.originkit.dev/components/character-waves	pro	install	none
originkit	ocean-waves	Ocean Waves	background-animation	Canvas 背景平铺青海波纹样，半圆从大到小叠绘成同心月牙，可朝四个方向滚动，日式图案背景。	npx originkit add ocean-waves（需 originkit login）；页面 https://www.originkit.dev/components/ocean-waves	login	install	manual
originkit	floral-thicket	Floral Thicket	background-animation	全屏 WebGL 线刻花叶场分三层视差漂移，倒置暗角使画面中间变暗，适合植物风 hero 背景。	npx originkit add floral-thicket（需 originkit login）；页面 https://www.originkit.dev/components/floral-thicket	login	install	manual
originkit	network-lines	Network Lines	background-animation	WebGL 漂移点阵，距离在阈值内的两点连线，网络每帧重组，指针把附近点拉向自己，星座背景。	npx originkit add network-lines（需 originkit login）；页面 https://www.originkit.dev/components/network-lines	pro	install	none
originkit	grainy-carousel	Grainy Carousel	image-gallery	可拖拽的无限图片条绘于 2D Canvas，再过一道 WebGL fbm 噪声使左右边带扭曲变暗，适合 carousel，依赖 framer-motion motion	npx originkit add grainy-carousel（需 originkit login）；页面 https://www.originkit.dev/components/grainy-carousel	pro	install	none
originkit	chrome-cells	Chrome Cells	background-animation	WebGL 黑底背景，圆润铬管沿 Voronoi 单元边界缓慢重组，指针倾斜反射，金属质感 hero 背景。	npx originkit add chrome-cells（需 originkit login）；页面 https://www.originkit.dev/components/chrome-cells	login	install	manual
originkit	wind-pyre	Wind Pyre	background-animation	WebGL 火焰场由五个倍频的扭曲 value noise 构成，弹簧驱动的倾斜使火冠摇摆，hover 时火势增强，依赖 three	npx originkit add wind-pyre（需 originkit login）；页面 https://www.originkit.dev/components/wind-pyre	login	install	manual
originkit	dot-image-reveal	Dot Image Reveal	image	点阵在 cursor 周围磁性散开，只在指向处显现隐藏图片，适合 hover 图片 reveal。	npx originkit add dot-image-reveal（需 originkit login）；页面 https://www.originkit.dev/components/dot-image-reveal	pro	install	none
originkit	caustic-weave	Caustic Weave	background-animation	WebGL shader 背景，斜向波带穿过高斯腰部收束，中心折叠压成刀锋、角落展开成弧，适合 hero 背景。	npx originkit add caustic-weave（需 originkit login）；页面 https://www.originkit.dev/components/caustic-weave	login	install	manual
originkit	arrow-cross	Arrow Cross	animation	四个挤出的 3D 箭头指向中心立方体，各自绕轴自转，整个十字以一半速率旋转，原生 WebGL 渲染。	npx originkit add arrow-cross（需 originkit login）；页面 https://www.originkit.dev/components/arrow-cross	login	install	manual
originkit	repetition-hover	Repetition Hover	image	在单个卡片中堆叠同一图片的多个副本，hover 时沿所选轴依次塌缩，底图同时回缩，适合图片 hover 效果，依赖 framer-motion motion	npx originkit add repetition-hover（需 originkit login）；页面 https://www.originkit.dev/components/repetition-hover	login	install	manual
originkit	dynamic-weight	Dynamic Weight	text	按每个字母与 cursor 的距离在两种字重间变形，实时 variable-font hover 效果，适合标题，依赖 framer-motion	npx originkit add dynamic-weight（需 originkit login）；页面 https://www.originkit.dev/components/dynamic-weight	login	install	manual
originkit	mosaic-flip	Mosaic Flip	image-gallery	3D 立方体网格把一张图铺在各面，点击后所有立方体从中心错开翻转半圈显出下一张图，适合图片切换。	npx originkit add mosaic-flip（需 originkit login）；页面 https://www.originkit.dev/components/mosaic-flip	login	install	manual
originkit	formula-stream	Formula Stream	background-animation	全屏 Canvas 数学公式沿微弯车道以四层景深漂移，在指针处分开并变色，适合学术科技背景。	npx originkit add formula-stream（需 originkit login）；页面 https://www.originkit.dev/components/formula-stream	login	install	manual
originkit	elemental-water	Elemental Water	interactive-elements	WebGL2 水面运行真实阻尼波模拟，指针拖出的水滴扩散、触边反弹并像真实涟漪般干涉，适合水波背景。	npx originkit add elemental-water（需 originkit login）；页面 https://www.originkit.dev/components/elemental-water	pro	install	none
originkit	particle-wobble	Particle Wobble	loader	Canvas 约 150 个深度排序圆点的球，外壳随两路反向噪声波起伏，trackball 拖拽后保持惯性旋转。	npx originkit add particle-wobble（需 originkit login）；页面 https://www.originkit.dev/components/particle-wobble	login	install	manual
originkit	imagegallery	Image Gallery	image-gallery	图片从中心持续向外飞出或螺旋流动，密度、缓动和时间可配置，适合图片 gallery 动画。	npx originkit add imagegallery（需 originkit login）；页面 https://www.originkit.dev/components/imagegallery	pro	install	none
originkit	pixel-trail	Pixel Trail	cursor	方格网格在指针下瞬间全亮并在身后淡出，标题以 difference 混合使轨迹反转文字颜色，适合 hover pixel 效果。	npx originkit add pixel-trail（需 originkit login）；页面 https://www.originkit.dev/components/pixel-trail	login	install	manual
originkit	spotlight-frames	Spotlight Frames	image-gallery	横向手风琴式竖条，每条裁切自图片中心，hover 或点击展开成全宽，其余滑开，带跟踪选择框，适合 gallery，依赖 framer-motion motion	npx originkit add spotlight-frames（需 originkit login）；页面 https://www.originkit.dev/components/spotlight-frames	pro	install	none
originkit	deparkanoid	Deparkanoid	games	Canvas 可玩的 880×600 打砖块游戏，102 块砖排成像素字标，指针或键盘控制挡板，每砖 50 分。	npx originkit add deparkanoid（需 originkit login）；页面 https://www.originkit.dev/components/deparkanoid	login	install	manual
originkit	glass-prism	Glass Prism	interactive-elements	WebGL 光学玻璃柱，3 到 12 个平面，缓慢自转并折射程序化渐变房间成彩边，可抓取甩动，three.js 展示，依赖 three	npx originkit add glass-prism（需 originkit login）；页面 https://www.originkit.dev/components/glass-prism	login	install	manual
originkit	draggablesticker	Draggable Sticker	image	像真实贴纸一样拖动图片，贴纸从表面剥离、随动作倾斜并回落原位，WebGL peel 效果。	npx originkit add draggablesticker（需 originkit login）；页面 https://www.originkit.dev/components/draggablesticker	pro	install	none
originkit	button-carousel	Button Carousel	image-gallery	环形轨道按钮，每次点击把头像与标签转入视图，适合头像选择器或团队 carousel，依赖 framer-motion	npx originkit add button-carousel（需 originkit login）；页面 https://www.originkit.dev/components/button-carousel	pro	install	none
originkit	tornado	Tornado	interactive-elements	WebGL 粒子龙卷风在 hero 背后螺旋、发光、闪烁，彗星掠过并在接触处激起场涟漪，three.js 背景，依赖 three	npx originkit add tornado（需 originkit login）；页面 https://www.originkit.dev/components/tornado	login	install	manual
originkit	neon-glow-button	Neon Glow Button	button	药丸按钮外包六圈反向旋转的 conic-gradient 光环，hover 时旋涌、focus 时蓄能，适合 CTA 霓虹按钮，依赖 framer-motion	npx originkit add neon-glow-button（需 originkit login）；页面 https://www.originkit.dev/components/neon-glow-button	pro	install	none
originkit	keycap-wall	Keycap Wall	animation	Canvas 方形键帽场，每列以各自速度滚动并无限循环，带塑料质感、真实键帽字符和 cursor 聚光灯。	npx originkit add keycap-wall（需 originkit login）；页面 https://www.originkit.dev/components/keycap-wall	login	install	manual
originkit	money-rain	Money Rain	image	WebGL 钞票在景深中下落的背景，每张钞票卷曲、飘动、翻滚，镜头附近漂着一张大钞，适合金融主题 hero。	npx originkit add money-rain（需 originkit login）；页面 https://www.originkit.dev/components/money-rain	login	install	manual
originkit	lattice-flight	Lattice Flight	background-animation	全屏 raymarch WebGL shader，相机永远飞越无限线框盒体格架，拖拽可调整视角，适合 shader 背景。	npx originkit add lattice-flight（需 originkit login）；页面 https://www.originkit.dev/components/lattice-flight	login	install	manual
originkit	ink-wake	Ink Wake	background-animation	GPU 流体模拟，墨带流过固体，脱落交替涡街，指针可搅动或拖动固体绕画面移动，适合流体演示。	npx originkit add ink-wake（需 originkit login）；页面 https://www.originkit.dev/components/ink-wake	login	install	manual
originkit	cube	Cube	interactive-elements	3D 粒子魔方，自动打乱、翻滚，并可拖拽旋转，Canvas 交互动画，依赖 framer-motion	npx originkit add cube（需 originkit login）；页面 https://www.originkit.dev/components/cube	login	install	manual
originkit	pixel-led-display	Pixel LED Display	text	滚动的点阵 LED 招牌，把你的文字横向滚过屏幕，带真实发光与闪烁，适合 ticker 跑马灯。	npx originkit add pixel-led-display（需 originkit login）；页面 https://www.originkit.dev/components/pixel-led-display	pro	install	none
originkit	taffy-chain	Taffy Chain	interactive-elements	WebGL 链条由互扣环节悬挂于两个摇摆锚点，Verlet 绳索物理求解，可被指针抓取，随漂移渐变着色。	npx originkit add taffy-chain（需 originkit login）；页面 https://www.originkit.dev/components/taffy-chain	login	install	manual
originkit	beating-hearts	Beating Hearts	background-animation	全屏 WebGL shader 在对数极坐标中沿无限螺旋平铺爱心，逐像素阈值化并按 BPM 时钟脉动，适合浪漫 hero。	npx originkit add beating-hearts（需 originkit login）；页面 https://www.originkit.dev/components/beating-hearts	login	install	manual
originkit	gravitational-vortex	Gravitational Vortex	interactive-elements	WebGL 吸积盘，约 20000 条运动模糊光迹沿对数漏斗螺旋下坠，以加色叠绘在页面背景上，适合科幻 hero。	npx originkit add gravitational-vortex（需 originkit login）；页面 https://www.originkit.dev/components/gravitational-vortex	pro	install	none
originkit	dice-wave-field	Dice Wave Field	background-animation	raymarch WebGL 骰子场，指针发出的波环向外扩散，使每颗骰子转整数个四分之一圈翻到新面。	npx originkit add dice-wave-field（需 originkit login）；页面 https://www.originkit.dev/components/dice-wave-field	pro	install	none
originkit	lightning-cursor	Lightning Cursor	cursor	噼啪闪电追随指针，实时分叉并重新扰动，在每次移动后拖出尾迹，Canvas cursor 特效。	npx originkit add lightning-cursor（需 originkit login）；页面 https://www.originkit.dev/components/lightning-cursor	pro	install	none
originkit	block-drift	Block Drift	background-animation	WebGL 实例化方块走廊，噪声剔除的网格片掠过停在堆叠内部的相机，按深度着色并勾勒接缝，三维背景，依赖 three	npx originkit add block-drift（需 originkit login）；页面 https://www.originkit.dev/components/block-drift	login	install	manual
originkit	glyph-wall	Glyph Wall	background-animation	WebGL 雕刻石质象形文字柱墙，指针经过时整个字形点亮成金色，再沿路径渐隐，适合古埃及风 hero。	npx originkit add glyph-wall（需 originkit login）；页面 https://www.originkit.dev/components/glyph-wall	login	install	manual
originkit	hover-image-reveal	Hover Image Reveal	image-gallery	可 hover 的名称列表，鼠标掠过菜单时为每项显示跟随 cursor 的图片，适合作品集导航菜单，依赖 framer-motion	npx originkit add hover-image-reveal（需 originkit login）；页面 https://www.originkit.dev/components/hover-image-reveal	login	install	manual
originkit	pulse-lines	Pulse Lines	background-animation	脉动的线条、圆点或方块动画网格，让光与颜色扫过背景，适合 hero 背景。	npx originkit add pulse-lines（需 originkit login）；页面 https://www.originkit.dev/components/pulse-lines	pro	install	none
originkit	reactivegrid	Reactive Grid	animation	Canvas 形状网格，cursor 经过时形状增大绽放，以流畅物理运动描出每次 hover 轨迹。	npx originkit add reactivegrid（需 originkit login）；页面 https://www.originkit.dev/components/reactivegrid	pro	install	none
originkit	radial-reveal-button	Radial Reveal Button	button	按钮 hover 填充从 cursor 进入的精确点向外擦开，像定格的涟漪，clip-path 微交互，依赖 framer-motion	npx originkit add radial-reveal-button（需 originkit login）；页面 https://www.originkit.dev/components/radial-reveal-button	login	install	manual
originkit	particle-interlock	Particle Interlock	loader	Canvas 球由两层反向旋转的斐波那契点壳组成，反相呼吸并深度排序成一体，可 trackball 拖拽带惯性。	npx originkit add particle-interlock（需 originkit login）；页面 https://www.originkit.dev/components/particle-interlock	login	install	manual
originkit	image-motion-trail	Image Motion Trail	image	同一图片绘制 N 次，每份以各自速率缓动追向指针，叠成带倾斜扭转的 3D 彗星拖尾，适合 hover 图片。	npx originkit add image-motion-trail（需 originkit login）；页面 https://www.originkit.dev/components/image-motion-trail	login	install	manual
originkit	letter-drop	Letter Drop	text	文字 reveal 动画，每个字符以错峰、可定制缓动落入位置，基于 GSAP，适合标题，依赖 gsap	npx originkit add letter-drop（需 originkit login）；页面 https://www.originkit.dev/components/letter-drop	login	install	manual
originkit	pulsing-ripple	Pulsing Ripple	background-animation	WebGL 圆点网格，大小与不透明度随从中心扩散的正弦波变化，带垂直渐变色和 cursor 下的柔和脉冲，半调背景。	npx originkit add pulsing-ripple（需 originkit login）；页面 https://www.originkit.dev/components/pulsing-ripple	pro	install	none
originkit	cursor-image-gallery	Cursor Image Gallery	image-gallery	cursor 驱动的图片 gallery，指针变成箭头，左右 hover 并点击即可滑动切换图片。	npx originkit add cursor-image-gallery（需 originkit login）；页面 https://www.originkit.dev/components/cursor-image-gallery	login	install	manual
originkit	frost-glass-card	Frost Glass Image	image	图片卡片罩着全屏磨砂玻璃层，指针在模糊上开出软边孔洞显出清晰照片并跟随 cursor，hover 卡片，依赖 framer-motion motion	npx originkit add frost-glass-card（需 originkit login）；页面 https://www.originkit.dev/components/frost-glass-card	login	install	manual
originkit	vector-wordmark-03	Vector Wordmark 3	text	标题文字以点状矢量路径绘出，在跟随指针的柔和圆盘内填实，并叠加钢笔工具锚点与切线手柄，WebGL 字标。	npx originkit add vector-wordmark-03（需 originkit login）；页面 https://www.originkit.dev/components/vector-wordmark/03	login	install	manual
originkit	brick-projection	Brick Projection	image	一张照片由大量翻滚的 3D 砖块承载，仅在全部飞行中对齐时成像，点击后散开并引入下一张，three.js 粒子，依赖 three	npx originkit add brick-projection（需 originkit login）；页面 https://www.originkit.dev/components/brick-projection	pro	install	none
originkit	curvedmarquee	Curved Marquee	text	可拖拽的文字 marquee 沿弯曲 SVG 路径流动，速度、曲度和边缘渐隐可调，适合跑马灯标题。	npx originkit add curvedmarquee（需 originkit login）；页面 https://www.originkit.dev/components/curvedmarquee	pro	install	none
originkit	pulse-grid	Pulse Grid	background-animation	WebGL 电路走线网格，单元长度线段随机以调色板颜色点亮、保持全亮后衰减回底板，适合科技背景，依赖 three	npx originkit add pulse-grid（需 originkit login）；页面 https://www.originkit.dev/components/pulse-grid	login	install	manual
originkit	ripple-study	Ripple Study	background-animation	Canvas 等宽字符网格，每次点击发出外扩环，所经字符变粗并着色，拖出柔和尾迹，ASCII 涟漪。	npx originkit add ripple-study（需 originkit login）；页面 https://www.originkit.dev/components/ripple-study	pro	install	none
originkit	image-spotlight	Image Spotlight	image	图片上覆盖暗幕，柔和聚光灯烧穿暗幕，可跟随 cursor 或固定位置，适合 hover 手电筒效果。	npx originkit add image-spotlight（需 originkit login）；页面 https://www.originkit.dev/components/image-spotlight	login	install	manual
originkit	traffic-wave	Traffic Wave	background-animation	WebGL 夜间公路，实例化的车头尾灯轨迹、路边柱和车道线共同弯向地平线，three.js 霓虹背景，依赖 three	npx originkit add traffic-wave（需 originkit login）；页面 https://www.originkit.dev/components/traffic-wave	pro	install	none
originkit	glitter-cursor	Glitter Cursor	cursor	GPU 驱动的闪烁星星轨迹从指针喷出，渐隐闪烁，运动细腻，适合 WebGL sparkle cursor，依赖 three	npx originkit add glitter-cursor（需 originkit login）；页面 https://www.originkit.dev/components/glitter-cursor	pro	install	none
originkit	particletunnel	Particle Tunnel	animation	粒子沿径向辐条流向中心黑洞，带透视景深、按深度渐隐和 z 排序遮挡，Canvas 3D 隧道背景。	npx originkit add particletunnel（需 originkit login）；页面 https://www.originkit.dev/components/particletunnel	pro	install	none
originkit	spiral-weave	Spiral Weave	background-animation	两族对数螺旋线反向缠绕成涡旋，以 shader 等值线绘制，保持恒定屏幕线宽并以指针为中心，WebGL 背景。	npx originkit add spiral-weave（需 originkit login）；页面 https://www.originkit.dev/components/spiral-weave	login	install	manual
originkit	newton-cradle	Newton Cradle	animation	WebGL 牛顿摆，五个程序化着色球，外侧两球在正弦波两半周期摆动，中间三球几乎不动，铬质 3D 物理展示。	npx originkit add newton-cradle（需 originkit login）；页面 https://www.originkit.dev/components/newton-cradle	login	install	manual
originkit	petal-vortex	Petal Vortex	animation	GPU 粒子花朵，线条组向外卷曲、末端带发光节点，随波浪剪切并顺时针旋转的 WebGL shader 动画，适合 hero 背景，依赖 three	npx originkit add petal-vortex（需 originkit login）；页面 https://www.originkit.dev/components/petal-vortex	login	install	manual
originkit	snake-grid	Snake Grid	games	自动玩的贪吃蛇在像素网格里觅食、不断变长直到困死后重启的 Canvas 生成式动画，适合做游戏感背景。	npx originkit add snake-grid（需 originkit login）；页面 https://www.originkit.dev/components/snake-grid	pro	install	none
originkit	broken-glass	Broken Glass	image	WebGL 图片面板，点击处像玻璃一样碎裂成折射碎片，每次裂纹布局随机的 shader 效果，适合图片展示和点击交互。	npx originkit add broken-glass（需 originkit login）；页面 https://www.originkit.dev/components/broken-glass	login	install	manual
originkit	predictive-arc-02	Predictive Arc 2	background-animation	WebGL 方点阵沿圆形地平线弧线亮起，涟漪向外扩散并朝 pointer 方向旋转的 shader 背景，适合 hero 背景。	npx originkit add predictive-arc-02（需 originkit login）；页面 https://www.originkit.dev/components/predictive-arc/02	login	install	manual
originkit	blur-reveal	Blur Reveal	image	图片模糊作底，镜头跟随 pointer 并在镜内显示清晰原图，首屏先全幅展开再收缩的 hover 揭示效果，适合图片展示。	npx originkit add blur-reveal（需 originkit login）；页面 https://www.originkit.dev/components/blur-reveal	pro	install	none
originkit	popcorn-text	Popcorn Text	text	每个字母以弹簧式随机旋转弹跳弹出的文字动画，可由加载、hover 或 scroll 触发，适合标题 kinetic typography，依赖 framer-motion	npx originkit add popcorn-text（需 originkit login）；页面 https://www.originkit.dev/components/popcorn-text	login	install	manual
originkit	shiny-droplet	Shiny Droplet	interactive-elements	光线步进渲染的肥皂膜水滴，双轴翻滚、cursor 触碰处凹陷并呈现薄膜干涉的虹彩 WebGL shader，适合交互展示，依赖 framer-motion motion	npx originkit add shiny-droplet（需 originkit login）；页面 https://www.originkit.dev/components/shiny-droplet	pro	install	none
originkit	lava-lamp	Lava Lamp	interactive-elements	基于距离场光线步进的 WebGL 熔岩灯，蜡球上升、挤压、融合并朝 pointer 倾斜，适合交互展示或背景，依赖 three	npx originkit add lava-lamp（需 originkit login）；页面 https://www.originkit.dev/components/lava-lamp	login	install	manual
originkit	swirl-flow	Swirl Flow	background-animation	WebGL 背景，把域扭曲流体渲染成半色调网点，热区网点变大且 cursor 会局部扭转流场，适合 hero 背景。	npx originkit add swirl-flow（需 originkit login）；页面 https://www.originkit.dev/components/swirl-flow	pro	install	none
originkit	recursive-erosion	Recursive Erosion	interactive-elements	WebGL 斐波那契点云球体，不断变形、被噪声侵蚀出孔洞并有发光轨迹爬过表面的无缝循环 shader，适合视觉展示。	npx originkit add recursive-erosion（需 originkit login）；页面 https://www.originkit.dev/components/recursive-erosion	login	install	manual
originkit	pixel-tetris	Tetris	games	自动玩的俄罗斯方块，堆叠、消行并无限重置的 Canvas 像素网格动态背景。	npx originkit add pixel-tetris（需 originkit login）；页面 https://www.originkit.dev/components/pixel-tetris	pro	install	none
originkit	spider-web	Spider Web	background-animation	Canvas 全幅蜘蛛网，每个交点是阻尼弹簧，pointer 推开丝线后网面振荡回稳的物理交互背景。	npx originkit add spider-web（需 originkit login）；页面 https://www.originkit.dev/components/spider-web	login	install	manual
originkit	structure-flow	Structure Flow	interactive-elements	WebGL 加性点阵半球，位于镜头下方且顶部渐隐，持续旋转并朝 cursor 倾斜的粒子地球，适合 hero 视觉。	npx originkit add structure-flow（需 originkit login）；页面 https://www.originkit.dev/components/structure-flow	pro	install	none
originkit	contour-loop	Contour Loop	background-animation	全幅 WebGL 嵌套波瓣等高线场，线条无尽向内或向外流动，在 pointer 附近变为第二种颜色的 shader 背景，依赖 three	npx originkit add contour-loop（需 originkit login）；页面 https://www.originkit.dev/components/contour-loop	login	install	manual
originkit	pixel-unfold	Pixel Unfold	image	scroll 触发的马赛克像素块随机淡入、逐块展开图片的揭示效果，适合图片转场。	npx originkit add pixel-unfold（需 originkit login）；页面 https://www.originkit.dev/components/pixel-unfold	pro	install	none
originkit	web-gl-carousel	Web GL Carousel	image-gallery	Three.js 高卡片 carousel，可左右拖动，中心卡片周围呈金字塔下垂，点击后展开为更大的弯曲平面，适合作品展示，依赖 three	npx originkit add web-gl-carousel（需 originkit login）；页面 https://www.originkit.dev/components/web-gl-carousel	pro	install	none
originkit	particle-gimbal	Particle Gimbal	loader	Canvas 深度排序圆点球体，三个环每循环转一、二、三圈并绕反向自旋的内核，可拖拽带惯性，适合 loader。	npx originkit add particle-gimbal（需 originkit login）；页面 https://www.originkit.dev/components/particle-gimbal	login	install	manual
originkit	pulse-roll	Pulse Roll	loader	沿屏幕对角线排列的十个着色圆盘，依次错开挤薄再弹回形成波浪的 WebGL 3D loader。	npx originkit add pulse-roll（需 originkit login）；页面 https://www.originkit.dev/components/pulse-roll	login	install	manual
originkit	coin-loader	Coin Loader	loader	WebGL 循环动画，八枚圆盘沿缓慢反转的圆环运行并三轴翻滚，带程序化铬色 matcap 的 3D loader。	npx originkit add coin-loader（需 originkit login）；页面 https://www.originkit.dev/components/coin-loader	pro	install	none
originkit	pixel-distortion	Pixel Distortion	image	WebGL 图片被 pointer 涂抹成硬边矩形块，cursor 停止后逐渐恢复原图的 shader 扭曲效果，适合图片 hover，依赖 three	npx originkit add pixel-distortion（需 originkit login）；页面 https://www.originkit.dev/components/pixel-distortion	login	install	manual
originkit	spin-carousel	Spin Carousel	image-gallery	图片绕隐藏中心旋转的环形 carousel，支持拖拽惯性、滚轮 scroll、点击置前，后方卡片缩小变暗，适合图集，依赖 framer-motion motion	npx originkit add spin-carousel（需 originkit login）；页面 https://www.originkit.dev/components/spin-carousel	pro	install	none
originkit	stagger-text-rise	Stagger Text Rise	text	文字逐字母以弹簧 stagger 上升就位，可由加载、hover 或 scroll 触发，适合标题动画，依赖 framer-motion	npx originkit add stagger-text-rise（需 originkit login）；页面 https://www.originkit.dev/components/stagger-text-rise	login	install	manual
originkit	dot-scatter	Dot Scatter	text	点划细胞风格文字，hover 处散开成柔和漂移的粒子云，适合标题 hover 效果，依赖 framer-motion	npx originkit add dot-scatter（需 originkit login）；页面 https://www.originkit.dev/components/dot-scatter	pro	install	none
originkit	random-letter-swap	Random Letter Swap	text	hover 时标题每个字母垂直滑动换成重复字形，按随机 stagger 顺序切换的文字动画，依赖 framer-motion	npx originkit add random-letter-swap（需 originkit login）；页面 https://www.originkit.dev/components/random-letter-swap	pro	install	none
originkit	snowfall	Snow Fall	background-animation	在任意容器内铺满飘落 Canvas 雪花，可调雪花大小、速度、透明度、风摆和下落方向的粒子背景。	npx originkit add snowfall（需 originkit login）；页面 https://www.originkit.dev/components/snowfall	login	install	manual
originkit	squish-cube	Squish Cube	interactive-elements	WebGL matcap 圆角立方体，沿拖拽轴压缩、其他轴鼓起并在松手后弹回的果冻式 3D 交互，依赖 three	npx originkit add squish-cube（需 originkit login）；页面 https://www.originkit.dev/components/squish-cube	login	install	manual
originkit	orbit-border-button	Orbit Border Button	button	边框为遮罩环、内部有模糊彗星弧旋转的按钮，hover 时弧线变长直至整圈发光，适合 CTA 按钮，依赖 framer-motion motion	npx originkit add orbit-border-button（需 originkit login）；页面 https://www.originkit.dev/components/orbit-border-button	login	install	manual
originkit	pixelreveal	Pixel Reveal	image	用彩色像素方块网格溶解来揭示图片，可向上下左右扫过并带粗糙噪声边缘的 Canvas 效果。	npx originkit add pixelreveal（需 originkit login）；页面 https://www.originkit.dev/components/pixelreveal	pro	install	none
originkit	text-gather	Text Gather	text	散落的字母以磁性黏稠的爆发动作吸附归位聚焦成文字，基于 gsap 的 text reveal 动画，依赖 gsap	npx originkit add text-gather（需 originkit login）；页面 https://www.originkit.dev/components/text-gather	login	install	manual
originkit	crystal-glow	Crystal Glow	text	带水晶般眩光扫过和闪烁亮点的 hover 按钮，适合 CTA 和强调按钮，依赖 framer-motion	npx originkit add crystal-glow（需 originkit login）；页面 https://www.originkit.dev/components/crystal-glow	login	install	manual
originkit	spiral-text	Spiral Text	text	文字字符沿三角函数轨道螺旋飞入就位，可由 hover、scroll 或自动播放触发的 kinetic typography，依赖 framer-motion	npx originkit add spiral-text（需 originkit login）；页面 https://www.originkit.dev/components/spiral-text	login	install	manual
originkit	vortex-dust	Vortex Dust	background-animation	Canvas 粒子场，尘粒向中心漩涡螺旋靠拢、越近越快，随后在画外重生让漩涡不会空，适合背景。	npx originkit add vortex-dust（需 originkit login）；页面 https://www.originkit.dev/components/vortex-dust	login	install	manual
originkit	spiralimages	Spiral Images	image-gallery	图片沿阿基米德螺旋从边缘流向中心，顺切线旋转并在两端淡出的图集动画。	npx originkit add spiralimages（需 originkit login）；页面 https://www.originkit.dev/components/spiralimages	pro	install	none
originkit	time-swirl	Time Swirl	background-animation	WebGL fragment shader 绘制红青双螺旋漩涡色带，随 Perlin noise 漂移呼吸，hover 时加速旋转的背景。	npx originkit add time-swirl（需 originkit login）；页面 https://www.originkit.dev/components/time-swirl	login	install	manual
originkit	solar-flare	Solar Flare	interactive-elements	WebGL 恒星，球面 impostor 带沸腾颗粒、丝状日冕和 bokeh 星空，pointer 可旋转并牵引耀斑的 shader 交互。	npx originkit add solar-flare（需 originkit login）；页面 https://www.originkit.dev/components/solar-flare	pro	install	none
originkit	textlift	Text Lift	text	每个字母堆叠成分层 3D 挤出，hover 单个字母时展开并抬离表面的文字效果，依赖 framer-motion	npx originkit add textlift（需 originkit login）；页面 https://www.originkit.dev/components/textlift	pro	install	none
originkit	swipe-stack	Swipe Stack	image-gallery	扇形 3D 图片卡堆，每次 swipe 卡片倾斜缩放并轮转到最后，适合图集或作品展示，依赖 framer-motion	npx originkit add swipe-stack（需 originkit login）；页面 https://www.originkit.dev/components/swipe-stack	pro	install	none
originkit	block-text-reveal	Block Text Reveal	text	scroll 驱动的段落揭示，彩色实心块覆盖文字并逐词或逐行移开，可高亮关键词，适合叙述型段落。	npx originkit add block-text-reveal（需 originkit login）；页面 https://www.originkit.dev/components/block-text-reveal	login	install	manual
originkit	coverflowgallery	Coverflow Gallery	image-gallery	平滑 3D coverflow carousel，带透视动画、autoplay 和可自定义幻灯片标题，适合图集展示。	npx originkit add coverflowgallery（需 originkit login）；页面 https://www.originkit.dev/components/coverflowgallery	pro	install	none
originkit	starburst	Star Burst	animation	从可移动焦点向外辐射发光光线，形成闪烁星芒且中心有柔和花形光晕的 Canvas 粒子动画。	npx originkit add starburst（需 originkit login）；页面 https://www.originkit.dev/components/starburst	pro	install	none
originkit	water-ball	Water Ball	interactive-elements	WebGPU MLS-MPM 流体求解器，以屏幕空间渲染成水球，会注水、晃动、反射环境并随 cursor 拖拽凹陷。	npx originkit add water-ball（需 originkit login）；页面 https://www.originkit.dev/components/water-ball	pro	install	none
originkit	elastic-text	Elastic Text	text	可拖拽文字，每个字母像弹性体一样拉伸并弹簧回弹，适合互动标题，依赖 framer-motion	npx originkit add elastic-text（需 originkit login）；页面 https://www.originkit.dev/components/elastic-text	pro	install	none
originkit	deck-carousel	Deck Carousel	image-gallery	横向卡片带首次进入视口时从散乱堆叠中发牌展开，随后用滚轮无限循环并支持 hover 翻转，适合图集，依赖 framer-motion motion	npx originkit add deck-carousel（需 originkit login）；页面 https://www.originkit.dev/components/deck-carousel	login	install	manual
originkit	water-button	Water Button	button	玻璃按钮内含真实流体模拟，滑动、点击、拖拽可晃动飞溅活水池，适合交互 CTA 按钮，依赖 framer-motion	npx originkit add water-button（需 originkit login）；页面 https://www.originkit.dev/components/water-button	pro	install	none
originkit	vertical-parallax	Vertical Parallax	image-gallery	自动 scroll 的竖向图片列，图片在框内以两种交替速度漂移，行经中心时自动编号标签淡入的 parallax 图集。	npx originkit add vertical-parallax（需 originkit login）；页面 https://www.originkit.dev/components/vertical-parallax	pro	install	none
originkit	circle-cursor	Circle Cursor	cursor	一串圆球以错开速度追随 pointer，移动时融合成黏稠单体的 gooey 自定义 cursor。	npx originkit add circle-cursor（需 originkit login）；页面 https://www.originkit.dev/components/circle-cursor	pro	install	none
originkit	clickeffects	Click Effects	cursor	六种点击触发特效（圆环、爆裂、粒子、准星、波浪轨迹、狙击命中），在访客点击处触发的 cursor 微交互，依赖 gsap	npx originkit add clickeffects（需 originkit login）；页面 https://www.originkit.dev/components/clickeffects	login	install	manual
originkit	letter-swing	Letter Swing	text	弹簧物理字母揭示，每个字符从倾斜淡入状态摆动就位，可由 hover 或 scroll 触发的文字动画，依赖 framer-motion	npx originkit add letter-swing（需 originkit login）；页面 https://www.originkit.dev/components/letter-swing	login	install	manual
originkit	confetti-cursor	Confetti Cursor	cursor	自定义 cursor，每次移动都迸出彩色纸屑粒子并飘落淡出的 Canvas 效果。	npx originkit add confetti-cursor（需 originkit login）；页面 https://www.originkit.dev/components/confetti-cursor	pro	install	none
originkit	cube-flip-button	Cube Flip Button	button	真 3D 立方体按钮，hover 或键盘聚焦时向指定方向旋转 90° 翻到带独立文字、图标和颜色的另一面，依赖 framer-motion motion	npx originkit add cube-flip-button（需 originkit login）；页面 https://www.originkit.dev/components/cube-flip-button	pro	install	none
originkit	defense-lines	Defense Lines	background-animation	WebGL 细丝场朝一个方向漂移，穿过中心带时被拉长、增亮并加速的 shader 线条背景。	npx originkit add defense-lines（需 originkit login）；页面 https://www.originkit.dev/components/defense-lines	login	install	manual
originkit	arrow-reveal-button	Arrow Reveal Button	button	链接或按钮，hover 时圆形图标徽章放大覆盖整个胶囊，图标滑到中央并旋转，适合 CTA，依赖 framer-motion motion	npx originkit add arrow-reveal-button（需 originkit login）；页面 https://www.originkit.dev/components/arrow-reveal-button	login	install	manual
originkit	directionhover	Direction Hover	text	文字 hover 时从 cursor 进入的上边或下边滑入强调色副本，离开时滑出的方向感知文字效果。	npx originkit add directionhover（需 originkit login）；页面 https://www.originkit.dev/components/directionhover	login	install	manual
originkit	dust-text-reveal	Dust Text Reveal	text	文字由漂移发光尘埃粒子云聚合而成，可在 hover 或 scroll 进入视口时触发的粒子文字揭示，依赖 framer-motion	npx originkit add dust-text-reveal（需 originkit login）；页面 https://www.originkit.dev/components/dust-text-reveal	pro	install	none
originkit	infinite-stairs	Infinite Stairs	background-animation	WebGL 背景，128 级循环利用的台阶渲染为条纹踏面，隐形踢面写入深度实现逐级遮挡的透视 parallax。	npx originkit add infinite-stairs（需 originkit login）；页面 https://www.originkit.dev/components/infinite-stairs	login	install	manual
originkit	glass-whorl	Glass Whorl	background-animation	WebGL 玻璃板覆盖双色螺旋噪声场，场同时作高度图让光泽照亮颜色，pointer 搅出漩涡并产生透镜效果。	npx originkit add glass-whorl（需 originkit login）；页面 https://www.originkit.dev/components/glass-whorl	login	install	manual
originkit	vector-wordmark-02	Vector Wordmark 2	text	WebGL 标题，蚂蚁线选框跟随 pointer，把实心字形替换为带角点手柄的虚线矢量轮廓，适合 hero 标题。	npx originkit add vector-wordmark-02（需 originkit login）；页面 https://www.originkit.dev/components/vector-wordmark/02	login	install	manual
originkit	glow-border	Glow Border	border	圆锥渐变在边框后旋转、遮罩只留边缘，形成彗星光沿边框奔跑且 hover 时加速的发光边框。	npx originkit add glow-border（需 originkit login）；页面 https://www.originkit.dev/components/glow-border	login	install	manual
originkit	fibre-arc-02	Fibre Arc 2	interactive-elements	WebGL 背景，绘制多达 26 条抛物线光纤束并沿亮色渐变发光，围绕 pointer 径向分开后在其身后合拢。	npx originkit add fibre-arc-02（需 originkit login）；页面 https://www.originkit.dev/components/fibre-arc/02	login	install	manual
originkit	grass-field	Grass Field	background-animation	WebGL 起伏草地场景，云天漂移，草叶随风摇摆并从 pointer 地面位置向外弯曲的 3D shader 背景。	npx originkit add grass-field（需 originkit login）；页面 https://www.originkit.dev/components/grass-field	login	install	manual
originkit	mechanical-flip	Mechanical Flip	text	文字在页面加载或 hover 时逐字符以干脆的 3D 旋转翻入的 gsap 动画，依赖 gsap	npx originkit add mechanical-flip（需 originkit login）；页面 https://www.originkit.dev/components/mechanical-flip	login	install	manual
originkit	capsule-orb	Capsule Orb	interactive-elements	WebGL 球体由数千个 instanced 胶囊组成，折射玻璃弹珠穿行时向外鼓起，叠加 bloom 和暗角的 three.js shader。	npx originkit add capsule-orb（需 originkit login）；页面 https://www.originkit.dev/components/capsule-orb	login	install	manual
originkit	aura-cursor	Aura Cursor	cursor	全视口流体模拟，从 cursor 处绽放彩色染料并随移动旋转淡出的 WebGL cursor 效果。	npx originkit add aura-cursor（需 originkit login）；页面 https://www.originkit.dev/components/aura-cursor	pro	install	none
originkit	weight-hover	Weight Hover	text	hover 时逐字母变化 variable font 字重，带缓入缓出弹簧 stagger 的文字效果，依赖 framer-motion	npx originkit add weight-hover（需 originkit login）；页面 https://www.originkit.dev/components/weight-hover	login	install	manual
originkit	dotmatrix	Dot Matrix	background-animation	动画点阵背景，把流动的 Perlin noise 变成圆点或自定义字形组成的活动网格，基于 WebGL，依赖 ogl	npx originkit add dotmatrix（需 originkit login）；页面 https://www.originkit.dev/components/dotmatrix	login	install	manual
originkit	gradient-text	Gradient Text	text	流动渐变文字，颜色、方向、速度均可自定义，支持 scroll 或 hover 触发揭示的 aurora 文字效果，依赖 framer-motion	npx originkit add gradient-text（需 originkit login）；页面 https://www.originkit.dev/components/gradient-text	login	install	manual
originkit	flower-border	Flower Border	animation	WebGL 花扇扎根于框体任意四边外侧，以填充花瓣加细轮廓线循环摇摆的花卉边框装饰，依赖 three	npx originkit add flower-border（需 originkit login）；页面 https://www.originkit.dev/components/flower-border	login	install	manual
originkit	light-glass-button	Light Glass Button	button	玻璃按钮，背景模糊的面板内有跟随 cursor 的内部光，遮罩环在离光最近的边缘闪亮，glassmorphism 风格。	npx originkit add light-glass-button（需 originkit login）；页面 https://www.originkit.dev/components/light-glass-button	login	install	manual
originkit	image-ripple	Image Ripple	image	像素网格以彩色波纹向外扩散来揭示图片，提供七种波形可选，适合 scroll 或 hover 图片揭示。	npx originkit add image-ripple（需 originkit login）；页面 https://www.originkit.dev/components/image-ripple	pro	install	none
originkit	encrypt-button	Encrypt Button	button	hover 按钮，标签被打乱成密文乱码再逐字母解密还原，并有扫过的光带，适合 CTA 按钮，依赖 framer-motion	npx originkit add encrypt-button（需 originkit login）；页面 https://www.originkit.dev/components/encrypt-button	pro	install	none
originkit	image-reveal	Image Reveal	image	WebGL 图片框，点击时当前照片从中心向外溶解成 perlin noise，下一张以同样方式烧入，适合图片切换，依赖 three	npx originkit add image-reveal（需 originkit login）；页面 https://www.originkit.dev/components/image-reveal	login	install	manual
originkit	image-magnifier	Image Magnifier	image	玻璃放大镜跟随 cursor，在 Canvas 上直接放大下方图片的 hover 效果。	npx originkit add image-magnifier（需 originkit login）；页面 https://www.originkit.dev/components/image-magnifier	pro	install	none
originkit	metallic-dodecahedron	Metallic Dodecahedron	interactive-elements	three.js 正十二面体被切成逐面网格，点击时沿法线推出并扭转打开，可自转和拖拽的 matcap 3D 交互，依赖 three	npx originkit add metallic-dodecahedron（需 originkit login）；页面 https://www.originkit.dev/components/metallic-dodecahedron	login	install	manual
originkit	cloud-sky-02	Cloud Sky 2	background-animation	全幅 WebGL 天空，积云群分两层 parallax 漂移，在低垂太阳圆盘前形成剪影并照亮云底和边缘的 shader 背景。	npx originkit add cloud-sky-02（需 originkit login）；页面 https://www.originkit.dev/components/cloud-sky/02	pro	install	none
originkit	metal-lap-joint	Metal Lap Joint	loader	WebGL 循环动画，三根并排铬色棒旋转到垂直轴、锁成实心三臂十字、停留后再散开的 3D loader。	npx originkit add metal-lap-joint（需 originkit login）；页面 https://www.originkit.dev/components/metal-lap-joint	login	install	manual
originkit	link-preview	Link Preview	button	hover 链接时浮出所链接页面的缩略图，并随 cursor 移动倾斜跟随的预览效果，依赖 framer-motion	npx originkit add link-preview（需 originkit login）；页面 https://www.originkit.dev/components/link-preview	login	install	manual
originkit	toonfireball-03	Toon fireball 3	background-animation	WebGL 卡通彗星雨，每颗是带旋涡的球体加涟漪火焰锥和蒸汽，以各自深度、尺度和速度坠落并带 bloom 的背景。	npx originkit add toonfireball-03（需 originkit login）；页面 https://www.originkit.dev/components/toonfireball/03	login	install	manual
originkit	wire-terrain-03	Wire Terrain 3	background-animation	WebGL 程序化山丘飞越，以等高线绘制并每五条加粗索引线，带雾和条纹太阳的 topographic 线框背景。	npx originkit add wire-terrain-03（需 originkit login）；页面 https://www.originkit.dev/components/wire-terrain/03	login	install	manual
originkit	ascii-radar	Ascii Radar	background-animation	漂移的 ASCII 字符矩阵，在每次点击处向外脉冲扩散雷达环的背景效果。	npx originkit add ascii-radar（需 originkit login）；页面 https://www.originkit.dev/components/ascii-radar	pro	install	none
originkit	eye-gallery	Eye Gallery	image-gallery	两排弧形照片卡片相向漂移连续循环，每排独立计时和造型的 marquee 图集。	npx originkit add eye-gallery（需 originkit login）；页面 https://www.originkit.dev/components/eye-gallery	pro	install	none
originkit	motion-text-wave	Motion Text Wave	text	波浪入场文字动画，每个字符以弹簧物理从弧形偏移处涟漪升起就位，可 scroll 触发，依赖 framer-motion	npx originkit add motion-text-wave（需 originkit login）；页面 https://www.originkit.dev/components/motion-text-wave	login	install	manual
originkit	mask-text-reveal	Mask Text Reveal	text	文字通过动画 clip-path 遮罩揭示，可从任意边缘或中心扫入的 curtain reveal，依赖 framer-motion	npx originkit add mask-text-reveal（需 originkit login）；页面 https://www.originkit.dev/components/mask-text-reveal	login	install	manual
originkit	prism-ring-button	Prism Ring Button	button	按钮外环为缓慢旋转的彩虹渐变，hover 时绽放柔光并闭合成完整圆环，适合 CTA 按钮，依赖 framer-motion	npx originkit add prism-ring-button（需 originkit login）；页面 https://www.originkit.dev/components/prism-ring-button	pro	install	none
originkit	dither-reveal	Dither Reveal	image	抖动（dither）风格图片自行起伏，cursor 扫过处撕开显示全彩原图的 WebGL 揭示效果。	npx originkit add dither-reveal（需 originkit login）；页面 https://www.originkit.dev/components/dither-reveal	login	install	manual
originkit	magnetic-hover-button	Magnetic Hover Button	button	按钮在远处就被 cursor 吸引靠近，hover 时以新颜色擦入的磁吸 CTA 按钮，依赖 framer-motion	npx originkit add magnetic-hover-button（需 originkit login）；页面 https://www.originkit.dev/components/magnetic-hover-button	pro	install	none
originkit	ascii-flame	Ascii Flame	background-animation	实时闪烁、漂移、迸火花的 ASCII 火焰墙，参数可调且无需图片，适合背景。	npx originkit add ascii-flame（需 originkit login）；页面 https://www.originkit.dev/components/ascii-flame	pro	install	none
originkit	footer-02	Footer 02	footer	页脚区块，含站点导航链接与多栏布局，来自 diip3sh sections 的 section-21，适合放在页面底部。	npx originkit add footer-02（需 originkit login）；页面 https://www.originkit.dev/sections/footer-02	pro	install	none
originkit	hero-05	Hero 05	hero	Hero 区块，next.js 与 tailwind 实现的落地页首屏，含标题与 CTA 布局。	npx originkit add hero-05（需 originkit login）；页面 https://www.originkit.dev/sections/hero-05	pro	install	none
originkit	pricing-02	Pricing 02	pricing	定价区块，展示多档套餐方案，适合放在落地页价格部分。	npx originkit add pricing-02（需 originkit login）；页面 https://www.originkit.dev/sections/pricing-02	login	install	manual
originkit	hero-21	Hero 21	hero	落地页 hero 区块，含标题、副文案与 CTA 的首屏 banner 布局。	npx originkit add hero-21（需 originkit login）；页面 https://www.originkit.dev/sections/hero-21	pro	install	none
originkit	hero-13	Hero 13	hero	来自 diip3sh sections 的 section-20 的 hero 区块，next.js 与 tailwind 实现的落地页首屏。	npx originkit add hero-13（需 originkit login）；页面 https://www.originkit.dev/sections/hero-13	pro	install	none
originkit	hero-24	Hero 24	hero	落地页 hero 区块，含标题与 CTA 的首屏 header banner 布局。	npx originkit add hero-24（需 originkit login）；页面 https://www.originkit.dev/sections/hero-24	login	install	manual
originkit	hero-29	Hero 29	hero	落地页 hero 区块，含标题与 CTA 的首屏 header banner 布局。	npx originkit add hero-29（需 originkit login）；页面 https://www.originkit.dev/sections/hero-29	pro	install	none
originkit	hero-44	Hero 44	hero	深色渐变风格的 AI agents hero 区块，适合 AI 产品落地页首屏。	npx originkit add hero-44（需 originkit login）；页面 https://www.originkit.dev/sections/hero-44	pro	install	none
originkit	features-02	Features 02	features	features 区块，含可拖拽旋转的交互 globe 和全球业务指标 stats，适合展示全球覆盖与数据。	npx originkit add features-02（需 originkit login）；页面 https://www.originkit.dev/sections/features-02	login	install	manual
originkit	pricing-03	Pricing 03	pricing	定价区块，含月付年付 billing toggle、多档套餐和 enterprise 方案，来自 diip3sh sections 的 section-8。	npx originkit add pricing-03（需 originkit login）；页面 https://www.originkit.dev/sections/pricing-03	login	install	manual
originkit	hero-16	Hero 16	hero	来自 diip3sh sections 的 section-22 的 hero 区块，带人像网格 gallery 叠层，适合创意落地页首屏。	npx originkit add hero-16（需 originkit login）；页面 https://www.originkit.dev/sections/hero-16	pro	install	none
originkit	hero-42	Hero 42	hero	AI copilot SaaS 的 hero 区块，带产品 mockup 和 carousel，适合软件产品首屏。	npx originkit add hero-42（需 originkit login）；页面 https://www.originkit.dev/sections/hero-42	login	install	manual
originkit	hero-10	Hero 10	hero	落地页 hero 区块，含标题、header 与 CTA 的首屏布局。	npx originkit add hero-10（需 originkit login）；页面 https://www.originkit.dev/sections/hero-10	pro	install	none
originkit	hero-03	Hero 03	hero	next.js 落地页 hero 区块，含标题与 CTA 的首屏布局。	npx originkit add hero-03（需 originkit login）；页面 https://www.originkit.dev/sections/hero-03	pro	install	none
originkit	footer-01	Footer 01	footer	页脚区块，带手机 mockup、应用商店下载按钮和 social 链接，适合 app 下载型页脚。	npx originkit add footer-01（需 originkit login）；页面 https://www.originkit.dev/sections/footer-01	login	install	manual
originkit	hero-31	Hero 31	hero	落地页 hero 区块，above the fold 首屏，含标题与 CTA 布局。	npx originkit add hero-31（需 originkit login）；页面 https://www.originkit.dev/sections/hero-31	pro	install	none
originkit	hero-33	Hero 33	hero	落地页 hero 区块，含标题与 call to action 按钮的首屏布局。	npx originkit add hero-33（需 originkit login）；页面 https://www.originkit.dev/sections/hero-33	pro	install	none
originkit	hero-15	Hero 15	hero	来自 diip3sh sections 的 section-28 的 hero 区块，含标题与 CTA 的落地页首屏。	npx originkit add hero-15（需 originkit login）；页面 https://www.originkit.dev/sections/hero-15	pro	install	none
originkit	hero-11	Hero 11	hero	液态扭曲视觉风格的 hero 区块，来自 visionary-liquid-distortion，含标题与 CTA 的落地页首屏。	npx originkit add hero-11（需 originkit login）；页面 https://www.originkit.dev/sections/hero-11	pro	install	none
originkit	hero-08	Hero 08	hero	Procura 风格的落地页 hero 区块，含标题与 CTA 的首屏布局。	npx originkit add hero-08（需 originkit login）；页面 https://www.originkit.dev/sections/hero-08	pro	install	none
originkit	cta-02	CTA 02	cta	next.js 实现的 CTA 区块，用于引导转化的 call to action，适合放在页面中后段或页脚前。	npx originkit add cta-02（需 originkit login）；页面 https://www.originkit.dev/sections/cta-02	pro	install	none
originkit	hero-09	Hero 09	hero	交互式 3D word globe hero 区块，文字排布成可旋转的词语地球，适合排版感强的首屏。	npx originkit add hero-09（需 originkit login）；页面 https://www.originkit.dev/sections/hero-09	pro	install	none
originkit	features-03	Features 03	features	features 区块，展示产品功能亮点，适合放在 hero 之后。	npx originkit add features-03（需 originkit login）；页面 https://www.originkit.dev/sections/features-03	login	install	manual
originkit	hero-28	Hero 28	hero	next.js 落地页 hero 区块，above the fold 首屏，含标题与 CTA。	npx originkit add hero-28（需 originkit login）；页面 https://www.originkit.dev/sections/hero-28	pro	install	none
originkit	hero-06	Hero 06	hero	next.js 落地页 hero 区块，含 header 与标题 CTA 的首屏布局。	npx originkit add hero-06（需 originkit login）；页面 https://www.originkit.dev/sections/hero-06	pro	install	none
originkit	hero-38	Hero 38	hero	AI code review SaaS 的 hero 区块，围绕 pull request 与开发者工具，适合开发者产品首屏。	npx originkit add hero-38（需 originkit login）；页面 https://www.originkit.dev/sections/hero-38	pro	install	none
originkit	features-04	Feature 04	features	features 区块，以 why-choose-us 形式展示优势、价值主张和亮点，适合放在 hero 之后。	npx originkit add features-04（需 originkit login）；页面 https://www.originkit.dev/sections/features-04	login	install	manual
originkit	hero-26	Hero 26	hero	dotmatrix 点阵动画背景的 hero 区块，面向 enterprise 产品首屏。	npx originkit add hero-26（需 originkit login）；页面 https://www.originkit.dev/sections/hero-26	login	install	manual
originkit	hero-39	Hero 39	hero	产品 hero 区块，含 logo header、品牌 tagline 和 scroll CTA，适合产品首屏。	npx originkit add hero-39（需 originkit login）；页面 https://www.originkit.dev/sections/hero-39	pro	install	none
originkit	hero-27	Hero 27	hero	落地页 hero 区块，含标题与 CTA 的首屏 header banner 布局。	npx originkit add hero-27（需 originkit login）；页面 https://www.originkit.dev/sections/hero-27	pro	install	none
originkit	hero-40	Hero 40	hero	设计工作室 agency 风格的 hero 区块，大标题加 CTA 链接，适合创意机构首屏。	npx originkit add hero-40（需 originkit login）；页面 https://www.originkit.dev/sections/hero-40	login	install	manual
originkit	hero-41	Hero 41	hero	开发者平台 SaaS 的 hero 区块，含部署主题和 trust badges 信任徽章，适合开发工具首屏。	npx originkit add hero-41（需 originkit login）；页面 https://www.originkit.dev/sections/hero-41	pro	install	none
originkit	hero-07	Hero 07	hero	waitlist hero 区块，带邮箱收集表单，适合产品发布前的预约注册首屏，依赖 motion	npx originkit add hero-07（需 originkit login）；页面 https://www.originkit.dev/sections/hero-07	login	install	manual
originkit	pricing-01	Pricing 01	pricing	定价区块，展示套餐档位与价格，适合放在落地页价格部分。	npx originkit add pricing-01（需 originkit login）；页面 https://www.originkit.dev/sections/pricing-01	login	install	manual
originkit	hero-14	Hero 14	hero	动画 hero 区块，带浮动标签和渐变光束，适合落地页炫酷首屏，依赖 motion	npx originkit add hero-14（需 originkit login）；页面 https://www.originkit.dev/sections/hero-14	login	install	manual
originkit	cta-01	CTA 01	cta	CTA 区块，用于落地页引导转化的 call to action，适合放在页面末尾。	npx originkit add cta-01（需 originkit login）；页面 https://www.originkit.dev/sections/cta-01	pro	install	none
originkit	hero-04	Hero 04	hero	人像摄影艺术家风格的 hero 区块，适合创意作品集首屏。	npx originkit add hero-04（需 originkit login）；页面 https://www.originkit.dev/sections/hero-04	pro	install	none
originkit	hero-43	Hero 43	hero	开发者工具 SaaS 的 code review hero 区块，含 CTA，适合开发者产品首屏。	npx originkit add hero-43（需 originkit login）；页面 https://www.originkit.dev/sections/hero-43	pro	install	none
originkit	hero-02	Hero 02	hero	移动 app 的 hero 区块，带手机 mockup，适合社交类 app 落地页首屏，依赖 motion	npx originkit add hero-02（需 originkit login）；页面 https://www.originkit.dev/sections/hero-02	login	install	manual
originkit	hero-30	Hero 30	hero	落地页 hero 区块，above the fold 首屏，含标题与 CTA 布局。	npx originkit add hero-30（需 originkit login）；页面 https://www.originkit.dev/sections/hero-30	pro	install	none
originkit	hero-45	Hero 45	hero	甜味剂产品（stevia）的 hero 区块，适合消费品落地页首屏。	npx originkit add hero-45（需 originkit login）；页面 https://www.originkit.dev/sections/hero-45	login	install	manual
originkit	hero-22	Hero 22	hero	落地页 hero 区块，含标题与 CTA 的 banner 首屏布局。	npx originkit add hero-22（需 originkit login）；页面 https://www.originkit.dev/sections/hero-22	pro	install	none
originkit	hero-20	Hero 20	hero	落地页 hero 区块，above the fold 首屏，含 header 与 CTA。	npx originkit add hero-20（需 originkit login）；页面 https://www.originkit.dev/sections/hero-20	pro	install	none
originkit	hero-46	Hero 46	hero	量子物理科学主题的深色 hero 区块，适合科技科普类首屏。	npx originkit add hero-46（需 originkit login）；页面 https://www.originkit.dev/sections/hero-46	pro	install	none
originkit	hero-47	Hero 47	hero	agency 风格 hero 区块，粗体大字排版、极简创意，适合机构首屏。	npx originkit add hero-47（需 originkit login）；页面 https://www.originkit.dev/sections/hero-47	pro	install	none
originkit	hero-25	Hero 25	hero	next.js 与 tailwind 实现的落地页 hero 区块，含标题与 CTA。	npx originkit add hero-25（需 originkit login）；页面 https://www.originkit.dev/sections/hero-25	pro	install	none
originkit	hero-35	Hero 35	hero	落地页 hero banner 区块，含标题与 CTA 的首屏布局。	npx originkit add hero-35（需 originkit login）；页面 https://www.originkit.dev/sections/hero-35	pro	install	none
originkit	hero-12	Hero 12	hero	来自 diip3sh sections 的 section-19 的 hero 区块，含 call to action 的落地页首屏。	npx originkit add hero-12（需 originkit login）；页面 https://www.originkit.dev/sections/hero-12	pro	install	none
originkit	features-01	Features 01	features	features 区块，用竖向 interactive tabs 切换展示产品功能，适合功能 showcase。	npx originkit add features-01（需 originkit login）；页面 https://www.originkit.dev/sections/features-01	login	install	manual
originkit	hero-34	Hero 34	hero	落地页 hero 区块，含标题与 CTA 的首屏 banner 布局。	npx originkit add hero-34（需 originkit login）；页面 https://www.originkit.dev/sections/hero-34	pro	install	none
originkit	hero-18	Hero 18	hero	全屏 hero 区块，next.js 落地页首屏，含标题与 CTA。	npx originkit add hero-18（需 originkit login）；页面 https://www.originkit.dev/sections/hero-18	pro	install	none
originkit	hero-17	Hero 17	hero	落地页 hero 区块，含标题与 CTA 的首屏 header banner 布局。	npx originkit add hero-17（需 originkit login）；页面 https://www.originkit.dev/sections/hero-17	login	install	manual
originkit	hero-32	Hero 32	hero	落地页 hero 区块，above the fold 首屏，含标题与 CTA 布局。	npx originkit add hero-32（需 originkit login）；页面 https://www.originkit.dev/sections/hero-32	login	install	manual
originkit	hero-36	Hero 36	hero	落地页 hero 区块，above the fold 首屏，含标题与 CTA 布局。	npx originkit add hero-36（需 originkit login）；页面 https://www.originkit.dev/sections/hero-36	pro	install	none
originkit	hero-23	Hero 23	hero	落地页 hero 区块，含标题与 call to action 按钮的首屏布局。	npx originkit add hero-23（需 originkit login）；页面 https://www.originkit.dev/sections/hero-23	pro	install	none
originkit	hero-01	Hero 01	hero	next.js 与 tailwind 实现的落地页 hero 区块，含标题与 CTA。	npx originkit add hero-01（需 originkit login）；页面 https://www.originkit.dev/sections/hero-01	login	install	manual
originkit	hero-37	Hero 37	hero	落地页 hero 区块，above the fold 首屏，含标题与 CTA 布局。	npx originkit add hero-37（需 originkit login）；页面 https://www.originkit.dev/sections/hero-37	pro	install	none
originkit	hero-19	Hero 19	hero	next.js 与 tailwind 实现的落地页 hero 区块，含标题与 CTA。	npx originkit add hero-19（需 originkit login）；页面 https://www.originkit.dev/sections/hero-19	pro	install	none
originkit	operun	Operun	template	AI 生产力 SaaS 营销站整站模板，含 hero demo、集成、dashboard 预览、功能、指标、testimonials、定价与 FAQ。	https://www.originkit.dev/templates/operun（网站上 Get/Buy，需登录；CLI: npx originkit add operun）	pro	install	none
originkit	fintra	Fintra	template	金融基础设施平台的多页营销站模板，含 hero、使命、功能、workflow、安全合规、对比、集成、定价与 FAQ。	https://www.originkit.dev/templates/fintra（网站上 Get/Buy，需登录；CLI: npx originkit add fintra）	pro	install	none
originkit	clever	Clever	template	面向 agency 与 SaaS 的多页营销站模板，含生产力方案、优势概览、功能亮点等区块，现代风格。	https://www.originkit.dev/templates/clever（网站上 Get/Buy，需登录；CLI: npx originkit add clever）	login	install	manual
originkit	prismo	Prismo	template	Framer 风格任务管理 SaaS 营销站模板，含时间线、自定义字段、实时同步功能、定价对比、联系与 FAQ。	https://www.originkit.dev/templates/prismo（网站上 Get/Buy，需登录；CLI: npx originkit add prismo）	pro	install	none
originkit	closor	Closor	template	AI 工作流自动化平台的多页营销站模板，含开发者评价、上手步骤、最新功能与联系 CTA。	https://www.originkit.dev/templates/closor（网站上 Get/Buy，需登录；CLI: npx originkit add closor）	pro	install	none
originkit	opsra	Opsra	template	团队运营主题的整站模板，面向 SaaS 产品营销首页。	https://www.originkit.dev/templates/opsra（网站上 Get/Buy，需登录；CLI: npx originkit add opsra）	pro	install	none
originkit	genius	Genius	template	提升 SaaS 产品形象的整站模板，面向软件产品营销落地页。	https://www.originkit.dev/templates/genius（网站上 Get/Buy，需登录；CLI: npx originkit add genius）	pro	install	none
originkit	aries	Aries	template	创意机构 agency 完整官网模板，含作品集网格、案例详情页、编辑风 blog、waitlist、时间线与联系页。	https://www.originkit.dev/templates/aries（网站上 Get/Buy，需登录；CLI: npx originkit add aries）	pro	install	none
originkit	outstand	Outstand	template	网站设计服务主题的整站模板，面向设计工作室与接单展示。	https://www.originkit.dev/templates/outstand（网站上 Get/Buy，需登录；CLI: npx originkit add outstand）	login	install	manual
originkit	aston	Aston	template	教育主题的整站模板，面向教育机构或在线课程营销。	https://www.originkit.dev/templates/aston（网站上 Get/Buy，需登录；CLI: npx originkit add aston）	pro	install	none
originkit	capable	Capable	template	社交连接主题的整站模板，面向社区与交友类产品营销。	https://www.originkit.dev/templates/capable（网站上 Get/Buy，需登录；CLI: npx originkit add capable）	login	install	manual
originkit	sap	SAP	template	项目管理 SaaS 多页营销站模板，含 waitlist CTA、功能模块、集成、blog、定价、testimonials、FAQ 与联系。	https://www.originkit.dev/templates/sap（网站上 Get/Buy，需登录；CLI: npx originkit add sap）	pro	install	none
originkit	appit	Appit	template	社交网络产品多页营销站模板，含 waitlist、消息与群组功能、免费与高级定价、FAQ 及应用商店下载 CTA。	https://www.originkit.dev/templates/appit（网站上 Get/Buy，需登录；CLI: npx originkit add appit）	pro	install	none
originkit	suprema	Suprema	template	任务与项目管理产品的多页营销站模板，含功能模块、协作工具、定价、testimonials、FAQ 与免费试用 CTA。	https://www.originkit.dev/templates/suprema（网站上 Get/Buy，需登录；CLI: npx originkit add suprema）	pro	install	none
originkit	pix	Pix	template	设计师与开发者个人作品集整站模板，含首页服务技能、About、作品网格与案例页、blog 和联系表单。	https://www.originkit.dev/templates/pix（网站上 Get/Buy，需登录；CLI: npx originkit add pix）	pro	install	none
originkit	wexo	Wexo	template	极简优雅的项目任务管理平台多页营销站模板，含功能、上手指引、用户评价、定价与实时指标。	https://www.originkit.dev/templates/wexo（网站上 Get/Buy，需登录；CLI: npx originkit add wexo）	pro	install	none
originkit	darkmate	Darkmate	template	深色个人作品集整站模板，含经历、技术栈、服务、创意展示与客户评价，Framer 静态导出。	https://www.originkit.dev/templates/darkmate（网站上 Get/Buy，需登录；CLI: npx originkit add darkmate）	login	install	manual
originkit	artbox	Artbox	template	浅色主题创意机构整站模板，含会员权益、快速交付、无限修改、核心价值等区块，面向 agency 与 SaaS。	https://www.originkit.dev/templates/artbox（网站上 Get/Buy，需登录；CLI: npx originkit add artbox）	pro	install	none
originkit	loaded	Loaded	template	创意机构与作品集整站模板，面向设计师、工作室和自由职业者，含作品、评价、流程与 FAQ。	https://www.originkit.dev/templates/loaded（网站上 Get/Buy，需登录；CLI: npx originkit add loaded）	login	install	manual
originkit	lander	Lander	template	落地页设计工作室的多页营销站模板，含服务、hero 区块制作展示与优势，面向品牌落地页。	https://www.originkit.dev/templates/lander（网站上 Get/Buy，需登录；CLI: npx originkit add lander）	pro	install	none
originkit	gency	Welcome to Gency	template	数字产品工作室 agency 多页营销站模板，含服务、作品、blog 与客户评价，Framer 制作。	https://www.originkit.dev/templates/gency（网站上 Get/Buy，需登录；CLI: npx originkit add gency）	login	install	manual
originkit	landfree	LandFree	template	免费落地页网站模板的多页营销站，含服务范围、差异化优势与流程介绍。	https://www.originkit.dev/templates/landfree（网站上 Get/Buy，需登录；CLI: npx originkit add landfree）	login	install	manual
originkit	waitlisty	Waitlisty	template	waitlist 候补名单社区的多页营销站模板，含独家权益、团队、成就、用户好评墙与 FAQ。	https://www.originkit.dev/templates/waitlisty（网站上 Get/Buy，需登录；CLI: npx originkit add waitlisty）	pro	install	none
