shadcn	accordion	Accordion	component/layout	https://ui.shadcn.com/docs/components/accordion	npx shadcn@latest add accordion ; https://ui.shadcn.com/r/styles/base-nova/accordion.json	registry:https://ui.shadcn.com/r/styles/base-nova/accordion.json	free	install	react		active		2026-10-07	
shadcn	alert	Alert	component/feedback	https://ui.shadcn.com/docs/components/alert	npx shadcn@latest add alert ; https://ui.shadcn.com/r/styles/base-nova/alert.json	registry:https://ui.shadcn.com/r/styles/base-nova/alert.json	free	install	react		active		2026-10-07	
shadcn	alert-dialog	Alert Dialog	component/overlay	https://ui.shadcn.com/docs/components/alert-dialog	npx shadcn@latest add alert-dialog ; https://ui.shadcn.com/r/styles/base-nova/alert-dialog.json	registry:https://ui.shadcn.com/r/styles/base-nova/alert-dialog.json	free	install	react		active		2026-10-07	
shadcn	aspect-ratio	Aspect Ratio	component/display	https://ui.shadcn.com/docs/components/aspect-ratio	npx shadcn@latest add aspect-ratio ; https://ui.shadcn.com/r/styles/base-nova/aspect-ratio.json	registry:https://ui.shadcn.com/r/styles/base-nova/aspect-ratio.json	free	install	react		active		2026-10-07	
shadcn	avatar	Avatar	component/display	https://ui.shadcn.com/docs/components/avatar	npx shadcn@latest add avatar ; https://ui.shadcn.com/r/styles/base-nova/avatar.json	registry:https://ui.shadcn.com/r/styles/base-nova/avatar.json	free	install	react		active		2026-10-07	
shadcn	badge	Badge	component/feedback	https://ui.shadcn.com/docs/components/badge	npx shadcn@latest add badge ; https://ui.shadcn.com/r/styles/base-nova/badge.json	registry:https://ui.shadcn.com/r/styles/base-nova/badge.json	free	install	react		active		2026-10-07	
shadcn	breadcrumb	Breadcrumb	component/layout	https://ui.shadcn.com/docs/components/breadcrumb	npx shadcn@latest add breadcrumb ; https://ui.shadcn.com/r/styles/base-nova/breadcrumb.json	registry:https://ui.shadcn.com/r/styles/base-nova/breadcrumb.json	free	install	react		active		2026-10-07	
shadcn	button	Button	component/form	https://ui.shadcn.com/docs/components/button	npx shadcn@latest add button ; https://ui.shadcn.com/r/styles/base-nova/button.json	registry:https://ui.shadcn.com/r/styles/base-nova/button.json	free	install	react		active		2026-10-07	
shadcn	button-group	Button Group	component/form	https://ui.shadcn.com/docs/components/button-group	npx shadcn@latest add button-group ; https://ui.shadcn.com/r/styles/base-nova/button-group.json	registry:https://ui.shadcn.com/r/styles/base-nova/button-group.json	free	install	react		active		2026-10-07	
shadcn	calendar	Calendar	component/form	https://ui.shadcn.com/docs/components/calendar	npx shadcn@latest add calendar ; https://ui.shadcn.com/r/styles/base-nova/calendar.json	registry:https://ui.shadcn.com/r/styles/base-nova/calendar.json	free	install	react		active		2026-10-07	
shadcn	card	Card	component/display	https://ui.shadcn.com/docs/components/card	npx shadcn@latest add card ; https://ui.shadcn.com/r/styles/base-nova/card.json	registry:https://ui.shadcn.com/r/styles/base-nova/card.json	free	install	react		active		2026-10-07	
shadcn	carousel	Carousel	component/display	https://ui.shadcn.com/docs/components/carousel	npx shadcn@latest add carousel ; https://ui.shadcn.com/r/styles/base-nova/carousel.json	registry:https://ui.shadcn.com/r/styles/base-nova/carousel.json	free	install	react		active		2026-10-07	
shadcn	chart	Chart	component/display	https://ui.shadcn.com/docs/components/chart	npx shadcn@latest add chart ; https://ui.shadcn.com/r/styles/base-nova/chart.json	registry:https://ui.shadcn.com/r/styles/base-nova/chart.json	free	install	react		active		2026-10-07	
shadcn	checkbox	Checkbox	component/form	https://ui.shadcn.com/docs/components/checkbox	npx shadcn@latest add checkbox ; https://ui.shadcn.com/r/styles/base-nova/checkbox.json	registry:https://ui.shadcn.com/r/styles/base-nova/checkbox.json	free	install	react		active		2026-10-07	
shadcn	collapsible	Collapsible	component/misc	https://ui.shadcn.com/docs/components/collapsible	npx shadcn@latest add collapsible ; https://ui.shadcn.com/r/styles/base-nova/collapsible.json	registry:https://ui.shadcn.com/r/styles/base-nova/collapsible.json	free	install	react		active		2026-10-07	
shadcn	combobox	Combobox	component/form	https://ui.shadcn.com/docs/components/combobox	npx shadcn@latest add combobox ; https://ui.shadcn.com/r/styles/base-nova/combobox.json	registry:https://ui.shadcn.com/r/styles/base-nova/combobox.json	free	install	react		active		2026-10-07	
shadcn	command	Command	component/overlay	https://ui.shadcn.com/docs/components/command	npx shadcn@latest add command ; https://ui.shadcn.com/r/styles/base-nova/command.json	registry:https://ui.shadcn.com/r/styles/base-nova/command.json	free	install	react		active		2026-10-07	
shadcn	context-menu	Context Menu	component/overlay	https://ui.shadcn.com/docs/components/context-menu	npx shadcn@latest add context-menu ; https://ui.shadcn.com/r/styles/base-nova/context-menu.json	registry:https://ui.shadcn.com/r/styles/base-nova/context-menu.json	free	install	react		active		2026-10-07	
shadcn	dialog	Dialog	component/overlay	https://ui.shadcn.com/docs/components/dialog	npx shadcn@latest add dialog ; https://ui.shadcn.com/r/styles/base-nova/dialog.json	registry:https://ui.shadcn.com/r/styles/base-nova/dialog.json	free	install	react		active		2026-10-07	
shadcn	drawer	Drawer	component/overlay	https://ui.shadcn.com/docs/components/drawer	npx shadcn@latest add drawer ; https://ui.shadcn.com/r/styles/base-nova/drawer.json	registry:https://ui.shadcn.com/r/styles/base-nova/drawer.json	free	install	react		active		2026-10-07	
shadcn	dropdown-menu	Dropdown Menu	component/overlay	https://ui.shadcn.com/docs/components/dropdown-menu	npx shadcn@latest add dropdown-menu ; https://ui.shadcn.com/r/styles/base-nova/dropdown-menu.json	registry:https://ui.shadcn.com/r/styles/base-nova/dropdown-menu.json	free	install	react		active		2026-10-07	
shadcn	empty	Empty	component/feedback	https://ui.shadcn.com/docs/components/empty	npx shadcn@latest add empty ; https://ui.shadcn.com/r/styles/base-nova/empty.json	registry:https://ui.shadcn.com/r/styles/base-nova/empty.json	free	install	react		active		2026-10-07	
shadcn	field	Field	component/form	https://ui.shadcn.com/docs/components/field	npx shadcn@latest add field ; https://ui.shadcn.com/r/styles/base-nova/field.json	registry:https://ui.shadcn.com/r/styles/base-nova/field.json	free	install	react		active		2026-10-07	
shadcn	form	Form	component/form	https://ui.shadcn.com/docs/components/form	npx shadcn@latest add form ; https://ui.shadcn.com/r/styles/base-nova/form.json	registry:https://ui.shadcn.com/r/styles/base-nova/form.json	free	install	react		active		2026-10-07	
shadcn	hover-card	Hover Card	component/overlay	https://ui.shadcn.com/docs/components/hover-card	npx shadcn@latest add hover-card ; https://ui.shadcn.com/r/styles/base-nova/hover-card.json	registry:https://ui.shadcn.com/r/styles/base-nova/hover-card.json	free	install	react		active		2026-10-07	
shadcn	input	Input	component/form	https://ui.shadcn.com/docs/components/input	npx shadcn@latest add input ; https://ui.shadcn.com/r/styles/base-nova/input.json	registry:https://ui.shadcn.com/r/styles/base-nova/input.json	free	install	react		active		2026-10-07	
shadcn	input-group	Input Group	component/form	https://ui.shadcn.com/docs/components/input-group	npx shadcn@latest add input-group ; https://ui.shadcn.com/r/styles/base-nova/input-group.json	registry:https://ui.shadcn.com/r/styles/base-nova/input-group.json	free	install	react		active		2026-10-07	
shadcn	input-otp	Input Otp	component/form	https://ui.shadcn.com/docs/components/input-otp	npx shadcn@latest add input-otp ; https://ui.shadcn.com/r/styles/base-nova/input-otp.json	registry:https://ui.shadcn.com/r/styles/base-nova/input-otp.json	free	install	react		active		2026-10-07	
shadcn	item	Item	component/display	https://ui.shadcn.com/docs/components/item	npx shadcn@latest add item ; https://ui.shadcn.com/r/styles/base-nova/item.json	registry:https://ui.shadcn.com/r/styles/base-nova/item.json	free	install	react		active		2026-10-07	
shadcn	label	Label	component/form	https://ui.shadcn.com/docs/components/label	npx shadcn@latest add label ; https://ui.shadcn.com/r/styles/base-nova/label.json	registry:https://ui.shadcn.com/r/styles/base-nova/label.json	free	install	react		active		2026-10-07	
shadcn	menubar	Menubar	component/overlay	https://ui.shadcn.com/docs/components/menubar	npx shadcn@latest add menubar ; https://ui.shadcn.com/r/styles/base-nova/menubar.json	registry:https://ui.shadcn.com/r/styles/base-nova/menubar.json	free	install	react		active		2026-10-07	
shadcn	navigation-menu	Navigation Menu	component/layout	https://ui.shadcn.com/docs/components/navigation-menu	npx shadcn@latest add navigation-menu ; https://ui.shadcn.com/r/styles/base-nova/navigation-menu.json	registry:https://ui.shadcn.com/r/styles/base-nova/navigation-menu.json	free	install	react		active		2026-10-07	
shadcn	pagination	Pagination	component/misc	https://ui.shadcn.com/docs/components/pagination	npx shadcn@latest add pagination ; https://ui.shadcn.com/r/styles/base-nova/pagination.json	registry:https://ui.shadcn.com/r/styles/base-nova/pagination.json	free	install	react		active		2026-10-07	
shadcn	popover	Popover	component/overlay	https://ui.shadcn.com/docs/components/popover	npx shadcn@latest add popover ; https://ui.shadcn.com/r/styles/base-nova/popover.json	registry:https://ui.shadcn.com/r/styles/base-nova/popover.json	free	install	react		active		2026-10-07	
shadcn	progress	Progress	component/feedback	https://ui.shadcn.com/docs/components/progress	npx shadcn@latest add progress ; https://ui.shadcn.com/r/styles/base-nova/progress.json	registry:https://ui.shadcn.com/r/styles/base-nova/progress.json	free	install	react		active		2026-10-07	
shadcn	radio-group	Radio Group	component/form	https://ui.shadcn.com/docs/components/radio-group	npx shadcn@latest add radio-group ; https://ui.shadcn.com/r/styles/base-nova/radio-group.json	registry:https://ui.shadcn.com/r/styles/base-nova/radio-group.json	free	install	react		active		2026-10-07	
shadcn	resizable	Resizable	component/layout	https://ui.shadcn.com/docs/components/resizable	npx shadcn@latest add resizable ; https://ui.shadcn.com/r/styles/base-nova/resizable.json	registry:https://ui.shadcn.com/r/styles/base-nova/resizable.json	free	install	react		active		2026-10-07	
shadcn	scroll-area	Scroll Area	component/layout	https://ui.shadcn.com/docs/components/scroll-area	npx shadcn@latest add scroll-area ; https://ui.shadcn.com/r/styles/base-nova/scroll-area.json	registry:https://ui.shadcn.com/r/styles/base-nova/scroll-area.json	free	install	react		active		2026-10-07	
shadcn	select	Select	component/form	https://ui.shadcn.com/docs/components/select	npx shadcn@latest add select ; https://ui.shadcn.com/r/styles/base-nova/select.json	registry:https://ui.shadcn.com/r/styles/base-nova/select.json	free	install	react		active		2026-10-07	
shadcn	separator	Separator	component/layout	https://ui.shadcn.com/docs/components/separator	npx shadcn@latest add separator ; https://ui.shadcn.com/r/styles/base-nova/separator.json	registry:https://ui.shadcn.com/r/styles/base-nova/separator.json	free	install	react		active		2026-10-07	
shadcn	sheet	Sheet	component/overlay	https://ui.shadcn.com/docs/components/sheet	npx shadcn@latest add sheet ; https://ui.shadcn.com/r/styles/base-nova/sheet.json	registry:https://ui.shadcn.com/r/styles/base-nova/sheet.json	free	install	react		active		2026-10-07	
shadcn	sidebar	Sidebar	component/layout	https://ui.shadcn.com/docs/components/sidebar	npx shadcn@latest add sidebar ; https://ui.shadcn.com/r/styles/base-nova/sidebar.json	registry:https://ui.shadcn.com/r/styles/base-nova/sidebar.json	free	install	react		active		2026-10-07	
shadcn	skeleton	Skeleton	component/feedback	https://ui.shadcn.com/docs/components/skeleton	npx shadcn@latest add skeleton ; https://ui.shadcn.com/r/styles/base-nova/skeleton.json	registry:https://ui.shadcn.com/r/styles/base-nova/skeleton.json	free	install	react		active		2026-10-07	
shadcn	slider	Slider	component/form	https://ui.shadcn.com/docs/components/slider	npx shadcn@latest add slider ; https://ui.shadcn.com/r/styles/base-nova/slider.json	registry:https://ui.shadcn.com/r/styles/base-nova/slider.json	free	install	react		active		2026-10-07	
shadcn	sonner	Sonner	component/feedback	https://ui.shadcn.com/docs/components/sonner	npx shadcn@latest add sonner ; https://ui.shadcn.com/r/styles/base-nova/sonner.json	registry:https://ui.shadcn.com/r/styles/base-nova/sonner.json	free	install	react		active		2026-10-07	
shadcn	spinner	Spinner	component/feedback	https://ui.shadcn.com/docs/components/spinner	npx shadcn@latest add spinner ; https://ui.shadcn.com/r/styles/base-nova/spinner.json	registry:https://ui.shadcn.com/r/styles/base-nova/spinner.json	free	install	react		active		2026-10-07	
shadcn	switch	Switch	component/form	https://ui.shadcn.com/docs/components/switch	npx shadcn@latest add switch ; https://ui.shadcn.com/r/styles/base-nova/switch.json	registry:https://ui.shadcn.com/r/styles/base-nova/switch.json	free	install	react		active		2026-10-07	
shadcn	table	Table	component/display	https://ui.shadcn.com/docs/components/table	npx shadcn@latest add table ; https://ui.shadcn.com/r/styles/base-nova/table.json	registry:https://ui.shadcn.com/r/styles/base-nova/table.json	free	install	react		active		2026-10-07	
shadcn	tabs	Tabs	component/layout	https://ui.shadcn.com/docs/components/tabs	npx shadcn@latest add tabs ; https://ui.shadcn.com/r/styles/base-nova/tabs.json	registry:https://ui.shadcn.com/r/styles/base-nova/tabs.json	free	install	react		active		2026-10-07	
shadcn	textarea	Textarea	component/form	https://ui.shadcn.com/docs/components/textarea	npx shadcn@latest add textarea ; https://ui.shadcn.com/r/styles/base-nova/textarea.json	registry:https://ui.shadcn.com/r/styles/base-nova/textarea.json	free	install	react		active		2026-10-07	
shadcn	toast	Toast	component/feedback	https://ui.shadcn.com/docs/components/toast	npx shadcn@latest add toast ; https://ui.shadcn.com/r/styles/base-nova/toast.json	registry:https://ui.shadcn.com/r/styles/base-nova/toast.json	free	install	react		active		2026-10-07	
shadcn	toggle	Toggle	component/misc	https://ui.shadcn.com/docs/components/toggle	npx shadcn@latest add toggle ; https://ui.shadcn.com/r/styles/base-nova/toggle.json	registry:https://ui.shadcn.com/r/styles/base-nova/toggle.json	free	install	react		active		2026-10-07	
shadcn	toggle-group	Toggle Group	component/misc	https://ui.shadcn.com/docs/components/toggle-group	npx shadcn@latest add toggle-group ; https://ui.shadcn.com/r/styles/base-nova/toggle-group.json	registry:https://ui.shadcn.com/r/styles/base-nova/toggle-group.json	free	install	react		active		2026-10-07	
shadcn	tooltip	Tooltip	component/overlay	https://ui.shadcn.com/docs/components/tooltip	npx shadcn@latest add tooltip ; https://ui.shadcn.com/r/styles/base-nova/tooltip.json	registry:https://ui.shadcn.com/r/styles/base-nova/tooltip.json	free	install	react		active		2026-10-07	
shadcn	kbd	Kbd	component/display	https://ui.shadcn.com/docs/components/kbd	npx shadcn@latest add kbd ; https://ui.shadcn.com/r/styles/base-nova/kbd.json	registry:https://ui.shadcn.com/r/styles/base-nova/kbd.json	free	install	react		active		2026-10-07	
shadcn	native-select	Native Select	component/form	https://ui.shadcn.com/docs/components/native-select	npx shadcn@latest add native-select ; https://ui.shadcn.com/r/styles/base-nova/native-select.json	registry:https://ui.shadcn.com/r/styles/base-nova/native-select.json	free	install	react		active		2026-10-07	
shadcn	direction	Direction	component/misc	https://ui.shadcn.com/docs/components/direction	npx shadcn@latest add direction ; https://ui.shadcn.com/r/styles/base-nova/direction.json	registry:https://ui.shadcn.com/r/styles/base-nova/direction.json	free	install	react		active		2026-10-07	
shadcn	attachment	Attachment	component/chat	https://ui.shadcn.com/docs/components/attachment	npx shadcn@latest add attachment ; https://ui.shadcn.com/r/styles/base-nova/attachment.json	registry:https://ui.shadcn.com/r/styles/base-nova/attachment.json	free	install	react		active		2026-10-07	
shadcn	bubble	Bubble	component/chat	https://ui.shadcn.com/docs/components/bubble	npx shadcn@latest add bubble ; https://ui.shadcn.com/r/styles/base-nova/bubble.json	registry:https://ui.shadcn.com/r/styles/base-nova/bubble.json	free	install	react		active		2026-10-07	
shadcn	message-scroller	Message Scroller	component/chat	https://ui.shadcn.com/docs/components/message-scroller	npx shadcn@latest add message-scroller ; https://ui.shadcn.com/r/styles/base-nova/message-scroller.json	registry:https://ui.shadcn.com/r/styles/base-nova/message-scroller.json	free	install	react		active		2026-10-07	
shadcn	questionnaire	Questionnaire	component/chat	https://ui.shadcn.com/docs/components/questionnaire	npx shadcn@latest add questionnaire ; https://ui.shadcn.com/r/styles/base-nova/questionnaire.json	registry:https://ui.shadcn.com/r/styles/base-nova/questionnaire.json	free	install	react		active		2026-10-07	
shadcn	marker	Marker	component/chat	https://ui.shadcn.com/docs/components/marker	npx shadcn@latest add marker ; https://ui.shadcn.com/r/styles/base-nova/marker.json	registry:https://ui.shadcn.com/r/styles/base-nova/marker.json	free	install	react		active		2026-10-07	
shadcn	message	Message	component/chat	https://ui.shadcn.com/docs/components/message	npx shadcn@latest add message ; https://ui.shadcn.com/r/styles/base-nova/message.json	registry:https://ui.shadcn.com/r/styles/base-nova/message.json	free	install	react		active		2026-10-07	
shadcn	dashboard-01	Dashboard 01	block/dashboard	https://ui.shadcn.com/blocks/dashboard	npx shadcn@latest add dashboard-01 ; https://ui.shadcn.com/r/styles/base-nova/dashboard-01.json	registry:https://ui.shadcn.com/r/styles/base-nova/dashboard-01.json	free	install	react		active		2026-10-07	
shadcn	sidebar-01	Sidebar 01	block/sidebar	https://ui.shadcn.com/blocks/sidebar	npx shadcn@latest add sidebar-01 ; https://ui.shadcn.com/r/styles/base-nova/sidebar-01.json	registry:https://ui.shadcn.com/r/styles/base-nova/sidebar-01.json	free	install	react		active		2026-10-07	
shadcn	sidebar-02	Sidebar 02	block/sidebar	https://ui.shadcn.com/blocks/sidebar	npx shadcn@latest add sidebar-02 ; https://ui.shadcn.com/r/styles/base-nova/sidebar-02.json	registry:https://ui.shadcn.com/r/styles/base-nova/sidebar-02.json	free	install	react		active		2026-10-07	
shadcn	sidebar-03	Sidebar 03	block/sidebar	https://ui.shadcn.com/blocks/sidebar	npx shadcn@latest add sidebar-03 ; https://ui.shadcn.com/r/styles/base-nova/sidebar-03.json	registry:https://ui.shadcn.com/r/styles/base-nova/sidebar-03.json	free	install	react		active		2026-10-07	
shadcn	sidebar-04	Sidebar 04	block/sidebar	https://ui.shadcn.com/blocks/sidebar	npx shadcn@latest add sidebar-04 ; https://ui.shadcn.com/r/styles/base-nova/sidebar-04.json	registry:https://ui.shadcn.com/r/styles/base-nova/sidebar-04.json	free	install	react		active		2026-10-07	
shadcn	sidebar-05	Sidebar 05	block/sidebar	https://ui.shadcn.com/blocks/sidebar	npx shadcn@latest add sidebar-05 ; https://ui.shadcn.com/r/styles/base-nova/sidebar-05.json	registry:https://ui.shadcn.com/r/styles/base-nova/sidebar-05.json	free	install	react		active		2026-10-07	
shadcn	sidebar-06	Sidebar 06	block/sidebar	https://ui.shadcn.com/blocks/sidebar	npx shadcn@latest add sidebar-06 ; https://ui.shadcn.com/r/styles/base-nova/sidebar-06.json	registry:https://ui.shadcn.com/r/styles/base-nova/sidebar-06.json	free	install	react		active		2026-10-07	
shadcn	sidebar-07	Sidebar 07	block/sidebar	https://ui.shadcn.com/blocks/sidebar	npx shadcn@latest add sidebar-07 ; https://ui.shadcn.com/r/styles/base-nova/sidebar-07.json	registry:https://ui.shadcn.com/r/styles/base-nova/sidebar-07.json	free	install	react		active		2026-10-07	
shadcn	sidebar-08	Sidebar 08	block/sidebar	https://ui.shadcn.com/blocks/sidebar	npx shadcn@latest add sidebar-08 ; https://ui.shadcn.com/r/styles/base-nova/sidebar-08.json	registry:https://ui.shadcn.com/r/styles/base-nova/sidebar-08.json	free	install	react		active		2026-10-07	
shadcn	sidebar-09	Sidebar 09	block/sidebar	https://ui.shadcn.com/blocks/sidebar	npx shadcn@latest add sidebar-09 ; https://ui.shadcn.com/r/styles/base-nova/sidebar-09.json	registry:https://ui.shadcn.com/r/styles/base-nova/sidebar-09.json	free	install	react		active		2026-10-07	
shadcn	sidebar-10	Sidebar 10	block/sidebar	https://ui.shadcn.com/blocks/sidebar	npx shadcn@latest add sidebar-10 ; https://ui.shadcn.com/r/styles/base-nova/sidebar-10.json	registry:https://ui.shadcn.com/r/styles/base-nova/sidebar-10.json	free	install	react		active		2026-10-07	
shadcn	sidebar-11	Sidebar 11	block/sidebar	https://ui.shadcn.com/blocks/sidebar	npx shadcn@latest add sidebar-11 ; https://ui.shadcn.com/r/styles/base-nova/sidebar-11.json	registry:https://ui.shadcn.com/r/styles/base-nova/sidebar-11.json	free	install	react		active		2026-10-07	
shadcn	sidebar-12	Sidebar 12	block/sidebar	https://ui.shadcn.com/blocks/sidebar	npx shadcn@latest add sidebar-12 ; https://ui.shadcn.com/r/styles/base-nova/sidebar-12.json	registry:https://ui.shadcn.com/r/styles/base-nova/sidebar-12.json	free	install	react		active		2026-10-07	
shadcn	sidebar-13	Sidebar 13	block/sidebar	https://ui.shadcn.com/blocks/sidebar	npx shadcn@latest add sidebar-13 ; https://ui.shadcn.com/r/styles/base-nova/sidebar-13.json	registry:https://ui.shadcn.com/r/styles/base-nova/sidebar-13.json	free	install	react		active		2026-10-07	
shadcn	sidebar-14	Sidebar 14	block/sidebar	https://ui.shadcn.com/blocks/sidebar	npx shadcn@latest add sidebar-14 ; https://ui.shadcn.com/r/styles/base-nova/sidebar-14.json	registry:https://ui.shadcn.com/r/styles/base-nova/sidebar-14.json	free	install	react		active		2026-10-07	
shadcn	sidebar-15	Sidebar 15	block/sidebar	https://ui.shadcn.com/blocks/sidebar	npx shadcn@latest add sidebar-15 ; https://ui.shadcn.com/r/styles/base-nova/sidebar-15.json	registry:https://ui.shadcn.com/r/styles/base-nova/sidebar-15.json	free	install	react		active		2026-10-07	
shadcn	sidebar-16	Sidebar 16	block/sidebar	https://ui.shadcn.com/blocks/sidebar	npx shadcn@latest add sidebar-16 ; https://ui.shadcn.com/r/styles/base-nova/sidebar-16.json	registry:https://ui.shadcn.com/r/styles/base-nova/sidebar-16.json	free	install	react		active		2026-10-07	
shadcn	login-01	Login 01	block/login	https://ui.shadcn.com/blocks/login	npx shadcn@latest add login-01 ; https://ui.shadcn.com/r/styles/base-nova/login-01.json	registry:https://ui.shadcn.com/r/styles/base-nova/login-01.json	free	install	react		active		2026-10-07	
shadcn	login-02	Login 02	block/login	https://ui.shadcn.com/blocks/login	npx shadcn@latest add login-02 ; https://ui.shadcn.com/r/styles/base-nova/login-02.json	registry:https://ui.shadcn.com/r/styles/base-nova/login-02.json	free	install	react		active		2026-10-07	
shadcn	login-03	Login 03	block/login	https://ui.shadcn.com/blocks/login	npx shadcn@latest add login-03 ; https://ui.shadcn.com/r/styles/base-nova/login-03.json	registry:https://ui.shadcn.com/r/styles/base-nova/login-03.json	free	install	react		active		2026-10-07	
shadcn	login-04	Login 04	block/login	https://ui.shadcn.com/blocks/login	npx shadcn@latest add login-04 ; https://ui.shadcn.com/r/styles/base-nova/login-04.json	registry:https://ui.shadcn.com/r/styles/base-nova/login-04.json	free	install	react		active		2026-10-07	
shadcn	login-05	Login 05	block/login	https://ui.shadcn.com/blocks/login	npx shadcn@latest add login-05 ; https://ui.shadcn.com/r/styles/base-nova/login-05.json	registry:https://ui.shadcn.com/r/styles/base-nova/login-05.json	free	install	react		active		2026-10-07	
shadcn	signup-01	Signup 01	block/signup	https://ui.shadcn.com/blocks/signup	npx shadcn@latest add signup-01 ; https://ui.shadcn.com/r/styles/base-nova/signup-01.json	registry:https://ui.shadcn.com/r/styles/base-nova/signup-01.json	free	install	react		active		2026-10-07	
shadcn	signup-02	Signup 02	block/signup	https://ui.shadcn.com/blocks/signup	npx shadcn@latest add signup-02 ; https://ui.shadcn.com/r/styles/base-nova/signup-02.json	registry:https://ui.shadcn.com/r/styles/base-nova/signup-02.json	free	install	react		active		2026-10-07	
shadcn	signup-03	Signup 03	block/signup	https://ui.shadcn.com/blocks/signup	npx shadcn@latest add signup-03 ; https://ui.shadcn.com/r/styles/base-nova/signup-03.json	registry:https://ui.shadcn.com/r/styles/base-nova/signup-03.json	free	install	react		active		2026-10-07	
shadcn	signup-04	Signup 04	block/signup	https://ui.shadcn.com/blocks/signup	npx shadcn@latest add signup-04 ; https://ui.shadcn.com/r/styles/base-nova/signup-04.json	registry:https://ui.shadcn.com/r/styles/base-nova/signup-04.json	free	install	react		active		2026-10-07	
shadcn	signup-05	Signup 05	block/signup	https://ui.shadcn.com/blocks/signup	npx shadcn@latest add signup-05 ; https://ui.shadcn.com/r/styles/base-nova/signup-05.json	registry:https://ui.shadcn.com/r/styles/base-nova/signup-05.json	free	install	react		active		2026-10-07	
shadcn	preview	Preview	block/preview	https://ui.shadcn.com/blocks/preview	npx shadcn@latest add preview ; https://ui.shadcn.com/r/styles/base-nova/preview.json	registry:https://ui.shadcn.com/r/styles/base-nova/preview.json	free	install	react		active		2026-10-07	
shadcn	preview-02	Preview 02	block/preview	https://ui.shadcn.com/blocks/preview	npx shadcn@latest add preview-02 ; https://ui.shadcn.com/r/styles/base-nova/preview-02.json	registry:https://ui.shadcn.com/r/styles/base-nova/preview-02.json	free	install	react		active		2026-10-07	
shadcn	preview-03	Preview 03	block/preview	https://ui.shadcn.com/blocks/preview	npx shadcn@latest add preview-03 ; https://ui.shadcn.com/r/styles/base-nova/preview-03.json	registry:https://ui.shadcn.com/r/styles/base-nova/preview-03.json	free	install	react		active		2026-10-07	
shadcn	chart-area-axes	Chart Area Axes	chart/area	https://ui.shadcn.com/charts/area	npx shadcn@latest add https://ui.shadcn.com/r/styles/new-york-v4/chart-area-axes.json ; https://ui.shadcn.com/r/styles/new-york-v4/chart-area-axes.json	registry:https://ui.shadcn.com/r/styles/new-york-v4/chart-area-axes.json	free	install	react		active		2026-10-07	
shadcn	chart-area-default	Chart Area Default	chart/area	https://ui.shadcn.com/charts/area	npx shadcn@latest add https://ui.shadcn.com/r/styles/new-york-v4/chart-area-default.json ; https://ui.shadcn.com/r/styles/new-york-v4/chart-area-default.json	registry:https://ui.shadcn.com/r/styles/new-york-v4/chart-area-default.json	free	install	react		active		2026-10-07	
shadcn	chart-area-gradient	Chart Area Gradient	chart/area	https://ui.shadcn.com/charts/area	npx shadcn@latest add https://ui.shadcn.com/r/styles/new-york-v4/chart-area-gradient.json ; https://ui.shadcn.com/r/styles/new-york-v4/chart-area-gradient.json	registry:https://ui.shadcn.com/r/styles/new-york-v4/chart-area-gradient.json	free	install	react		active		2026-10-07	
shadcn	chart-area-icons	Chart Area Icons	chart/area	https://ui.shadcn.com/charts/area	npx shadcn@latest add https://ui.shadcn.com/r/styles/new-york-v4/chart-area-icons.json ; https://ui.shadcn.com/r/styles/new-york-v4/chart-area-icons.json	registry:https://ui.shadcn.com/r/styles/new-york-v4/chart-area-icons.json	free	install	react		active		2026-10-07	
shadcn	chart-area-interactive	Chart Area Interactive	chart/area	https://ui.shadcn.com/charts/area	npx shadcn@latest add https://ui.shadcn.com/r/styles/new-york-v4/chart-area-interactive.json ; https://ui.shadcn.com/r/styles/new-york-v4/chart-area-interactive.json	registry:https://ui.shadcn.com/r/styles/new-york-v4/chart-area-interactive.json	free	install	react		active		2026-10-07	
shadcn	chart-area-legend	Chart Area Legend	chart/area	https://ui.shadcn.com/charts/area	npx shadcn@latest add https://ui.shadcn.com/r/styles/new-york-v4/chart-area-legend.json ; https://ui.shadcn.com/r/styles/new-york-v4/chart-area-legend.json	registry:https://ui.shadcn.com/r/styles/new-york-v4/chart-area-legend.json	free	install	react		active		2026-10-07	
shadcn	chart-area-linear	Chart Area Linear	chart/area	https://ui.shadcn.com/charts/area	npx shadcn@latest add https://ui.shadcn.com/r/styles/new-york-v4/chart-area-linear.json ; https://ui.shadcn.com/r/styles/new-york-v4/chart-area-linear.json	registry:https://ui.shadcn.com/r/styles/new-york-v4/chart-area-linear.json	free	install	react		active		2026-10-07	
shadcn	chart-area-stacked-expand	Chart Area Stacked Expand	chart/area	https://ui.shadcn.com/charts/area	npx shadcn@latest add https://ui.shadcn.com/r/styles/new-york-v4/chart-area-stacked-expand.json ; https://ui.shadcn.com/r/styles/new-york-v4/chart-area-stacked-expand.json	registry:https://ui.shadcn.com/r/styles/new-york-v4/chart-area-stacked-expand.json	free	install	react		active		2026-10-07	
shadcn	chart-area-stacked	Chart Area Stacked	chart/area	https://ui.shadcn.com/charts/area	npx shadcn@latest add https://ui.shadcn.com/r/styles/new-york-v4/chart-area-stacked.json ; https://ui.shadcn.com/r/styles/new-york-v4/chart-area-stacked.json	registry:https://ui.shadcn.com/r/styles/new-york-v4/chart-area-stacked.json	free	install	react		active		2026-10-07	
shadcn	chart-area-step	Chart Area Step	chart/area	https://ui.shadcn.com/charts/area	npx shadcn@latest add https://ui.shadcn.com/r/styles/new-york-v4/chart-area-step.json ; https://ui.shadcn.com/r/styles/new-york-v4/chart-area-step.json	registry:https://ui.shadcn.com/r/styles/new-york-v4/chart-area-step.json	free	install	react		active		2026-10-07	
shadcn	chart-bar-active	Chart Bar Active	chart/bar	https://ui.shadcn.com/charts/bar	npx shadcn@latest add https://ui.shadcn.com/r/styles/new-york-v4/chart-bar-active.json ; https://ui.shadcn.com/r/styles/new-york-v4/chart-bar-active.json	registry:https://ui.shadcn.com/r/styles/new-york-v4/chart-bar-active.json	free	install	react		active		2026-10-07	
shadcn	chart-bar-default	Chart Bar Default	chart/bar	https://ui.shadcn.com/charts/bar	npx shadcn@latest add https://ui.shadcn.com/r/styles/new-york-v4/chart-bar-default.json ; https://ui.shadcn.com/r/styles/new-york-v4/chart-bar-default.json	registry:https://ui.shadcn.com/r/styles/new-york-v4/chart-bar-default.json	free	install	react		active		2026-10-07	
shadcn	chart-bar-horizontal	Chart Bar Horizontal	chart/bar	https://ui.shadcn.com/charts/bar	npx shadcn@latest add https://ui.shadcn.com/r/styles/new-york-v4/chart-bar-horizontal.json ; https://ui.shadcn.com/r/styles/new-york-v4/chart-bar-horizontal.json	registry:https://ui.shadcn.com/r/styles/new-york-v4/chart-bar-horizontal.json	free	install	react		active		2026-10-07	
shadcn	chart-bar-interactive	Chart Bar Interactive	chart/bar	https://ui.shadcn.com/charts/bar	npx shadcn@latest add https://ui.shadcn.com/r/styles/new-york-v4/chart-bar-interactive.json ; https://ui.shadcn.com/r/styles/new-york-v4/chart-bar-interactive.json	registry:https://ui.shadcn.com/r/styles/new-york-v4/chart-bar-interactive.json	free	install	react		active		2026-10-07	
shadcn	chart-bar-label-custom	Chart Bar Label Custom	chart/bar	https://ui.shadcn.com/charts/bar	npx shadcn@latest add https://ui.shadcn.com/r/styles/new-york-v4/chart-bar-label-custom.json ; https://ui.shadcn.com/r/styles/new-york-v4/chart-bar-label-custom.json	registry:https://ui.shadcn.com/r/styles/new-york-v4/chart-bar-label-custom.json	free	install	react		active		2026-10-07	
shadcn	chart-bar-label	Chart Bar Label	chart/bar	https://ui.shadcn.com/charts/bar	npx shadcn@latest add https://ui.shadcn.com/r/styles/new-york-v4/chart-bar-label.json ; https://ui.shadcn.com/r/styles/new-york-v4/chart-bar-label.json	registry:https://ui.shadcn.com/r/styles/new-york-v4/chart-bar-label.json	free	install	react		active		2026-10-07	
shadcn	chart-bar-mixed	Chart Bar Mixed	chart/bar	https://ui.shadcn.com/charts/bar	npx shadcn@latest add https://ui.shadcn.com/r/styles/new-york-v4/chart-bar-mixed.json ; https://ui.shadcn.com/r/styles/new-york-v4/chart-bar-mixed.json	registry:https://ui.shadcn.com/r/styles/new-york-v4/chart-bar-mixed.json	free	install	react		active		2026-10-07	
shadcn	chart-bar-multiple	Chart Bar Multiple	chart/bar	https://ui.shadcn.com/charts/bar	npx shadcn@latest add https://ui.shadcn.com/r/styles/new-york-v4/chart-bar-multiple.json ; https://ui.shadcn.com/r/styles/new-york-v4/chart-bar-multiple.json	registry:https://ui.shadcn.com/r/styles/new-york-v4/chart-bar-multiple.json	free	install	react		active		2026-10-07	
shadcn	chart-bar-negative	Chart Bar Negative	chart/bar	https://ui.shadcn.com/charts/bar	npx shadcn@latest add https://ui.shadcn.com/r/styles/new-york-v4/chart-bar-negative.json ; https://ui.shadcn.com/r/styles/new-york-v4/chart-bar-negative.json	registry:https://ui.shadcn.com/r/styles/new-york-v4/chart-bar-negative.json	free	install	react		active		2026-10-07	
shadcn	chart-bar-stacked	Chart Bar Stacked	chart/bar	https://ui.shadcn.com/charts/bar	npx shadcn@latest add https://ui.shadcn.com/r/styles/new-york-v4/chart-bar-stacked.json ; https://ui.shadcn.com/r/styles/new-york-v4/chart-bar-stacked.json	registry:https://ui.shadcn.com/r/styles/new-york-v4/chart-bar-stacked.json	free	install	react		active		2026-10-07	
shadcn	chart-line-default	Chart Line Default	chart/line	https://ui.shadcn.com/charts/line	npx shadcn@latest add https://ui.shadcn.com/r/styles/new-york-v4/chart-line-default.json ; https://ui.shadcn.com/r/styles/new-york-v4/chart-line-default.json	registry:https://ui.shadcn.com/r/styles/new-york-v4/chart-line-default.json	free	install	react		active		2026-10-07	
shadcn	chart-line-dots-colors	Chart Line Dots Colors	chart/line	https://ui.shadcn.com/charts/line	npx shadcn@latest add https://ui.shadcn.com/r/styles/new-york-v4/chart-line-dots-colors.json ; https://ui.shadcn.com/r/styles/new-york-v4/chart-line-dots-colors.json	registry:https://ui.shadcn.com/r/styles/new-york-v4/chart-line-dots-colors.json	free	install	react		active		2026-10-07	
shadcn	chart-line-dots-custom	Chart Line Dots Custom	chart/line	https://ui.shadcn.com/charts/line	npx shadcn@latest add https://ui.shadcn.com/r/styles/new-york-v4/chart-line-dots-custom.json ; https://ui.shadcn.com/r/styles/new-york-v4/chart-line-dots-custom.json	registry:https://ui.shadcn.com/r/styles/new-york-v4/chart-line-dots-custom.json	free	install	react		active		2026-10-07	
shadcn	chart-line-dots	Chart Line Dots	chart/line	https://ui.shadcn.com/charts/line	npx shadcn@latest add https://ui.shadcn.com/r/styles/new-york-v4/chart-line-dots.json ; https://ui.shadcn.com/r/styles/new-york-v4/chart-line-dots.json	registry:https://ui.shadcn.com/r/styles/new-york-v4/chart-line-dots.json	free	install	react		active		2026-10-07	
shadcn	chart-line-interactive	Chart Line Interactive	chart/line	https://ui.shadcn.com/charts/line	npx shadcn@latest add https://ui.shadcn.com/r/styles/new-york-v4/chart-line-interactive.json ; https://ui.shadcn.com/r/styles/new-york-v4/chart-line-interactive.json	registry:https://ui.shadcn.com/r/styles/new-york-v4/chart-line-interactive.json	free	install	react		active		2026-10-07	
shadcn	chart-line-label-custom	Chart Line Label Custom	chart/line	https://ui.shadcn.com/charts/line	npx shadcn@latest add https://ui.shadcn.com/r/styles/new-york-v4/chart-line-label-custom.json ; https://ui.shadcn.com/r/styles/new-york-v4/chart-line-label-custom.json	registry:https://ui.shadcn.com/r/styles/new-york-v4/chart-line-label-custom.json	free	install	react		active		2026-10-07	
shadcn	chart-line-label	Chart Line Label	chart/line	https://ui.shadcn.com/charts/line	npx shadcn@latest add https://ui.shadcn.com/r/styles/new-york-v4/chart-line-label.json ; https://ui.shadcn.com/r/styles/new-york-v4/chart-line-label.json	registry:https://ui.shadcn.com/r/styles/new-york-v4/chart-line-label.json	free	install	react		active		2026-10-07	
shadcn	chart-line-linear	Chart Line Linear	chart/line	https://ui.shadcn.com/charts/line	npx shadcn@latest add https://ui.shadcn.com/r/styles/new-york-v4/chart-line-linear.json ; https://ui.shadcn.com/r/styles/new-york-v4/chart-line-linear.json	registry:https://ui.shadcn.com/r/styles/new-york-v4/chart-line-linear.json	free	install	react		active		2026-10-07	
shadcn	chart-line-multiple	Chart Line Multiple	chart/line	https://ui.shadcn.com/charts/line	npx shadcn@latest add https://ui.shadcn.com/r/styles/new-york-v4/chart-line-multiple.json ; https://ui.shadcn.com/r/styles/new-york-v4/chart-line-multiple.json	registry:https://ui.shadcn.com/r/styles/new-york-v4/chart-line-multiple.json	free	install	react		active		2026-10-07	
shadcn	chart-line-step	Chart Line Step	chart/line	https://ui.shadcn.com/charts/line	npx shadcn@latest add https://ui.shadcn.com/r/styles/new-york-v4/chart-line-step.json ; https://ui.shadcn.com/r/styles/new-york-v4/chart-line-step.json	registry:https://ui.shadcn.com/r/styles/new-york-v4/chart-line-step.json	free	install	react		active		2026-10-07	
shadcn	chart-pie-donut-active	Chart Pie Donut Active	chart/pie	https://ui.shadcn.com/charts/pie	npx shadcn@latest add https://ui.shadcn.com/r/styles/new-york-v4/chart-pie-donut-active.json ; https://ui.shadcn.com/r/styles/new-york-v4/chart-pie-donut-active.json	registry:https://ui.shadcn.com/r/styles/new-york-v4/chart-pie-donut-active.json	free	install	react		active		2026-10-07	
shadcn	chart-pie-donut-text	Chart Pie Donut Text	chart/pie	https://ui.shadcn.com/charts/pie	npx shadcn@latest add https://ui.shadcn.com/r/styles/new-york-v4/chart-pie-donut-text.json ; https://ui.shadcn.com/r/styles/new-york-v4/chart-pie-donut-text.json	registry:https://ui.shadcn.com/r/styles/new-york-v4/chart-pie-donut-text.json	free	install	react		active		2026-10-07	
shadcn	chart-pie-donut	Chart Pie Donut	chart/pie	https://ui.shadcn.com/charts/pie	npx shadcn@latest add https://ui.shadcn.com/r/styles/new-york-v4/chart-pie-donut.json ; https://ui.shadcn.com/r/styles/new-york-v4/chart-pie-donut.json	registry:https://ui.shadcn.com/r/styles/new-york-v4/chart-pie-donut.json	free	install	react		active		2026-10-07	
shadcn	chart-pie-interactive	Chart Pie Interactive	chart/pie	https://ui.shadcn.com/charts/pie	npx shadcn@latest add https://ui.shadcn.com/r/styles/new-york-v4/chart-pie-interactive.json ; https://ui.shadcn.com/r/styles/new-york-v4/chart-pie-interactive.json	registry:https://ui.shadcn.com/r/styles/new-york-v4/chart-pie-interactive.json	free	install	react		active		2026-10-07	
shadcn	chart-pie-label-custom	Chart Pie Label Custom	chart/pie	https://ui.shadcn.com/charts/pie	npx shadcn@latest add https://ui.shadcn.com/r/styles/new-york-v4/chart-pie-label-custom.json ; https://ui.shadcn.com/r/styles/new-york-v4/chart-pie-label-custom.json	registry:https://ui.shadcn.com/r/styles/new-york-v4/chart-pie-label-custom.json	free	install	react		active		2026-10-07	
shadcn	chart-pie-label-list	Chart Pie Label List	chart/pie	https://ui.shadcn.com/charts/pie	npx shadcn@latest add https://ui.shadcn.com/r/styles/new-york-v4/chart-pie-label-list.json ; https://ui.shadcn.com/r/styles/new-york-v4/chart-pie-label-list.json	registry:https://ui.shadcn.com/r/styles/new-york-v4/chart-pie-label-list.json	free	install	react		active		2026-10-07	
shadcn	chart-pie-label	Chart Pie Label	chart/pie	https://ui.shadcn.com/charts/pie	npx shadcn@latest add https://ui.shadcn.com/r/styles/new-york-v4/chart-pie-label.json ; https://ui.shadcn.com/r/styles/new-york-v4/chart-pie-label.json	registry:https://ui.shadcn.com/r/styles/new-york-v4/chart-pie-label.json	free	install	react		active		2026-10-07	
shadcn	chart-pie-legend	Chart Pie Legend	chart/pie	https://ui.shadcn.com/charts/pie	npx shadcn@latest add https://ui.shadcn.com/r/styles/new-york-v4/chart-pie-legend.json ; https://ui.shadcn.com/r/styles/new-york-v4/chart-pie-legend.json	registry:https://ui.shadcn.com/r/styles/new-york-v4/chart-pie-legend.json	free	install	react		active		2026-10-07	
shadcn	chart-pie-separator-none	Chart Pie Separator None	chart/pie	https://ui.shadcn.com/charts/pie	npx shadcn@latest add https://ui.shadcn.com/r/styles/new-york-v4/chart-pie-separator-none.json ; https://ui.shadcn.com/r/styles/new-york-v4/chart-pie-separator-none.json	registry:https://ui.shadcn.com/r/styles/new-york-v4/chart-pie-separator-none.json	free	install	react		active		2026-10-07	
shadcn	chart-pie-simple	Chart Pie Simple	chart/pie	https://ui.shadcn.com/charts/pie	npx shadcn@latest add https://ui.shadcn.com/r/styles/new-york-v4/chart-pie-simple.json ; https://ui.shadcn.com/r/styles/new-york-v4/chart-pie-simple.json	registry:https://ui.shadcn.com/r/styles/new-york-v4/chart-pie-simple.json	free	install	react		active		2026-10-07	
shadcn	chart-pie-stacked	Chart Pie Stacked	chart/pie	https://ui.shadcn.com/charts/pie	npx shadcn@latest add https://ui.shadcn.com/r/styles/new-york-v4/chart-pie-stacked.json ; https://ui.shadcn.com/r/styles/new-york-v4/chart-pie-stacked.json	registry:https://ui.shadcn.com/r/styles/new-york-v4/chart-pie-stacked.json	free	install	react		active		2026-10-07	
shadcn	chart-radar-default	Chart Radar Default	chart/radar	https://ui.shadcn.com/charts/radar	npx shadcn@latest add https://ui.shadcn.com/r/styles/new-york-v4/chart-radar-default.json ; https://ui.shadcn.com/r/styles/new-york-v4/chart-radar-default.json	registry:https://ui.shadcn.com/r/styles/new-york-v4/chart-radar-default.json	free	install	react		active		2026-10-07	
shadcn	chart-radar-dots	Chart Radar Dots	chart/radar	https://ui.shadcn.com/charts/radar	npx shadcn@latest add https://ui.shadcn.com/r/styles/new-york-v4/chart-radar-dots.json ; https://ui.shadcn.com/r/styles/new-york-v4/chart-radar-dots.json	registry:https://ui.shadcn.com/r/styles/new-york-v4/chart-radar-dots.json	free	install	react		active		2026-10-07	
shadcn	chart-radar-grid-circle-fill	Chart Radar Grid Circle Fill	chart/radar	https://ui.shadcn.com/charts/radar	npx shadcn@latest add https://ui.shadcn.com/r/styles/new-york-v4/chart-radar-grid-circle-fill.json ; https://ui.shadcn.com/r/styles/new-york-v4/chart-radar-grid-circle-fill.json	registry:https://ui.shadcn.com/r/styles/new-york-v4/chart-radar-grid-circle-fill.json	free	install	react		active		2026-10-07	
shadcn	chart-radar-grid-circle-no-lines	Chart Radar Grid Circle No Lines	chart/radar	https://ui.shadcn.com/charts/radar	npx shadcn@latest add https://ui.shadcn.com/r/styles/new-york-v4/chart-radar-grid-circle-no-lines.json ; https://ui.shadcn.com/r/styles/new-york-v4/chart-radar-grid-circle-no-lines.json	registry:https://ui.shadcn.com/r/styles/new-york-v4/chart-radar-grid-circle-no-lines.json	free	install	react		active		2026-10-07	
shadcn	chart-radar-grid-circle	Chart Radar Grid Circle	chart/radar	https://ui.shadcn.com/charts/radar	npx shadcn@latest add https://ui.shadcn.com/r/styles/new-york-v4/chart-radar-grid-circle.json ; https://ui.shadcn.com/r/styles/new-york-v4/chart-radar-grid-circle.json	registry:https://ui.shadcn.com/r/styles/new-york-v4/chart-radar-grid-circle.json	free	install	react		active		2026-10-07	
shadcn	chart-radar-grid-custom	Chart Radar Grid Custom	chart/radar	https://ui.shadcn.com/charts/radar	npx shadcn@latest add https://ui.shadcn.com/r/styles/new-york-v4/chart-radar-grid-custom.json ; https://ui.shadcn.com/r/styles/new-york-v4/chart-radar-grid-custom.json	registry:https://ui.shadcn.com/r/styles/new-york-v4/chart-radar-grid-custom.json	free	install	react		active		2026-10-07	
shadcn	chart-radar-grid-fill	Chart Radar Grid Fill	chart/radar	https://ui.shadcn.com/charts/radar	npx shadcn@latest add https://ui.shadcn.com/r/styles/new-york-v4/chart-radar-grid-fill.json ; https://ui.shadcn.com/r/styles/new-york-v4/chart-radar-grid-fill.json	registry:https://ui.shadcn.com/r/styles/new-york-v4/chart-radar-grid-fill.json	free	install	react		active		2026-10-07	
shadcn	chart-radar-grid-none	Chart Radar Grid None	chart/radar	https://ui.shadcn.com/charts/radar	npx shadcn@latest add https://ui.shadcn.com/r/styles/new-york-v4/chart-radar-grid-none.json ; https://ui.shadcn.com/r/styles/new-york-v4/chart-radar-grid-none.json	registry:https://ui.shadcn.com/r/styles/new-york-v4/chart-radar-grid-none.json	free	install	react		active		2026-10-07	
shadcn	chart-radar-icons	Chart Radar Icons	chart/radar	https://ui.shadcn.com/charts/radar	npx shadcn@latest add https://ui.shadcn.com/r/styles/new-york-v4/chart-radar-icons.json ; https://ui.shadcn.com/r/styles/new-york-v4/chart-radar-icons.json	registry:https://ui.shadcn.com/r/styles/new-york-v4/chart-radar-icons.json	free	install	react		active		2026-10-07	
shadcn	chart-radar-label-custom	Chart Radar Label Custom	chart/radar	https://ui.shadcn.com/charts/radar	npx shadcn@latest add https://ui.shadcn.com/r/styles/new-york-v4/chart-radar-label-custom.json ; https://ui.shadcn.com/r/styles/new-york-v4/chart-radar-label-custom.json	registry:https://ui.shadcn.com/r/styles/new-york-v4/chart-radar-label-custom.json	free	install	react		active		2026-10-07	
shadcn	chart-radar-legend	Chart Radar Legend	chart/radar	https://ui.shadcn.com/charts/radar	npx shadcn@latest add https://ui.shadcn.com/r/styles/new-york-v4/chart-radar-legend.json ; https://ui.shadcn.com/r/styles/new-york-v4/chart-radar-legend.json	registry:https://ui.shadcn.com/r/styles/new-york-v4/chart-radar-legend.json	free	install	react		active		2026-10-07	
shadcn	chart-radar-lines-only	Chart Radar Lines Only	chart/radar	https://ui.shadcn.com/charts/radar	npx shadcn@latest add https://ui.shadcn.com/r/styles/new-york-v4/chart-radar-lines-only.json ; https://ui.shadcn.com/r/styles/new-york-v4/chart-radar-lines-only.json	registry:https://ui.shadcn.com/r/styles/new-york-v4/chart-radar-lines-only.json	free	install	react		active		2026-10-07	
shadcn	chart-radar-multiple	Chart Radar Multiple	chart/radar	https://ui.shadcn.com/charts/radar	npx shadcn@latest add https://ui.shadcn.com/r/styles/new-york-v4/chart-radar-multiple.json ; https://ui.shadcn.com/r/styles/new-york-v4/chart-radar-multiple.json	registry:https://ui.shadcn.com/r/styles/new-york-v4/chart-radar-multiple.json	free	install	react		active		2026-10-07	
shadcn	chart-radar-radius	Chart Radar Radius	chart/radar	https://ui.shadcn.com/charts/radar	npx shadcn@latest add https://ui.shadcn.com/r/styles/new-york-v4/chart-radar-radius.json ; https://ui.shadcn.com/r/styles/new-york-v4/chart-radar-radius.json	registry:https://ui.shadcn.com/r/styles/new-york-v4/chart-radar-radius.json	free	install	react		active		2026-10-07	
shadcn	chart-radial-grid	Chart Radial Grid	chart/radial	https://ui.shadcn.com/charts/radial	npx shadcn@latest add https://ui.shadcn.com/r/styles/new-york-v4/chart-radial-grid.json ; https://ui.shadcn.com/r/styles/new-york-v4/chart-radial-grid.json	registry:https://ui.shadcn.com/r/styles/new-york-v4/chart-radial-grid.json	free	install	react		active		2026-10-07	
shadcn	chart-radial-label	Chart Radial Label	chart/radial	https://ui.shadcn.com/charts/radial	npx shadcn@latest add https://ui.shadcn.com/r/styles/new-york-v4/chart-radial-label.json ; https://ui.shadcn.com/r/styles/new-york-v4/chart-radial-label.json	registry:https://ui.shadcn.com/r/styles/new-york-v4/chart-radial-label.json	free	install	react		active		2026-10-07	
shadcn	chart-radial-shape	Chart Radial Shape	chart/radial	https://ui.shadcn.com/charts/radial	npx shadcn@latest add https://ui.shadcn.com/r/styles/new-york-v4/chart-radial-shape.json ; https://ui.shadcn.com/r/styles/new-york-v4/chart-radial-shape.json	registry:https://ui.shadcn.com/r/styles/new-york-v4/chart-radial-shape.json	free	install	react		active		2026-10-07	
shadcn	chart-radial-simple	Chart Radial Simple	chart/radial	https://ui.shadcn.com/charts/radial	npx shadcn@latest add https://ui.shadcn.com/r/styles/new-york-v4/chart-radial-simple.json ; https://ui.shadcn.com/r/styles/new-york-v4/chart-radial-simple.json	registry:https://ui.shadcn.com/r/styles/new-york-v4/chart-radial-simple.json	free	install	react		active		2026-10-07	
shadcn	chart-radial-stacked	Chart Radial Stacked	chart/radial	https://ui.shadcn.com/charts/radial	npx shadcn@latest add https://ui.shadcn.com/r/styles/new-york-v4/chart-radial-stacked.json ; https://ui.shadcn.com/r/styles/new-york-v4/chart-radial-stacked.json	registry:https://ui.shadcn.com/r/styles/new-york-v4/chart-radial-stacked.json	free	install	react		active		2026-10-07	
shadcn	chart-radial-text	Chart Radial Text	chart/radial	https://ui.shadcn.com/charts/radial	npx shadcn@latest add https://ui.shadcn.com/r/styles/new-york-v4/chart-radial-text.json ; https://ui.shadcn.com/r/styles/new-york-v4/chart-radial-text.json	registry:https://ui.shadcn.com/r/styles/new-york-v4/chart-radial-text.json	free	install	react		active		2026-10-07	
shadcn	chart-tooltip-default	Chart Tooltip Default	chart/tooltip	https://ui.shadcn.com/charts/tooltip	npx shadcn@latest add https://ui.shadcn.com/r/styles/new-york-v4/chart-tooltip-default.json ; https://ui.shadcn.com/r/styles/new-york-v4/chart-tooltip-default.json	registry:https://ui.shadcn.com/r/styles/new-york-v4/chart-tooltip-default.json	free	install	react		active		2026-10-07	
shadcn	chart-tooltip-indicator-line	Chart Tooltip Indicator Line	chart/tooltip	https://ui.shadcn.com/charts/tooltip	npx shadcn@latest add https://ui.shadcn.com/r/styles/new-york-v4/chart-tooltip-indicator-line.json ; https://ui.shadcn.com/r/styles/new-york-v4/chart-tooltip-indicator-line.json	registry:https://ui.shadcn.com/r/styles/new-york-v4/chart-tooltip-indicator-line.json	free	install	react		active		2026-10-07	
shadcn	chart-tooltip-indicator-none	Chart Tooltip Indicator None	chart/tooltip	https://ui.shadcn.com/charts/tooltip	npx shadcn@latest add https://ui.shadcn.com/r/styles/new-york-v4/chart-tooltip-indicator-none.json ; https://ui.shadcn.com/r/styles/new-york-v4/chart-tooltip-indicator-none.json	registry:https://ui.shadcn.com/r/styles/new-york-v4/chart-tooltip-indicator-none.json	free	install	react		active		2026-10-07	
shadcn	chart-tooltip-label-none	Chart Tooltip Label None	chart/tooltip	https://ui.shadcn.com/charts/tooltip	npx shadcn@latest add https://ui.shadcn.com/r/styles/new-york-v4/chart-tooltip-label-none.json ; https://ui.shadcn.com/r/styles/new-york-v4/chart-tooltip-label-none.json	registry:https://ui.shadcn.com/r/styles/new-york-v4/chart-tooltip-label-none.json	free	install	react		active		2026-10-07	
shadcn	chart-tooltip-label-custom	Chart Tooltip Label Custom	chart/tooltip	https://ui.shadcn.com/charts/tooltip	npx shadcn@latest add https://ui.shadcn.com/r/styles/new-york-v4/chart-tooltip-label-custom.json ; https://ui.shadcn.com/r/styles/new-york-v4/chart-tooltip-label-custom.json	registry:https://ui.shadcn.com/r/styles/new-york-v4/chart-tooltip-label-custom.json	free	install	react		active		2026-10-07	
shadcn	chart-tooltip-label-formatter	Chart Tooltip Label Formatter	chart/tooltip	https://ui.shadcn.com/charts/tooltip	npx shadcn@latest add https://ui.shadcn.com/r/styles/new-york-v4/chart-tooltip-label-formatter.json ; https://ui.shadcn.com/r/styles/new-york-v4/chart-tooltip-label-formatter.json	registry:https://ui.shadcn.com/r/styles/new-york-v4/chart-tooltip-label-formatter.json	free	install	react		active		2026-10-07	
shadcn	chart-tooltip-formatter	Chart Tooltip Formatter	chart/tooltip	https://ui.shadcn.com/charts/tooltip	npx shadcn@latest add https://ui.shadcn.com/r/styles/new-york-v4/chart-tooltip-formatter.json ; https://ui.shadcn.com/r/styles/new-york-v4/chart-tooltip-formatter.json	registry:https://ui.shadcn.com/r/styles/new-york-v4/chart-tooltip-formatter.json	free	install	react		active		2026-10-07	
shadcn	chart-tooltip-icons	Chart Tooltip Icons	chart/tooltip	https://ui.shadcn.com/charts/tooltip	npx shadcn@latest add https://ui.shadcn.com/r/styles/new-york-v4/chart-tooltip-icons.json ; https://ui.shadcn.com/r/styles/new-york-v4/chart-tooltip-icons.json	registry:https://ui.shadcn.com/r/styles/new-york-v4/chart-tooltip-icons.json	free	install	react		active		2026-10-07	
shadcn	chart-tooltip-advanced	Chart Tooltip Advanced	chart/tooltip	https://ui.shadcn.com/charts/tooltip	npx shadcn@latest add https://ui.shadcn.com/r/styles/new-york-v4/chart-tooltip-advanced.json ; https://ui.shadcn.com/r/styles/new-york-v4/chart-tooltip-advanced.json	registry:https://ui.shadcn.com/r/styles/new-york-v4/chart-tooltip-advanced.json	free	install	react		active		2026-10-07	
shadcn	theme-neutral	Theme Neutral	theme	https://ui.shadcn.com/r/styles/new-york-v4/theme-neutral.json	npx shadcn@latest add https://ui.shadcn.com/r/styles/new-york-v4/theme-neutral.json ; https://ui.shadcn.com/r/themes/neutral.json	registry:https://ui.shadcn.com/r/styles/new-york-v4/theme-neutral.json	free	install	react		active		2026-10-07	
shadcn	theme-stone	Theme Stone	theme	https://ui.shadcn.com/r/styles/new-york-v4/theme-stone.json	npx shadcn@latest add https://ui.shadcn.com/r/styles/new-york-v4/theme-stone.json ; https://ui.shadcn.com/r/themes/stone.json	registry:https://ui.shadcn.com/r/styles/new-york-v4/theme-stone.json	free	install	react		active		2026-10-07	
shadcn	theme-zinc	Theme Zinc	theme	https://ui.shadcn.com/r/styles/new-york-v4/theme-zinc.json	npx shadcn@latest add https://ui.shadcn.com/r/styles/new-york-v4/theme-zinc.json ; https://ui.shadcn.com/r/themes/zinc.json	registry:https://ui.shadcn.com/r/styles/new-york-v4/theme-zinc.json	free	install	react		active		2026-10-07	
shadcn	theme-gray	Theme Gray	theme	https://ui.shadcn.com/r/styles/new-york-v4/theme-gray.json	npx shadcn@latest add https://ui.shadcn.com/r/styles/new-york-v4/theme-gray.json ; https://ui.shadcn.com/r/themes/gray.json	registry:https://ui.shadcn.com/r/styles/new-york-v4/theme-gray.json	free	install	react		active		2026-10-07	
shadcn	theme-slate	Theme Slate	theme	https://ui.shadcn.com/r/styles/new-york-v4/theme-slate.json	npx shadcn@latest add https://ui.shadcn.com/r/styles/new-york-v4/theme-slate.json ; https://ui.shadcn.com/r/themes/slate.json	registry:https://ui.shadcn.com/r/styles/new-york-v4/theme-slate.json	free	install	react		active		2026-10-07	
shadcn	base-color-neutral	Base color Neutral	theme/base-color	https://ui.shadcn.com/r/colors/neutral.json	npx shadcn@latest migrate base-color --to neutral ; https://ui.shadcn.com/r/colors/neutral.json	registry:https://ui.shadcn.com/r/colors/neutral.json	free	install	react		active		2026-10-07	
shadcn	base-color-stone	Base color Stone	theme/base-color	https://ui.shadcn.com/r/colors/stone.json	npx shadcn@latest migrate base-color --to stone ; https://ui.shadcn.com/r/colors/stone.json	registry:https://ui.shadcn.com/r/colors/stone.json	free	install	react		active		2026-10-07	
shadcn	base-color-zinc	Base color Zinc	theme/base-color	https://ui.shadcn.com/r/colors/zinc.json	npx shadcn@latest migrate base-color --to zinc ; https://ui.shadcn.com/r/colors/zinc.json	registry:https://ui.shadcn.com/r/colors/zinc.json	free	install	react		active		2026-10-07	
shadcn	base-color-mauve	Base color Mauve	theme/base-color	https://ui.shadcn.com/r/colors/mauve.json	npx shadcn@latest migrate base-color --to mauve ; https://ui.shadcn.com/r/colors/mauve.json	registry:https://ui.shadcn.com/r/colors/mauve.json	free	install	react		active		2026-10-07	
shadcn	base-color-olive	Base color Olive	theme/base-color	https://ui.shadcn.com/r/colors/olive.json	npx shadcn@latest migrate base-color --to olive ; https://ui.shadcn.com/r/colors/olive.json	registry:https://ui.shadcn.com/r/colors/olive.json	free	install	react		active		2026-10-07	
shadcn	base-color-mist	Base color Mist	theme/base-color	https://ui.shadcn.com/r/colors/mist.json	npx shadcn@latest migrate base-color --to mist ; https://ui.shadcn.com/r/colors/mist.json	registry:https://ui.shadcn.com/r/colors/mist.json	free	install	react		active		2026-10-07	
shadcn	base-color-taupe	Base color Taupe	theme/base-color	https://ui.shadcn.com/r/colors/taupe.json	npx shadcn@latest migrate base-color --to taupe ; https://ui.shadcn.com/r/colors/taupe.json	registry:https://ui.shadcn.com/r/colors/taupe.json	free	install	react		active		2026-10-07	
shadcn	base-color-gray	Base color Gray	theme/base-color	https://ui.shadcn.com/r/colors/gray.json	npx shadcn@latest migrate base-color --to gray ; https://ui.shadcn.com/r/colors/gray.json	registry:https://ui.shadcn.com/r/colors/gray.json	free	install	react		active		2026-10-07	
shadcn	base-color-slate	Base color Slate	theme/base-color	https://ui.shadcn.com/r/colors/slate.json	npx shadcn@latest migrate base-color --to slate ; https://ui.shadcn.com/r/colors/slate.json	registry:https://ui.shadcn.com/r/colors/slate.json	free	install	react		active		2026-10-07	
shadcn	tailwind-colors	Colors palette	theme/palette	https://ui.shadcn.com/colors	https://ui.shadcn.com/r/colors/index.json ; https://ui.shadcn.com/colors	registry:https://ui.shadcn.com/r/colors/index.json	free	install	react		active		2026-10-07	
shadcn	themes-css	themes.css	theme	https://ui.shadcn.com/r/themes.css	https://ui.shadcn.com/r/themes.css	url:https://ui.shadcn.com/r/themes.css	free	install	react		active		2026-10-07	
shadcn	presets	Presets (shadcn/create)	theme/preset	https://ui.shadcn.com/create	npx shadcn@latest init --preset base-nova ; https://ui.shadcn.com/r/config.json ; https://ui.shadcn.com/create	registry:https://ui.shadcn.com/r/config.json	free	install	react		active		2026-10-07	
shadcn	font-geist	Font Geist	font	https://ui.shadcn.com/r/styles/base-nova/font-geist.json	npx shadcn@latest add font-geist ; https://ui.shadcn.com/r/styles/base-nova/font-geist.json	registry:https://ui.shadcn.com/r/styles/base-nova/font-geist.json	free	install	react		active		2026-10-07	
shadcn	font-inter	Font Inter	font	https://ui.shadcn.com/r/styles/base-nova/font-inter.json	npx shadcn@latest add font-inter ; https://ui.shadcn.com/r/styles/base-nova/font-inter.json	registry:https://ui.shadcn.com/r/styles/base-nova/font-inter.json	free	install	react		active		2026-10-07	
shadcn	font-noto-sans	Font Noto Sans	font	https://ui.shadcn.com/r/styles/base-nova/font-noto-sans.json	npx shadcn@latest add font-noto-sans ; https://ui.shadcn.com/r/styles/base-nova/font-noto-sans.json	registry:https://ui.shadcn.com/r/styles/base-nova/font-noto-sans.json	free	install	react		active		2026-10-07	
shadcn	font-nunito-sans	Font Nunito Sans	font	https://ui.shadcn.com/r/styles/base-nova/font-nunito-sans.json	npx shadcn@latest add font-nunito-sans ; https://ui.shadcn.com/r/styles/base-nova/font-nunito-sans.json	registry:https://ui.shadcn.com/r/styles/base-nova/font-nunito-sans.json	free	install	react		active		2026-10-07	
shadcn	font-figtree	Font Figtree	font	https://ui.shadcn.com/r/styles/base-nova/font-figtree.json	npx shadcn@latest add font-figtree ; https://ui.shadcn.com/r/styles/base-nova/font-figtree.json	registry:https://ui.shadcn.com/r/styles/base-nova/font-figtree.json	free	install	react		active		2026-10-07	
shadcn	font-roboto	Font Roboto	font	https://ui.shadcn.com/r/styles/base-nova/font-roboto.json	npx shadcn@latest add font-roboto ; https://ui.shadcn.com/r/styles/base-nova/font-roboto.json	registry:https://ui.shadcn.com/r/styles/base-nova/font-roboto.json	free	install	react		active		2026-10-07	
shadcn	font-raleway	Font Raleway	font	https://ui.shadcn.com/r/styles/base-nova/font-raleway.json	npx shadcn@latest add font-raleway ; https://ui.shadcn.com/r/styles/base-nova/font-raleway.json	registry:https://ui.shadcn.com/r/styles/base-nova/font-raleway.json	free	install	react		active		2026-10-07	
shadcn	font-dm-sans	Font Dm Sans	font	https://ui.shadcn.com/r/styles/base-nova/font-dm-sans.json	npx shadcn@latest add font-dm-sans ; https://ui.shadcn.com/r/styles/base-nova/font-dm-sans.json	registry:https://ui.shadcn.com/r/styles/base-nova/font-dm-sans.json	free	install	react		active		2026-10-07	
shadcn	font-public-sans	Font Public Sans	font	https://ui.shadcn.com/r/styles/base-nova/font-public-sans.json	npx shadcn@latest add font-public-sans ; https://ui.shadcn.com/r/styles/base-nova/font-public-sans.json	registry:https://ui.shadcn.com/r/styles/base-nova/font-public-sans.json	free	install	react		active		2026-10-07	
shadcn	font-outfit	Font Outfit	font	https://ui.shadcn.com/r/styles/base-nova/font-outfit.json	npx shadcn@latest add font-outfit ; https://ui.shadcn.com/r/styles/base-nova/font-outfit.json	registry:https://ui.shadcn.com/r/styles/base-nova/font-outfit.json	free	install	react		active		2026-10-07	
shadcn	font-oxanium	Font Oxanium	font	https://ui.shadcn.com/r/styles/base-nova/font-oxanium.json	npx shadcn@latest add font-oxanium ; https://ui.shadcn.com/r/styles/base-nova/font-oxanium.json	registry:https://ui.shadcn.com/r/styles/base-nova/font-oxanium.json	free	install	react		active		2026-10-07	
shadcn	font-manrope	Font Manrope	font	https://ui.shadcn.com/r/styles/base-nova/font-manrope.json	npx shadcn@latest add font-manrope ; https://ui.shadcn.com/r/styles/base-nova/font-manrope.json	registry:https://ui.shadcn.com/r/styles/base-nova/font-manrope.json	free	install	react		active		2026-10-07	
shadcn	font-space-grotesk	Font Space Grotesk	font	https://ui.shadcn.com/r/styles/base-nova/font-space-grotesk.json	npx shadcn@latest add font-space-grotesk ; https://ui.shadcn.com/r/styles/base-nova/font-space-grotesk.json	registry:https://ui.shadcn.com/r/styles/base-nova/font-space-grotesk.json	free	install	react		active		2026-10-07	
shadcn	font-montserrat	Font Montserrat	font	https://ui.shadcn.com/r/styles/base-nova/font-montserrat.json	npx shadcn@latest add font-montserrat ; https://ui.shadcn.com/r/styles/base-nova/font-montserrat.json	registry:https://ui.shadcn.com/r/styles/base-nova/font-montserrat.json	free	install	react		active		2026-10-07	
shadcn	font-ibm-plex-sans	Font Ibm Plex Sans	font	https://ui.shadcn.com/r/styles/base-nova/font-ibm-plex-sans.json	npx shadcn@latest add font-ibm-plex-sans ; https://ui.shadcn.com/r/styles/base-nova/font-ibm-plex-sans.json	registry:https://ui.shadcn.com/r/styles/base-nova/font-ibm-plex-sans.json	free	install	react		active		2026-10-07	
shadcn	font-source-sans-3	Font Source Sans 3	font	https://ui.shadcn.com/r/styles/base-nova/font-source-sans-3.json	npx shadcn@latest add font-source-sans-3 ; https://ui.shadcn.com/r/styles/base-nova/font-source-sans-3.json	registry:https://ui.shadcn.com/r/styles/base-nova/font-source-sans-3.json	free	install	react		active		2026-10-07	
shadcn	font-instrument-sans	Font Instrument Sans	font	https://ui.shadcn.com/r/styles/base-nova/font-instrument-sans.json	npx shadcn@latest add font-instrument-sans ; https://ui.shadcn.com/r/styles/base-nova/font-instrument-sans.json	registry:https://ui.shadcn.com/r/styles/base-nova/font-instrument-sans.json	free	install	react		active		2026-10-07	
shadcn	font-jetbrains-mono	Font Jetbrains Mono	font	https://ui.shadcn.com/r/styles/base-nova/font-jetbrains-mono.json	npx shadcn@latest add font-jetbrains-mono ; https://ui.shadcn.com/r/styles/base-nova/font-jetbrains-mono.json	registry:https://ui.shadcn.com/r/styles/base-nova/font-jetbrains-mono.json	free	install	react		active		2026-10-07	
shadcn	font-geist-mono	Font Geist Mono	font	https://ui.shadcn.com/r/styles/base-nova/font-geist-mono.json	npx shadcn@latest add font-geist-mono ; https://ui.shadcn.com/r/styles/base-nova/font-geist-mono.json	registry:https://ui.shadcn.com/r/styles/base-nova/font-geist-mono.json	free	install	react		active		2026-10-07	
shadcn	font-noto-serif	Font Noto Serif	font	https://ui.shadcn.com/r/styles/base-nova/font-noto-serif.json	npx shadcn@latest add font-noto-serif ; https://ui.shadcn.com/r/styles/base-nova/font-noto-serif.json	registry:https://ui.shadcn.com/r/styles/base-nova/font-noto-serif.json	free	install	react		active		2026-10-07	
shadcn	font-roboto-slab	Font Roboto Slab	font	https://ui.shadcn.com/r/styles/base-nova/font-roboto-slab.json	npx shadcn@latest add font-roboto-slab ; https://ui.shadcn.com/r/styles/base-nova/font-roboto-slab.json	registry:https://ui.shadcn.com/r/styles/base-nova/font-roboto-slab.json	free	install	react		active		2026-10-07	
shadcn	font-merriweather	Font Merriweather	font	https://ui.shadcn.com/r/styles/base-nova/font-merriweather.json	npx shadcn@latest add font-merriweather ; https://ui.shadcn.com/r/styles/base-nova/font-merriweather.json	registry:https://ui.shadcn.com/r/styles/base-nova/font-merriweather.json	free	install	react		active		2026-10-07	
shadcn	font-lora	Font Lora	font	https://ui.shadcn.com/r/styles/base-nova/font-lora.json	npx shadcn@latest add font-lora ; https://ui.shadcn.com/r/styles/base-nova/font-lora.json	registry:https://ui.shadcn.com/r/styles/base-nova/font-lora.json	free	install	react		active		2026-10-07	
shadcn	font-playfair-display	Font Playfair Display	font	https://ui.shadcn.com/r/styles/base-nova/font-playfair-display.json	npx shadcn@latest add font-playfair-display ; https://ui.shadcn.com/r/styles/base-nova/font-playfair-display.json	registry:https://ui.shadcn.com/r/styles/base-nova/font-playfair-display.json	free	install	react		active		2026-10-07	
shadcn	font-eb-garamond	Font Eb Garamond	font	https://ui.shadcn.com/r/styles/base-nova/font-eb-garamond.json	npx shadcn@latest add font-eb-garamond ; https://ui.shadcn.com/r/styles/base-nova/font-eb-garamond.json	registry:https://ui.shadcn.com/r/styles/base-nova/font-eb-garamond.json	free	install	react		active		2026-10-07	
shadcn	font-instrument-serif	Font Instrument Serif	font	https://ui.shadcn.com/r/styles/base-nova/font-instrument-serif.json	npx shadcn@latest add font-instrument-serif ; https://ui.shadcn.com/r/styles/base-nova/font-instrument-serif.json	registry:https://ui.shadcn.com/r/styles/base-nova/font-instrument-serif.json	free	install	react		active		2026-10-07	
shadcn	font-heading-geist	Font Heading Geist	font	https://ui.shadcn.com/r/styles/base-nova/font-heading-geist.json	npx shadcn@latest add font-heading-geist ; https://ui.shadcn.com/r/styles/base-nova/font-heading-geist.json	registry:https://ui.shadcn.com/r/styles/base-nova/font-heading-geist.json	free	install	react		active		2026-10-07	
shadcn	font-heading-inter	Font Heading Inter	font	https://ui.shadcn.com/r/styles/base-nova/font-heading-inter.json	npx shadcn@latest add font-heading-inter ; https://ui.shadcn.com/r/styles/base-nova/font-heading-inter.json	registry:https://ui.shadcn.com/r/styles/base-nova/font-heading-inter.json	free	install	react		active		2026-10-07	
shadcn	font-heading-noto-sans	Font Heading Noto Sans	font	https://ui.shadcn.com/r/styles/base-nova/font-heading-noto-sans.json	npx shadcn@latest add font-heading-noto-sans ; https://ui.shadcn.com/r/styles/base-nova/font-heading-noto-sans.json	registry:https://ui.shadcn.com/r/styles/base-nova/font-heading-noto-sans.json	free	install	react		active		2026-10-07	
shadcn	font-heading-nunito-sans	Font Heading Nunito Sans	font	https://ui.shadcn.com/r/styles/base-nova/font-heading-nunito-sans.json	npx shadcn@latest add font-heading-nunito-sans ; https://ui.shadcn.com/r/styles/base-nova/font-heading-nunito-sans.json	registry:https://ui.shadcn.com/r/styles/base-nova/font-heading-nunito-sans.json	free	install	react		active		2026-10-07	
shadcn	font-heading-figtree	Font Heading Figtree	font	https://ui.shadcn.com/r/styles/base-nova/font-heading-figtree.json	npx shadcn@latest add font-heading-figtree ; https://ui.shadcn.com/r/styles/base-nova/font-heading-figtree.json	registry:https://ui.shadcn.com/r/styles/base-nova/font-heading-figtree.json	free	install	react		active		2026-10-07	
shadcn	font-heading-roboto	Font Heading Roboto	font	https://ui.shadcn.com/r/styles/base-nova/font-heading-roboto.json	npx shadcn@latest add font-heading-roboto ; https://ui.shadcn.com/r/styles/base-nova/font-heading-roboto.json	registry:https://ui.shadcn.com/r/styles/base-nova/font-heading-roboto.json	free	install	react		active		2026-10-07	
shadcn	font-heading-raleway	Font Heading Raleway	font	https://ui.shadcn.com/r/styles/base-nova/font-heading-raleway.json	npx shadcn@latest add font-heading-raleway ; https://ui.shadcn.com/r/styles/base-nova/font-heading-raleway.json	registry:https://ui.shadcn.com/r/styles/base-nova/font-heading-raleway.json	free	install	react		active		2026-10-07	
shadcn	font-heading-dm-sans	Font Heading Dm Sans	font	https://ui.shadcn.com/r/styles/base-nova/font-heading-dm-sans.json	npx shadcn@latest add font-heading-dm-sans ; https://ui.shadcn.com/r/styles/base-nova/font-heading-dm-sans.json	registry:https://ui.shadcn.com/r/styles/base-nova/font-heading-dm-sans.json	free	install	react		active		2026-10-07	
shadcn	font-heading-public-sans	Font Heading Public Sans	font	https://ui.shadcn.com/r/styles/base-nova/font-heading-public-sans.json	npx shadcn@latest add font-heading-public-sans ; https://ui.shadcn.com/r/styles/base-nova/font-heading-public-sans.json	registry:https://ui.shadcn.com/r/styles/base-nova/font-heading-public-sans.json	free	install	react		active		2026-10-07	
shadcn	font-heading-outfit	Font Heading Outfit	font	https://ui.shadcn.com/r/styles/base-nova/font-heading-outfit.json	npx shadcn@latest add font-heading-outfit ; https://ui.shadcn.com/r/styles/base-nova/font-heading-outfit.json	registry:https://ui.shadcn.com/r/styles/base-nova/font-heading-outfit.json	free	install	react		active		2026-10-07	
shadcn	font-heading-oxanium	Font Heading Oxanium	font	https://ui.shadcn.com/r/styles/base-nova/font-heading-oxanium.json	npx shadcn@latest add font-heading-oxanium ; https://ui.shadcn.com/r/styles/base-nova/font-heading-oxanium.json	registry:https://ui.shadcn.com/r/styles/base-nova/font-heading-oxanium.json	free	install	react		active		2026-10-07	
shadcn	font-heading-manrope	Font Heading Manrope	font	https://ui.shadcn.com/r/styles/base-nova/font-heading-manrope.json	npx shadcn@latest add font-heading-manrope ; https://ui.shadcn.com/r/styles/base-nova/font-heading-manrope.json	registry:https://ui.shadcn.com/r/styles/base-nova/font-heading-manrope.json	free	install	react		active		2026-10-07	
shadcn	font-heading-space-grotesk	Font Heading Space Grotesk	font	https://ui.shadcn.com/r/styles/base-nova/font-heading-space-grotesk.json	npx shadcn@latest add font-heading-space-grotesk ; https://ui.shadcn.com/r/styles/base-nova/font-heading-space-grotesk.json	registry:https://ui.shadcn.com/r/styles/base-nova/font-heading-space-grotesk.json	free	install	react		active		2026-10-07	
shadcn	font-heading-montserrat	Font Heading Montserrat	font	https://ui.shadcn.com/r/styles/base-nova/font-heading-montserrat.json	npx shadcn@latest add font-heading-montserrat ; https://ui.shadcn.com/r/styles/base-nova/font-heading-montserrat.json	registry:https://ui.shadcn.com/r/styles/base-nova/font-heading-montserrat.json	free	install	react		active		2026-10-07	
shadcn	font-heading-ibm-plex-sans	Font Heading Ibm Plex Sans	font	https://ui.shadcn.com/r/styles/base-nova/font-heading-ibm-plex-sans.json	npx shadcn@latest add font-heading-ibm-plex-sans ; https://ui.shadcn.com/r/styles/base-nova/font-heading-ibm-plex-sans.json	registry:https://ui.shadcn.com/r/styles/base-nova/font-heading-ibm-plex-sans.json	free	install	react		active		2026-10-07	
shadcn	font-heading-source-sans-3	Font Heading Source Sans 3	font	https://ui.shadcn.com/r/styles/base-nova/font-heading-source-sans-3.json	npx shadcn@latest add font-heading-source-sans-3 ; https://ui.shadcn.com/r/styles/base-nova/font-heading-source-sans-3.json	registry:https://ui.shadcn.com/r/styles/base-nova/font-heading-source-sans-3.json	free	install	react		active		2026-10-07	
shadcn	font-heading-instrument-sans	Font Heading Instrument Sans	font	https://ui.shadcn.com/r/styles/base-nova/font-heading-instrument-sans.json	npx shadcn@latest add font-heading-instrument-sans ; https://ui.shadcn.com/r/styles/base-nova/font-heading-instrument-sans.json	registry:https://ui.shadcn.com/r/styles/base-nova/font-heading-instrument-sans.json	free	install	react		active		2026-10-07	
shadcn	font-heading-jetbrains-mono	Font Heading Jetbrains Mono	font	https://ui.shadcn.com/r/styles/base-nova/font-heading-jetbrains-mono.json	npx shadcn@latest add font-heading-jetbrains-mono ; https://ui.shadcn.com/r/styles/base-nova/font-heading-jetbrains-mono.json	registry:https://ui.shadcn.com/r/styles/base-nova/font-heading-jetbrains-mono.json	free	install	react		active		2026-10-07	
shadcn	font-heading-geist-mono	Font Heading Geist Mono	font	https://ui.shadcn.com/r/styles/base-nova/font-heading-geist-mono.json	npx shadcn@latest add font-heading-geist-mono ; https://ui.shadcn.com/r/styles/base-nova/font-heading-geist-mono.json	registry:https://ui.shadcn.com/r/styles/base-nova/font-heading-geist-mono.json	free	install	react		active		2026-10-07	
shadcn	font-heading-noto-serif	Font Heading Noto Serif	font	https://ui.shadcn.com/r/styles/base-nova/font-heading-noto-serif.json	npx shadcn@latest add font-heading-noto-serif ; https://ui.shadcn.com/r/styles/base-nova/font-heading-noto-serif.json	registry:https://ui.shadcn.com/r/styles/base-nova/font-heading-noto-serif.json	free	install	react		active		2026-10-07	
shadcn	font-heading-roboto-slab	Font Heading Roboto Slab	font	https://ui.shadcn.com/r/styles/base-nova/font-heading-roboto-slab.json	npx shadcn@latest add font-heading-roboto-slab ; https://ui.shadcn.com/r/styles/base-nova/font-heading-roboto-slab.json	registry:https://ui.shadcn.com/r/styles/base-nova/font-heading-roboto-slab.json	free	install	react		active		2026-10-07	
shadcn	font-heading-merriweather	Font Heading Merriweather	font	https://ui.shadcn.com/r/styles/base-nova/font-heading-merriweather.json	npx shadcn@latest add font-heading-merriweather ; https://ui.shadcn.com/r/styles/base-nova/font-heading-merriweather.json	registry:https://ui.shadcn.com/r/styles/base-nova/font-heading-merriweather.json	free	install	react		active		2026-10-07	
shadcn	font-heading-lora	Font Heading Lora	font	https://ui.shadcn.com/r/styles/base-nova/font-heading-lora.json	npx shadcn@latest add font-heading-lora ; https://ui.shadcn.com/r/styles/base-nova/font-heading-lora.json	registry:https://ui.shadcn.com/r/styles/base-nova/font-heading-lora.json	free	install	react		active		2026-10-07	
shadcn	font-heading-playfair-display	Font Heading Playfair Display	font	https://ui.shadcn.com/r/styles/base-nova/font-heading-playfair-display.json	npx shadcn@latest add font-heading-playfair-display ; https://ui.shadcn.com/r/styles/base-nova/font-heading-playfair-display.json	registry:https://ui.shadcn.com/r/styles/base-nova/font-heading-playfair-display.json	free	install	react		active		2026-10-07	
shadcn	font-heading-eb-garamond	Font Heading Eb Garamond	font	https://ui.shadcn.com/r/styles/base-nova/font-heading-eb-garamond.json	npx shadcn@latest add font-heading-eb-garamond ; https://ui.shadcn.com/r/styles/base-nova/font-heading-eb-garamond.json	registry:https://ui.shadcn.com/r/styles/base-nova/font-heading-eb-garamond.json	free	install	react		active		2026-10-07	
shadcn	font-heading-instrument-serif	Font Heading Instrument Serif	font	https://ui.shadcn.com/r/styles/base-nova/font-heading-instrument-serif.json	npx shadcn@latest add font-heading-instrument-serif ; https://ui.shadcn.com/r/styles/base-nova/font-heading-instrument-serif.json	registry:https://ui.shadcn.com/r/styles/base-nova/font-heading-instrument-serif.json	free	install	react		active		2026-10-07	
shadcn	utils	utils (cn)	lib	https://ui.shadcn.com/r/styles/base-nova/utils.json	npx shadcn@latest add utils ; https://ui.shadcn.com/r/styles/base-nova/utils.json	registry:https://ui.shadcn.com/r/styles/base-nova/utils.json	free	install	react		active		2026-10-07	
shadcn	use-mobile	useIsMobile	hook	https://ui.shadcn.com/docs/components/use-mobile	npx shadcn@latest add use-mobile ; https://ui.shadcn.com/r/styles/base-nova/use-mobile.json	registry:https://ui.shadcn.com/r/styles/base-nova/use-mobile.json	free	install	react		active		2026-10-07	
shadcn	typeset	Typeset	util/css	https://ui.shadcn.com/typeset.css	curl https://ui.shadcn.com/typeset.css ; 构建器 https://ui.shadcn.com/typeset	url:https://ui.shadcn.com/typeset.css	free	install	react		active		2026-10-07	
shadcn	shimmer	shimmer	util/css	https://ui.shadcn.com/docs/utils/shimmer.md	npm install shadcn ; @import "shadcn/tailwind.css" ; https://ui.shadcn.com/docs/utils/shimmer.md	url:https://ui.shadcn.com/docs/utils/shimmer.md	free	install	react		active		2026-10-07	
shadcn	scroll-fade	scroll-fade	util/css	https://ui.shadcn.com/docs/utils/scroll-fade.md	npm install shadcn ; @import "shadcn/tailwind.css" ; https://ui.shadcn.com/docs/utils/scroll-fade.md	url:https://ui.shadcn.com/docs/utils/scroll-fade.md	free	install	react		active		2026-10-07	
shadcn	react-questionnaire	@shadcn/react/questionnaire	headless	https://ui.shadcn.com/docs/components/react-questionnaire	npm install @shadcn/react ; https://ui.shadcn.com/docs/react/questionnaire.md	url:https://ui.shadcn.com/docs/react/questionnaire.md	free	install	react		active		2026-10-07	
shadcn	react-message-scroller	@shadcn/react/message-scroller	headless	https://ui.shadcn.com/docs/components/react-message-scroller	npm install @shadcn/react ; https://ui.shadcn.com/docs/react/message-scroller.md	url:https://ui.shadcn.com/docs/react/message-scroller.md	free	install	react		active		2026-10-07	
shadcn	helpers-ai-sdk	@shadcn/helpers/ai-sdk	helper	https://ui.shadcn.com/docs/components/helpers-ai-sdk	npm install @shadcn/helpers ; https://ui.shadcn.com/docs/helpers/ai-sdk.md	url:https://ui.shadcn.com/docs/helpers/ai-sdk.md	free	install	react		active		2026-10-07	
shadcn	helpers-tanstack-ai	@shadcn/helpers/tanstack-ai	helper	https://ui.shadcn.com/docs/components/helpers-tanstack-ai	npm install @shadcn/helpers ; https://ui.shadcn.com/docs/helpers/tanstack-ai.md	url:https://ui.shadcn.com/docs/helpers/tanstack-ai.md	free	install	react		active		2026-10-07	
shadcn	data-table	Data Table（指南）	guide	https://ui.shadcn.com/docs/components/base/data-table.md	https://ui.shadcn.com/docs/components/base/data-table.md ; 示例 https://ui.shadcn.com/r/styles/new-york-v4/data-table-demo.json	registry:https://ui.shadcn.com/r/styles/new-york-v4/data-table-demo.json	free	install	react		active		2026-10-07	
shadcn	date-picker	Date Picker（指南）	guide	https://ui.shadcn.com/docs/components/base/date-picker.md	https://ui.shadcn.com/docs/components/base/date-picker.md ; 示例 https://ui.shadcn.com/r/styles/new-york-v4/date-picker-demo.json	registry:https://ui.shadcn.com/r/styles/new-york-v4/date-picker-demo.json	free	install	react		active		2026-10-07	
shadcn	typography	Typography（指南）	guide	https://ui.shadcn.com/docs/components/base/typography.md	https://ui.shadcn.com/docs/components/base/typography.md ; 示例 https://ui.shadcn.com/r/styles/new-york-v4/typography-demo.json	registry:https://ui.shadcn.com/r/styles/new-york-v4/typography-demo.json	free	install	react		active		2026-10-07	
shadcn	icons-map	Icons map	data	https://ui.shadcn.com/r/icons/index.json	https://ui.shadcn.com/r/icons/index.json	registry:https://ui.shadcn.com/r/icons/index.json	free	install	react		active		2026-10-07	
shadcn	templates	Project templates	template		npx shadcn@latest init -t next ; GitHub apps/v4/public/r/templates/	manual	free	install	react		active		2026-10-07	
shadcn	accordion-demo	Accordion Demo	example/new-york-v4	https://ui.shadcn.com/r/styles/new-york-v4/accordion-demo.json	https://ui.shadcn.com/r/styles/new-york-v4/accordion-demo.json	registry:https://ui.shadcn.com/r/styles/new-york-v4/accordion-demo.json	free	source	react		active		2026-10-07	
shadcn	alert-demo	Alert Demo	example/new-york-v4	https://ui.shadcn.com/r/styles/new-york-v4/alert-demo.json	https://ui.shadcn.com/r/styles/new-york-v4/alert-demo.json	registry:https://ui.shadcn.com/r/styles/new-york-v4/alert-demo.json	free	source	react		active		2026-10-07	
shadcn	alert-destructive	Alert Destructive	example/new-york-v4	https://ui.shadcn.com/r/styles/new-york-v4/alert-destructive.json	https://ui.shadcn.com/r/styles/new-york-v4/alert-destructive.json	registry:https://ui.shadcn.com/r/styles/new-york-v4/alert-destructive.json	free	source	react		active		2026-10-07	
shadcn	alert-dialog-demo	Alert Dialog Demo	example/new-york-v4	https://ui.shadcn.com/r/styles/new-york-v4/alert-dialog-demo.json	https://ui.shadcn.com/r/styles/new-york-v4/alert-dialog-demo.json	registry:https://ui.shadcn.com/r/styles/new-york-v4/alert-dialog-demo.json	free	source	react		active		2026-10-07	
shadcn	aspect-ratio-demo	Aspect Ratio Demo	example/new-york-v4	https://ui.shadcn.com/r/styles/new-york-v4/aspect-ratio-demo.json	https://ui.shadcn.com/r/styles/new-york-v4/aspect-ratio-demo.json	registry:https://ui.shadcn.com/r/styles/new-york-v4/aspect-ratio-demo.json	free	source	react		active		2026-10-07	
shadcn	avatar-demo	Avatar Demo	example/new-york-v4	https://ui.shadcn.com/r/styles/new-york-v4/avatar-demo.json	https://ui.shadcn.com/r/styles/new-york-v4/avatar-demo.json	registry:https://ui.shadcn.com/r/styles/new-york-v4/avatar-demo.json	free	source	react		active		2026-10-07	
shadcn	badge-demo	Badge Demo	example/new-york-v4	https://ui.shadcn.com/r/styles/new-york-v4/badge-demo.json	https://ui.shadcn.com/r/styles/new-york-v4/badge-demo.json	registry:https://ui.shadcn.com/r/styles/new-york-v4/badge-demo.json	free	source	react		active		2026-10-07	
shadcn	badge-destructive	Badge Destructive	example/new-york-v4	https://ui.shadcn.com/r/styles/new-york-v4/badge-destructive.json	https://ui.shadcn.com/r/styles/new-york-v4/badge-destructive.json	registry:https://ui.shadcn.com/r/styles/new-york-v4/badge-destructive.json	free	source	react		active		2026-10-07	
shadcn	badge-outline	Badge Outline	example/new-york-v4	https://ui.shadcn.com/r/styles/new-york-v4/badge-outline.json	https://ui.shadcn.com/r/styles/new-york-v4/badge-outline.json	registry:https://ui.shadcn.com/r/styles/new-york-v4/badge-outline.json	free	source	react		active		2026-10-07	
shadcn	badge-secondary	Badge Secondary	example/new-york-v4	https://ui.shadcn.com/r/styles/new-york-v4/badge-secondary.json	https://ui.shadcn.com/r/styles/new-york-v4/badge-secondary.json	registry:https://ui.shadcn.com/r/styles/new-york-v4/badge-secondary.json	free	source	react		active		2026-10-07	
shadcn	breadcrumb-demo	Breadcrumb Demo	example/new-york-v4	https://ui.shadcn.com/r/styles/new-york-v4/breadcrumb-demo.json	https://ui.shadcn.com/r/styles/new-york-v4/breadcrumb-demo.json	registry:https://ui.shadcn.com/r/styles/new-york-v4/breadcrumb-demo.json	free	source	react		active		2026-10-07	
shadcn	breadcrumb-separator	Breadcrumb Separator	example/new-york-v4	https://ui.shadcn.com/r/styles/new-york-v4/breadcrumb-separator.json	https://ui.shadcn.com/r/styles/new-york-v4/breadcrumb-separator.json	registry:https://ui.shadcn.com/r/styles/new-york-v4/breadcrumb-separator.json	free	source	react		active		2026-10-07	
shadcn	breadcrumb-dropdown	Breadcrumb Dropdown	example/new-york-v4	https://ui.shadcn.com/r/styles/new-york-v4/breadcrumb-dropdown.json	https://ui.shadcn.com/r/styles/new-york-v4/breadcrumb-dropdown.json	registry:https://ui.shadcn.com/r/styles/new-york-v4/breadcrumb-dropdown.json	free	source	react		active		2026-10-07	
shadcn	breadcrumb-ellipsis	Breadcrumb Ellipsis	example/new-york-v4	https://ui.shadcn.com/r/styles/new-york-v4/breadcrumb-ellipsis.json	https://ui.shadcn.com/r/styles/new-york-v4/breadcrumb-ellipsis.json	registry:https://ui.shadcn.com/r/styles/new-york-v4/breadcrumb-ellipsis.json	free	source	react		active		2026-10-07	
shadcn	breadcrumb-link	Breadcrumb Link	example/new-york-v4	https://ui.shadcn.com/r/styles/new-york-v4/breadcrumb-link.json	https://ui.shadcn.com/r/styles/new-york-v4/breadcrumb-link.json	registry:https://ui.shadcn.com/r/styles/new-york-v4/breadcrumb-link.json	free	source	react		active		2026-10-07	
shadcn	breadcrumb-responsive	Breadcrumb Responsive	example/new-york-v4	https://ui.shadcn.com/r/styles/new-york-v4/breadcrumb-responsive.json	https://ui.shadcn.com/r/styles/new-york-v4/breadcrumb-responsive.json	registry:https://ui.shadcn.com/r/styles/new-york-v4/breadcrumb-responsive.json	free	source	react		active		2026-10-07	
shadcn	button-demo	Button Demo	example/new-york-v4	https://ui.shadcn.com/r/styles/new-york-v4/button-demo.json	https://ui.shadcn.com/r/styles/new-york-v4/button-demo.json	registry:https://ui.shadcn.com/r/styles/new-york-v4/button-demo.json	free	source	react		active		2026-10-07	
shadcn	button-default	Button Default	example/new-york-v4	https://ui.shadcn.com/r/styles/new-york-v4/button-default.json	https://ui.shadcn.com/r/styles/new-york-v4/button-default.json	registry:https://ui.shadcn.com/r/styles/new-york-v4/button-default.json	free	source	react		active		2026-10-07	
shadcn	button-secondary	Button Secondary	example/new-york-v4	https://ui.shadcn.com/r/styles/new-york-v4/button-secondary.json	https://ui.shadcn.com/r/styles/new-york-v4/button-secondary.json	registry:https://ui.shadcn.com/r/styles/new-york-v4/button-secondary.json	free	source	react		active		2026-10-07	
shadcn	button-destructive	Button Destructive	example/new-york-v4	https://ui.shadcn.com/r/styles/new-york-v4/button-destructive.json	https://ui.shadcn.com/r/styles/new-york-v4/button-destructive.json	registry:https://ui.shadcn.com/r/styles/new-york-v4/button-destructive.json	free	source	react		active		2026-10-07	
shadcn	button-outline	Button Outline	example/new-york-v4	https://ui.shadcn.com/r/styles/new-york-v4/button-outline.json	https://ui.shadcn.com/r/styles/new-york-v4/button-outline.json	registry:https://ui.shadcn.com/r/styles/new-york-v4/button-outline.json	free	source	react		active		2026-10-07	
shadcn	button-ghost	Button Ghost	example/new-york-v4	https://ui.shadcn.com/r/styles/new-york-v4/button-ghost.json	https://ui.shadcn.com/r/styles/new-york-v4/button-ghost.json	registry:https://ui.shadcn.com/r/styles/new-york-v4/button-ghost.json	free	source	react		active		2026-10-07	
shadcn	button-link	Button Link	example/new-york-v4	https://ui.shadcn.com/r/styles/new-york-v4/button-link.json	https://ui.shadcn.com/r/styles/new-york-v4/button-link.json	registry:https://ui.shadcn.com/r/styles/new-york-v4/button-link.json	free	source	react		active		2026-10-07	
shadcn	button-with-icon	Button With Icon	example/new-york-v4	https://ui.shadcn.com/r/styles/new-york-v4/button-with-icon.json	https://ui.shadcn.com/r/styles/new-york-v4/button-with-icon.json	registry:https://ui.shadcn.com/r/styles/new-york-v4/button-with-icon.json	free	source	react		active		2026-10-07	
shadcn	button-loading	Button Loading	example/new-york-v4	https://ui.shadcn.com/r/styles/new-york-v4/button-loading.json	https://ui.shadcn.com/r/styles/new-york-v4/button-loading.json	registry:https://ui.shadcn.com/r/styles/new-york-v4/button-loading.json	free	source	react		active		2026-10-07	
shadcn	button-icon	Button Icon	example/new-york-v4	https://ui.shadcn.com/r/styles/new-york-v4/button-icon.json	https://ui.shadcn.com/r/styles/new-york-v4/button-icon.json	registry:https://ui.shadcn.com/r/styles/new-york-v4/button-icon.json	free	source	react		active		2026-10-07	
shadcn	button-as-child	Button As Child	example/new-york-v4	https://ui.shadcn.com/r/styles/new-york-v4/button-as-child.json	https://ui.shadcn.com/r/styles/new-york-v4/button-as-child.json	registry:https://ui.shadcn.com/r/styles/new-york-v4/button-as-child.json	free	source	react		active		2026-10-07	
shadcn	button-rounded	Button Rounded	example/new-york-v4	https://ui.shadcn.com/r/styles/new-york-v4/button-rounded.json	https://ui.shadcn.com/r/styles/new-york-v4/button-rounded.json	registry:https://ui.shadcn.com/r/styles/new-york-v4/button-rounded.json	free	source	react		active		2026-10-07	
shadcn	button-size	Button Size	example/new-york-v4	https://ui.shadcn.com/r/styles/new-york-v4/button-size.json	https://ui.shadcn.com/r/styles/new-york-v4/button-size.json	registry:https://ui.shadcn.com/r/styles/new-york-v4/button-size.json	free	source	react		active		2026-10-07	
shadcn	button-group-demo	Button Group Demo	example/new-york-v4	https://ui.shadcn.com/r/styles/new-york-v4/button-group-demo.json	https://ui.shadcn.com/r/styles/new-york-v4/button-group-demo.json	registry:https://ui.shadcn.com/r/styles/new-york-v4/button-group-demo.json	free	source	react		active		2026-10-07	
shadcn	button-group-nested	Button Group Nested	example/new-york-v4	https://ui.shadcn.com/r/styles/new-york-v4/button-group-nested.json	https://ui.shadcn.com/r/styles/new-york-v4/button-group-nested.json	registry:https://ui.shadcn.com/r/styles/new-york-v4/button-group-nested.json	free	source	react		active		2026-10-07	
shadcn	button-group-size	Button Group Size	example/new-york-v4	https://ui.shadcn.com/r/styles/new-york-v4/button-group-size.json	https://ui.shadcn.com/r/styles/new-york-v4/button-group-size.json	registry:https://ui.shadcn.com/r/styles/new-york-v4/button-group-size.json	free	source	react		active		2026-10-07	
shadcn	button-group-separator	Button Group Separator	example/new-york-v4	https://ui.shadcn.com/r/styles/new-york-v4/button-group-separator.json	https://ui.shadcn.com/r/styles/new-york-v4/button-group-separator.json	registry:https://ui.shadcn.com/r/styles/new-york-v4/button-group-separator.json	free	source	react		active		2026-10-07	
shadcn	button-group-split	Button Group Split	example/new-york-v4	https://ui.shadcn.com/r/styles/new-york-v4/button-group-split.json	https://ui.shadcn.com/r/styles/new-york-v4/button-group-split.json	registry:https://ui.shadcn.com/r/styles/new-york-v4/button-group-split.json	free	source	react		active		2026-10-07	
shadcn	button-group-input	Button Group Input	example/new-york-v4	https://ui.shadcn.com/r/styles/new-york-v4/button-group-input.json	https://ui.shadcn.com/r/styles/new-york-v4/button-group-input.json	registry:https://ui.shadcn.com/r/styles/new-york-v4/button-group-input.json	free	source	react		active		2026-10-07	
shadcn	button-group-dropdown	Button Group Dropdown	example/new-york-v4	https://ui.shadcn.com/r/styles/new-york-v4/button-group-dropdown.json	https://ui.shadcn.com/r/styles/new-york-v4/button-group-dropdown.json	registry:https://ui.shadcn.com/r/styles/new-york-v4/button-group-dropdown.json	free	source	react		active		2026-10-07	
shadcn	button-group-select	Button Group Select	example/new-york-v4	https://ui.shadcn.com/r/styles/new-york-v4/button-group-select.json	https://ui.shadcn.com/r/styles/new-york-v4/button-group-select.json	registry:https://ui.shadcn.com/r/styles/new-york-v4/button-group-select.json	free	source	react		active		2026-10-07	
shadcn	button-group-popover	Button Group Popover	example/new-york-v4	https://ui.shadcn.com/r/styles/new-york-v4/button-group-popover.json	https://ui.shadcn.com/r/styles/new-york-v4/button-group-popover.json	registry:https://ui.shadcn.com/r/styles/new-york-v4/button-group-popover.json	free	source	react		active		2026-10-07	
shadcn	button-group-input-group	Button Group Input Group	example/new-york-v4	https://ui.shadcn.com/r/styles/new-york-v4/button-group-input-group.json	https://ui.shadcn.com/r/styles/new-york-v4/button-group-input-group.json	registry:https://ui.shadcn.com/r/styles/new-york-v4/button-group-input-group.json	free	source	react		active		2026-10-07	
shadcn	button-group-orientation	Button Group Orientation	example/new-york-v4	https://ui.shadcn.com/r/styles/new-york-v4/button-group-orientation.json	https://ui.shadcn.com/r/styles/new-york-v4/button-group-orientation.json	registry:https://ui.shadcn.com/r/styles/new-york-v4/button-group-orientation.json	free	source	react		active		2026-10-07	
shadcn	calendar-demo	Calendar Demo	example/new-york-v4	https://ui.shadcn.com/r/styles/new-york-v4/calendar-demo.json	https://ui.shadcn.com/r/styles/new-york-v4/calendar-demo.json	registry:https://ui.shadcn.com/r/styles/new-york-v4/calendar-demo.json	free	source	react		active		2026-10-07	
shadcn	card-demo	Card Demo	example/new-york-v4	https://ui.shadcn.com/r/styles/new-york-v4/card-demo.json	https://ui.shadcn.com/r/styles/new-york-v4/card-demo.json	registry:https://ui.shadcn.com/r/styles/new-york-v4/card-demo.json	free	source	react		active		2026-10-07	
shadcn	card-with-form	Card With Form	example/new-york-v4	https://ui.shadcn.com/r/styles/new-york-v4/card-with-form.json	https://ui.shadcn.com/r/styles/new-york-v4/card-with-form.json	registry:https://ui.shadcn.com/r/styles/new-york-v4/card-with-form.json	free	source	react		active		2026-10-07	
shadcn	carousel-demo	Carousel Demo	example/new-york-v4	https://ui.shadcn.com/r/styles/new-york-v4/carousel-demo.json	https://ui.shadcn.com/r/styles/new-york-v4/carousel-demo.json	registry:https://ui.shadcn.com/r/styles/new-york-v4/carousel-demo.json	free	source	react		active		2026-10-07	
shadcn	carousel-size	Carousel Size	example/new-york-v4	https://ui.shadcn.com/r/styles/new-york-v4/carousel-size.json	https://ui.shadcn.com/r/styles/new-york-v4/carousel-size.json	registry:https://ui.shadcn.com/r/styles/new-york-v4/carousel-size.json	free	source	react		active		2026-10-07	
shadcn	carousel-spacing	Carousel Spacing	example/new-york-v4	https://ui.shadcn.com/r/styles/new-york-v4/carousel-spacing.json	https://ui.shadcn.com/r/styles/new-york-v4/carousel-spacing.json	registry:https://ui.shadcn.com/r/styles/new-york-v4/carousel-spacing.json	free	source	react		active		2026-10-07	
shadcn	carousel-orientation	Carousel Orientation	example/new-york-v4	https://ui.shadcn.com/r/styles/new-york-v4/carousel-orientation.json	https://ui.shadcn.com/r/styles/new-york-v4/carousel-orientation.json	registry:https://ui.shadcn.com/r/styles/new-york-v4/carousel-orientation.json	free	source	react		active		2026-10-07	
shadcn	carousel-api	Carousel Api	example/new-york-v4	https://ui.shadcn.com/r/styles/new-york-v4/carousel-api.json	https://ui.shadcn.com/r/styles/new-york-v4/carousel-api.json	registry:https://ui.shadcn.com/r/styles/new-york-v4/carousel-api.json	free	source	react		active		2026-10-07	
shadcn	carousel-plugin	Carousel Plugin	example/new-york-v4	https://ui.shadcn.com/r/styles/new-york-v4/carousel-plugin.json	https://ui.shadcn.com/r/styles/new-york-v4/carousel-plugin.json	registry:https://ui.shadcn.com/r/styles/new-york-v4/carousel-plugin.json	free	source	react		active		2026-10-07	
shadcn	checkbox-demo	Checkbox Demo	example/new-york-v4	https://ui.shadcn.com/r/styles/new-york-v4/checkbox-demo.json	https://ui.shadcn.com/r/styles/new-york-v4/checkbox-demo.json	registry:https://ui.shadcn.com/r/styles/new-york-v4/checkbox-demo.json	free	source	react		active		2026-10-07	
shadcn	checkbox-disabled	Checkbox Disabled	example/new-york-v4	https://ui.shadcn.com/r/styles/new-york-v4/checkbox-disabled.json	https://ui.shadcn.com/r/styles/new-york-v4/checkbox-disabled.json	registry:https://ui.shadcn.com/r/styles/new-york-v4/checkbox-disabled.json	free	source	react		active		2026-10-07	
shadcn	checkbox-with-text	Checkbox With Text	example/new-york-v4	https://ui.shadcn.com/r/styles/new-york-v4/checkbox-with-text.json	https://ui.shadcn.com/r/styles/new-york-v4/checkbox-with-text.json	registry:https://ui.shadcn.com/r/styles/new-york-v4/checkbox-with-text.json	free	source	react		active		2026-10-07	
shadcn	collapsible-demo	Collapsible Demo	example/new-york-v4	https://ui.shadcn.com/r/styles/new-york-v4/collapsible-demo.json	https://ui.shadcn.com/r/styles/new-york-v4/collapsible-demo.json	registry:https://ui.shadcn.com/r/styles/new-york-v4/collapsible-demo.json	free	source	react		active		2026-10-07	
shadcn	combobox-demo	Combobox Demo	example/new-york-v4	https://ui.shadcn.com/r/styles/new-york-v4/combobox-demo.json	https://ui.shadcn.com/r/styles/new-york-v4/combobox-demo.json	registry:https://ui.shadcn.com/r/styles/new-york-v4/combobox-demo.json	free	source	react		active		2026-10-07	
shadcn	combobox-dropdown-menu	Combobox Dropdown Menu	example/new-york-v4	https://ui.shadcn.com/r/styles/new-york-v4/combobox-dropdown-menu.json	https://ui.shadcn.com/r/styles/new-york-v4/combobox-dropdown-menu.json	registry:https://ui.shadcn.com/r/styles/new-york-v4/combobox-dropdown-menu.json	free	source	react		active		2026-10-07	
shadcn	combobox-popover	Combobox Popover	example/new-york-v4	https://ui.shadcn.com/r/styles/new-york-v4/combobox-popover.json	https://ui.shadcn.com/r/styles/new-york-v4/combobox-popover.json	registry:https://ui.shadcn.com/r/styles/new-york-v4/combobox-popover.json	free	source	react		active		2026-10-07	
shadcn	combobox-responsive	Combobox Responsive	example/new-york-v4	https://ui.shadcn.com/r/styles/new-york-v4/combobox-responsive.json	https://ui.shadcn.com/r/styles/new-york-v4/combobox-responsive.json	registry:https://ui.shadcn.com/r/styles/new-york-v4/combobox-responsive.json	free	source	react		active		2026-10-07	
shadcn	command-demo	Command Demo	example/new-york-v4	https://ui.shadcn.com/r/styles/new-york-v4/command-demo.json	https://ui.shadcn.com/r/styles/new-york-v4/command-demo.json	registry:https://ui.shadcn.com/r/styles/new-york-v4/command-demo.json	free	source	react		active		2026-10-07	
shadcn	command-dialog	Command Dialog	example/new-york-v4	https://ui.shadcn.com/r/styles/new-york-v4/command-dialog.json	https://ui.shadcn.com/r/styles/new-york-v4/command-dialog.json	registry:https://ui.shadcn.com/r/styles/new-york-v4/command-dialog.json	free	source	react		active		2026-10-07	
shadcn	context-menu-demo	Context Menu Demo	example/new-york-v4	https://ui.shadcn.com/r/styles/new-york-v4/context-menu-demo.json	https://ui.shadcn.com/r/styles/new-york-v4/context-menu-demo.json	registry:https://ui.shadcn.com/r/styles/new-york-v4/context-menu-demo.json	free	source	react		active		2026-10-07	
shadcn	data-table-demo	Data Table Demo	example/new-york-v4	https://ui.shadcn.com/r/styles/new-york-v4/data-table-demo.json	https://ui.shadcn.com/r/styles/new-york-v4/data-table-demo.json	registry:https://ui.shadcn.com/r/styles/new-york-v4/data-table-demo.json	free	source	react		active		2026-10-07	
shadcn	date-picker-demo	Date Picker Demo	example/new-york-v4	https://ui.shadcn.com/r/styles/new-york-v4/date-picker-demo.json	https://ui.shadcn.com/r/styles/new-york-v4/date-picker-demo.json	registry:https://ui.shadcn.com/r/styles/new-york-v4/date-picker-demo.json	free	source	react		active		2026-10-07	
shadcn	date-picker-with-presets	Date Picker With Presets	example/new-york-v4	https://ui.shadcn.com/r/styles/new-york-v4/date-picker-with-presets.json	https://ui.shadcn.com/r/styles/new-york-v4/date-picker-with-presets.json	registry:https://ui.shadcn.com/r/styles/new-york-v4/date-picker-with-presets.json	free	source	react		active		2026-10-07	
shadcn	date-picker-with-range	Date Picker With Range	example/new-york-v4	https://ui.shadcn.com/r/styles/new-york-v4/date-picker-with-range.json	https://ui.shadcn.com/r/styles/new-york-v4/date-picker-with-range.json	registry:https://ui.shadcn.com/r/styles/new-york-v4/date-picker-with-range.json	free	source	react		active		2026-10-07	
shadcn	dialog-demo	Dialog Demo	example/new-york-v4	https://ui.shadcn.com/r/styles/new-york-v4/dialog-demo.json	https://ui.shadcn.com/r/styles/new-york-v4/dialog-demo.json	registry:https://ui.shadcn.com/r/styles/new-york-v4/dialog-demo.json	free	source	react		active		2026-10-07	
shadcn	dialog-close-button	Dialog Close Button	example/new-york-v4	https://ui.shadcn.com/r/styles/new-york-v4/dialog-close-button.json	https://ui.shadcn.com/r/styles/new-york-v4/dialog-close-button.json	registry:https://ui.shadcn.com/r/styles/new-york-v4/dialog-close-button.json	free	source	react		active		2026-10-07	
shadcn	drawer-demo	Drawer Demo	example/new-york-v4	https://ui.shadcn.com/r/styles/new-york-v4/drawer-demo.json	https://ui.shadcn.com/r/styles/new-york-v4/drawer-demo.json	registry:https://ui.shadcn.com/r/styles/new-york-v4/drawer-demo.json	free	source	react		active		2026-10-07	
shadcn	empty-demo	Empty Demo	example/new-york-v4	https://ui.shadcn.com/r/styles/new-york-v4/empty-demo.json	https://ui.shadcn.com/r/styles/new-york-v4/empty-demo.json	registry:https://ui.shadcn.com/r/styles/new-york-v4/empty-demo.json	free	source	react		active		2026-10-07	
shadcn	empty-icon	Empty Icon	example/new-york-v4	https://ui.shadcn.com/r/styles/new-york-v4/empty-icon.json	https://ui.shadcn.com/r/styles/new-york-v4/empty-icon.json	registry:https://ui.shadcn.com/r/styles/new-york-v4/empty-icon.json	free	source	react		active		2026-10-07	
shadcn	empty-avatar	Empty Avatar	example/new-york-v4	https://ui.shadcn.com/r/styles/new-york-v4/empty-avatar.json	https://ui.shadcn.com/r/styles/new-york-v4/empty-avatar.json	registry:https://ui.shadcn.com/r/styles/new-york-v4/empty-avatar.json	free	source	react		active		2026-10-07	
shadcn	empty-avatar-group	Empty Avatar Group	example/new-york-v4	https://ui.shadcn.com/r/styles/new-york-v4/empty-avatar-group.json	https://ui.shadcn.com/r/styles/new-york-v4/empty-avatar-group.json	registry:https://ui.shadcn.com/r/styles/new-york-v4/empty-avatar-group.json	free	source	react		active		2026-10-07	
shadcn	empty-input-group	Empty Input Group	example/new-york-v4	https://ui.shadcn.com/r/styles/new-york-v4/empty-input-group.json	https://ui.shadcn.com/r/styles/new-york-v4/empty-input-group.json	registry:https://ui.shadcn.com/r/styles/new-york-v4/empty-input-group.json	free	source	react		active		2026-10-07	
shadcn	empty-outline	Empty Outline	example/new-york-v4	https://ui.shadcn.com/r/styles/new-york-v4/empty-outline.json	https://ui.shadcn.com/r/styles/new-york-v4/empty-outline.json	registry:https://ui.shadcn.com/r/styles/new-york-v4/empty-outline.json	free	source	react		active		2026-10-07	
shadcn	empty-background	Empty Background	example/new-york-v4	https://ui.shadcn.com/r/styles/new-york-v4/empty-background.json	https://ui.shadcn.com/r/styles/new-york-v4/empty-background.json	registry:https://ui.shadcn.com/r/styles/new-york-v4/empty-background.json	free	source	react		active		2026-10-07	
shadcn	field-demo	Field Demo	example/new-york-v4	https://ui.shadcn.com/r/styles/new-york-v4/field-demo.json	https://ui.shadcn.com/r/styles/new-york-v4/field-demo.json	registry:https://ui.shadcn.com/r/styles/new-york-v4/field-demo.json	free	source	react		active		2026-10-07	
shadcn	field-input	Field Input	example/new-york-v4	https://ui.shadcn.com/r/styles/new-york-v4/field-input.json	https://ui.shadcn.com/r/styles/new-york-v4/field-input.json	registry:https://ui.shadcn.com/r/styles/new-york-v4/field-input.json	free	source	react		active		2026-10-07	
shadcn	field-textarea	Field Textarea	example/new-york-v4	https://ui.shadcn.com/r/styles/new-york-v4/field-textarea.json	https://ui.shadcn.com/r/styles/new-york-v4/field-textarea.json	registry:https://ui.shadcn.com/r/styles/new-york-v4/field-textarea.json	free	source	react		active		2026-10-07	
shadcn	field-fieldset	Field Fieldset	example/new-york-v4	https://ui.shadcn.com/r/styles/new-york-v4/field-fieldset.json	https://ui.shadcn.com/r/styles/new-york-v4/field-fieldset.json	registry:https://ui.shadcn.com/r/styles/new-york-v4/field-fieldset.json	free	source	react		active		2026-10-07	
shadcn	field-radio	Field Radio	example/new-york-v4	https://ui.shadcn.com/r/styles/new-york-v4/field-radio.json	https://ui.shadcn.com/r/styles/new-york-v4/field-radio.json	registry:https://ui.shadcn.com/r/styles/new-york-v4/field-radio.json	free	source	react		active		2026-10-07	
shadcn	field-checkbox	Field Checkbox	example/new-york-v4	https://ui.shadcn.com/r/styles/new-york-v4/field-checkbox.json	https://ui.shadcn.com/r/styles/new-york-v4/field-checkbox.json	registry:https://ui.shadcn.com/r/styles/new-york-v4/field-checkbox.json	free	source	react		active		2026-10-07	
shadcn	field-switch	Field Switch	example/new-york-v4	https://ui.shadcn.com/r/styles/new-york-v4/field-switch.json	https://ui.shadcn.com/r/styles/new-york-v4/field-switch.json	registry:https://ui.shadcn.com/r/styles/new-york-v4/field-switch.json	free	source	react		active		2026-10-07	
shadcn	field-slider	Field Slider	example/new-york-v4	https://ui.shadcn.com/r/styles/new-york-v4/field-slider.json	https://ui.shadcn.com/r/styles/new-york-v4/field-slider.json	registry:https://ui.shadcn.com/r/styles/new-york-v4/field-slider.json	free	source	react		active		2026-10-07	
shadcn	field-select	Field Select	example/new-york-v4	https://ui.shadcn.com/r/styles/new-york-v4/field-select.json	https://ui.shadcn.com/r/styles/new-york-v4/field-select.json	registry:https://ui.shadcn.com/r/styles/new-york-v4/field-select.json	free	source	react		active		2026-10-07	
shadcn	field-choice-card	Field Choice Card	example/new-york-v4	https://ui.shadcn.com/r/styles/new-york-v4/field-choice-card.json	https://ui.shadcn.com/r/styles/new-york-v4/field-choice-card.json	registry:https://ui.shadcn.com/r/styles/new-york-v4/field-choice-card.json	free	source	react		active		2026-10-07	
shadcn	field-group	Field Group	example/new-york-v4	https://ui.shadcn.com/r/styles/new-york-v4/field-group.json	https://ui.shadcn.com/r/styles/new-york-v4/field-group.json	registry:https://ui.shadcn.com/r/styles/new-york-v4/field-group.json	free	source	react		active		2026-10-07	
shadcn	field-responsive	Field Responsive	example/new-york-v4	https://ui.shadcn.com/r/styles/new-york-v4/field-responsive.json	https://ui.shadcn.com/r/styles/new-york-v4/field-responsive.json	registry:https://ui.shadcn.com/r/styles/new-york-v4/field-responsive.json	free	source	react		active		2026-10-07	
shadcn	form-next-demo	Form Next Demo	example/new-york-v4	https://ui.shadcn.com/r/styles/new-york-v4/form-next-demo.json	https://ui.shadcn.com/r/styles/new-york-v4/form-next-demo.json	registry:https://ui.shadcn.com/r/styles/new-york-v4/form-next-demo.json	free	source	react		active		2026-10-07	
shadcn	form-next-complex	Form Next Complex	example/new-york-v4	https://ui.shadcn.com/r/styles/new-york-v4/form-next-complex.json	https://ui.shadcn.com/r/styles/new-york-v4/form-next-complex.json	registry:https://ui.shadcn.com/r/styles/new-york-v4/form-next-complex.json	free	source	react		active		2026-10-07	
shadcn	form-rhf-demo	Form Rhf Demo	example/new-york-v4	https://ui.shadcn.com/r/styles/new-york-v4/form-rhf-demo.json	https://ui.shadcn.com/r/styles/new-york-v4/form-rhf-demo.json	registry:https://ui.shadcn.com/r/styles/new-york-v4/form-rhf-demo.json	free	source	react		active		2026-10-07	
shadcn	form-rhf-input	Form Rhf Input	example/new-york-v4	https://ui.shadcn.com/r/styles/new-york-v4/form-rhf-input.json	https://ui.shadcn.com/r/styles/new-york-v4/form-rhf-input.json	registry:https://ui.shadcn.com/r/styles/new-york-v4/form-rhf-input.json	free	source	react		active		2026-10-07	
shadcn	form-rhf-select	Form Rhf Select	example/new-york-v4	https://ui.shadcn.com/r/styles/new-york-v4/form-rhf-select.json	https://ui.shadcn.com/r/styles/new-york-v4/form-rhf-select.json	registry:https://ui.shadcn.com/r/styles/new-york-v4/form-rhf-select.json	free	source	react		active		2026-10-07	
shadcn	form-rhf-checkbox	Form Rhf Checkbox	example/new-york-v4	https://ui.shadcn.com/r/styles/new-york-v4/form-rhf-checkbox.json	https://ui.shadcn.com/r/styles/new-york-v4/form-rhf-checkbox.json	registry:https://ui.shadcn.com/r/styles/new-york-v4/form-rhf-checkbox.json	free	source	react		active		2026-10-07	
shadcn	form-rhf-switch	Form Rhf Switch	example/new-york-v4	https://ui.shadcn.com/r/styles/new-york-v4/form-rhf-switch.json	https://ui.shadcn.com/r/styles/new-york-v4/form-rhf-switch.json	registry:https://ui.shadcn.com/r/styles/new-york-v4/form-rhf-switch.json	free	source	react		active		2026-10-07	
shadcn	form-rhf-textarea	Form Rhf Textarea	example/new-york-v4	https://ui.shadcn.com/r/styles/new-york-v4/form-rhf-textarea.json	https://ui.shadcn.com/r/styles/new-york-v4/form-rhf-textarea.json	registry:https://ui.shadcn.com/r/styles/new-york-v4/form-rhf-textarea.json	free	source	react		active		2026-10-07	
shadcn	form-rhf-radiogroup	Form Rhf Radiogroup	example/new-york-v4	https://ui.shadcn.com/r/styles/new-york-v4/form-rhf-radiogroup.json	https://ui.shadcn.com/r/styles/new-york-v4/form-rhf-radiogroup.json	registry:https://ui.shadcn.com/r/styles/new-york-v4/form-rhf-radiogroup.json	free	source	react		active		2026-10-07	
shadcn	form-rhf-array	Form Rhf Array	example/new-york-v4	https://ui.shadcn.com/r/styles/new-york-v4/form-rhf-array.json	https://ui.shadcn.com/r/styles/new-york-v4/form-rhf-array.json	registry:https://ui.shadcn.com/r/styles/new-york-v4/form-rhf-array.json	free	source	react		active		2026-10-07	
shadcn	form-rhf-complex	Form Rhf Complex	example/new-york-v4	https://ui.shadcn.com/r/styles/new-york-v4/form-rhf-complex.json	https://ui.shadcn.com/r/styles/new-york-v4/form-rhf-complex.json	registry:https://ui.shadcn.com/r/styles/new-york-v4/form-rhf-complex.json	free	source	react		active		2026-10-07	
shadcn	form-rhf-password	Form Rhf Password	example/new-york-v4	https://ui.shadcn.com/r/styles/new-york-v4/form-rhf-password.json	https://ui.shadcn.com/r/styles/new-york-v4/form-rhf-password.json	registry:https://ui.shadcn.com/r/styles/new-york-v4/form-rhf-password.json	free	source	react		active		2026-10-07	
shadcn	form-tanstack-demo	Form Tanstack Demo	example/new-york-v4	https://ui.shadcn.com/r/styles/new-york-v4/form-tanstack-demo.json	https://ui.shadcn.com/r/styles/new-york-v4/form-tanstack-demo.json	registry:https://ui.shadcn.com/r/styles/new-york-v4/form-tanstack-demo.json	free	source	react		active		2026-10-07	
shadcn	form-tanstack-input	Form Tanstack Input	example/new-york-v4	https://ui.shadcn.com/r/styles/new-york-v4/form-tanstack-input.json	https://ui.shadcn.com/r/styles/new-york-v4/form-tanstack-input.json	registry:https://ui.shadcn.com/r/styles/new-york-v4/form-tanstack-input.json	free	source	react		active		2026-10-07	
shadcn	form-tanstack-textarea	Form Tanstack Textarea	example/new-york-v4	https://ui.shadcn.com/r/styles/new-york-v4/form-tanstack-textarea.json	https://ui.shadcn.com/r/styles/new-york-v4/form-tanstack-textarea.json	registry:https://ui.shadcn.com/r/styles/new-york-v4/form-tanstack-textarea.json	free	source	react		active		2026-10-07	
shadcn	form-tanstack-select	Form Tanstack Select	example/new-york-v4	https://ui.shadcn.com/r/styles/new-york-v4/form-tanstack-select.json	https://ui.shadcn.com/r/styles/new-york-v4/form-tanstack-select.json	registry:https://ui.shadcn.com/r/styles/new-york-v4/form-tanstack-select.json	free	source	react		active		2026-10-07	
shadcn	form-tanstack-checkbox	Form Tanstack Checkbox	example/new-york-v4	https://ui.shadcn.com/r/styles/new-york-v4/form-tanstack-checkbox.json	https://ui.shadcn.com/r/styles/new-york-v4/form-tanstack-checkbox.json	registry:https://ui.shadcn.com/r/styles/new-york-v4/form-tanstack-checkbox.json	free	source	react		active		2026-10-07	
shadcn	form-tanstack-switch	Form Tanstack Switch	example/new-york-v4	https://ui.shadcn.com/r/styles/new-york-v4/form-tanstack-switch.json	https://ui.shadcn.com/r/styles/new-york-v4/form-tanstack-switch.json	registry:https://ui.shadcn.com/r/styles/new-york-v4/form-tanstack-switch.json	free	source	react		active		2026-10-07	
shadcn	form-tanstack-radiogroup	Form Tanstack Radiogroup	example/new-york-v4	https://ui.shadcn.com/r/styles/new-york-v4/form-tanstack-radiogroup.json	https://ui.shadcn.com/r/styles/new-york-v4/form-tanstack-radiogroup.json	registry:https://ui.shadcn.com/r/styles/new-york-v4/form-tanstack-radiogroup.json	free	source	react		active		2026-10-07	
shadcn	form-tanstack-array	Form Tanstack Array	example/new-york-v4	https://ui.shadcn.com/r/styles/new-york-v4/form-tanstack-array.json	https://ui.shadcn.com/r/styles/new-york-v4/form-tanstack-array.json	registry:https://ui.shadcn.com/r/styles/new-york-v4/form-tanstack-array.json	free	source	react		active		2026-10-07	
shadcn	form-tanstack-complex	Form Tanstack Complex	example/new-york-v4	https://ui.shadcn.com/r/styles/new-york-v4/form-tanstack-complex.json	https://ui.shadcn.com/r/styles/new-york-v4/form-tanstack-complex.json	registry:https://ui.shadcn.com/r/styles/new-york-v4/form-tanstack-complex.json	free	source	react		active		2026-10-07	
shadcn	form-formisch-demo	Form Formisch Demo	example/new-york-v4	https://ui.shadcn.com/r/styles/new-york-v4/form-formisch-demo.json	https://ui.shadcn.com/r/styles/new-york-v4/form-formisch-demo.json	registry:https://ui.shadcn.com/r/styles/new-york-v4/form-formisch-demo.json	free	source	react		active		2026-10-07	
shadcn	form-formisch-input	Form Formisch Input	example/new-york-v4	https://ui.shadcn.com/r/styles/new-york-v4/form-formisch-input.json	https://ui.shadcn.com/r/styles/new-york-v4/form-formisch-input.json	registry:https://ui.shadcn.com/r/styles/new-york-v4/form-formisch-input.json	free	source	react		active		2026-10-07	
shadcn	form-formisch-textarea	Form Formisch Textarea	example/new-york-v4	https://ui.shadcn.com/r/styles/new-york-v4/form-formisch-textarea.json	https://ui.shadcn.com/r/styles/new-york-v4/form-formisch-textarea.json	registry:https://ui.shadcn.com/r/styles/new-york-v4/form-formisch-textarea.json	free	source	react		active		2026-10-07	
shadcn	form-formisch-select	Form Formisch Select	example/new-york-v4	https://ui.shadcn.com/r/styles/new-york-v4/form-formisch-select.json	https://ui.shadcn.com/r/styles/new-york-v4/form-formisch-select.json	registry:https://ui.shadcn.com/r/styles/new-york-v4/form-formisch-select.json	free	source	react		active		2026-10-07	
shadcn	form-formisch-checkbox	Form Formisch Checkbox	example/new-york-v4	https://ui.shadcn.com/r/styles/new-york-v4/form-formisch-checkbox.json	https://ui.shadcn.com/r/styles/new-york-v4/form-formisch-checkbox.json	registry:https://ui.shadcn.com/r/styles/new-york-v4/form-formisch-checkbox.json	free	source	react		active		2026-10-07	
shadcn	form-formisch-radiogroup	Form Formisch Radiogroup	example/new-york-v4	https://ui.shadcn.com/r/styles/new-york-v4/form-formisch-radiogroup.json	https://ui.shadcn.com/r/styles/new-york-v4/form-formisch-radiogroup.json	registry:https://ui.shadcn.com/r/styles/new-york-v4/form-formisch-radiogroup.json	free	source	react		active		2026-10-07	
shadcn	form-formisch-switch	Form Formisch Switch	example/new-york-v4	https://ui.shadcn.com/r/styles/new-york-v4/form-formisch-switch.json	https://ui.shadcn.com/r/styles/new-york-v4/form-formisch-switch.json	registry:https://ui.shadcn.com/r/styles/new-york-v4/form-formisch-switch.json	free	source	react		active		2026-10-07	
shadcn	form-formisch-array	Form Formisch Array	example/new-york-v4	https://ui.shadcn.com/r/styles/new-york-v4/form-formisch-array.json	https://ui.shadcn.com/r/styles/new-york-v4/form-formisch-array.json	registry:https://ui.shadcn.com/r/styles/new-york-v4/form-formisch-array.json	free	source	react		active		2026-10-07	
shadcn	form-formisch-complex	Form Formisch Complex	example/new-york-v4	https://ui.shadcn.com/r/styles/new-york-v4/form-formisch-complex.json	https://ui.shadcn.com/r/styles/new-york-v4/form-formisch-complex.json	registry:https://ui.shadcn.com/r/styles/new-york-v4/form-formisch-complex.json	free	source	react		active		2026-10-07	
shadcn	drawer-dialog	Drawer Dialog	example/new-york-v4	https://ui.shadcn.com/r/styles/new-york-v4/drawer-dialog.json	https://ui.shadcn.com/r/styles/new-york-v4/drawer-dialog.json	registry:https://ui.shadcn.com/r/styles/new-york-v4/drawer-dialog.json	free	source	react		active		2026-10-07	
shadcn	dropdown-menu-demo	Dropdown Menu Demo	example/new-york-v4	https://ui.shadcn.com/r/styles/new-york-v4/dropdown-menu-demo.json	https://ui.shadcn.com/r/styles/new-york-v4/dropdown-menu-demo.json	registry:https://ui.shadcn.com/r/styles/new-york-v4/dropdown-menu-demo.json	free	source	react		active		2026-10-07	
shadcn	dropdown-menu-checkboxes	Dropdown Menu Checkboxes	example/new-york-v4	https://ui.shadcn.com/r/styles/new-york-v4/dropdown-menu-checkboxes.json	https://ui.shadcn.com/r/styles/new-york-v4/dropdown-menu-checkboxes.json	registry:https://ui.shadcn.com/r/styles/new-york-v4/dropdown-menu-checkboxes.json	free	source	react		active		2026-10-07	
shadcn	dropdown-menu-radio-group	Dropdown Menu Radio Group	example/new-york-v4	https://ui.shadcn.com/r/styles/new-york-v4/dropdown-menu-radio-group.json	https://ui.shadcn.com/r/styles/new-york-v4/dropdown-menu-radio-group.json	registry:https://ui.shadcn.com/r/styles/new-york-v4/dropdown-menu-radio-group.json	free	source	react		active		2026-10-07	
shadcn	dropdown-menu-dialog	Dropdown Menu Dialog	example/new-york-v4	https://ui.shadcn.com/r/styles/new-york-v4/dropdown-menu-dialog.json	https://ui.shadcn.com/r/styles/new-york-v4/dropdown-menu-dialog.json	registry:https://ui.shadcn.com/r/styles/new-york-v4/dropdown-menu-dialog.json	free	source	react		active		2026-10-07	
shadcn	hover-card-demo	Hover Card Demo	example/new-york-v4	https://ui.shadcn.com/r/styles/new-york-v4/hover-card-demo.json	https://ui.shadcn.com/r/styles/new-york-v4/hover-card-demo.json	registry:https://ui.shadcn.com/r/styles/new-york-v4/hover-card-demo.json	free	source	react		active		2026-10-07	
shadcn	input-demo	Input Demo	example/new-york-v4	https://ui.shadcn.com/r/styles/new-york-v4/input-demo.json	https://ui.shadcn.com/r/styles/new-york-v4/input-demo.json	registry:https://ui.shadcn.com/r/styles/new-york-v4/input-demo.json	free	source	react		active		2026-10-07	
shadcn	input-disabled	Input Disabled	example/new-york-v4	https://ui.shadcn.com/r/styles/new-york-v4/input-disabled.json	https://ui.shadcn.com/r/styles/new-york-v4/input-disabled.json	registry:https://ui.shadcn.com/r/styles/new-york-v4/input-disabled.json	free	source	react		active		2026-10-07	
shadcn	input-file	Input File	example/new-york-v4	https://ui.shadcn.com/r/styles/new-york-v4/input-file.json	https://ui.shadcn.com/r/styles/new-york-v4/input-file.json	registry:https://ui.shadcn.com/r/styles/new-york-v4/input-file.json	free	source	react		active		2026-10-07	
shadcn	input-with-button	Input With Button	example/new-york-v4	https://ui.shadcn.com/r/styles/new-york-v4/input-with-button.json	https://ui.shadcn.com/r/styles/new-york-v4/input-with-button.json	registry:https://ui.shadcn.com/r/styles/new-york-v4/input-with-button.json	free	source	react		active		2026-10-07	
shadcn	input-with-label	Input With Label	example/new-york-v4	https://ui.shadcn.com/r/styles/new-york-v4/input-with-label.json	https://ui.shadcn.com/r/styles/new-york-v4/input-with-label.json	registry:https://ui.shadcn.com/r/styles/new-york-v4/input-with-label.json	free	source	react		active		2026-10-07	
shadcn	input-with-text	Input With Text	example/new-york-v4	https://ui.shadcn.com/r/styles/new-york-v4/input-with-text.json	https://ui.shadcn.com/r/styles/new-york-v4/input-with-text.json	registry:https://ui.shadcn.com/r/styles/new-york-v4/input-with-text.json	free	source	react		active		2026-10-07	
shadcn	input-group-demo	Input Group Demo	example/new-york-v4	https://ui.shadcn.com/r/styles/new-york-v4/input-group-demo.json	https://ui.shadcn.com/r/styles/new-york-v4/input-group-demo.json	registry:https://ui.shadcn.com/r/styles/new-york-v4/input-group-demo.json	free	source	react		active		2026-10-07	
shadcn	input-group-label	Input Group Label	example/new-york-v4	https://ui.shadcn.com/r/styles/new-york-v4/input-group-label.json	https://ui.shadcn.com/r/styles/new-york-v4/input-group-label.json	registry:https://ui.shadcn.com/r/styles/new-york-v4/input-group-label.json	free	source	react		active		2026-10-07	
shadcn	input-group-text	Input Group Text	example/new-york-v4	https://ui.shadcn.com/r/styles/new-york-v4/input-group-text.json	https://ui.shadcn.com/r/styles/new-york-v4/input-group-text.json	registry:https://ui.shadcn.com/r/styles/new-york-v4/input-group-text.json	free	source	react		active		2026-10-07	
shadcn	input-group-tooltip	Input Group Tooltip	example/new-york-v4	https://ui.shadcn.com/r/styles/new-york-v4/input-group-tooltip.json	https://ui.shadcn.com/r/styles/new-york-v4/input-group-tooltip.json	registry:https://ui.shadcn.com/r/styles/new-york-v4/input-group-tooltip.json	free	source	react		active		2026-10-07	
shadcn	input-group-button	Input Group Button	example/new-york-v4	https://ui.shadcn.com/r/styles/new-york-v4/input-group-button.json	https://ui.shadcn.com/r/styles/new-york-v4/input-group-button.json	registry:https://ui.shadcn.com/r/styles/new-york-v4/input-group-button.json	free	source	react		active		2026-10-07	
shadcn	input-group-button-group	Input Group Button Group	example/new-york-v4	https://ui.shadcn.com/r/styles/new-york-v4/input-group-button-group.json	https://ui.shadcn.com/r/styles/new-york-v4/input-group-button-group.json	registry:https://ui.shadcn.com/r/styles/new-york-v4/input-group-button-group.json	free	source	react		active		2026-10-07	
shadcn	input-group-dropdown	Input Group Dropdown	example/new-york-v4	https://ui.shadcn.com/r/styles/new-york-v4/input-group-dropdown.json	https://ui.shadcn.com/r/styles/new-york-v4/input-group-dropdown.json	registry:https://ui.shadcn.com/r/styles/new-york-v4/input-group-dropdown.json	free	source	react		active		2026-10-07	
shadcn	input-group-spinner	Input Group Spinner	example/new-york-v4	https://ui.shadcn.com/r/styles/new-york-v4/input-group-spinner.json	https://ui.shadcn.com/r/styles/new-york-v4/input-group-spinner.json	registry:https://ui.shadcn.com/r/styles/new-york-v4/input-group-spinner.json	free	source	react		active		2026-10-07	
shadcn	input-group-textarea	Input Group Textarea	example/new-york-v4	https://ui.shadcn.com/r/styles/new-york-v4/input-group-textarea.json	https://ui.shadcn.com/r/styles/new-york-v4/input-group-textarea.json	registry:https://ui.shadcn.com/r/styles/new-york-v4/input-group-textarea.json	free	source	react		active		2026-10-07	
shadcn	input-group-icon	Input Group Icon	example/new-york-v4	https://ui.shadcn.com/r/styles/new-york-v4/input-group-icon.json	https://ui.shadcn.com/r/styles/new-york-v4/input-group-icon.json	registry:https://ui.shadcn.com/r/styles/new-york-v4/input-group-icon.json	free	source	react		active		2026-10-07	
shadcn	input-group-custom	Input Group Custom	example/new-york-v4	https://ui.shadcn.com/r/styles/new-york-v4/input-group-custom.json	https://ui.shadcn.com/r/styles/new-york-v4/input-group-custom.json	registry:https://ui.shadcn.com/r/styles/new-york-v4/input-group-custom.json	free	source	react		active		2026-10-07	
shadcn	input-otp-demo	Input Otp Demo	example/new-york-v4	https://ui.shadcn.com/r/styles/new-york-v4/input-otp-demo.json	https://ui.shadcn.com/r/styles/new-york-v4/input-otp-demo.json	registry:https://ui.shadcn.com/r/styles/new-york-v4/input-otp-demo.json	free	source	react		active		2026-10-07	
shadcn	input-otp-pattern	Input Otp Pattern	example/new-york-v4	https://ui.shadcn.com/r/styles/new-york-v4/input-otp-pattern.json	https://ui.shadcn.com/r/styles/new-york-v4/input-otp-pattern.json	registry:https://ui.shadcn.com/r/styles/new-york-v4/input-otp-pattern.json	free	source	react		active		2026-10-07	
shadcn	input-otp-separator	Input Otp Separator	example/new-york-v4	https://ui.shadcn.com/r/styles/new-york-v4/input-otp-separator.json	https://ui.shadcn.com/r/styles/new-york-v4/input-otp-separator.json	registry:https://ui.shadcn.com/r/styles/new-york-v4/input-otp-separator.json	free	source	react		active		2026-10-07	
shadcn	input-otp-controlled	Input Otp Controlled	example/new-york-v4	https://ui.shadcn.com/r/styles/new-york-v4/input-otp-controlled.json	https://ui.shadcn.com/r/styles/new-york-v4/input-otp-controlled.json	registry:https://ui.shadcn.com/r/styles/new-york-v4/input-otp-controlled.json	free	source	react		active		2026-10-07	
shadcn	item-demo	Item Demo	example/new-york-v4	https://ui.shadcn.com/r/styles/new-york-v4/item-demo.json	https://ui.shadcn.com/r/styles/new-york-v4/item-demo.json	registry:https://ui.shadcn.com/r/styles/new-york-v4/item-demo.json	free	source	react		active		2026-10-07	
shadcn	item-size	Item Size	example/new-york-v4	https://ui.shadcn.com/r/styles/new-york-v4/item-size.json	https://ui.shadcn.com/r/styles/new-york-v4/item-size.json	registry:https://ui.shadcn.com/r/styles/new-york-v4/item-size.json	free	source	react		active		2026-10-07	
shadcn	item-variant	Item Variant	example/new-york-v4	https://ui.shadcn.com/r/styles/new-york-v4/item-variant.json	https://ui.shadcn.com/r/styles/new-york-v4/item-variant.json	registry:https://ui.shadcn.com/r/styles/new-york-v4/item-variant.json	free	source	react		active		2026-10-07	
shadcn	item-icon	Item Icon	example/new-york-v4	https://ui.shadcn.com/r/styles/new-york-v4/item-icon.json	https://ui.shadcn.com/r/styles/new-york-v4/item-icon.json	registry:https://ui.shadcn.com/r/styles/new-york-v4/item-icon.json	free	source	react		active		2026-10-07	
shadcn	item-image	Item Image	example/new-york-v4	https://ui.shadcn.com/r/styles/new-york-v4/item-image.json	https://ui.shadcn.com/r/styles/new-york-v4/item-image.json	registry:https://ui.shadcn.com/r/styles/new-york-v4/item-image.json	free	source	react		active		2026-10-07	
shadcn	item-avatar	Item Avatar	example/new-york-v4	https://ui.shadcn.com/r/styles/new-york-v4/item-avatar.json	https://ui.shadcn.com/r/styles/new-york-v4/item-avatar.json	registry:https://ui.shadcn.com/r/styles/new-york-v4/item-avatar.json	free	source	react		active		2026-10-07	
shadcn	item-group	Item Group	example/new-york-v4	https://ui.shadcn.com/r/styles/new-york-v4/item-group.json	https://ui.shadcn.com/r/styles/new-york-v4/item-group.json	registry:https://ui.shadcn.com/r/styles/new-york-v4/item-group.json	free	source	react		active		2026-10-07	
shadcn	item-header	Item Header	example/new-york-v4	https://ui.shadcn.com/r/styles/new-york-v4/item-header.json	https://ui.shadcn.com/r/styles/new-york-v4/item-header.json	registry:https://ui.shadcn.com/r/styles/new-york-v4/item-header.json	free	source	react		active		2026-10-07	
shadcn	item-dropdown	Item Dropdown	example/new-york-v4	https://ui.shadcn.com/r/styles/new-york-v4/item-dropdown.json	https://ui.shadcn.com/r/styles/new-york-v4/item-dropdown.json	registry:https://ui.shadcn.com/r/styles/new-york-v4/item-dropdown.json	free	source	react		active		2026-10-07	
shadcn	item-link	Item Link	example/new-york-v4	https://ui.shadcn.com/r/styles/new-york-v4/item-link.json	https://ui.shadcn.com/r/styles/new-york-v4/item-link.json	registry:https://ui.shadcn.com/r/styles/new-york-v4/item-link.json	free	source	react		active		2026-10-07	
shadcn	kbd-demo	Kbd Demo	example/new-york-v4	https://ui.shadcn.com/r/styles/new-york-v4/kbd-demo.json	https://ui.shadcn.com/r/styles/new-york-v4/kbd-demo.json	registry:https://ui.shadcn.com/r/styles/new-york-v4/kbd-demo.json	free	source	react		active		2026-10-07	
shadcn	kbd-tooltip	Kbd Tooltip	example/new-york-v4	https://ui.shadcn.com/r/styles/new-york-v4/kbd-tooltip.json	https://ui.shadcn.com/r/styles/new-york-v4/kbd-tooltip.json	registry:https://ui.shadcn.com/r/styles/new-york-v4/kbd-tooltip.json	free	source	react		active		2026-10-07	
shadcn	kbd-input-group	Kbd Input Group	example/new-york-v4	https://ui.shadcn.com/r/styles/new-york-v4/kbd-input-group.json	https://ui.shadcn.com/r/styles/new-york-v4/kbd-input-group.json	registry:https://ui.shadcn.com/r/styles/new-york-v4/kbd-input-group.json	free	source	react		active		2026-10-07	
shadcn	kbd-button	Kbd Button	example/new-york-v4	https://ui.shadcn.com/r/styles/new-york-v4/kbd-button.json	https://ui.shadcn.com/r/styles/new-york-v4/kbd-button.json	registry:https://ui.shadcn.com/r/styles/new-york-v4/kbd-button.json	free	source	react		active		2026-10-07	
shadcn	kbd-group	Kbd Group	example/new-york-v4	https://ui.shadcn.com/r/styles/new-york-v4/kbd-group.json	https://ui.shadcn.com/r/styles/new-york-v4/kbd-group.json	registry:https://ui.shadcn.com/r/styles/new-york-v4/kbd-group.json	free	source	react		active		2026-10-07	
shadcn	label-demo	Label Demo	example/new-york-v4	https://ui.shadcn.com/r/styles/new-york-v4/label-demo.json	https://ui.shadcn.com/r/styles/new-york-v4/label-demo.json	registry:https://ui.shadcn.com/r/styles/new-york-v4/label-demo.json	free	source	react		active		2026-10-07	
shadcn	menubar-demo	Menubar Demo	example/new-york-v4	https://ui.shadcn.com/r/styles/new-york-v4/menubar-demo.json	https://ui.shadcn.com/r/styles/new-york-v4/menubar-demo.json	registry:https://ui.shadcn.com/r/styles/new-york-v4/menubar-demo.json	free	source	react		active		2026-10-07	
shadcn	navigation-menu-demo	Navigation Menu Demo	example/new-york-v4	https://ui.shadcn.com/r/styles/new-york-v4/navigation-menu-demo.json	https://ui.shadcn.com/r/styles/new-york-v4/navigation-menu-demo.json	registry:https://ui.shadcn.com/r/styles/new-york-v4/navigation-menu-demo.json	free	source	react		active		2026-10-07	
shadcn	native-select-demo	Native Select Demo	example/new-york-v4	https://ui.shadcn.com/r/styles/new-york-v4/native-select-demo.json	https://ui.shadcn.com/r/styles/new-york-v4/native-select-demo.json	registry:https://ui.shadcn.com/r/styles/new-york-v4/native-select-demo.json	free	source	react		active		2026-10-07	
shadcn	native-select-groups	Native Select Groups	example/new-york-v4	https://ui.shadcn.com/r/styles/new-york-v4/native-select-groups.json	https://ui.shadcn.com/r/styles/new-york-v4/native-select-groups.json	registry:https://ui.shadcn.com/r/styles/new-york-v4/native-select-groups.json	free	source	react		active		2026-10-07	
shadcn	native-select-disabled	Native Select Disabled	example/new-york-v4	https://ui.shadcn.com/r/styles/new-york-v4/native-select-disabled.json	https://ui.shadcn.com/r/styles/new-york-v4/native-select-disabled.json	registry:https://ui.shadcn.com/r/styles/new-york-v4/native-select-disabled.json	free	source	react		active		2026-10-07	
shadcn	native-select-invalid	Native Select Invalid	example/new-york-v4	https://ui.shadcn.com/r/styles/new-york-v4/native-select-invalid.json	https://ui.shadcn.com/r/styles/new-york-v4/native-select-invalid.json	registry:https://ui.shadcn.com/r/styles/new-york-v4/native-select-invalid.json	free	source	react		active		2026-10-07	
shadcn	pagination-demo	Pagination Demo	example/new-york-v4	https://ui.shadcn.com/r/styles/new-york-v4/pagination-demo.json	https://ui.shadcn.com/r/styles/new-york-v4/pagination-demo.json	registry:https://ui.shadcn.com/r/styles/new-york-v4/pagination-demo.json	free	source	react		active		2026-10-07	
shadcn	popover-demo	Popover Demo	example/new-york-v4	https://ui.shadcn.com/r/styles/new-york-v4/popover-demo.json	https://ui.shadcn.com/r/styles/new-york-v4/popover-demo.json	registry:https://ui.shadcn.com/r/styles/new-york-v4/popover-demo.json	free	source	react		active		2026-10-07	
shadcn	progress-demo	Progress Demo	example/new-york-v4	https://ui.shadcn.com/r/styles/new-york-v4/progress-demo.json	https://ui.shadcn.com/r/styles/new-york-v4/progress-demo.json	registry:https://ui.shadcn.com/r/styles/new-york-v4/progress-demo.json	free	source	react		active		2026-10-07	
shadcn	radio-group-demo	Radio Group Demo	example/new-york-v4	https://ui.shadcn.com/r/styles/new-york-v4/radio-group-demo.json	https://ui.shadcn.com/r/styles/new-york-v4/radio-group-demo.json	registry:https://ui.shadcn.com/r/styles/new-york-v4/radio-group-demo.json	free	source	react		active		2026-10-07	
shadcn	resizable-demo	Resizable Demo	example/new-york-v4	https://ui.shadcn.com/r/styles/new-york-v4/resizable-demo.json	https://ui.shadcn.com/r/styles/new-york-v4/resizable-demo.json	registry:https://ui.shadcn.com/r/styles/new-york-v4/resizable-demo.json	free	source	react		active		2026-10-07	
shadcn	resizable-demo-with-handle	Resizable Demo With Handle	example/new-york-v4	https://ui.shadcn.com/r/styles/new-york-v4/resizable-demo-with-handle.json	https://ui.shadcn.com/r/styles/new-york-v4/resizable-demo-with-handle.json	registry:https://ui.shadcn.com/r/styles/new-york-v4/resizable-demo-with-handle.json	free	source	react		active		2026-10-07	
shadcn	resizable-vertical	Resizable Vertical	example/new-york-v4	https://ui.shadcn.com/r/styles/new-york-v4/resizable-vertical.json	https://ui.shadcn.com/r/styles/new-york-v4/resizable-vertical.json	registry:https://ui.shadcn.com/r/styles/new-york-v4/resizable-vertical.json	free	source	react		active		2026-10-07	
shadcn	resizable-handle	Resizable Handle	example/new-york-v4	https://ui.shadcn.com/r/styles/new-york-v4/resizable-handle.json	https://ui.shadcn.com/r/styles/new-york-v4/resizable-handle.json	registry:https://ui.shadcn.com/r/styles/new-york-v4/resizable-handle.json	free	source	react		active		2026-10-07	
shadcn	scroll-area-demo	Scroll Area Demo	example/new-york-v4	https://ui.shadcn.com/r/styles/new-york-v4/scroll-area-demo.json	https://ui.shadcn.com/r/styles/new-york-v4/scroll-area-demo.json	registry:https://ui.shadcn.com/r/styles/new-york-v4/scroll-area-demo.json	free	source	react		active		2026-10-07	
shadcn	scroll-area-horizontal-demo	Scroll Area Horizontal Demo	example/new-york-v4	https://ui.shadcn.com/r/styles/new-york-v4/scroll-area-horizontal-demo.json	https://ui.shadcn.com/r/styles/new-york-v4/scroll-area-horizontal-demo.json	registry:https://ui.shadcn.com/r/styles/new-york-v4/scroll-area-horizontal-demo.json	free	source	react		active		2026-10-07	
shadcn	select-demo	Select Demo	example/new-york-v4	https://ui.shadcn.com/r/styles/new-york-v4/select-demo.json	https://ui.shadcn.com/r/styles/new-york-v4/select-demo.json	registry:https://ui.shadcn.com/r/styles/new-york-v4/select-demo.json	free	source	react		active		2026-10-07	
shadcn	select-scrollable	Select Scrollable	example/new-york-v4	https://ui.shadcn.com/r/styles/new-york-v4/select-scrollable.json	https://ui.shadcn.com/r/styles/new-york-v4/select-scrollable.json	registry:https://ui.shadcn.com/r/styles/new-york-v4/select-scrollable.json	free	source	react		active		2026-10-07	
shadcn	separator-demo	Separator Demo	example/new-york-v4	https://ui.shadcn.com/r/styles/new-york-v4/separator-demo.json	https://ui.shadcn.com/r/styles/new-york-v4/separator-demo.json	registry:https://ui.shadcn.com/r/styles/new-york-v4/separator-demo.json	free	source	react		active		2026-10-07	
shadcn	sheet-demo	Sheet Demo	example/new-york-v4	https://ui.shadcn.com/r/styles/new-york-v4/sheet-demo.json	https://ui.shadcn.com/r/styles/new-york-v4/sheet-demo.json	registry:https://ui.shadcn.com/r/styles/new-york-v4/sheet-demo.json	free	source	react		active		2026-10-07	
shadcn	sheet-side	Sheet Side	example/new-york-v4	https://ui.shadcn.com/r/styles/new-york-v4/sheet-side.json	https://ui.shadcn.com/r/styles/new-york-v4/sheet-side.json	registry:https://ui.shadcn.com/r/styles/new-york-v4/sheet-side.json	free	source	react		active		2026-10-07	
shadcn	skeleton-demo	Skeleton Demo	example/new-york-v4	https://ui.shadcn.com/r/styles/new-york-v4/skeleton-demo.json	https://ui.shadcn.com/r/styles/new-york-v4/skeleton-demo.json	registry:https://ui.shadcn.com/r/styles/new-york-v4/skeleton-demo.json	free	source	react		active		2026-10-07	
shadcn	skeleton-card	Skeleton Card	example/new-york-v4	https://ui.shadcn.com/r/styles/new-york-v4/skeleton-card.json	https://ui.shadcn.com/r/styles/new-york-v4/skeleton-card.json	registry:https://ui.shadcn.com/r/styles/new-york-v4/skeleton-card.json	free	source	react		active		2026-10-07	
shadcn	slider-demo	Slider Demo	example/new-york-v4	https://ui.shadcn.com/r/styles/new-york-v4/slider-demo.json	https://ui.shadcn.com/r/styles/new-york-v4/slider-demo.json	registry:https://ui.shadcn.com/r/styles/new-york-v4/slider-demo.json	free	source	react		active		2026-10-07	
shadcn	sonner-demo	Sonner Demo	example/new-york-v4	https://ui.shadcn.com/r/styles/new-york-v4/sonner-demo.json	https://ui.shadcn.com/r/styles/new-york-v4/sonner-demo.json	registry:https://ui.shadcn.com/r/styles/new-york-v4/sonner-demo.json	free	source	react		active		2026-10-07	
shadcn	sonner-types	Sonner Types	example/new-york-v4	https://ui.shadcn.com/r/styles/new-york-v4/sonner-types.json	https://ui.shadcn.com/r/styles/new-york-v4/sonner-types.json	registry:https://ui.shadcn.com/r/styles/new-york-v4/sonner-types.json	free	source	react		active		2026-10-07	
shadcn	spinner-demo	Spinner Demo	example/new-york-v4	https://ui.shadcn.com/r/styles/new-york-v4/spinner-demo.json	https://ui.shadcn.com/r/styles/new-york-v4/spinner-demo.json	registry:https://ui.shadcn.com/r/styles/new-york-v4/spinner-demo.json	free	source	react		active		2026-10-07	
shadcn	spinner-basic	Spinner Basic	example/new-york-v4	https://ui.shadcn.com/r/styles/new-york-v4/spinner-basic.json	https://ui.shadcn.com/r/styles/new-york-v4/spinner-basic.json	registry:https://ui.shadcn.com/r/styles/new-york-v4/spinner-basic.json	free	source	react		active		2026-10-07	
shadcn	spinner-button	Spinner Button	example/new-york-v4	https://ui.shadcn.com/r/styles/new-york-v4/spinner-button.json	https://ui.shadcn.com/r/styles/new-york-v4/spinner-button.json	registry:https://ui.shadcn.com/r/styles/new-york-v4/spinner-button.json	free	source	react		active		2026-10-07	
shadcn	spinner-badge	Spinner Badge	example/new-york-v4	https://ui.shadcn.com/r/styles/new-york-v4/spinner-badge.json	https://ui.shadcn.com/r/styles/new-york-v4/spinner-badge.json	registry:https://ui.shadcn.com/r/styles/new-york-v4/spinner-badge.json	free	source	react		active		2026-10-07	
shadcn	spinner-input-group	Spinner Input Group	example/new-york-v4	https://ui.shadcn.com/r/styles/new-york-v4/spinner-input-group.json	https://ui.shadcn.com/r/styles/new-york-v4/spinner-input-group.json	registry:https://ui.shadcn.com/r/styles/new-york-v4/spinner-input-group.json	free	source	react		active		2026-10-07	
shadcn	spinner-empty	Spinner Empty	example/new-york-v4	https://ui.shadcn.com/r/styles/new-york-v4/spinner-empty.json	https://ui.shadcn.com/r/styles/new-york-v4/spinner-empty.json	registry:https://ui.shadcn.com/r/styles/new-york-v4/spinner-empty.json	free	source	react		active		2026-10-07	
shadcn	spinner-color	Spinner Color	example/new-york-v4	https://ui.shadcn.com/r/styles/new-york-v4/spinner-color.json	https://ui.shadcn.com/r/styles/new-york-v4/spinner-color.json	registry:https://ui.shadcn.com/r/styles/new-york-v4/spinner-color.json	free	source	react		active		2026-10-07	
shadcn	spinner-custom	Spinner Custom	example/new-york-v4	https://ui.shadcn.com/r/styles/new-york-v4/spinner-custom.json	https://ui.shadcn.com/r/styles/new-york-v4/spinner-custom.json	registry:https://ui.shadcn.com/r/styles/new-york-v4/spinner-custom.json	free	source	react		active		2026-10-07	
shadcn	spinner-size	Spinner Size	example/new-york-v4	https://ui.shadcn.com/r/styles/new-york-v4/spinner-size.json	https://ui.shadcn.com/r/styles/new-york-v4/spinner-size.json	registry:https://ui.shadcn.com/r/styles/new-york-v4/spinner-size.json	free	source	react		active		2026-10-07	
shadcn	spinner-item	Spinner Item	example/new-york-v4	https://ui.shadcn.com/r/styles/new-york-v4/spinner-item.json	https://ui.shadcn.com/r/styles/new-york-v4/spinner-item.json	registry:https://ui.shadcn.com/r/styles/new-york-v4/spinner-item.json	free	source	react		active		2026-10-07	
shadcn	switch-demo	Switch Demo	example/new-york-v4	https://ui.shadcn.com/r/styles/new-york-v4/switch-demo.json	https://ui.shadcn.com/r/styles/new-york-v4/switch-demo.json	registry:https://ui.shadcn.com/r/styles/new-york-v4/switch-demo.json	free	source	react		active		2026-10-07	
shadcn	table-demo	Table Demo	example/new-york-v4	https://ui.shadcn.com/r/styles/new-york-v4/table-demo.json	https://ui.shadcn.com/r/styles/new-york-v4/table-demo.json	registry:https://ui.shadcn.com/r/styles/new-york-v4/table-demo.json	free	source	react		active		2026-10-07	
shadcn	tabs-demo	Tabs Demo	example/new-york-v4	https://ui.shadcn.com/r/styles/new-york-v4/tabs-demo.json	https://ui.shadcn.com/r/styles/new-york-v4/tabs-demo.json	registry:https://ui.shadcn.com/r/styles/new-york-v4/tabs-demo.json	free	source	react		active		2026-10-07	
shadcn	textarea-demo	Textarea Demo	example/new-york-v4	https://ui.shadcn.com/r/styles/new-york-v4/textarea-demo.json	https://ui.shadcn.com/r/styles/new-york-v4/textarea-demo.json	registry:https://ui.shadcn.com/r/styles/new-york-v4/textarea-demo.json	free	source	react		active		2026-10-07	
shadcn	textarea-disabled	Textarea Disabled	example/new-york-v4	https://ui.shadcn.com/r/styles/new-york-v4/textarea-disabled.json	https://ui.shadcn.com/r/styles/new-york-v4/textarea-disabled.json	registry:https://ui.shadcn.com/r/styles/new-york-v4/textarea-disabled.json	free	source	react		active		2026-10-07	
shadcn	textarea-with-button	Textarea With Button	example/new-york-v4	https://ui.shadcn.com/r/styles/new-york-v4/textarea-with-button.json	https://ui.shadcn.com/r/styles/new-york-v4/textarea-with-button.json	registry:https://ui.shadcn.com/r/styles/new-york-v4/textarea-with-button.json	free	source	react		active		2026-10-07	
shadcn	textarea-with-label	Textarea With Label	example/new-york-v4	https://ui.shadcn.com/r/styles/new-york-v4/textarea-with-label.json	https://ui.shadcn.com/r/styles/new-york-v4/textarea-with-label.json	registry:https://ui.shadcn.com/r/styles/new-york-v4/textarea-with-label.json	free	source	react		active		2026-10-07	
shadcn	textarea-with-text	Textarea With Text	example/new-york-v4	https://ui.shadcn.com/r/styles/new-york-v4/textarea-with-text.json	https://ui.shadcn.com/r/styles/new-york-v4/textarea-with-text.json	registry:https://ui.shadcn.com/r/styles/new-york-v4/textarea-with-text.json	free	source	react		active		2026-10-07	
shadcn	toggle-group-demo	Toggle Group Demo	example/new-york-v4	https://ui.shadcn.com/r/styles/new-york-v4/toggle-group-demo.json	https://ui.shadcn.com/r/styles/new-york-v4/toggle-group-demo.json	registry:https://ui.shadcn.com/r/styles/new-york-v4/toggle-group-demo.json	free	source	react		active		2026-10-07	
shadcn	toggle-group-disabled	Toggle Group Disabled	example/new-york-v4	https://ui.shadcn.com/r/styles/new-york-v4/toggle-group-disabled.json	https://ui.shadcn.com/r/styles/new-york-v4/toggle-group-disabled.json	registry:https://ui.shadcn.com/r/styles/new-york-v4/toggle-group-disabled.json	free	source	react		active		2026-10-07	
shadcn	toggle-group-lg	Toggle Group Lg	example/new-york-v4	https://ui.shadcn.com/r/styles/new-york-v4/toggle-group-lg.json	https://ui.shadcn.com/r/styles/new-york-v4/toggle-group-lg.json	registry:https://ui.shadcn.com/r/styles/new-york-v4/toggle-group-lg.json	free	source	react		active		2026-10-07	
shadcn	toggle-group-outline	Toggle Group Outline	example/new-york-v4	https://ui.shadcn.com/r/styles/new-york-v4/toggle-group-outline.json	https://ui.shadcn.com/r/styles/new-york-v4/toggle-group-outline.json	registry:https://ui.shadcn.com/r/styles/new-york-v4/toggle-group-outline.json	free	source	react		active		2026-10-07	
shadcn	toggle-group-sm	Toggle Group Sm	example/new-york-v4	https://ui.shadcn.com/r/styles/new-york-v4/toggle-group-sm.json	https://ui.shadcn.com/r/styles/new-york-v4/toggle-group-sm.json	registry:https://ui.shadcn.com/r/styles/new-york-v4/toggle-group-sm.json	free	source	react		active		2026-10-07	
shadcn	toggle-group-single	Toggle Group Single	example/new-york-v4	https://ui.shadcn.com/r/styles/new-york-v4/toggle-group-single.json	https://ui.shadcn.com/r/styles/new-york-v4/toggle-group-single.json	registry:https://ui.shadcn.com/r/styles/new-york-v4/toggle-group-single.json	free	source	react		active		2026-10-07	
shadcn	toggle-group-spacing	Toggle Group Spacing	example/new-york-v4	https://ui.shadcn.com/r/styles/new-york-v4/toggle-group-spacing.json	https://ui.shadcn.com/r/styles/new-york-v4/toggle-group-spacing.json	registry:https://ui.shadcn.com/r/styles/new-york-v4/toggle-group-spacing.json	free	source	react		active		2026-10-07	
shadcn	toggle-demo	Toggle Demo	example/new-york-v4	https://ui.shadcn.com/r/styles/new-york-v4/toggle-demo.json	https://ui.shadcn.com/r/styles/new-york-v4/toggle-demo.json	registry:https://ui.shadcn.com/r/styles/new-york-v4/toggle-demo.json	free	source	react		active		2026-10-07	
shadcn	toggle-disabled	Toggle Disabled	example/new-york-v4	https://ui.shadcn.com/r/styles/new-york-v4/toggle-disabled.json	https://ui.shadcn.com/r/styles/new-york-v4/toggle-disabled.json	registry:https://ui.shadcn.com/r/styles/new-york-v4/toggle-disabled.json	free	source	react		active		2026-10-07	
shadcn	toggle-lg	Toggle Lg	example/new-york-v4	https://ui.shadcn.com/r/styles/new-york-v4/toggle-lg.json	https://ui.shadcn.com/r/styles/new-york-v4/toggle-lg.json	registry:https://ui.shadcn.com/r/styles/new-york-v4/toggle-lg.json	free	source	react		active		2026-10-07	
shadcn	toggle-outline	Toggle Outline	example/new-york-v4	https://ui.shadcn.com/r/styles/new-york-v4/toggle-outline.json	https://ui.shadcn.com/r/styles/new-york-v4/toggle-outline.json	registry:https://ui.shadcn.com/r/styles/new-york-v4/toggle-outline.json	free	source	react		active		2026-10-07	
shadcn	toggle-sm	Toggle Sm	example/new-york-v4	https://ui.shadcn.com/r/styles/new-york-v4/toggle-sm.json	https://ui.shadcn.com/r/styles/new-york-v4/toggle-sm.json	registry:https://ui.shadcn.com/r/styles/new-york-v4/toggle-sm.json	free	source	react		active		2026-10-07	
shadcn	toggle-with-text	Toggle With Text	example/new-york-v4	https://ui.shadcn.com/r/styles/new-york-v4/toggle-with-text.json	https://ui.shadcn.com/r/styles/new-york-v4/toggle-with-text.json	registry:https://ui.shadcn.com/r/styles/new-york-v4/toggle-with-text.json	free	source	react		active		2026-10-07	
shadcn	tooltip-demo	Tooltip Demo	example/new-york-v4	https://ui.shadcn.com/r/styles/new-york-v4/tooltip-demo.json	https://ui.shadcn.com/r/styles/new-york-v4/tooltip-demo.json	registry:https://ui.shadcn.com/r/styles/new-york-v4/tooltip-demo.json	free	source	react		active		2026-10-07	
shadcn	typography-blockquote	Typography Blockquote	example/new-york-v4	https://ui.shadcn.com/r/styles/new-york-v4/typography-blockquote.json	https://ui.shadcn.com/r/styles/new-york-v4/typography-blockquote.json	registry:https://ui.shadcn.com/r/styles/new-york-v4/typography-blockquote.json	free	source	react		active		2026-10-07	
shadcn	typography-demo	Typography Demo	example/new-york-v4	https://ui.shadcn.com/r/styles/new-york-v4/typography-demo.json	https://ui.shadcn.com/r/styles/new-york-v4/typography-demo.json	registry:https://ui.shadcn.com/r/styles/new-york-v4/typography-demo.json	free	source	react		active		2026-10-07	
shadcn	typography-h1	Typography H1	example/new-york-v4	https://ui.shadcn.com/r/styles/new-york-v4/typography-h1.json	https://ui.shadcn.com/r/styles/new-york-v4/typography-h1.json	registry:https://ui.shadcn.com/r/styles/new-york-v4/typography-h1.json	free	source	react		active		2026-10-07	
shadcn	typography-h2	Typography H2	example/new-york-v4	https://ui.shadcn.com/r/styles/new-york-v4/typography-h2.json	https://ui.shadcn.com/r/styles/new-york-v4/typography-h2.json	registry:https://ui.shadcn.com/r/styles/new-york-v4/typography-h2.json	free	source	react		active		2026-10-07	
shadcn	typography-h3	Typography H3	example/new-york-v4	https://ui.shadcn.com/r/styles/new-york-v4/typography-h3.json	https://ui.shadcn.com/r/styles/new-york-v4/typography-h3.json	registry:https://ui.shadcn.com/r/styles/new-york-v4/typography-h3.json	free	source	react		active		2026-10-07	
shadcn	typography-h4	Typography H4	example/new-york-v4	https://ui.shadcn.com/r/styles/new-york-v4/typography-h4.json	https://ui.shadcn.com/r/styles/new-york-v4/typography-h4.json	registry:https://ui.shadcn.com/r/styles/new-york-v4/typography-h4.json	free	source	react		active		2026-10-07	
shadcn	typography-inline-code	Typography Inline Code	example/new-york-v4	https://ui.shadcn.com/r/styles/new-york-v4/typography-inline-code.json	https://ui.shadcn.com/r/styles/new-york-v4/typography-inline-code.json	registry:https://ui.shadcn.com/r/styles/new-york-v4/typography-inline-code.json	free	source	react		active		2026-10-07	
shadcn	typography-large	Typography Large	example/new-york-v4	https://ui.shadcn.com/r/styles/new-york-v4/typography-large.json	https://ui.shadcn.com/r/styles/new-york-v4/typography-large.json	registry:https://ui.shadcn.com/r/styles/new-york-v4/typography-large.json	free	source	react		active		2026-10-07	
shadcn	typography-lead	Typography Lead	example/new-york-v4	https://ui.shadcn.com/r/styles/new-york-v4/typography-lead.json	https://ui.shadcn.com/r/styles/new-york-v4/typography-lead.json	registry:https://ui.shadcn.com/r/styles/new-york-v4/typography-lead.json	free	source	react		active		2026-10-07	
shadcn	typography-list	Typography List	example/new-york-v4	https://ui.shadcn.com/r/styles/new-york-v4/typography-list.json	https://ui.shadcn.com/r/styles/new-york-v4/typography-list.json	registry:https://ui.shadcn.com/r/styles/new-york-v4/typography-list.json	free	source	react		active		2026-10-07	
shadcn	typography-muted	Typography Muted	example/new-york-v4	https://ui.shadcn.com/r/styles/new-york-v4/typography-muted.json	https://ui.shadcn.com/r/styles/new-york-v4/typography-muted.json	registry:https://ui.shadcn.com/r/styles/new-york-v4/typography-muted.json	free	source	react		active		2026-10-07	
shadcn	typography-p	Typography P	example/new-york-v4	https://ui.shadcn.com/r/styles/new-york-v4/typography-p.json	https://ui.shadcn.com/r/styles/new-york-v4/typography-p.json	registry:https://ui.shadcn.com/r/styles/new-york-v4/typography-p.json	free	source	react		active		2026-10-07	
shadcn	typography-small	Typography Small	example/new-york-v4	https://ui.shadcn.com/r/styles/new-york-v4/typography-small.json	https://ui.shadcn.com/r/styles/new-york-v4/typography-small.json	registry:https://ui.shadcn.com/r/styles/new-york-v4/typography-small.json	free	source	react		active		2026-10-07	
shadcn	typography-table	Typography Table	example/new-york-v4	https://ui.shadcn.com/r/styles/new-york-v4/typography-table.json	https://ui.shadcn.com/r/styles/new-york-v4/typography-table.json	registry:https://ui.shadcn.com/r/styles/new-york-v4/typography-table.json	free	source	react		active		2026-10-07	
shadcn	mode-toggle	Mode Toggle	example/new-york-v4	https://ui.shadcn.com/r/styles/new-york-v4/mode-toggle.json	https://ui.shadcn.com/r/styles/new-york-v4/mode-toggle.json	registry:https://ui.shadcn.com/r/styles/new-york-v4/mode-toggle.json	free	source	react		active		2026-10-07	
shadcn	chart-bar-demo	Chart Bar Demo	example/new-york-v4	https://ui.shadcn.com/r/styles/new-york-v4/chart-bar-demo.json	https://ui.shadcn.com/r/styles/new-york-v4/chart-bar-demo.json	registry:https://ui.shadcn.com/r/styles/new-york-v4/chart-bar-demo.json	free	source	react		active		2026-10-07	
shadcn	chart-bar-demo-grid	Chart Bar Demo Grid	example/new-york-v4	https://ui.shadcn.com/r/styles/new-york-v4/chart-bar-demo-grid.json	https://ui.shadcn.com/r/styles/new-york-v4/chart-bar-demo-grid.json	registry:https://ui.shadcn.com/r/styles/new-york-v4/chart-bar-demo-grid.json	free	source	react		active		2026-10-07	
shadcn	chart-bar-demo-axis	Chart Bar Demo Axis	example/new-york-v4	https://ui.shadcn.com/r/styles/new-york-v4/chart-bar-demo-axis.json	https://ui.shadcn.com/r/styles/new-york-v4/chart-bar-demo-axis.json	registry:https://ui.shadcn.com/r/styles/new-york-v4/chart-bar-demo-axis.json	free	source	react		active		2026-10-07	
shadcn	chart-bar-demo-tooltip	Chart Bar Demo Tooltip	example/new-york-v4	https://ui.shadcn.com/r/styles/new-york-v4/chart-bar-demo-tooltip.json	https://ui.shadcn.com/r/styles/new-york-v4/chart-bar-demo-tooltip.json	registry:https://ui.shadcn.com/r/styles/new-york-v4/chart-bar-demo-tooltip.json	free	source	react		active		2026-10-07	
shadcn	chart-bar-demo-legend	Chart Bar Demo Legend	example/new-york-v4	https://ui.shadcn.com/r/styles/new-york-v4/chart-bar-demo-legend.json	https://ui.shadcn.com/r/styles/new-york-v4/chart-bar-demo-legend.json	registry:https://ui.shadcn.com/r/styles/new-york-v4/chart-bar-demo-legend.json	free	source	react		active		2026-10-07	
shadcn	chart-tooltip-demo	Chart Tooltip Demo	example/new-york-v4	https://ui.shadcn.com/r/styles/new-york-v4/chart-tooltip-demo.json	https://ui.shadcn.com/r/styles/new-york-v4/chart-tooltip-demo.json	registry:https://ui.shadcn.com/r/styles/new-york-v4/chart-tooltip-demo.json	free	source	react		active		2026-10-07	
shadcn	calendar-hijri	Calendar Hijri	example/new-york-v4	https://ui.shadcn.com/r/styles/new-york-v4/calendar-hijri.json	https://ui.shadcn.com/r/styles/new-york-v4/calendar-hijri.json	registry:https://ui.shadcn.com/r/styles/new-york-v4/calendar-hijri.json	free	source	react		active		2026-10-07	
shadcn	sidebar-demo	Sidebar Demo	example/new-york-v4	https://ui.shadcn.com/r/styles/new-york-v4/sidebar-demo.json	https://ui.shadcn.com/r/styles/new-york-v4/sidebar-demo.json	registry:https://ui.shadcn.com/r/styles/new-york-v4/sidebar-demo.json	free	source	react		active		2026-10-07	
shadcn	sidebar-header	Sidebar Header	example/new-york-v4	https://ui.shadcn.com/r/styles/new-york-v4/sidebar-header.json	https://ui.shadcn.com/r/styles/new-york-v4/sidebar-header.json	registry:https://ui.shadcn.com/r/styles/new-york-v4/sidebar-header.json	free	source	react		active		2026-10-07	
shadcn	sidebar-footer	Sidebar Footer	example/new-york-v4	https://ui.shadcn.com/r/styles/new-york-v4/sidebar-footer.json	https://ui.shadcn.com/r/styles/new-york-v4/sidebar-footer.json	registry:https://ui.shadcn.com/r/styles/new-york-v4/sidebar-footer.json	free	source	react		active		2026-10-07	
shadcn	sidebar-group	Sidebar Group	example/new-york-v4	https://ui.shadcn.com/r/styles/new-york-v4/sidebar-group.json	https://ui.shadcn.com/r/styles/new-york-v4/sidebar-group.json	registry:https://ui.shadcn.com/r/styles/new-york-v4/sidebar-group.json	free	source	react		active		2026-10-07	
shadcn	sidebar-group-collapsible	Sidebar Group Collapsible	example/new-york-v4	https://ui.shadcn.com/r/styles/new-york-v4/sidebar-group-collapsible.json	https://ui.shadcn.com/r/styles/new-york-v4/sidebar-group-collapsible.json	registry:https://ui.shadcn.com/r/styles/new-york-v4/sidebar-group-collapsible.json	free	source	react		active		2026-10-07	
shadcn	sidebar-group-action	Sidebar Group Action	example/new-york-v4	https://ui.shadcn.com/r/styles/new-york-v4/sidebar-group-action.json	https://ui.shadcn.com/r/styles/new-york-v4/sidebar-group-action.json	registry:https://ui.shadcn.com/r/styles/new-york-v4/sidebar-group-action.json	free	source	react		active		2026-10-07	
shadcn	sidebar-menu	Sidebar Menu	example/new-york-v4	https://ui.shadcn.com/r/styles/new-york-v4/sidebar-menu.json	https://ui.shadcn.com/r/styles/new-york-v4/sidebar-menu.json	registry:https://ui.shadcn.com/r/styles/new-york-v4/sidebar-menu.json	free	source	react		active		2026-10-07	
shadcn	sidebar-menu-action	Sidebar Menu Action	example/new-york-v4	https://ui.shadcn.com/r/styles/new-york-v4/sidebar-menu-action.json	https://ui.shadcn.com/r/styles/new-york-v4/sidebar-menu-action.json	registry:https://ui.shadcn.com/r/styles/new-york-v4/sidebar-menu-action.json	free	source	react		active		2026-10-07	
shadcn	sidebar-menu-sub	Sidebar Menu Sub	example/new-york-v4	https://ui.shadcn.com/r/styles/new-york-v4/sidebar-menu-sub.json	https://ui.shadcn.com/r/styles/new-york-v4/sidebar-menu-sub.json	registry:https://ui.shadcn.com/r/styles/new-york-v4/sidebar-menu-sub.json	free	source	react		active		2026-10-07	
shadcn	sidebar-menu-collapsible	Sidebar Menu Collapsible	example/new-york-v4	https://ui.shadcn.com/r/styles/new-york-v4/sidebar-menu-collapsible.json	https://ui.shadcn.com/r/styles/new-york-v4/sidebar-menu-collapsible.json	registry:https://ui.shadcn.com/r/styles/new-york-v4/sidebar-menu-collapsible.json	free	source	react		active		2026-10-07	
shadcn	sidebar-menu-badge	Sidebar Menu Badge	example/new-york-v4	https://ui.shadcn.com/r/styles/new-york-v4/sidebar-menu-badge.json	https://ui.shadcn.com/r/styles/new-york-v4/sidebar-menu-badge.json	registry:https://ui.shadcn.com/r/styles/new-york-v4/sidebar-menu-badge.json	free	source	react		active		2026-10-07	
shadcn	sidebar-rsc	Sidebar Rsc	example/new-york-v4	https://ui.shadcn.com/r/styles/new-york-v4/sidebar-rsc.json	https://ui.shadcn.com/r/styles/new-york-v4/sidebar-rsc.json	registry:https://ui.shadcn.com/r/styles/new-york-v4/sidebar-rsc.json	free	source	react		active		2026-10-07	
shadcn	sidebar-controlled	Sidebar Controlled	example/new-york-v4	https://ui.shadcn.com/r/styles/new-york-v4/sidebar-controlled.json	https://ui.shadcn.com/r/styles/new-york-v4/sidebar-controlled.json	registry:https://ui.shadcn.com/r/styles/new-york-v4/sidebar-controlled.json	free	source	react		active		2026-10-07	
shadcn	accordion-example	Accordion Example	example/bases	https://ui.shadcn.com/r/styles/base-nova/accordion-example.json	https://ui.shadcn.com/r/styles/base-nova/accordion-example.json	registry:https://ui.shadcn.com/r/styles/base-nova/accordion-example.json	free	source	react		active		2026-10-07	
shadcn	alert-example	Alert Example	example/bases	https://ui.shadcn.com/r/styles/base-nova/alert-example.json	https://ui.shadcn.com/r/styles/base-nova/alert-example.json	registry:https://ui.shadcn.com/r/styles/base-nova/alert-example.json	free	source	react		active		2026-10-07	
shadcn	alert-dialog-example	Alert Dialog Example	example/bases	https://ui.shadcn.com/r/styles/base-nova/alert-dialog-example.json	https://ui.shadcn.com/r/styles/base-nova/alert-dialog-example.json	registry:https://ui.shadcn.com/r/styles/base-nova/alert-dialog-example.json	free	source	react		active		2026-10-07	
shadcn	aspect-ratio-example	Aspect Ratio Example	example/bases	https://ui.shadcn.com/r/styles/base-nova/aspect-ratio-example.json	https://ui.shadcn.com/r/styles/base-nova/aspect-ratio-example.json	registry:https://ui.shadcn.com/r/styles/base-nova/aspect-ratio-example.json	free	source	react		active		2026-10-07	
shadcn	avatar-example	Avatar Example	example/bases	https://ui.shadcn.com/r/styles/base-nova/avatar-example.json	https://ui.shadcn.com/r/styles/base-nova/avatar-example.json	registry:https://ui.shadcn.com/r/styles/base-nova/avatar-example.json	free	source	react		active		2026-10-07	
shadcn	badge-example	Badge Example	example/bases	https://ui.shadcn.com/r/styles/base-nova/badge-example.json	https://ui.shadcn.com/r/styles/base-nova/badge-example.json	registry:https://ui.shadcn.com/r/styles/base-nova/badge-example.json	free	source	react		active		2026-10-07	
shadcn	breadcrumb-example	Breadcrumb Example	example/bases	https://ui.shadcn.com/r/styles/base-nova/breadcrumb-example.json	https://ui.shadcn.com/r/styles/base-nova/breadcrumb-example.json	registry:https://ui.shadcn.com/r/styles/base-nova/breadcrumb-example.json	free	source	react		active		2026-10-07	
shadcn	button-example	Button Example	example/bases	https://ui.shadcn.com/r/styles/base-nova/button-example.json	https://ui.shadcn.com/r/styles/base-nova/button-example.json	registry:https://ui.shadcn.com/r/styles/base-nova/button-example.json	free	source	react		active		2026-10-07	
shadcn	button-group-example	Button Group Example	example/bases	https://ui.shadcn.com/r/styles/base-nova/button-group-example.json	https://ui.shadcn.com/r/styles/base-nova/button-group-example.json	registry:https://ui.shadcn.com/r/styles/base-nova/button-group-example.json	free	source	react		active		2026-10-07	
shadcn	calendar-example	Calendar Example	example/bases	https://ui.shadcn.com/r/styles/base-nova/calendar-example.json	https://ui.shadcn.com/r/styles/base-nova/calendar-example.json	registry:https://ui.shadcn.com/r/styles/base-nova/calendar-example.json	free	source	react		active		2026-10-07	
shadcn	card-example	Card Example	example/bases	https://ui.shadcn.com/r/styles/base-nova/card-example.json	https://ui.shadcn.com/r/styles/base-nova/card-example.json	registry:https://ui.shadcn.com/r/styles/base-nova/card-example.json	free	source	react		active		2026-10-07	
shadcn	carousel-example	Carousel Example	example/bases	https://ui.shadcn.com/r/styles/base-nova/carousel-example.json	https://ui.shadcn.com/r/styles/base-nova/carousel-example.json	registry:https://ui.shadcn.com/r/styles/base-nova/carousel-example.json	free	source	react		active		2026-10-07	
shadcn	chart-example	Chart Example	example/bases	https://ui.shadcn.com/r/styles/base-nova/chart-example.json	https://ui.shadcn.com/r/styles/base-nova/chart-example.json	registry:https://ui.shadcn.com/r/styles/base-nova/chart-example.json	free	source	react		active		2026-10-07	
shadcn	checkbox-example	Checkbox Example	example/bases	https://ui.shadcn.com/r/styles/base-nova/checkbox-example.json	https://ui.shadcn.com/r/styles/base-nova/checkbox-example.json	registry:https://ui.shadcn.com/r/styles/base-nova/checkbox-example.json	free	source	react		active		2026-10-07	
shadcn	collapsible-example	Collapsible Example	example/bases	https://ui.shadcn.com/r/styles/base-nova/collapsible-example.json	https://ui.shadcn.com/r/styles/base-nova/collapsible-example.json	registry:https://ui.shadcn.com/r/styles/base-nova/collapsible-example.json	free	source	react		active		2026-10-07	
shadcn	combobox-example	Combobox Example	example/bases	https://ui.shadcn.com/r/styles/base-nova/combobox-example.json	https://ui.shadcn.com/r/styles/base-nova/combobox-example.json	registry:https://ui.shadcn.com/r/styles/base-nova/combobox-example.json	free	source	react		active		2026-10-07	
shadcn	command-example	Command Example	example/bases	https://ui.shadcn.com/r/styles/base-nova/command-example.json	https://ui.shadcn.com/r/styles/base-nova/command-example.json	registry:https://ui.shadcn.com/r/styles/base-nova/command-example.json	free	source	react		active		2026-10-07	
shadcn	context-menu-example	Context Menu Example	example/bases	https://ui.shadcn.com/r/styles/base-nova/context-menu-example.json	https://ui.shadcn.com/r/styles/base-nova/context-menu-example.json	registry:https://ui.shadcn.com/r/styles/base-nova/context-menu-example.json	free	source	react		active		2026-10-07	
shadcn	dialog-example	Dialog Example	example/bases	https://ui.shadcn.com/r/styles/base-nova/dialog-example.json	https://ui.shadcn.com/r/styles/base-nova/dialog-example.json	registry:https://ui.shadcn.com/r/styles/base-nova/dialog-example.json	free	source	react		active		2026-10-07	
shadcn	drawer-example	Drawer Example	example/bases	https://ui.shadcn.com/r/styles/base-nova/drawer-example.json	https://ui.shadcn.com/r/styles/base-nova/drawer-example.json	registry:https://ui.shadcn.com/r/styles/base-nova/drawer-example.json	free	source	react		active		2026-10-07	
shadcn	dropdown-menu-example	Dropdown Menu Example	example/bases	https://ui.shadcn.com/r/styles/base-nova/dropdown-menu-example.json	https://ui.shadcn.com/r/styles/base-nova/dropdown-menu-example.json	registry:https://ui.shadcn.com/r/styles/base-nova/dropdown-menu-example.json	free	source	react		active		2026-10-07	
shadcn	empty-example	Empty Example	example/bases	https://ui.shadcn.com/r/styles/base-nova/empty-example.json	https://ui.shadcn.com/r/styles/base-nova/empty-example.json	registry:https://ui.shadcn.com/r/styles/base-nova/empty-example.json	free	source	react		active		2026-10-07	
shadcn	field-example	Field Example	example/bases	https://ui.shadcn.com/r/styles/base-nova/field-example.json	https://ui.shadcn.com/r/styles/base-nova/field-example.json	registry:https://ui.shadcn.com/r/styles/base-nova/field-example.json	free	source	react		active		2026-10-07	
shadcn	hover-card-example	Hover Card Example	example/bases	https://ui.shadcn.com/r/styles/base-nova/hover-card-example.json	https://ui.shadcn.com/r/styles/base-nova/hover-card-example.json	registry:https://ui.shadcn.com/r/styles/base-nova/hover-card-example.json	free	source	react		active		2026-10-07	
shadcn	input-example	Input Example	example/bases	https://ui.shadcn.com/r/styles/base-nova/input-example.json	https://ui.shadcn.com/r/styles/base-nova/input-example.json	registry:https://ui.shadcn.com/r/styles/base-nova/input-example.json	free	source	react		active		2026-10-07	
shadcn	input-group-example	Input Group Example	example/bases	https://ui.shadcn.com/r/styles/base-nova/input-group-example.json	https://ui.shadcn.com/r/styles/base-nova/input-group-example.json	registry:https://ui.shadcn.com/r/styles/base-nova/input-group-example.json	free	source	react		active		2026-10-07	
shadcn	input-otp-example	Input Otp Example	example/bases	https://ui.shadcn.com/r/styles/base-nova/input-otp-example.json	https://ui.shadcn.com/r/styles/base-nova/input-otp-example.json	registry:https://ui.shadcn.com/r/styles/base-nova/input-otp-example.json	free	source	react		active		2026-10-07	
shadcn	item-example	Item Example	example/bases	https://ui.shadcn.com/r/styles/base-nova/item-example.json	https://ui.shadcn.com/r/styles/base-nova/item-example.json	registry:https://ui.shadcn.com/r/styles/base-nova/item-example.json	free	source	react		active		2026-10-07	
shadcn	kbd-example	Kbd Example	example/bases	https://ui.shadcn.com/r/styles/base-nova/kbd-example.json	https://ui.shadcn.com/r/styles/base-nova/kbd-example.json	registry:https://ui.shadcn.com/r/styles/base-nova/kbd-example.json	free	source	react		active		2026-10-07	
shadcn	label-example	Label Example	example/bases	https://ui.shadcn.com/r/styles/base-nova/label-example.json	https://ui.shadcn.com/r/styles/base-nova/label-example.json	registry:https://ui.shadcn.com/r/styles/base-nova/label-example.json	free	source	react		active		2026-10-07	
shadcn	menubar-example	Menubar Example	example/bases	https://ui.shadcn.com/r/styles/base-nova/menubar-example.json	https://ui.shadcn.com/r/styles/base-nova/menubar-example.json	registry:https://ui.shadcn.com/r/styles/base-nova/menubar-example.json	free	source	react		active		2026-10-07	
shadcn	native-select-example	Native Select Example	example/bases	https://ui.shadcn.com/r/styles/base-nova/native-select-example.json	https://ui.shadcn.com/r/styles/base-nova/native-select-example.json	registry:https://ui.shadcn.com/r/styles/base-nova/native-select-example.json	free	source	react		active		2026-10-07	
shadcn	navigation-menu-example	Navigation Menu Example	example/bases	https://ui.shadcn.com/r/styles/base-nova/navigation-menu-example.json	https://ui.shadcn.com/r/styles/base-nova/navigation-menu-example.json	registry:https://ui.shadcn.com/r/styles/base-nova/navigation-menu-example.json	free	source	react		active		2026-10-07	
shadcn	pagination-example	Pagination Example	example/bases	https://ui.shadcn.com/r/styles/base-nova/pagination-example.json	https://ui.shadcn.com/r/styles/base-nova/pagination-example.json	registry:https://ui.shadcn.com/r/styles/base-nova/pagination-example.json	free	source	react		active		2026-10-07	
shadcn	popover-example	Popover Example	example/bases	https://ui.shadcn.com/r/styles/base-nova/popover-example.json	https://ui.shadcn.com/r/styles/base-nova/popover-example.json	registry:https://ui.shadcn.com/r/styles/base-nova/popover-example.json	free	source	react		active		2026-10-07	
shadcn	progress-example	Progress Example	example/bases	https://ui.shadcn.com/r/styles/base-nova/progress-example.json	https://ui.shadcn.com/r/styles/base-nova/progress-example.json	registry:https://ui.shadcn.com/r/styles/base-nova/progress-example.json	free	source	react		active		2026-10-07	
shadcn	radio-group-example	Radio Group Example	example/bases	https://ui.shadcn.com/r/styles/base-nova/radio-group-example.json	https://ui.shadcn.com/r/styles/base-nova/radio-group-example.json	registry:https://ui.shadcn.com/r/styles/base-nova/radio-group-example.json	free	source	react		active		2026-10-07	
shadcn	resizable-example	Resizable Example	example/bases	https://ui.shadcn.com/r/styles/base-nova/resizable-example.json	https://ui.shadcn.com/r/styles/base-nova/resizable-example.json	registry:https://ui.shadcn.com/r/styles/base-nova/resizable-example.json	free	source	react		active		2026-10-07	
shadcn	scroll-area-example	Scroll Area Example	example/bases	https://ui.shadcn.com/r/styles/base-nova/scroll-area-example.json	https://ui.shadcn.com/r/styles/base-nova/scroll-area-example.json	registry:https://ui.shadcn.com/r/styles/base-nova/scroll-area-example.json	free	source	react		active		2026-10-07	
shadcn	select-example	Select Example	example/bases	https://ui.shadcn.com/r/styles/base-nova/select-example.json	https://ui.shadcn.com/r/styles/base-nova/select-example.json	registry:https://ui.shadcn.com/r/styles/base-nova/select-example.json	free	source	react		active		2026-10-07	
shadcn	separator-example	Separator Example	example/bases	https://ui.shadcn.com/r/styles/base-nova/separator-example.json	https://ui.shadcn.com/r/styles/base-nova/separator-example.json	registry:https://ui.shadcn.com/r/styles/base-nova/separator-example.json	free	source	react		active		2026-10-07	
shadcn	sheet-example	Sheet Example	example/bases	https://ui.shadcn.com/r/styles/base-nova/sheet-example.json	https://ui.shadcn.com/r/styles/base-nova/sheet-example.json	registry:https://ui.shadcn.com/r/styles/base-nova/sheet-example.json	free	source	react		active		2026-10-07	
shadcn	sidebar-example	Sidebar Example	example/bases	https://ui.shadcn.com/r/styles/base-nova/sidebar-example.json	https://ui.shadcn.com/r/styles/base-nova/sidebar-example.json	registry:https://ui.shadcn.com/r/styles/base-nova/sidebar-example.json	free	source	react		active		2026-10-07	
shadcn	sidebar-icon-example	Sidebar Icon Example	example/bases	https://ui.shadcn.com/r/styles/base-nova/sidebar-icon-example.json	https://ui.shadcn.com/r/styles/base-nova/sidebar-icon-example.json	registry:https://ui.shadcn.com/r/styles/base-nova/sidebar-icon-example.json	free	source	react		active		2026-10-07	
shadcn	sidebar-inset-example	Sidebar Inset Example	example/bases	https://ui.shadcn.com/r/styles/base-nova/sidebar-inset-example.json	https://ui.shadcn.com/r/styles/base-nova/sidebar-inset-example.json	registry:https://ui.shadcn.com/r/styles/base-nova/sidebar-inset-example.json	free	source	react		active		2026-10-07	
shadcn	sidebar-floating-example	Sidebar Floating Example	example/bases	https://ui.shadcn.com/r/styles/base-nova/sidebar-floating-example.json	https://ui.shadcn.com/r/styles/base-nova/sidebar-floating-example.json	registry:https://ui.shadcn.com/r/styles/base-nova/sidebar-floating-example.json	free	source	react		active		2026-10-07	
shadcn	skeleton-example	Skeleton Example	example/bases	https://ui.shadcn.com/r/styles/base-nova/skeleton-example.json	https://ui.shadcn.com/r/styles/base-nova/skeleton-example.json	registry:https://ui.shadcn.com/r/styles/base-nova/skeleton-example.json	free	source	react		active		2026-10-07	
shadcn	slider-example	Slider Example	example/bases	https://ui.shadcn.com/r/styles/base-nova/slider-example.json	https://ui.shadcn.com/r/styles/base-nova/slider-example.json	registry:https://ui.shadcn.com/r/styles/base-nova/slider-example.json	free	source	react		active		2026-10-07	
shadcn	sonner-example	Sonner Example	example/bases	https://ui.shadcn.com/r/styles/base-nova/sonner-example.json	https://ui.shadcn.com/r/styles/base-nova/sonner-example.json	registry:https://ui.shadcn.com/r/styles/base-nova/sonner-example.json	free	source	react		active		2026-10-07	
shadcn	spinner-example	Spinner Example	example/bases	https://ui.shadcn.com/r/styles/base-nova/spinner-example.json	https://ui.shadcn.com/r/styles/base-nova/spinner-example.json	registry:https://ui.shadcn.com/r/styles/base-nova/spinner-example.json	free	source	react		active		2026-10-07	
shadcn	switch-example	Switch Example	example/bases	https://ui.shadcn.com/r/styles/base-nova/switch-example.json	https://ui.shadcn.com/r/styles/base-nova/switch-example.json	registry:https://ui.shadcn.com/r/styles/base-nova/switch-example.json	free	source	react		active		2026-10-07	
shadcn	table-example	Table Example	example/bases	https://ui.shadcn.com/r/styles/base-nova/table-example.json	https://ui.shadcn.com/r/styles/base-nova/table-example.json	registry:https://ui.shadcn.com/r/styles/base-nova/table-example.json	free	source	react		active		2026-10-07	
shadcn	tabs-example	Tabs Example	example/bases	https://ui.shadcn.com/r/styles/base-nova/tabs-example.json	https://ui.shadcn.com/r/styles/base-nova/tabs-example.json	registry:https://ui.shadcn.com/r/styles/base-nova/tabs-example.json	free	source	react		active		2026-10-07	
shadcn	textarea-example	Textarea Example	example/bases	https://ui.shadcn.com/r/styles/base-nova/textarea-example.json	https://ui.shadcn.com/r/styles/base-nova/textarea-example.json	registry:https://ui.shadcn.com/r/styles/base-nova/textarea-example.json	free	source	react		active		2026-10-07	
shadcn	toast-example	Toast Example	example/bases	https://ui.shadcn.com/r/styles/base-nova/toast-example.json	https://ui.shadcn.com/r/styles/base-nova/toast-example.json	registry:https://ui.shadcn.com/r/styles/base-nova/toast-example.json	free	source	react		active		2026-10-07	
shadcn	toggle-example	Toggle Example	example/bases	https://ui.shadcn.com/r/styles/base-nova/toggle-example.json	https://ui.shadcn.com/r/styles/base-nova/toggle-example.json	registry:https://ui.shadcn.com/r/styles/base-nova/toggle-example.json	free	source	react		active		2026-10-07	
shadcn	toggle-group-example	Toggle Group Example	example/bases	https://ui.shadcn.com/r/styles/base-nova/toggle-group-example.json	https://ui.shadcn.com/r/styles/base-nova/toggle-group-example.json	registry:https://ui.shadcn.com/r/styles/base-nova/toggle-group-example.json	free	source	react		active		2026-10-07	
shadcn	tooltip-example	Tooltip Example	example/bases	https://ui.shadcn.com/r/styles/base-nova/tooltip-example.json	https://ui.shadcn.com/r/styles/base-nova/tooltip-example.json	registry:https://ui.shadcn.com/r/styles/base-nova/tooltip-example.json	free	source	react		active		2026-10-07	
shadcn	demo	Demo	example/bases	https://ui.shadcn.com/r/styles/base-nova/demo.json	https://ui.shadcn.com/r/styles/base-nova/demo.json	registry:https://ui.shadcn.com/r/styles/base-nova/demo.json	free	source	react		active		2026-10-07	
shadcn	component-example	Component Example	example/bases	https://ui.shadcn.com/r/styles/base-nova/component-example.json	https://ui.shadcn.com/r/styles/base-nova/component-example.json	registry:https://ui.shadcn.com/r/styles/base-nova/component-example.json	free	source	react		active		2026-10-07	
shadcn	attachment-example	Attachment Example	example/bases	https://ui.shadcn.com/r/styles/base-nova/attachment-example.json	https://ui.shadcn.com/r/styles/base-nova/attachment-example.json	registry:https://ui.shadcn.com/r/styles/base-nova/attachment-example.json	free	source	react		active		2026-10-07	
shadcn	bubble-example	Bubble Example	example/bases	https://ui.shadcn.com/r/styles/base-nova/bubble-example.json	https://ui.shadcn.com/r/styles/base-nova/bubble-example.json	registry:https://ui.shadcn.com/r/styles/base-nova/bubble-example.json	free	source	react		active		2026-10-07	
shadcn	message-scroller-example	Message Scroller Example	example/bases	https://ui.shadcn.com/r/styles/base-nova/message-scroller-example.json	https://ui.shadcn.com/r/styles/base-nova/message-scroller-example.json	registry:https://ui.shadcn.com/r/styles/base-nova/message-scroller-example.json	free	source	react		active		2026-10-07	
shadcn	questionnaire-example	Questionnaire Example	example/bases	https://ui.shadcn.com/r/styles/base-nova/questionnaire-example.json	https://ui.shadcn.com/r/styles/base-nova/questionnaire-example.json	registry:https://ui.shadcn.com/r/styles/base-nova/questionnaire-example.json	free	source	react		active		2026-10-07	
shadcn	marker-example	Marker Example	example/bases	https://ui.shadcn.com/r/styles/base-nova/marker-example.json	https://ui.shadcn.com/r/styles/base-nova/marker-example.json	registry:https://ui.shadcn.com/r/styles/base-nova/marker-example.json	free	source	react		active		2026-10-07	
shadcn	message-example	Message Example	example/bases	https://ui.shadcn.com/r/styles/base-nova/message-example.json	https://ui.shadcn.com/r/styles/base-nova/message-example.json	registry:https://ui.shadcn.com/r/styles/base-nova/message-example.json	free	source	react		active		2026-10-07	
shadcn	example	Example	example/bases	https://ui.shadcn.com/r/styles/base-nova/example.json	https://ui.shadcn.com/r/styles/base-nova/example.json	registry:https://ui.shadcn.com/r/styles/base-nova/example.json	free	source	react		active		2026-10-07	
