tailark	actionnable	Actionnable Illustration	illustration/others	https://tailark.com/illustrations	https://tailark.com/illustrations	none	pro	install	react		needs-review		2026-10-08	398984fa71	new:2026-10-08
tailark	add-comment	Comment Illustration	illustration/message	https://tailark.com/illustrations	https://tailark.com/illustrations	none	pro	install	react		needs-review		2026-10-08	14a796f827	new:2026-10-08
tailark	agent-feedback	Agent Illustration	illustration/ai	https://tailark.com/illustrations	https://tailark.com/illustrations	none	pro	install	react		needs-review		2026-10-08	8ee359f472	new:2026-10-08
tailark	agent-task-planning	Agent Illustration	illustration/ai	https://tailark.com/illustrations	https://tailark.com/illustrations	none	pro	install	react		needs-review		2026-10-08	c8722153f9	new:2026-10-08
tailark	agent-tasks	Agent Illustration	illustration/ai	https://tailark.com/illustrations	https://tailark.com/illustrations	none	pro	install	react		needs-review		2026-10-08	4660ba61fa	new:2026-10-08
tailark	agent-workflow	Agent Illustration	illustration/ai	https://tailark.com/illustrations	https://tailark.com/illustrations	none	pro	install	react		needs-review		2026-10-08	5c8908c5d9	new:2026-10-08
tailark	ai-1	Ai Illustration	illustration/ai	https://tailark.com/illustrations	https://tailark.com/illustrations	none	pro	install	react		needs-review		2026-10-08	b00cac1ce1	new:2026-10-08
tailark	ai-2	Ai Illustration	illustration/ai	https://tailark.com/illustrations	https://tailark.com/illustrations	none	pro	install	react		needs-review		2026-10-08	8e4e6cc75e	new:2026-10-08
tailark	ai-3	Ai Illustration	illustration/ai	https://tailark.com/illustrations	https://tailark.com/illustrations	none	pro	install	react		needs-review		2026-10-08	40743ef493	new:2026-10-08
tailark	ai-autocomplete	Ai Autocomplete Illustration	illustration/ai	https://tailark.com/illustrations	https://tailark.com/illustrations	none	pro	install	react		needs-review		2026-10-08	8542b1a21a	new:2026-10-08
tailark	ai-chat-interface	Ai Chat Interface Illustration	illustration/ai	https://tailark.com/illustrations	https://tailark.com/illustrations	none	pro	install	react		needs-review		2026-10-08	48f680c393	new:2026-10-08
tailark	ai-memory	Ai Memory Illustration	illustration/ai	https://tailark.com/illustrations	https://tailark.com/illustrations	none	pro	install	react		needs-review		2026-10-08	373f74bdd7	new:2026-10-08
tailark	ai-mentions	Ai Mentions Illustration	illustration/ai	https://tailark.com/illustrations	https://tailark.com/illustrations	none	pro	install	react		needs-review		2026-10-08	02ac7d1985	new:2026-10-08
tailark	ai-search	Ai Search Illustration	illustration/ai	https://tailark.com/illustrations	https://tailark.com/illustrations	none	pro	install	react		needs-review		2026-10-08	35c90bccfe	new:2026-10-08
tailark	ai-search-2	Ai Search Illustration	illustration/ai	https://tailark.com/illustrations	https://tailark.com/illustrations	none	pro	install	react		needs-review		2026-10-08	f70e539efa	new:2026-10-08
tailark	ai-suggestion	Ai Suggestion Illustration	illustration/ai	https://tailark.com/illustrations	https://tailark.com/illustrations	none	pro	install	react		needs-review		2026-10-08	d4f64ecc49	new:2026-10-08
tailark	ai-summarization	Ai Summarization Illustration	illustration/ai	https://tailark.com/illustrations	https://tailark.com/illustrations	none	pro	install	react		needs-review		2026-10-08	ae3a8c48b3	new:2026-10-08
tailark	bank-stats	Bank Stats Illustration	illustration/mobile	https://tailark.com/illustrations	https://tailark.com/illustrations	none	pro	install	react		needs-review		2026-10-08	91e3f6b80d	new:2026-10-08
tailark	bento-1	Bento 1	block/bento	https://raw.githubusercontent.com/tailark/pro-images/main/bento-1.png	https://raw.githubusercontent.com/tailark/pro-images/main/bento-1.png	none	pro	install	react		needs-review		2026-10-08	7486ce2e79	new:2026-10-08
tailark	bento-10	Bento 10	block/bento	https://raw.githubusercontent.com/tailark/pro-images/main/bento-10.png	https://raw.githubusercontent.com/tailark/pro-images/main/bento-10.png	none	pro	install	react		needs-review		2026-10-08	8dbf389684	new:2026-10-08
tailark	bento-11	Bento 11	block/bento	https://raw.githubusercontent.com/tailark/pro-images/main/bento-11.png	https://raw.githubusercontent.com/tailark/pro-images/main/bento-11.png	none	pro	install	react		needs-review		2026-10-08	9f2c1b0b72	new:2026-10-08
tailark	bento-12	Bento 12	block/bento	https://raw.githubusercontent.com/tailark/pro-images/main/bento-12.png	https://raw.githubusercontent.com/tailark/pro-images/main/bento-12.png	none	pro	install	react		needs-review		2026-10-08	31de9d1c80	new:2026-10-08
tailark	bento-13	Bento 13	block/bento	https://raw.githubusercontent.com/tailark/pro-images/main/bento-13.png	https://raw.githubusercontent.com/tailark/pro-images/main/bento-13.png	none	pro	install	react		needs-review		2026-10-08	4cfaa34af4	new:2026-10-08
tailark	bento-14	Bento 14	block/bento	https://raw.githubusercontent.com/tailark/pro-images/main/bento-14.png	https://raw.githubusercontent.com/tailark/pro-images/main/bento-14.png	none	pro	install	react	dotted-map	needs-review		2026-10-08	dc852d5c0b	new:2026-10-08
tailark	bento-2	Bento 2	block/bento	https://raw.githubusercontent.com/tailark/pro-images/main/bento-2.png	https://raw.githubusercontent.com/tailark/pro-images/main/bento-2.png	none	pro	install	react	dotted-map	needs-review		2026-10-08	adf97e8b1e	new:2026-10-08
tailark	bento-3	Bento 3	block/bento	https://raw.githubusercontent.com/tailark/pro-images/main/bento-3.png	https://raw.githubusercontent.com/tailark/pro-images/main/bento-3.png	none	pro	install	react	@tsparticles/engine @tsparticles/react @tsparticles/slim motion	needs-review		2026-10-08	f7ce2057d5	new:2026-10-08
tailark	bento-4	Bento 4	block/bento	https://raw.githubusercontent.com/tailark/pro-images/main/bento-4.png	https://raw.githubusercontent.com/tailark/pro-images/main/bento-4.png	none	pro	install	react		needs-review		2026-10-08	312c4e7201	new:2026-10-08
tailark	bento-5	Bento 5	block/bento	https://raw.githubusercontent.com/tailark/pro-images/main/bento-5.png	https://raw.githubusercontent.com/tailark/pro-images/main/bento-5.png	none	pro	install	react		needs-review		2026-10-08	1e4141e1c2	new:2026-10-08
tailark	bento-6	Bento 6	block/bento	https://raw.githubusercontent.com/tailark/pro-images/main/bento-6.png	https://raw.githubusercontent.com/tailark/pro-images/main/bento-6.png	none	pro	install	react		needs-review		2026-10-08	31ab0fc24b	new:2026-10-08
tailark	bento-7	Bento 7	block/bento	https://raw.githubusercontent.com/tailark/pro-images/main/bento-7.png	https://raw.githubusercontent.com/tailark/pro-images/main/bento-7.png	none	pro	install	react	dotted-map	needs-review		2026-10-08	a5b32364cc	new:2026-10-08
tailark	bento-8	Bento 8	block/bento	https://raw.githubusercontent.com/tailark/pro-images/main/bento-8.png	https://raw.githubusercontent.com/tailark/pro-images/main/bento-8.png	none	pro	install	react		needs-review		2026-10-08	e8ef0e6073	new:2026-10-08
tailark	bento-9	Bento 9	block/bento	https://raw.githubusercontent.com/tailark/pro-images/main/bento-9.png	https://raw.githubusercontent.com/tailark/pro-images/main/bento-9.png	none	pro	install	react		needs-review		2026-10-08	41102cfd12	new:2026-10-08
tailark	blog-blocks-1	Blog Blocks 1	block/blog-blocks	https://raw.githubusercontent.com/tailark/pro-images/main/blog-blocks-1.png	https://raw.githubusercontent.com/tailark/pro-images/main/blog-blocks-1.png	none	pro	install	react		needs-review		2026-10-08	732a576b19	new:2026-10-08
tailark	blog-blocks-2	Blog Blocks 2	block/blog-blocks	https://raw.githubusercontent.com/tailark/pro-images/main/blog-blocks-2.png	https://raw.githubusercontent.com/tailark/pro-images/main/blog-blocks-2.png	none	pro	install	react		needs-review		2026-10-08	22d657cf79	new:2026-10-08
tailark	blog-blocks-3	Blog Blocks 3	block/blog-blocks	https://raw.githubusercontent.com/tailark/pro-images/main/blog-blocks-3.png	https://raw.githubusercontent.com/tailark/pro-images/main/blog-blocks-3.png	none	pro	install	react		needs-review		2026-10-08	b931434f06	new:2026-10-08
tailark	blog-blocks-4	Blog Blocks 4	block/blog-blocks	https://raw.githubusercontent.com/tailark/pro-images/main/blog-blocks-4.png	https://raw.githubusercontent.com/tailark/pro-images/main/blog-blocks-4.png	none	pro	install	react		needs-review		2026-10-08	9965fd7aa3	new:2026-10-08
tailark	blog-blocks-5	Blog Blocks 5	block/blog-blocks	https://raw.githubusercontent.com/tailark/pro-images/main/blog-blocks-5.png	https://raw.githubusercontent.com/tailark/pro-images/main/blog-blocks-5.png	none	pro	install	react		needs-review		2026-10-08	e69be7cb67	new:2026-10-08
tailark	blog-blocks-6	Blog Blocks 6	block/blog-blocks	https://raw.githubusercontent.com/tailark/pro-images/main/blog-blocks-6.png	https://raw.githubusercontent.com/tailark/pro-images/main/blog-blocks-6.png	none	pro	install	react		needs-review		2026-10-08	d27421c543	new:2026-10-08
tailark	blog-blocks-7	Blog Blocks 7	block/blog-blocks	https://raw.githubusercontent.com/tailark/pro-images/main/blog-blocks-7.png	https://raw.githubusercontent.com/tailark/pro-images/main/blog-blocks-7.png	none	pro	install	react		needs-review		2026-10-08	41093248c7	new:2026-10-08
tailark	calendar	Calendar Illustration	illustration/workspace	https://tailark.com/illustrations	https://tailark.com/illustrations	none	pro	install	react		needs-review		2026-10-08	1db82d90d0	new:2026-10-08
tailark	calendar-10	Calendar Illustration	illustration/workspace	https://tailark.com/illustrations	https://tailark.com/illustrations	none	pro	install	react		needs-review		2026-10-08	5216b95f60	new:2026-10-08
tailark	calendar-11	Calendar Illustration	illustration/workspace	https://tailark.com/illustrations	https://tailark.com/illustrations	none	pro	install	react		needs-review		2026-10-08	cd34764ec0	new:2026-10-08
tailark	calendar-2	Calendar Illustration	illustration/workspace	https://tailark.com/illustrations	https://tailark.com/illustrations	none	pro	install	react		needs-review		2026-10-08	eba2707e46	new:2026-10-08
tailark	calendar-3	Calendar Illustration	illustration/workspace	https://tailark.com/illustrations	https://tailark.com/illustrations	none	pro	install	react		needs-review		2026-10-08	06744250b9	new:2026-10-08
tailark	calendar-4	Calendar Illustration	illustration/workspace	https://tailark.com/illustrations	https://tailark.com/illustrations	none	pro	install	react		needs-review		2026-10-08	72b821d215	new:2026-10-08
tailark	calendar-5	Calendar Illustration	illustration/workspace	https://tailark.com/illustrations	https://tailark.com/illustrations	none	pro	install	react		needs-review		2026-10-08	ca80f1dda3	new:2026-10-08
tailark	calendar-6	Calendar Illustration	illustration/workspace	https://tailark.com/illustrations	https://tailark.com/illustrations	none	pro	install	react		needs-review		2026-10-08	10403256b1	new:2026-10-08
tailark	calendar-7	Calendar Illustration	illustration/workspace	https://tailark.com/illustrations	https://tailark.com/illustrations	none	pro	install	react		needs-review		2026-10-08	40f6382a2f	new:2026-10-08
tailark	calendar-8	Calendar Illustration	illustration/workspace	https://tailark.com/illustrations	https://tailark.com/illustrations	none	pro	install	react		needs-review		2026-10-08	344c07485b	new:2026-10-08
tailark	call-to-action-1	Call To Action 1	block/call-to-action	https://raw.githubusercontent.com/tailark/pro-images/main/call-to-action-1.png	https://raw.githubusercontent.com/tailark/pro-images/main/call-to-action-1.png	none	pro	install	react		needs-review		2026-10-08	e3deac8ed6	new:2026-10-08
tailark	call-to-action-2	Call To Action 2	block/call-to-action	https://raw.githubusercontent.com/tailark/pro-images/main/call-to-action-2.png	https://raw.githubusercontent.com/tailark/pro-images/main/call-to-action-2.png	none	pro	install	react		needs-review		2026-10-08	a0f87ebcf9	new:2026-10-08
tailark	call-to-action-3	Call To Action 3	block/call-to-action	https://raw.githubusercontent.com/tailark/pro-images/main/call-to-action-3.png	https://raw.githubusercontent.com/tailark/pro-images/main/call-to-action-3.png	none	pro	install	react		needs-review		2026-10-08	6b0ac8e664	new:2026-10-08
tailark	campaign	Campaign Illustration	illustration/workspace	https://tailark.com/illustrations	https://tailark.com/illustrations	none	pro	install	react		needs-review		2026-10-08	d3fac48bcd	new:2026-10-08
tailark	campaign-2	Campaign Illustration	illustration/workspace	https://tailark.com/illustrations	https://tailark.com/illustrations	none	pro	install	react		needs-review		2026-10-08	f36c200e48	new:2026-10-08
tailark	chat	Chat Illustration	illustration/message	https://tailark.com/illustrations	https://tailark.com/illustrations	none	pro	install	react		needs-review		2026-10-08	dc740650b2	new:2026-10-08
tailark	code-demo-1	Code Demo 1	block/code-demo	https://raw.githubusercontent.com/tailark/pro-images/main/code-demo-1.png	https://raw.githubusercontent.com/tailark/pro-images/main/code-demo-1.png	none	pro	install	react	hast-util-to-jsx-runtime motion shiki	needs-review		2026-10-08	24f2762aa9	new:2026-10-08
tailark	code-demo-2	Code Demo 2	block/code-demo	https://raw.githubusercontent.com/tailark/pro-images/main/code-demo-2.png	https://raw.githubusercontent.com/tailark/pro-images/main/code-demo-2.png	none	pro	install	react	hast-util-to-jsx-runtime shiki	needs-review		2026-10-08	939cb8c948	new:2026-10-08
tailark	code-demo-3	Code Demo 3	block/code-demo	https://raw.githubusercontent.com/tailark/pro-images/main/code-demo-3.png	https://raw.githubusercontent.com/tailark/pro-images/main/code-demo-3.png	none	pro	install	react	hast-util-to-jsx-runtime shiki	needs-review		2026-10-08	6d8a3f5bee	new:2026-10-08
tailark	code-demo-4	Code Demo 4	block/code-demo	https://raw.githubusercontent.com/tailark/pro-images/main/code-demo-4.png	https://raw.githubusercontent.com/tailark/pro-images/main/code-demo-4.png	none	pro	install	react	hast-util-to-jsx-runtime shiki	needs-review		2026-10-08	2f723ed523	new:2026-10-08
tailark	collaboration	Collaboration Illustration	illustration/workspace	https://tailark.com/illustrations	https://tailark.com/illustrations	none	pro	install	react		needs-review		2026-10-08	9975c124fa	new:2026-10-08
tailark	collaboration-comment	Collaboration Illustration	illustration/workspace	https://tailark.com/illustrations	https://tailark.com/illustrations	none	pro	install	react		needs-review		2026-10-08	2c165bd0e9	new:2026-10-08
tailark	comment	Comment Illustration	illustration/message	https://tailark.com/illustrations	https://tailark.com/illustrations	none	pro	install	react		needs-review		2026-10-08	559416c6d9	new:2026-10-08
tailark	comparator-1	Comparator 1	block/comparator	https://raw.githubusercontent.com/tailark/pro-images/main/comparator-1.png	https://raw.githubusercontent.com/tailark/pro-images/main/comparator-1.png	none	pro	install	react		needs-review		2026-10-08	0599b28bed	new:2026-10-08
tailark	comparator-2	Comparator 2	block/comparator	https://raw.githubusercontent.com/tailark/pro-images/main/comparator-2.png	https://raw.githubusercontent.com/tailark/pro-images/main/comparator-2.png	none	pro	install	react		needs-review		2026-10-08	70f753eef6	new:2026-10-08
tailark	comparator-3	Comparator 3	block/comparator	https://raw.githubusercontent.com/tailark/pro-images/main/comparator-3.png	https://raw.githubusercontent.com/tailark/pro-images/main/comparator-3.png	none	pro	install	react		needs-review		2026-10-08	f84cd747fd	new:2026-10-08
tailark	comparator-4	Comparator 4	block/comparator	https://raw.githubusercontent.com/tailark/pro-images/main/comparator-4.png	https://raw.githubusercontent.com/tailark/pro-images/main/comparator-4.png	none	pro	install	react		needs-review		2026-10-08	66780ee845	new:2026-10-08
tailark	comparator-5	Comparator 5	block/comparator	https://raw.githubusercontent.com/tailark/pro-images/main/comparator-5.png	https://raw.githubusercontent.com/tailark/pro-images/main/comparator-5.png	none	pro	install	react		needs-review		2026-10-08	cd953eea36	new:2026-10-08
tailark	comparator-6	Comparator 6	block/comparator	https://raw.githubusercontent.com/tailark/pro-images/main/comparator-6.png	https://raw.githubusercontent.com/tailark/pro-images/main/comparator-6.png	none	pro	install	react		needs-review		2026-10-08	79040fac65	new:2026-10-08
tailark	comparator-7	Comparator 7	block/comparator	https://raw.githubusercontent.com/tailark/pro-images/main/comparator-7.png	https://raw.githubusercontent.com/tailark/pro-images/main/comparator-7.png	none	pro	install	react		needs-review		2026-10-08	f3b85dec80	new:2026-10-08
tailark	contact-1	Contact 1	block/contact	https://raw.githubusercontent.com/tailark/pro-images/main/contact-1.png	https://raw.githubusercontent.com/tailark/pro-images/main/contact-1.png	none	pro	install	react		needs-review		2026-10-08	55e2309c11	new:2026-10-08
tailark	contact-10	Contact 10	block/contact	https://raw.githubusercontent.com/tailark/pro-images/main/contact-10.png	https://raw.githubusercontent.com/tailark/pro-images/main/contact-10.png	none	pro	install	react		needs-review		2026-10-08	701ef25098	new:2026-10-08
tailark	contact-2	Contact 2	block/contact	https://raw.githubusercontent.com/tailark/pro-images/main/contact-2.png	https://raw.githubusercontent.com/tailark/pro-images/main/contact-2.png	none	pro	install	react		needs-review		2026-10-08	80ad266ec7	new:2026-10-08
tailark	contact-3	Contact 3	block/contact	https://raw.githubusercontent.com/tailark/pro-images/main/contact-3.png	https://raw.githubusercontent.com/tailark/pro-images/main/contact-3.png	none	pro	install	react		needs-review		2026-10-08	78ea9cad56	new:2026-10-08
tailark	contact-4	Contact 4	block/contact	https://raw.githubusercontent.com/tailark/pro-images/main/contact-4.png	https://raw.githubusercontent.com/tailark/pro-images/main/contact-4.png	none	pro	install	react		needs-review		2026-10-08	e58db9fd43	new:2026-10-08
tailark	contact-5	Contact 5	block/contact	https://raw.githubusercontent.com/tailark/pro-images/main/contact-5.png	https://raw.githubusercontent.com/tailark/pro-images/main/contact-5.png	none	pro	install	react		needs-review		2026-10-08	104df828f9	new:2026-10-08
tailark	contact-6	Contact 6	block/contact	https://raw.githubusercontent.com/tailark/pro-images/main/contact-6.png	https://raw.githubusercontent.com/tailark/pro-images/main/contact-6.png	none	pro	install	react		needs-review		2026-10-08	f4b0ad5b78	new:2026-10-08
tailark	contact-7	Contact 7	block/contact	https://raw.githubusercontent.com/tailark/pro-images/main/contact-7.png	https://raw.githubusercontent.com/tailark/pro-images/main/contact-7.png	none	pro	install	react		needs-review		2026-10-08	85541b6c15	new:2026-10-08
tailark	contact-8	Contact 8	block/contact	https://raw.githubusercontent.com/tailark/pro-images/main/contact-8.png	https://raw.githubusercontent.com/tailark/pro-images/main/contact-8.png	none	pro	install	react		needs-review		2026-10-08	7e420461e3	new:2026-10-08
tailark	contact-9	Contact 9	block/contact	https://raw.githubusercontent.com/tailark/pro-images/main/contact-9.png	https://raw.githubusercontent.com/tailark/pro-images/main/contact-9.png	none	pro	install	react		needs-review		2026-10-08	cfecfc7ced	new:2026-10-08
tailark	content-1	Content 1	block/content	https://raw.githubusercontent.com/tailark/pro-images/main/content-1.png	https://raw.githubusercontent.com/tailark/pro-images/main/content-1.png	none	pro	install	react	motion	needs-review		2026-10-08	1e6ec2c85d	new:2026-10-08
tailark	content-2	Content 2	block/content	https://raw.githubusercontent.com/tailark/pro-images/main/content-2.png	https://raw.githubusercontent.com/tailark/pro-images/main/content-2.png	none	pro	install	react		needs-review		2026-10-08	77cce39032	new:2026-10-08
tailark	content-3	Content 3	block/content	https://raw.githubusercontent.com/tailark/pro-images/main/content-3.png	https://raw.githubusercontent.com/tailark/pro-images/main/content-3.png	none	pro	install	react		needs-review		2026-10-08	f6b807cc3e	new:2026-10-08
tailark	content-4	Content 4	block/content	https://raw.githubusercontent.com/tailark/pro-images/main/content-4.png	https://raw.githubusercontent.com/tailark/pro-images/main/content-4.png	none	pro	install	react		needs-review		2026-10-08	23939b0363	new:2026-10-08
tailark	content-5	Content 5	block/content	https://raw.githubusercontent.com/tailark/pro-images/main/content-5.png	https://raw.githubusercontent.com/tailark/pro-images/main/content-5.png	none	pro	install	react		needs-review		2026-10-08	036698f051	new:2026-10-08
tailark	content-6	Content 6	block/content	https://raw.githubusercontent.com/tailark/pro-images/main/content-6.png	https://raw.githubusercontent.com/tailark/pro-images/main/content-6.png	none	pro	install	react		needs-review		2026-10-08	8e513dbf0b	new:2026-10-08
tailark	content-7	Content 7	block/content	https://raw.githubusercontent.com/tailark/pro-images/main/content-7.png	https://raw.githubusercontent.com/tailark/pro-images/main/content-7.png	none	pro	install	react		needs-review		2026-10-08	42b27ea854	new:2026-10-08
tailark	core-prompt-input	Prompt Input	free/core	https://tailark.com	npx shadcn@latest add https://tailark.com/r/core-prompt-input.json	registry:https://tailark.com/r/core-prompt-input.json	free	install	react	ai lucide-react	needs-review		2026-10-08	d83c19472a	new:2026-10-08
tailark	core-suggestion	Suggestion	free/core	https://tailark.com	npx shadcn@latest add https://tailark.com/r/core-suggestion.json	registry:https://tailark.com/r/core-suggestion.json	free	install	react		needs-review		2026-10-08	d5ad5cd451	new:2026-10-08
tailark	currency	Currency Illustration	illustration/document	https://tailark.com/illustrations	https://tailark.com/illustrations	none	pro	install	react		needs-review		2026-10-08	f475783b97	new:2026-10-08
tailark	description-list-1	Description List 1	block/description-list	https://raw.githubusercontent.com/tailark/pro-images/main/description-list-1.png	https://raw.githubusercontent.com/tailark/pro-images/main/description-list-1.png	none	pro	install	react		needs-review		2026-10-08	2247af933f	new:2026-10-08
tailark	description-list-2	Description List 2	block/description-list	https://raw.githubusercontent.com/tailark/pro-images/main/description-list-2.png	https://raw.githubusercontent.com/tailark/pro-images/main/description-list-2.png	none	pro	install	react		needs-review		2026-10-08	46efeca6fe	new:2026-10-08
tailark	description-list-3	Description List 3	block/description-list	https://raw.githubusercontent.com/tailark/pro-images/main/description-list-3.png	https://raw.githubusercontent.com/tailark/pro-images/main/description-list-3.png	none	pro	install	react		needs-review		2026-10-08	a0d10b20ec	new:2026-10-08
tailark	description-list-4	Description List 4	block/description-list	https://raw.githubusercontent.com/tailark/pro-images/main/description-list-4.png	https://raw.githubusercontent.com/tailark/pro-images/main/description-list-4.png	none	pro	install	react		needs-review		2026-10-08	fcfced77e0	new:2026-10-08
tailark	description-list-5	Description List 5	block/description-list	https://raw.githubusercontent.com/tailark/pro-images/main/description-list-5.png	https://raw.githubusercontent.com/tailark/pro-images/main/description-list-5.png	none	pro	install	react		needs-review		2026-10-08	e5ca5e5402	new:2026-10-08
tailark	description-list-6	Description List 6	block/description-list	https://raw.githubusercontent.com/tailark/pro-images/main/description-list-6.png	https://raw.githubusercontent.com/tailark/pro-images/main/description-list-6.png	none	pro	install	react		needs-review		2026-10-08	b3ff0e597c	new:2026-10-08
tailark	description-list-7	Description List 7	block/description-list	https://raw.githubusercontent.com/tailark/pro-images/main/description-list-7.png	https://raw.githubusercontent.com/tailark/pro-images/main/description-list-7.png	none	pro	install	react		needs-review		2026-10-08	083791f2c9	new:2026-10-08
tailark	description-list-8	Description List 8	block/description-list	https://raw.githubusercontent.com/tailark/pro-images/main/description-list-8.png	https://raw.githubusercontent.com/tailark/pro-images/main/description-list-8.png	none	pro	install	react		needs-review		2026-10-08	a64b674a1d	new:2026-10-08
tailark	document	Document Illustration	illustration/document	https://tailark.com/illustrations	https://tailark.com/illustrations	none	pro	install	react		needs-review		2026-10-08	98684316f8	new:2026-10-08
tailark	document-analysis	Document Illustration	illustration/scan	https://tailark.com/illustrations	https://tailark.com/illustrations	none	pro	install	react		needs-review		2026-10-08	6d8b799c0c	new:2026-10-08
tailark	document-csv	Document Illustration	illustration/document	https://tailark.com/illustrations	https://tailark.com/illustrations	none	pro	install	react		needs-review		2026-10-08	bba147e78b	new:2026-10-08
tailark	document-docx	Document Illustration	illustration/document	https://tailark.com/illustrations	https://tailark.com/illustrations	none	pro	install	react		needs-review		2026-10-08	f371350cfa	new:2026-10-08
tailark	document-html	Document Illustration	illustration/document	https://tailark.com/illustrations	https://tailark.com/illustrations	none	pro	install	react		needs-review		2026-10-08	70e898476e	new:2026-10-08
tailark	document-img	Document Illustration	illustration/document	https://tailark.com/illustrations	https://tailark.com/illustrations	none	pro	install	react		needs-review		2026-10-08	24feb6fcf6	new:2026-10-08
tailark	document-json	Document Illustration	illustration/document	https://tailark.com/illustrations	https://tailark.com/illustrations	none	pro	install	react		needs-review		2026-10-08	0f8e2f6640	new:2026-10-08
tailark	document-md	Document Illustration	illustration/document	https://tailark.com/illustrations	https://tailark.com/illustrations	none	pro	install	react		needs-review		2026-10-08	243a977c1c	new:2026-10-08
tailark	document-pdf	Document Illustration	illustration/document	https://tailark.com/illustrations	https://tailark.com/illustrations	none	pro	install	react		needs-review		2026-10-08	7d30189f44	new:2026-10-08
tailark	document-pptx	Document Illustration	illustration/document	https://tailark.com/illustrations	https://tailark.com/illustrations	none	pro	install	react		needs-review		2026-10-08	fdd0955a29	new:2026-10-08
tailark	document-txt	Document Illustration	illustration/document	https://tailark.com/illustrations	https://tailark.com/illustrations	none	pro	install	react		needs-review		2026-10-08	f49a3295b6	new:2026-10-08
tailark	document-xlx	Document Illustration	illustration/document	https://tailark.com/illustrations	https://tailark.com/illustrations	none	pro	install	react		needs-review		2026-10-08	5e1eb51413	new:2026-10-08
tailark	document-zip	Document Illustration	illustration/document	https://tailark.com/illustrations	https://tailark.com/illustrations	none	pro	install	react		needs-review		2026-10-08	f557c1f535	new:2026-10-08
tailark	email	Email Illustration	illustration/form	https://tailark.com/illustrations	https://tailark.com/illustrations	none	pro	install	react		needs-review		2026-10-08	c0225a3666	new:2026-10-08
tailark	expandable-features-1	Expandable Features 1	block/expandable-features	https://raw.githubusercontent.com/tailark/pro-images/main/expandable-features-1.png	https://raw.githubusercontent.com/tailark/pro-images/main/expandable-features-1.png	none	pro	install	react	dotted-map	needs-review		2026-10-08	5375bcae73	new:2026-10-08
tailark	expandable-features-10	Expandable Features 10	block/expandable-features	https://raw.githubusercontent.com/tailark/pro-images/main/expandable-features-10.png	https://raw.githubusercontent.com/tailark/pro-images/main/expandable-features-10.png	none	pro	install	react	motion	needs-review		2026-10-08	94d9a55f1e	new:2026-10-08
tailark	expandable-features-11	Expandable Features 11	block/expandable-features	https://raw.githubusercontent.com/tailark/pro-images/main/expandable-features-11.png	https://raw.githubusercontent.com/tailark/pro-images/main/expandable-features-11.png	none	pro	install	react	motion	needs-review		2026-10-08	60c6e0a98e	new:2026-10-08
tailark	expandable-features-12	Expandable Features 12	block/expandable-features	https://raw.githubusercontent.com/tailark/pro-images/main/expandable-features-12.png	https://raw.githubusercontent.com/tailark/pro-images/main/expandable-features-12.png	none	pro	install	react		needs-review		2026-10-08	b67c4031d3	new:2026-10-08
tailark	expandable-features-13	Expandable Features 13	block/expandable-features	https://raw.githubusercontent.com/tailark/pro-images/main/expandable-features-13.png	https://raw.githubusercontent.com/tailark/pro-images/main/expandable-features-13.png	none	pro	install	react	motion	needs-review		2026-10-08	e24612b957	new:2026-10-08
tailark	expandable-features-14	Expandable Features 14	block/expandable-features	https://raw.githubusercontent.com/tailark/pro-images/main/expandable-features-14.png	https://raw.githubusercontent.com/tailark/pro-images/main/expandable-features-14.png	none	pro	install	react	motion	needs-review		2026-10-08	7775754bc3	new:2026-10-08
tailark	expandable-features-15	Expandable Features 15	block/expandable-features	https://raw.githubusercontent.com/tailark/pro-images/main/expandable-features-15.png	https://raw.githubusercontent.com/tailark/pro-images/main/expandable-features-15.png	none	pro	install	react	motion	needs-review		2026-10-08	1877989136	new:2026-10-08
tailark	expandable-features-16	Expandable Features 16	block/expandable-features	https://raw.githubusercontent.com/tailark/pro-images/main/expandable-features-16.png	https://raw.githubusercontent.com/tailark/pro-images/main/expandable-features-16.png	none	pro	install	react	motion	needs-review		2026-10-08	ca45a8aa57	new:2026-10-08
tailark	expandable-features-17	Expandable Features 17	block/expandable-features	https://raw.githubusercontent.com/tailark/pro-images/main/expandable-features-17.png	https://raw.githubusercontent.com/tailark/pro-images/main/expandable-features-17.png	none	pro	install	react	motion	needs-review		2026-10-08	43a6429d33	new:2026-10-08
tailark	expandable-features-18	Expandable Features 18	block/expandable-features	https://raw.githubusercontent.com/tailark/pro-images/main/expandable-features-18.png	https://raw.githubusercontent.com/tailark/pro-images/main/expandable-features-18.png	none	pro	install	react	motion	needs-review		2026-10-08	05b0cbf890	new:2026-10-08
tailark	expandable-features-19	Expandable Features 19	block/expandable-features	https://raw.githubusercontent.com/tailark/pro-images/main/expandable-features-19.png	https://raw.githubusercontent.com/tailark/pro-images/main/expandable-features-19.png	none	pro	install	react	motion	needs-review		2026-10-08	1638fbf530	new:2026-10-08
tailark	expandable-features-2	Expandable Features 2	block/expandable-features	https://raw.githubusercontent.com/tailark/pro-images/main/expandable-features-2.png	https://raw.githubusercontent.com/tailark/pro-images/main/expandable-features-2.png	none	pro	install	react	dotted-map	needs-review		2026-10-08	f4f92eaf84	new:2026-10-08
tailark	expandable-features-20	Expandable Features 20	block/expandable-features	https://raw.githubusercontent.com/tailark/pro-images/main/expandable-features-20.png	https://raw.githubusercontent.com/tailark/pro-images/main/expandable-features-20.png	none	pro	install	react		needs-review		2026-10-08	c988c49d84	new:2026-10-08
tailark	expandable-features-21	Expandable Features 21	block/expandable-features	https://raw.githubusercontent.com/tailark/pro-images/main/expandable-features-21.png	https://raw.githubusercontent.com/tailark/pro-images/main/expandable-features-21.png	none	pro	install	react	motion	needs-review		2026-10-08	441189c43b	new:2026-10-08
tailark	expandable-features-22	Expandable Features 22	block/expandable-features	https://raw.githubusercontent.com/tailark/pro-images/main/expandable-features-22.png	https://raw.githubusercontent.com/tailark/pro-images/main/expandable-features-22.png	none	pro	install	react	motion	needs-review		2026-10-08	7abea20dad	new:2026-10-08
tailark	expandable-features-3	Expandable Features 3	block/expandable-features	https://raw.githubusercontent.com/tailark/pro-images/main/expandable-features-3.png	https://raw.githubusercontent.com/tailark/pro-images/main/expandable-features-3.png	none	pro	install	react	dotted-map	needs-review		2026-10-08	c5ff6e4557	new:2026-10-08
tailark	expandable-features-4	Expandable Features 4	block/expandable-features	https://raw.githubusercontent.com/tailark/pro-images/main/expandable-features-4.png	https://raw.githubusercontent.com/tailark/pro-images/main/expandable-features-4.png	none	pro	install	react	motion	needs-review		2026-10-08	3121e041c0	new:2026-10-08
tailark	expandable-features-5	Expandable Features 5	block/expandable-features	https://raw.githubusercontent.com/tailark/pro-images/main/expandable-features-5.png	https://raw.githubusercontent.com/tailark/pro-images/main/expandable-features-5.png	none	pro	install	react	motion	needs-review		2026-10-08	f49003be1c	new:2026-10-08
tailark	expandable-features-6	Expandable Features 6	block/expandable-features	https://raw.githubusercontent.com/tailark/pro-images/main/expandable-features-6.png	https://raw.githubusercontent.com/tailark/pro-images/main/expandable-features-6.png	none	pro	install	react	motion	needs-review		2026-10-08	0d7631c163	new:2026-10-08
tailark	expandable-features-7	Expandable Features 7	block/expandable-features	https://raw.githubusercontent.com/tailark/pro-images/main/expandable-features-7.png	https://raw.githubusercontent.com/tailark/pro-images/main/expandable-features-7.png	none	pro	install	react	motion	needs-review		2026-10-08	7a2d0d7900	new:2026-10-08
tailark	expandable-features-8	Expandable Features 8	block/expandable-features	https://raw.githubusercontent.com/tailark/pro-images/main/expandable-features-8.png	https://raw.githubusercontent.com/tailark/pro-images/main/expandable-features-8.png	none	pro	install	react	motion	needs-review		2026-10-08	c6a88a9e81	new:2026-10-08
tailark	expandable-features-9	Expandable Features 9	block/expandable-features	https://raw.githubusercontent.com/tailark/pro-images/main/expandable-features-9.png	https://raw.githubusercontent.com/tailark/pro-images/main/expandable-features-9.png	none	pro	install	react	motion	needs-review		2026-10-08	9d483e2d6c	new:2026-10-08
tailark	face-scan	Face Scan Illustration	illustration/scan	https://tailark.com/illustrations	https://tailark.com/illustrations	none	pro	install	react	motion	needs-review		2026-10-08	69442180de	new:2026-10-08
tailark	face-scan-2	Face Scan Illustration	illustration/scan	https://tailark.com/illustrations	https://tailark.com/illustrations	none	pro	install	react	motion	needs-review		2026-10-08	615dd4c5fc	new:2026-10-08
tailark	faqs-1	Faqs 1	block/faqs	https://raw.githubusercontent.com/tailark/pro-images/main/faqs-1.png	https://raw.githubusercontent.com/tailark/pro-images/main/faqs-1.png	none	pro	install	react		needs-review		2026-10-08	29164a2b5c	new:2026-10-08
tailark	faqs-2	Faqs 2	block/faqs	https://raw.githubusercontent.com/tailark/pro-images/main/faqs-2.png	https://raw.githubusercontent.com/tailark/pro-images/main/faqs-2.png	none	pro	install	react		needs-review		2026-10-08	72a6459287	new:2026-10-08
tailark	faqs-3	Faqs 3	block/faqs	https://raw.githubusercontent.com/tailark/pro-images/main/faqs-3.png	https://raw.githubusercontent.com/tailark/pro-images/main/faqs-3.png	none	pro	install	react		needs-review		2026-10-08	953883fc14	new:2026-10-08
tailark	faqs-4	Faqs 4	block/faqs	https://raw.githubusercontent.com/tailark/pro-images/main/faqs-4.png	https://raw.githubusercontent.com/tailark/pro-images/main/faqs-4.png	none	pro	install	react		needs-review		2026-10-08	3074ca5faf	new:2026-10-08
tailark	faqs-5	Faqs 5	block/faqs	https://raw.githubusercontent.com/tailark/pro-images/main/faqs-5.png	https://raw.githubusercontent.com/tailark/pro-images/main/faqs-5.png	none	pro	install	react		needs-review		2026-10-08	e9dc4ad0b6	new:2026-10-08
tailark	features-1	Features 1	block/features	https://raw.githubusercontent.com/tailark/pro-images/main/features-1.png	https://raw.githubusercontent.com/tailark/pro-images/main/features-1.png	none	pro	install	react		needs-review		2026-10-08	b1e22572ea	new:2026-10-08
tailark	features-10	Features 10	block/features	https://raw.githubusercontent.com/tailark/pro-images/main/features-10.png	https://raw.githubusercontent.com/tailark/pro-images/main/features-10.png	none	pro	install	react		needs-review		2026-10-08	975cd24dca	new:2026-10-08
tailark	features-11	Features 11	block/features	https://raw.githubusercontent.com/tailark/pro-images/main/features-11.png	https://raw.githubusercontent.com/tailark/pro-images/main/features-11.png	none	pro	install	react		needs-review		2026-10-08	592d7d8902	new:2026-10-08
tailark	features-12	Features 12	block/features	https://raw.githubusercontent.com/tailark/pro-images/main/features-12.png	https://raw.githubusercontent.com/tailark/pro-images/main/features-12.png	none	pro	install	react		needs-review		2026-10-08	e167b3557d	new:2026-10-08
tailark	features-13	Features 13	block/features	https://raw.githubusercontent.com/tailark/pro-images/main/features-13.png	https://raw.githubusercontent.com/tailark/pro-images/main/features-13.png	none	pro	install	react	dotted-map	needs-review		2026-10-08	39fb4b7124	new:2026-10-08
tailark	features-14	Features 14	block/features	https://raw.githubusercontent.com/tailark/pro-images/main/features-14.png	https://raw.githubusercontent.com/tailark/pro-images/main/features-14.png	none	pro	install	react		needs-review		2026-10-08	86a06c9424	new:2026-10-08
tailark	features-15	Features 15	block/features	https://raw.githubusercontent.com/tailark/pro-images/main/features-15.png	https://tailark.com/blocks	none	pro	install	react		needs-review		2026-10-08	a56889f1f3	new:2026-10-08
tailark	features-16	Features 16	block/features	https://raw.githubusercontent.com/tailark/pro-images/main/features-16.png	https://tailark.com/blocks	none	pro	install	react		needs-review		2026-10-08	1526ed4bdd	new:2026-10-08
tailark	features-2	Features 2	block/features	https://raw.githubusercontent.com/tailark/pro-images/main/features-2.png	https://raw.githubusercontent.com/tailark/pro-images/main/features-2.png	none	pro	install	react		needs-review		2026-10-08	ecb802f100	new:2026-10-08
tailark	features-3	Features 3	block/features	https://raw.githubusercontent.com/tailark/pro-images/main/features-3.png	https://raw.githubusercontent.com/tailark/pro-images/main/features-3.png	none	pro	install	react		needs-review		2026-10-08	6075d02dca	new:2026-10-08
tailark	features-4	Features 4	block/features	https://raw.githubusercontent.com/tailark/pro-images/main/features-4.png	https://raw.githubusercontent.com/tailark/pro-images/main/features-4.png	none	pro	install	react		needs-review		2026-10-08	1f6b8632fa	new:2026-10-08
tailark	features-5	Features 5	block/features	https://raw.githubusercontent.com/tailark/pro-images/main/features-5.png	https://raw.githubusercontent.com/tailark/pro-images/main/features-5.png	none	pro	install	react		needs-review		2026-10-08	284bc31966	new:2026-10-08
tailark	features-6	Features 6	block/features	https://raw.githubusercontent.com/tailark/pro-images/main/features-6.png	https://raw.githubusercontent.com/tailark/pro-images/main/features-6.png	none	pro	install	react	hast-util-to-jsx-runtime motion shiki	needs-review		2026-10-08	444219a330	new:2026-10-08
tailark	features-7	Features 7	block/features	https://raw.githubusercontent.com/tailark/pro-images/main/features-7.png	https://raw.githubusercontent.com/tailark/pro-images/main/features-7.png	none	pro	install	react	hast-util-to-jsx-runtime motion shiki	needs-review		2026-10-08	d5c3e1b85e	new:2026-10-08
tailark	features-8	Features 8	block/features	https://raw.githubusercontent.com/tailark/pro-images/main/features-8.png	https://raw.githubusercontent.com/tailark/pro-images/main/features-8.png	none	pro	install	react	hast-util-to-jsx-runtime motion shiki	needs-review		2026-10-08	afbbd450a4	new:2026-10-08
tailark	features-9	Features 9	block/features	https://raw.githubusercontent.com/tailark/pro-images/main/features-9.png	https://raw.githubusercontent.com/tailark/pro-images/main/features-9.png	none	pro	install	react		needs-review		2026-10-08	ee8806e01f	new:2026-10-08
tailark	features-carousel-1	Features Carousel 1	block/features-carousel	https://raw.githubusercontent.com/tailark/pro-images/main/features-carousel-1.png	https://raw.githubusercontent.com/tailark/pro-images/main/features-carousel-1.png	none	pro	install	react		needs-review		2026-10-08	89970e3105	new:2026-10-08
tailark	features-carousel-2	Features Carousel 2	block/features-carousel	https://raw.githubusercontent.com/tailark/pro-images/main/features-carousel-2.png	https://raw.githubusercontent.com/tailark/pro-images/main/features-carousel-2.png	none	pro	install	react		needs-review		2026-10-08	1693176c0b	new:2026-10-08
tailark	features-carousel-3	Features Carousel 3	block/features-carousel	https://raw.githubusercontent.com/tailark/pro-images/main/features-carousel-3.png	https://raw.githubusercontent.com/tailark/pro-images/main/features-carousel-3.png	none	pro	install	react		needs-review		2026-10-08	9bc3fa862b	new:2026-10-08
tailark	features-carousel-4	Features Carousel 4	block/features-carousel	https://raw.githubusercontent.com/tailark/pro-images/main/features-carousel-4.png	https://raw.githubusercontent.com/tailark/pro-images/main/features-carousel-4.png	none	pro	install	react		needs-review		2026-10-08	6ae4fbcb2b	new:2026-10-08
tailark	features-carousel-5	Features Carousel 5	block/features-carousel	https://raw.githubusercontent.com/tailark/pro-images/main/features-carousel-5.png	https://raw.githubusercontent.com/tailark/pro-images/main/features-carousel-5.png	none	pro	install	react	dotted-map	needs-review		2026-10-08	c4cf0a876c	new:2026-10-08
tailark	file-upload	File Upload Illustration	illustration/form	https://tailark.com/illustrations	https://tailark.com/illustrations	none	pro	install	react		needs-review		2026-10-08	b4b66e133a	new:2026-10-08
tailark	fingerprint	Fingerprint Illustration	illustration/scan	https://tailark.com/illustrations	https://tailark.com/illustrations	none	pro	install	react		needs-review		2026-10-08	a0c140e4e1	new:2026-10-08
tailark	fingerprint-scan	Fingerprint Illustration	illustration/scan	https://tailark.com/illustrations	https://tailark.com/illustrations	none	pro	install	react		needs-review		2026-10-08	cadb619b9c	new:2026-10-08
tailark	flow	Flow Illustration	illustration/flow	https://tailark.com/illustrations	https://tailark.com/illustrations	none	pro	install	react		needs-review		2026-10-08	4c4166b100	new:2026-10-08
tailark	flow-10	Flow Illustration	illustration/flow	https://tailark.com/illustrations	https://tailark.com/illustrations	none	pro	install	react	motion	needs-review		2026-10-08	3b907eb17b	new:2026-10-08
tailark	flow-11	Flow Illustration	illustration/flow	https://tailark.com/illustrations	https://tailark.com/illustrations	none	pro	install	react		needs-review		2026-10-08	9b2352dc5b	new:2026-10-08
tailark	flow-12	Flow Illustration	illustration/flow	https://tailark.com/illustrations	https://tailark.com/illustrations	none	pro	install	react	motion	needs-review		2026-10-08	83b6fa16a1	new:2026-10-08
tailark	flow-13	Flow Illustration	illustration/flow	https://tailark.com/illustrations	https://tailark.com/illustrations	none	pro	install	react	motion	needs-review		2026-10-08	e971b43fa1	new:2026-10-08
tailark	flow-2	Flow Illustration	illustration/flow	https://tailark.com/illustrations	https://tailark.com/illustrations	none	pro	install	react		needs-review		2026-10-08	75ee159aa1	new:2026-10-08
tailark	flow-3	Flow Illustration	illustration/flow	https://tailark.com/illustrations	https://tailark.com/illustrations	none	pro	install	react	motion	needs-review		2026-10-08	0c7008c758	new:2026-10-08
tailark	flow-4	Flow Illustration	illustration/flow	https://tailark.com/illustrations	https://tailark.com/illustrations	none	pro	install	react	motion	needs-review		2026-10-08	871036f3e7	new:2026-10-08
tailark	flow-5	Flow Illustration	illustration/flow	https://tailark.com/illustrations	https://tailark.com/illustrations	none	pro	install	react		needs-review		2026-10-08	e33039a345	new:2026-10-08
tailark	flow-6	Flow Illustration	illustration/flow	https://tailark.com/illustrations	https://tailark.com/illustrations	none	pro	install	react	motion	needs-review		2026-10-08	b5d28d0144	new:2026-10-08
tailark	flow-7	Flow Illustration	illustration/flow	https://tailark.com/illustrations	https://tailark.com/illustrations	none	pro	install	react		needs-review		2026-10-08	98ebf723ce	new:2026-10-08
tailark	flow-8	Flow Illustration	illustration/flow	https://tailark.com/illustrations	https://tailark.com/illustrations	none	pro	install	react	motion	needs-review		2026-10-08	b792634cd0	new:2026-10-08
tailark	flow-9	Flow Illustration	illustration/flow	https://tailark.com/illustrations	https://tailark.com/illustrations	none	pro	install	react		needs-review		2026-10-08	ba11b73ec3	new:2026-10-08
tailark	food-delivery	Food Delivery Illustration	illustration/mobile	https://tailark.com/illustrations	https://tailark.com/illustrations	none	pro	install	react		needs-review		2026-10-08	c0c3183282	new:2026-10-08
tailark	footer-1	Footer 1	block/footer	https://raw.githubusercontent.com/tailark/pro-images/main/footer-1.png	https://raw.githubusercontent.com/tailark/pro-images/main/footer-1.png	none	pro	install	react		needs-review		2026-10-08	ebebdfbfe3	new:2026-10-08
tailark	footer-2	Footer 2	block/footer	https://raw.githubusercontent.com/tailark/pro-images/main/footer-2.png	https://raw.githubusercontent.com/tailark/pro-images/main/footer-2.png	none	pro	install	react		needs-review		2026-10-08	2303843449	new:2026-10-08
tailark	footer-3	Footer 3	block/footer	https://raw.githubusercontent.com/tailark/pro-images/main/footer-3.png	https://raw.githubusercontent.com/tailark/pro-images/main/footer-3.png	none	pro	install	react		needs-review		2026-10-08	e9ad80d89d	new:2026-10-08
tailark	footer-4	Footer 4	block/footer	https://raw.githubusercontent.com/tailark/pro-images/main/footer-4.png	https://raw.githubusercontent.com/tailark/pro-images/main/footer-4.png	none	pro	install	react		needs-review		2026-10-08	7bb661b865	new:2026-10-08
tailark	footer-5	Footer 5	block/footer	https://raw.githubusercontent.com/tailark/pro-images/main/footer-5.png	https://raw.githubusercontent.com/tailark/pro-images/main/footer-5.png	none	pro	install	react		needs-review		2026-10-08	0bc7bf6d43	new:2026-10-08
tailark	forgot-password-1	Forgot Password 1	block/forgot-password	https://raw.githubusercontent.com/tailark/pro-images/main/forgot-password-1.png	https://raw.githubusercontent.com/tailark/pro-images/main/forgot-password-1.png	none	pro	install	react		needs-review		2026-10-08	35616ec495	new:2026-10-08
tailark	forgot-password-2	Forgot Password 2	block/forgot-password	https://raw.githubusercontent.com/tailark/pro-images/main/forgot-password-2.png	https://raw.githubusercontent.com/tailark/pro-images/main/forgot-password-2.png	none	pro	install	react		needs-review		2026-10-08	6e4c27c8f7	new:2026-10-08
tailark	forgot-password-3	Forgot Password 3	block/forgot-password	https://raw.githubusercontent.com/tailark/pro-images/main/forgot-password-3.png	https://raw.githubusercontent.com/tailark/pro-images/main/forgot-password-3.png	none	pro	install	react		needs-review		2026-10-08	12faeabf14	new:2026-10-08
tailark	forgot-password-4	Forgot Password 4	block/forgot-password	https://raw.githubusercontent.com/tailark/pro-images/main/forgot-password-4.png	https://raw.githubusercontent.com/tailark/pro-images/main/forgot-password-4.png	none	pro	install	react		needs-review		2026-10-08	e8da675fc1	new:2026-10-08
tailark	forgot-password-5	Forgot Password 5	block/forgot-password	https://raw.githubusercontent.com/tailark/pro-images/main/forgot-password-5.png	https://raw.githubusercontent.com/tailark/pro-images/main/forgot-password-5.png	none	pro	install	react		needs-review		2026-10-08	2539e0c055	new:2026-10-08
tailark	header-1	Header 1	block/header	https://raw.githubusercontent.com/tailark/pro-images/main/header-1.png	https://raw.githubusercontent.com/tailark/pro-images/main/header-1.png	none	pro	install	react	motion	needs-review		2026-10-08	4805ba9b15	new:2026-10-08
tailark	header-2	Header 2	block/header	https://raw.githubusercontent.com/tailark/pro-images/main/header-2.png	https://raw.githubusercontent.com/tailark/pro-images/main/header-2.png	none	pro	install	react	motion	needs-review		2026-10-08	e2ba70cc28	new:2026-10-08
tailark	header-3	Header 3	block/header	https://raw.githubusercontent.com/tailark/pro-images/main/header-3.png	https://raw.githubusercontent.com/tailark/pro-images/main/header-3.png	none	pro	install	react		needs-review		2026-10-08	479e8e659b	new:2026-10-08
tailark	header-4	Header 4	block/header	https://raw.githubusercontent.com/tailark/pro-images/main/header-4.png	https://raw.githubusercontent.com/tailark/pro-images/main/header-4.png	none	pro	install	react	motion	needs-review		2026-10-08	0b2b01f4f8	new:2026-10-08
tailark	header-5	Header 5	block/header	https://raw.githubusercontent.com/tailark/pro-images/main/header-5.png	https://raw.githubusercontent.com/tailark/pro-images/main/header-5.png	none	pro	install	react	motion	needs-review		2026-10-08	70795ccf3e	new:2026-10-08
tailark	header-6	Header 6	block/header	https://raw.githubusercontent.com/tailark/pro-images/main/header-6.png	https://raw.githubusercontent.com/tailark/pro-images/main/header-6.png	none	pro	install	react	motion	needs-review		2026-10-08	dcb265d1e1	new:2026-10-08
tailark	header-7	Header 7	block/header	https://raw.githubusercontent.com/tailark/pro-images/main/header-7.png	https://raw.githubusercontent.com/tailark/pro-images/main/header-7.png	none	pro	install	react	motion	needs-review		2026-10-08	0eead2120b	new:2026-10-08
tailark	header-8	Header 8	block/header	https://raw.githubusercontent.com/tailark/pro-images/main/header-8.png	https://raw.githubusercontent.com/tailark/pro-images/main/header-8.png	none	pro	install	react	motion	needs-review		2026-10-08	83547f3a00	new:2026-10-08
tailark	hero-section-1	Hero Section 1	block/hero-section	https://raw.githubusercontent.com/tailark/pro-images/main/hero-section-1.png	https://raw.githubusercontent.com/tailark/pro-images/main/hero-section-1.png	none	pro	install	react	motion	needs-review		2026-10-08	ec211ad2f2	new:2026-10-08
tailark	hero-section-10	Hero Section 10	block/hero-section	https://raw.githubusercontent.com/tailark/pro-images/main/hero-section-10.png	https://raw.githubusercontent.com/tailark/pro-images/main/hero-section-10.png	none	pro	install	react	motion	needs-review		2026-10-08	037616d4b1	new:2026-10-08
tailark	hero-section-11	Hero Section 11	block/hero-section	https://raw.githubusercontent.com/tailark/pro-images/main/hero-section-11.png	https://raw.githubusercontent.com/tailark/pro-images/main/hero-section-11.png	none	pro	install	react	motion	needs-review		2026-10-08	ec05894044	new:2026-10-08
tailark	hero-section-12	Hero Section 12	block/hero-section	https://raw.githubusercontent.com/tailark/pro-images/main/hero-section-12.png	https://raw.githubusercontent.com/tailark/pro-images/main/hero-section-12.png	none	pro	install	react	motion	needs-review		2026-10-08	918ad46790	new:2026-10-08
tailark	hero-section-13	Hero Section 13	block/hero-section	https://raw.githubusercontent.com/tailark/pro-images/main/hero-section-13.png	https://raw.githubusercontent.com/tailark/pro-images/main/hero-section-13.png	none	pro	install	react	motion	needs-review		2026-10-08	ff765d05f8	new:2026-10-08
tailark	hero-section-14	Hero Section 14	block/hero-section	https://raw.githubusercontent.com/tailark/pro-images/main/hero-section-14.png	https://raw.githubusercontent.com/tailark/pro-images/main/hero-section-14.png	none	pro	install	react	motion	needs-review		2026-10-08	036bf1e28d	new:2026-10-08
tailark	hero-section-15	Hero Section 15	block/hero-section	https://raw.githubusercontent.com/tailark/pro-images/main/hero-section-15.png	https://raw.githubusercontent.com/tailark/pro-images/main/hero-section-15.png	none	pro	install	react	motion	needs-review		2026-10-08	e027fda773	new:2026-10-08
tailark	hero-section-16	Hero Section 16	block/hero-section	https://raw.githubusercontent.com/tailark/pro-images/main/hero-section-16.png	https://raw.githubusercontent.com/tailark/pro-images/main/hero-section-16.png	none	pro	install	react	hast-util-to-jsx-runtime motion shiki	needs-review		2026-10-08	2512ea2398	new:2026-10-08
tailark	hero-section-17	Hero Section 17	block/hero-section	https://raw.githubusercontent.com/tailark/pro-images/main/hero-section-17.png	https://tailark.com/blocks	none	pro	install	react	motion	needs-review		2026-10-08	f3c6bfaeee	new:2026-10-08
tailark	hero-section-18	Hero Section 18	block/hero-section	https://raw.githubusercontent.com/tailark/pro-images/main/hero-section-18.png	https://tailark.com/blocks	none	pro	install	react		needs-review		2026-10-08	648a9e7aad	new:2026-10-08
tailark	hero-section-19	Hero Section 19	block/hero-section	https://raw.githubusercontent.com/tailark/pro-images/main/hero-section-19.png	https://tailark.com/blocks	none	pro	install	react		needs-review		2026-10-08	ba3c1c52d7	new:2026-10-08
tailark	hero-section-2	Hero Section 2	block/hero-section	https://raw.githubusercontent.com/tailark/pro-images/main/hero-section-2.png	https://raw.githubusercontent.com/tailark/pro-images/main/hero-section-2.png	none	pro	install	react	motion	needs-review		2026-10-08	45fe2a7541	new:2026-10-08
tailark	hero-section-20	Hero Section 20	block/hero-section	https://raw.githubusercontent.com/tailark/pro-images/main/hero-section-20.png	https://tailark.com/blocks	none	pro	install	react		needs-review		2026-10-08	87b231e5d7	new:2026-10-08
tailark	hero-section-3	Hero Section 3	block/hero-section	https://raw.githubusercontent.com/tailark/pro-images/main/hero-section-3.png	https://raw.githubusercontent.com/tailark/pro-images/main/hero-section-3.png	none	pro	install	react	motion	needs-review		2026-10-08	6964303365	new:2026-10-08
tailark	hero-section-4	Hero Section 4	block/hero-section	https://raw.githubusercontent.com/tailark/pro-images/main/hero-section-4.png	https://raw.githubusercontent.com/tailark/pro-images/main/hero-section-4.png	none	pro	install	react	motion	needs-review		2026-10-08	a232188e0a	new:2026-10-08
tailark	hero-section-5	Hero Section 5	block/hero-section	https://raw.githubusercontent.com/tailark/pro-images/main/hero-section-5.png	https://raw.githubusercontent.com/tailark/pro-images/main/hero-section-5.png	none	pro	install	react	motion	needs-review		2026-10-08	637bdf34b7	new:2026-10-08
tailark	hero-section-6	Hero Section 6	block/hero-section	https://raw.githubusercontent.com/tailark/pro-images/main/hero-section-6.png	https://raw.githubusercontent.com/tailark/pro-images/main/hero-section-6.png	none	pro	install	react	motion	needs-review		2026-10-08	7a3466be54	new:2026-10-08
tailark	hero-section-7	Hero Section 7	block/hero-section	https://raw.githubusercontent.com/tailark/pro-images/main/hero-section-7.png	https://raw.githubusercontent.com/tailark/pro-images/main/hero-section-7.png	none	pro	install	react	motion	needs-review		2026-10-08	5975cbf1bd	new:2026-10-08
tailark	hero-section-8	Hero Section 8	block/hero-section	https://raw.githubusercontent.com/tailark/pro-images/main/hero-section-8.png	https://raw.githubusercontent.com/tailark/pro-images/main/hero-section-8.png	none	pro	install	react	motion	needs-review		2026-10-08	38b26852fc	new:2026-10-08
tailark	hero-section-9	Hero Section 9	block/hero-section	https://raw.githubusercontent.com/tailark/pro-images/main/hero-section-9.png	https://raw.githubusercontent.com/tailark/pro-images/main/hero-section-9.png	none	pro	install	react	motion	needs-review		2026-10-08	ca5531a1c8	new:2026-10-08
tailark	how-it-works-1	How It Works 1	block/how-it-works	https://raw.githubusercontent.com/tailark/pro-images/main/how-it-works-1.png	https://raw.githubusercontent.com/tailark/pro-images/main/how-it-works-1.png	none	pro	install	react		needs-review		2026-10-08	2bb37a8b16	new:2026-10-08
tailark	how-it-works-2	How It Works 2	block/how-it-works	https://raw.githubusercontent.com/tailark/pro-images/main/how-it-works-2.png	https://raw.githubusercontent.com/tailark/pro-images/main/how-it-works-2.png	none	pro	install	react	date-fns	needs-review		2026-10-08	ecfe503868	new:2026-10-08
tailark	how-it-works-3	How It Works 3	block/how-it-works	https://raw.githubusercontent.com/tailark/pro-images/main/how-it-works-3.png	https://tailark.com/blocks	none	pro	install	react	@tsparticles/engine @tsparticles/react @tsparticles/slim hast-util-to-jsx-runtime motion shiki	needs-review		2026-10-08	ec6ed5126b	new:2026-10-08
tailark	how-it-works-4	How It Works 4	block/how-it-works	https://raw.githubusercontent.com/tailark/pro-images/main/how-it-works-4.png	https://raw.githubusercontent.com/tailark/pro-images/main/how-it-works-4.png	none	pro	install	react		needs-review		2026-10-08	a55363871e	new:2026-10-08
tailark	how-it-works-5	How It Works 5	block/how-it-works	https://raw.githubusercontent.com/tailark/pro-images/main/how-it-works-5.png	https://raw.githubusercontent.com/tailark/pro-images/main/how-it-works-5.png	none	pro	install	react		needs-review		2026-10-08	7d1e4dc16d	new:2026-10-08
tailark	how-it-works-6	How It Works 6	block/how-it-works	https://raw.githubusercontent.com/tailark/pro-images/main/how-it-works-6.png	https://raw.githubusercontent.com/tailark/pro-images/main/how-it-works-6.png	none	pro	install	react		needs-review		2026-10-08	cdc3294fb7	new:2026-10-08
tailark	how-it-works-7	How It Works 7	block/how-it-works	https://raw.githubusercontent.com/tailark/pro-images/main/how-it-works-7.png	https://raw.githubusercontent.com/tailark/pro-images/main/how-it-works-7.png	none	pro	install	react		needs-review		2026-10-08	74cbf86653	new:2026-10-08
tailark	id-check	Id Check Illustration	illustration/others	https://tailark.com/illustrations	https://tailark.com/illustrations	none	pro	install	react		needs-review		2026-10-08	78525efdb3	new:2026-10-08
tailark	integrations	Integrations Illustration	illustration/ai	https://tailark.com/illustrations	https://tailark.com/illustrations	none	pro	install	react		needs-review		2026-10-08	bf822ef90d	new:2026-10-08
tailark	integrations-1	Integrations 1	block/integrations	https://raw.githubusercontent.com/tailark/pro-images/main/integrations-1.png	https://raw.githubusercontent.com/tailark/pro-images/main/integrations-1.png	none	pro	install	react		needs-review		2026-10-08	a8ee869532	new:2026-10-08
tailark	integrations-10	Integrations 10	block/integrations	https://raw.githubusercontent.com/tailark/pro-images/main/integrations-10.png	https://raw.githubusercontent.com/tailark/pro-images/main/integrations-10.png	none	pro	install	react		needs-review		2026-10-08	5a3d1aea04	new:2026-10-08
tailark	integrations-11	Integrations 11	block/integrations	https://raw.githubusercontent.com/tailark/pro-images/main/integrations-11.png	https://raw.githubusercontent.com/tailark/pro-images/main/integrations-11.png	none	pro	install	react		needs-review		2026-10-08	5f14db45d4	new:2026-10-08
tailark	integrations-2	Integrations 2	block/integrations	https://raw.githubusercontent.com/tailark/pro-images/main/integrations-2.png	https://raw.githubusercontent.com/tailark/pro-images/main/integrations-2.png	none	pro	install	react		needs-review		2026-10-08	fe44c1727c	new:2026-10-08
tailark	integrations-5	Integrations 5	block/integrations	https://raw.githubusercontent.com/tailark/pro-images/main/integrations-5.png	https://raw.githubusercontent.com/tailark/pro-images/main/integrations-5.png	none	pro	install	react		needs-review		2026-10-08	f759162aab	new:2026-10-08
tailark	integrations-6	Integrations 6	block/integrations	https://raw.githubusercontent.com/tailark/pro-images/main/integrations-6.png	https://raw.githubusercontent.com/tailark/pro-images/main/integrations-6.png	none	pro	install	react		needs-review		2026-10-08	35ab70e81e	new:2026-10-08
tailark	integrations-7	Integrations 7	block/integrations	https://raw.githubusercontent.com/tailark/pro-images/main/integrations-7.png	https://raw.githubusercontent.com/tailark/pro-images/main/integrations-7.png	none	pro	install	react		needs-review		2026-10-08	55892923ca	new:2026-10-08
tailark	integrations-9	Integrations 9	block/integrations	https://raw.githubusercontent.com/tailark/pro-images/main/integrations-9.png	https://raw.githubusercontent.com/tailark/pro-images/main/integrations-9.png	none	pro	install	react		needs-review		2026-10-08	5ec2e02054	new:2026-10-08
tailark	investors-1	Investors 1	block/investors	https://raw.githubusercontent.com/tailark/pro-images/main/investors-1.png	https://raw.githubusercontent.com/tailark/pro-images/main/investors-1.png	none	pro	install	react		needs-review		2026-10-08	2bff472269	new:2026-10-08
tailark	investors-2	Investors 2	block/investors	https://raw.githubusercontent.com/tailark/pro-images/main/investors-2.png	https://raw.githubusercontent.com/tailark/pro-images/main/investors-2.png	none	pro	install	react		needs-review		2026-10-08	9639e94f72	new:2026-10-08
tailark	investors-3	Investors 3	block/investors	https://raw.githubusercontent.com/tailark/pro-images/main/investors-3.png	https://raw.githubusercontent.com/tailark/pro-images/main/investors-3.png	none	pro	install	react		needs-review		2026-10-08	efec7fadc5	new:2026-10-08
tailark	investors-4	Investors 4	block/investors	https://raw.githubusercontent.com/tailark/pro-images/main/investors-4.png	https://raw.githubusercontent.com/tailark/pro-images/main/investors-4.png	none	pro	install	react		needs-review		2026-10-08	0a4bc1be74	new:2026-10-08
tailark	investors-5	Investors 5	block/investors	https://raw.githubusercontent.com/tailark/pro-images/main/investors-5.png	https://raw.githubusercontent.com/tailark/pro-images/main/investors-5.png	none	pro	install	react		needs-review		2026-10-08	e7d37f18f9	new:2026-10-08
tailark	investors-6	Investors 6	block/investors	https://raw.githubusercontent.com/tailark/pro-images/main/investors-6.png	https://raw.githubusercontent.com/tailark/pro-images/main/investors-6.png	none	pro	install	react		needs-review		2026-10-08	7d0e9d93f7	new:2026-10-08
tailark	investors-7	Investors 7	block/investors	https://raw.githubusercontent.com/tailark/pro-images/main/investors-7.png	https://raw.githubusercontent.com/tailark/pro-images/main/investors-7.png	none	pro	install	react		needs-review		2026-10-08	e3270009ad	new:2026-10-08
tailark	invoice	Invoice Illustration	illustration/workspace	https://tailark.com/illustrations	https://tailark.com/illustrations	none	pro	install	react		needs-review		2026-10-08	8fa1530a3b	new:2026-10-08
tailark	invoice-signing	Invoice Illustration	illustration/workspace	https://tailark.com/illustrations	https://tailark.com/illustrations	none	pro	install	react		needs-review		2026-10-08	cf37bf0fa4	new:2026-10-08
tailark	kanban	Kanban Illustration	illustration/workspace	https://tailark.com/illustrations	https://tailark.com/illustrations	none	pro	install	react		needs-review		2026-10-08	08614c4d5e	new:2026-10-08
tailark	kanban-2	Kanban Illustration	illustration/workspace	https://tailark.com/illustrations	https://tailark.com/illustrations	none	pro	install	react		needs-review		2026-10-08	a93c9b8c3a	new:2026-10-08
tailark	kanban-3	Kanban Illustration	illustration/workspace	https://tailark.com/illustrations	https://tailark.com/illustrations	none	pro	install	react		needs-review		2026-10-08	cbe4af9810	new:2026-10-08
tailark	keys	Keys Illustration	illustration/others	https://tailark.com/illustrations	https://tailark.com/illustrations	none	pro	install	react		needs-review		2026-10-08	d97898a0ac	new:2026-10-08
tailark	login-blocks-1	Login Blocks 1	block/login-blocks	https://raw.githubusercontent.com/tailark/pro-images/main/login-blocks-1.png	https://raw.githubusercontent.com/tailark/pro-images/main/login-blocks-1.png	none	pro	install	react		needs-review		2026-10-08	ff58e85d5c	new:2026-10-08
tailark	login-blocks-10	Login Blocks 10	block/login-blocks	https://raw.githubusercontent.com/tailark/pro-images/main/login-blocks-10.png	https://raw.githubusercontent.com/tailark/pro-images/main/login-blocks-10.png	none	pro	install	react		needs-review		2026-10-08	75ed9bce93	new:2026-10-08
tailark	login-blocks-11	Login Blocks 11	block/login-blocks	https://raw.githubusercontent.com/tailark/pro-images/main/login-blocks-11.png	https://raw.githubusercontent.com/tailark/pro-images/main/login-blocks-11.png	none	pro	install	react		needs-review		2026-10-08	d74cfc2a58	new:2026-10-08
tailark	login-blocks-2	Login Blocks 2	block/login-blocks	https://raw.githubusercontent.com/tailark/pro-images/main/login-blocks-2.png	https://raw.githubusercontent.com/tailark/pro-images/main/login-blocks-2.png	none	pro	install	react		needs-review		2026-10-08	16cb89a29b	new:2026-10-08
tailark	login-blocks-3	Login Blocks 3	block/login-blocks	https://raw.githubusercontent.com/tailark/pro-images/main/login-blocks-3.png	https://raw.githubusercontent.com/tailark/pro-images/main/login-blocks-3.png	none	pro	install	react		needs-review		2026-10-08	10d29b0830	new:2026-10-08
tailark	login-blocks-4	Login Blocks 4	block/login-blocks	https://raw.githubusercontent.com/tailark/pro-images/main/login-blocks-4.png	https://raw.githubusercontent.com/tailark/pro-images/main/login-blocks-4.png	none	pro	install	react		needs-review		2026-10-08	b1bd1ee515	new:2026-10-08
tailark	login-blocks-5	Login Blocks 5	block/login-blocks	https://raw.githubusercontent.com/tailark/pro-images/main/login-blocks-5.png	https://raw.githubusercontent.com/tailark/pro-images/main/login-blocks-5.png	none	pro	install	react		needs-review		2026-10-08	8010377a61	new:2026-10-08
tailark	login-blocks-6	Login Blocks 6	block/login-blocks	https://raw.githubusercontent.com/tailark/pro-images/main/login-blocks-6.png	https://raw.githubusercontent.com/tailark/pro-images/main/login-blocks-6.png	none	pro	install	react		needs-review		2026-10-08	a2ae6fdac1	new:2026-10-08
tailark	login-blocks-7	Login Blocks 7	block/login-blocks	https://raw.githubusercontent.com/tailark/pro-images/main/login-blocks-7.png	https://raw.githubusercontent.com/tailark/pro-images/main/login-blocks-7.png	none	pro	install	react		needs-review		2026-10-08	16d3db77b6	new:2026-10-08
tailark	login-blocks-8	Login Blocks 8	block/login-blocks	https://raw.githubusercontent.com/tailark/pro-images/main/login-blocks-8.png	https://raw.githubusercontent.com/tailark/pro-images/main/login-blocks-8.png	none	pro	install	react		needs-review		2026-10-08	23084b582d	new:2026-10-08
tailark	login-blocks-9	Login Blocks 9	block/login-blocks	https://raw.githubusercontent.com/tailark/pro-images/main/login-blocks-9.png	https://raw.githubusercontent.com/tailark/pro-images/main/login-blocks-9.png	none	pro	install	react		needs-review		2026-10-08	688c74dde4	new:2026-10-08
tailark	logo-cloud-1	Logo Cloud 1	block/logo-cloud	https://raw.githubusercontent.com/tailark/pro-images/main/logo-cloud-1.png	https://raw.githubusercontent.com/tailark/pro-images/main/logo-cloud-1.png	none	pro	install	react	motion	needs-review		2026-10-08	c3f8352a71	new:2026-10-08
tailark	logo-cloud-10	Logo Cloud 10	block/logo-cloud	https://raw.githubusercontent.com/tailark/pro-images/main/logo-cloud-10.png	https://raw.githubusercontent.com/tailark/pro-images/main/logo-cloud-10.png	none	pro	install	react	motion	needs-review		2026-10-08	e8fda34e2b	new:2026-10-08
tailark	logo-cloud-2	Logo Cloud 2	block/logo-cloud	https://raw.githubusercontent.com/tailark/pro-images/main/logo-cloud-2.png	https://raw.githubusercontent.com/tailark/pro-images/main/logo-cloud-2.png	none	pro	install	react	motion	needs-review		2026-10-08	a34f02fe68	new:2026-10-08
tailark	logo-cloud-3	Logo Cloud 3	block/logo-cloud	https://raw.githubusercontent.com/tailark/pro-images/main/logo-cloud-3.png	https://raw.githubusercontent.com/tailark/pro-images/main/logo-cloud-3.png	none	pro	install	react		needs-review		2026-10-08	20cb7f93e7	new:2026-10-08
tailark	logo-cloud-4	Logo Cloud 4	block/logo-cloud	https://raw.githubusercontent.com/tailark/pro-images/main/logo-cloud-4.png	https://raw.githubusercontent.com/tailark/pro-images/main/logo-cloud-4.png	none	pro	install	react		needs-review		2026-10-08	a8e3de40fd	new:2026-10-08
tailark	logo-cloud-5	Logo Cloud 5	block/logo-cloud	https://raw.githubusercontent.com/tailark/pro-images/main/logo-cloud-5.png	https://raw.githubusercontent.com/tailark/pro-images/main/logo-cloud-5.png	none	pro	install	react		needs-review		2026-10-08	2de6170fa7	new:2026-10-08
tailark	logo-cloud-6	Logo Cloud 6	block/logo-cloud	https://raw.githubusercontent.com/tailark/pro-images/main/logo-cloud-6.png	https://raw.githubusercontent.com/tailark/pro-images/main/logo-cloud-6.png	none	pro	install	react		needs-review		2026-10-08	618e93f9b0	new:2026-10-08
tailark	logo-cloud-7	Logo Cloud 7	block/logo-cloud	https://raw.githubusercontent.com/tailark/pro-images/main/logo-cloud-7.png	https://raw.githubusercontent.com/tailark/pro-images/main/logo-cloud-7.png	none	pro	install	react		needs-review		2026-10-08	e8da68e3ef	new:2026-10-08
tailark	logo-cloud-8	Logo Cloud 8	block/logo-cloud	https://raw.githubusercontent.com/tailark/pro-images/main/logo-cloud-8.png	https://raw.githubusercontent.com/tailark/pro-images/main/logo-cloud-8.png	none	pro	install	react		needs-review		2026-10-08	a31ef2fcea	new:2026-10-08
tailark	logo-cloud-9	Logo Cloud 9	block/logo-cloud	https://raw.githubusercontent.com/tailark/pro-images/main/logo-cloud-9.png	https://raw.githubusercontent.com/tailark/pro-images/main/logo-cloud-9.png	none	pro	install	react		needs-review		2026-10-08	8276fd1abe	new:2026-10-08
tailark	map	Map Illustration	illustration/visualization	https://tailark.com/illustrations	https://tailark.com/illustrations	none	pro	install	react	dotted-map	needs-review		2026-10-08	cdc20785ff	new:2026-10-08
tailark	map-2	Map Illustration	illustration/visualization	https://tailark.com/illustrations	https://tailark.com/illustrations	none	pro	install	react	dotted-map	needs-review		2026-10-08	0c632662bf	new:2026-10-08
tailark	meeting	Meeting Illustration	illustration/workspace	https://tailark.com/illustrations	https://tailark.com/illustrations	none	pro	install	react		needs-review		2026-10-08	d26dca5398	new:2026-10-08
tailark	meeting-2	Meeting Illustration	illustration/workspace	https://tailark.com/illustrations	https://tailark.com/illustrations	none	pro	install	react		needs-review		2026-10-08	c6c1f1f137	new:2026-10-08
tailark	meeting-3	Meeting Illustration	illustration/workspace	https://tailark.com/illustrations	https://tailark.com/illustrations	none	pro	install	react		needs-review		2026-10-08	dc68f6d8f0	new:2026-10-08
tailark	meeting-4	Meeting Illustration	illustration/workspace	https://tailark.com/illustrations	https://tailark.com/illustrations	none	pro	install	react		needs-review		2026-10-08	634d50daff	new:2026-10-08
tailark	memory-usage	Memory Usage Illustration	illustration/visualization	https://tailark.com/illustrations	https://tailark.com/illustrations	none	pro	install	react		needs-review		2026-10-08	d667b498bd	new:2026-10-08
tailark	message	Message Illustration	illustration/message	https://tailark.com/illustrations	https://tailark.com/illustrations	none	pro	install	react		needs-review		2026-10-08	6ec1435372	new:2026-10-08
tailark	message-2	Message Illustration	illustration/message	https://tailark.com/illustrations	https://tailark.com/illustrations	none	pro	install	react		needs-review		2026-10-08	13185de30a	new:2026-10-08
tailark	metrics	Metrics Illustration	illustration/visualization	https://tailark.com/illustrations	https://tailark.com/illustrations	none	pro	install	react		needs-review		2026-10-08	5aee8fbe83	new:2026-10-08
tailark	mobile-ai-assistant	Mobile Illustration	illustration/mobile	https://tailark.com/illustrations	https://tailark.com/illustrations	none	pro	install	react		needs-review		2026-10-08	8a9d5b32ad	new:2026-10-08
tailark	mobile-ai-suggestion	Mobile Illustration	illustration/mobile	https://tailark.com/illustrations	https://tailark.com/illustrations	none	pro	install	react		needs-review		2026-10-08	dbfeceed15	new:2026-10-08
tailark	mobile-card-form	Mobile Illustration	illustration/mobile	https://tailark.com/illustrations	https://tailark.com/illustrations	none	pro	install	react		needs-review		2026-10-08	02456ce3f9	new:2026-10-08
tailark	mobile-email	Mobile Illustration	illustration/mobile	https://tailark.com/illustrations	https://tailark.com/illustrations	none	pro	install	react		needs-review		2026-10-08	dba97d68fd	new:2026-10-08
tailark	mobile-note	Mobile Illustration	illustration/mobile	https://tailark.com/illustrations	https://tailark.com/illustrations	none	pro	install	react		needs-review		2026-10-08	cbd11f450f	new:2026-10-08
tailark	mobile-note-2	Mobile Illustration	illustration/mobile	https://tailark.com/illustrations	https://tailark.com/illustrations	none	pro	install	react		needs-review		2026-10-08	263f61a827	new:2026-10-08
tailark	mobile-wallet	Mobile Illustration	illustration/mobile	https://tailark.com/illustrations	https://tailark.com/illustrations	none	pro	install	react		needs-review		2026-10-08	f45d6904e6	new:2026-10-08
tailark	mobile-wallet-area	Mobile Illustration	illustration/mobile	https://tailark.com/illustrations	https://tailark.com/illustrations	none	pro	install	react		needs-review		2026-10-08	2596162113	new:2026-10-08
tailark	mobile-wallet-line	Mobile Illustration	illustration/mobile	https://tailark.com/illustrations	https://tailark.com/illustrations	none	pro	install	react		needs-review		2026-10-08	e8ef19ee84	new:2026-10-08
tailark	model-selector	Model Selector Illustration	illustration/ai	https://tailark.com/illustrations	https://tailark.com/illustrations	none	pro	install	react		needs-review		2026-10-08	3892463432	new:2026-10-08
tailark	model-training	Model Training Illustration	illustration/ai	https://tailark.com/illustrations	https://tailark.com/illustrations	none	pro	install	react		needs-review		2026-10-08	a1fd988a2d	new:2026-10-08
tailark	models	Models Illustration	illustration/ai	https://tailark.com/illustrations	https://tailark.com/illustrations	none	pro	install	react		needs-review		2026-10-08	6016421345	new:2026-10-08
tailark	models-2	Models Illustration	illustration/ai	https://tailark.com/illustrations	https://tailark.com/illustrations	none	pro	install	react		needs-review		2026-10-08	90b969fefa	new:2026-10-08
tailark	models-3	Models Illustration	illustration/ai	https://tailark.com/illustrations	https://tailark.com/illustrations	none	pro	install	react		needs-review		2026-10-08	d7f5ebdcb7	new:2026-10-08
tailark	models-4	Models Illustration	illustration/ai	https://tailark.com/illustrations	https://tailark.com/illustrations	none	pro	install	react		needs-review		2026-10-08	a8d5e1292c	new:2026-10-08
tailark	motion-primitives-animated-group	Animated Group	free/motion-primitives	https://tailark.com	npx shadcn@latest add https://tailark.com/r/motion-primitives-animated-group.json	registry:https://tailark.com/r/motion-primitives-animated-group.json	free	install	react	motion	needs-review		2026-10-08	ad72bfe9ad	new:2026-10-08
tailark	motion-primitives-infinite-slider	Infinite Slider	free/motion-primitives	https://tailark.com	npx shadcn@latest add https://tailark.com/r/motion-primitives-infinite-slider.json	registry:https://tailark.com/r/motion-primitives-infinite-slider.json	free	install	react	motion react-use-measure	needs-review		2026-10-08	4b1a4bfeb3	new:2026-10-08
tailark	motion-primitives-progressive-blur	Progressive Blur	free/motion-primitives	https://tailark.com	npx shadcn@latest add https://tailark.com/r/motion-primitives-progressive-blur.json	registry:https://tailark.com/r/motion-primitives-progressive-blur.json	free	install	react	motion	needs-review		2026-10-08	e730dbdd32	new:2026-10-08
tailark	motion-primitives-text-effect	Text Effect	free/motion-primitives	https://tailark.com	npx shadcn@latest add https://tailark.com/r/motion-primitives-text-effect.json	registry:https://tailark.com/r/motion-primitives-text-effect.json	free	install	react	motion	needs-review		2026-10-08	6378fd08dc	new:2026-10-08
tailark	motion-primitives-text-scramble	Text Scramble	free/motion-primitives	https://tailark.com	npx shadcn@latest add https://tailark.com/r/motion-primitives-text-scramble.json	registry:https://tailark.com/r/motion-primitives-text-scramble.json	free	install	react	motion	needs-review		2026-10-08	95273e2b61	new:2026-10-08
tailark	motion-primitives-text-shimmer	Text Shimmer	free/motion-primitives	https://tailark.com	npx shadcn@latest add https://tailark.com/r/motion-primitives-text-shimmer.json	registry:https://tailark.com/r/motion-primitives-text-shimmer.json	free	install	react	motion	needs-review		2026-10-08	b90019f1e1	new:2026-10-08
tailark	notes	Notes Illustration	illustration/workspace	https://tailark.com/illustrations	https://tailark.com/illustrations	none	pro	install	react		needs-review		2026-10-08	f6cf745e00	new:2026-10-08
tailark	notes-2	Notes Illustration	illustration/workspace	https://tailark.com/illustrations	https://tailark.com/illustrations	none	pro	install	react		needs-review		2026-10-08	ec5f46e2f0	new:2026-10-08
tailark	notes-3	Notes Illustration	illustration/workspace	https://tailark.com/illustrations	https://tailark.com/illustrations	none	pro	install	react		needs-review		2026-10-08	bfac3c2226	new:2026-10-08
tailark	open-roles-1	Open Roles 1	block/open-roles	https://raw.githubusercontent.com/tailark/pro-images/main/open-roles-1.png	https://raw.githubusercontent.com/tailark/pro-images/main/open-roles-1.png	none	pro	install	react		needs-review		2026-10-08	ba20dc0c33	new:2026-10-08
tailark	open-roles-2	Open Roles 2	block/open-roles	https://raw.githubusercontent.com/tailark/pro-images/main/open-roles-2.png	https://raw.githubusercontent.com/tailark/pro-images/main/open-roles-2.png	none	pro	install	react		needs-review		2026-10-08	195a3a233d	new:2026-10-08
tailark	open-roles-3	Open Roles 3	block/open-roles	https://raw.githubusercontent.com/tailark/pro-images/main/open-roles-3.png	https://raw.githubusercontent.com/tailark/pro-images/main/open-roles-3.png	none	pro	install	react		needs-review		2026-10-08	b129309e4d	new:2026-10-08
tailark	open-roles-4	Open Roles 4	block/open-roles	https://raw.githubusercontent.com/tailark/pro-images/main/open-roles-4.png	https://raw.githubusercontent.com/tailark/pro-images/main/open-roles-4.png	none	pro	install	react		needs-review		2026-10-08	dbe9a152c0	new:2026-10-08
tailark	open-roles-5	Open Roles 5	block/open-roles	https://raw.githubusercontent.com/tailark/pro-images/main/open-roles-5.png	https://raw.githubusercontent.com/tailark/pro-images/main/open-roles-5.png	none	pro	install	react		needs-review		2026-10-08	eecb9a8b8f	new:2026-10-08
tailark	open-roles-6	Open Roles 6	block/open-roles	https://raw.githubusercontent.com/tailark/pro-images/main/open-roles-6.png	https://raw.githubusercontent.com/tailark/pro-images/main/open-roles-6.png	none	pro	install	react		needs-review		2026-10-08	a966fe0ddd	new:2026-10-08
tailark	open-roles-7	Open Roles 7	block/open-roles	https://raw.githubusercontent.com/tailark/pro-images/main/open-roles-7.png	https://raw.githubusercontent.com/tailark/pro-images/main/open-roles-7.png	none	pro	install	react		needs-review		2026-10-08	4fd9dd4be6	new:2026-10-08
tailark	payment	Payment Illustration	illustration/form	https://tailark.com/illustrations	https://tailark.com/illustrations	none	pro	install	react		needs-review		2026-10-08	ed506d0e67	new:2026-10-08
tailark	poll	Poll Illustration	illustration/workspace	https://tailark.com/illustrations	https://tailark.com/illustrations	none	pro	install	react		needs-review		2026-10-08	bc2db8cefd	new:2026-10-08
tailark	poll-2	Poll Illustration	illustration/workspace	https://tailark.com/illustrations	https://tailark.com/illustrations	none	pro	install	react		needs-review		2026-10-08	9f47a8da4e	new:2026-10-08
tailark	pricing-1	Pricing 1	block/pricing	https://raw.githubusercontent.com/tailark/pro-images/main/pricing-1.png	https://raw.githubusercontent.com/tailark/pro-images/main/pricing-1.png	none	pro	install	react	@number-flow/react	needs-review		2026-10-08	b2c3c04044	new:2026-10-08
tailark	pricing-2	Pricing 2	block/pricing	https://raw.githubusercontent.com/tailark/pro-images/main/pricing-2.png	https://raw.githubusercontent.com/tailark/pro-images/main/pricing-2.png	none	pro	install	react	@number-flow/react	needs-review		2026-10-08	769874912a	new:2026-10-08
tailark	pricing-3	Pricing 3	block/pricing	https://raw.githubusercontent.com/tailark/pro-images/main/pricing-3.png	https://raw.githubusercontent.com/tailark/pro-images/main/pricing-3.png	none	pro	install	react	@number-flow/react	needs-review		2026-10-08	1230cbe48c	new:2026-10-08
tailark	pricing-4	Pricing 4	block/pricing	https://raw.githubusercontent.com/tailark/pro-images/main/pricing-4.png	https://raw.githubusercontent.com/tailark/pro-images/main/pricing-4.png	none	pro	install	react	@number-flow/react	needs-review		2026-10-08	e411ea295a	new:2026-10-08
tailark	pricing-5	Pricing 5	block/pricing	https://raw.githubusercontent.com/tailark/pro-images/main/pricing-5.png	https://raw.githubusercontent.com/tailark/pro-images/main/pricing-5.png	none	pro	install	react	@number-flow/react	needs-review		2026-10-08	23a6b35a05	new:2026-10-08
tailark	reply	Reply Illustration	illustration/message	https://tailark.com/illustrations	https://tailark.com/illustrations	none	pro	install	react		needs-review		2026-10-08	57ede06fca	new:2026-10-08
tailark	ride-sharing	Ride Sharing Illustration	illustration/mobile	https://tailark.com/illustrations	https://tailark.com/illustrations	none	pro	install	react		needs-review		2026-10-08	33e12c2eed	new:2026-10-08
tailark	running-visualization	Health Illustration	illustration/mobile	https://tailark.com/illustrations	https://tailark.com/illustrations	none	pro	install	react		needs-review		2026-10-08	2b816521f3	new:2026-10-08
tailark	schedule	Schedule Illustration	illustration/workspace	https://tailark.com/illustrations	https://tailark.com/illustrations	none	pro	install	react		needs-review		2026-10-08	39204eaf13	new:2026-10-08
tailark	secondary-hero-1	Secondary Hero 1	block/secondary-hero	https://raw.githubusercontent.com/tailark/pro-images/main/secondary-hero-1.png	https://raw.githubusercontent.com/tailark/pro-images/main/secondary-hero-1.png	none	pro	install	react		needs-review		2026-10-08	9a375e1651	new:2026-10-08
tailark	secondary-hero-10	Secondary Hero 10	block/secondary-hero	https://raw.githubusercontent.com/tailark/pro-images/main/secondary-hero-10.png	https://raw.githubusercontent.com/tailark/pro-images/main/secondary-hero-10.png	none	pro	install	react		needs-review		2026-10-08	1bd7370ee7	new:2026-10-08
tailark	secondary-hero-11	Secondary Hero 11	block/secondary-hero	https://raw.githubusercontent.com/tailark/pro-images/main/secondary-hero-11.png	https://raw.githubusercontent.com/tailark/pro-images/main/secondary-hero-11.png	none	pro	install	react	motion	needs-review		2026-10-08	08f1c53b31	new:2026-10-08
tailark	secondary-hero-12	Secondary Hero 12	block/secondary-hero	https://raw.githubusercontent.com/tailark/pro-images/main/secondary-hero-12.png	https://raw.githubusercontent.com/tailark/pro-images/main/secondary-hero-12.png	none	pro	install	react		needs-review		2026-10-08	a6449c3432	new:2026-10-08
tailark	secondary-hero-13	Secondary Hero 13	block/secondary-hero	https://raw.githubusercontent.com/tailark/pro-images/main/secondary-hero-13.png	https://raw.githubusercontent.com/tailark/pro-images/main/secondary-hero-13.png	none	pro	install	react		needs-review		2026-10-08	2cb3df61d6	new:2026-10-08
tailark	secondary-hero-14	Secondary Hero 14	block/secondary-hero	https://raw.githubusercontent.com/tailark/pro-images/main/secondary-hero-14.png	https://raw.githubusercontent.com/tailark/pro-images/main/secondary-hero-14.png	none	pro	install	react		needs-review		2026-10-08	1e191f637d	new:2026-10-08
tailark	secondary-hero-15	Secondary Hero 15	block/secondary-hero	https://raw.githubusercontent.com/tailark/pro-images/main/secondary-hero-15.png	https://raw.githubusercontent.com/tailark/pro-images/main/secondary-hero-15.png	none	pro	install	react		needs-review		2026-10-08	29c9e65c49	new:2026-10-08
tailark	secondary-hero-16	Secondary Hero 16	block/secondary-hero	https://raw.githubusercontent.com/tailark/pro-images/main/secondary-hero-16.png	https://raw.githubusercontent.com/tailark/pro-images/main/secondary-hero-16.png	none	pro	install	react		needs-review		2026-10-08	a0fb4f493f	new:2026-10-08
tailark	secondary-hero-17	Secondary Hero 17	block/secondary-hero	https://raw.githubusercontent.com/tailark/pro-images/main/secondary-hero-17.png	https://raw.githubusercontent.com/tailark/pro-images/main/secondary-hero-17.png	none	pro	install	react		needs-review		2026-10-08	2cf4b42049	new:2026-10-08
tailark	secondary-hero-18	Secondary Hero 18	block/secondary-hero	https://raw.githubusercontent.com/tailark/pro-images/main/secondary-hero-18.png	https://raw.githubusercontent.com/tailark/pro-images/main/secondary-hero-18.png	none	pro	install	react		needs-review		2026-10-08	85cdbf31e6	new:2026-10-08
tailark	secondary-hero-19	Secondary Hero 19	block/secondary-hero	https://raw.githubusercontent.com/tailark/pro-images/main/secondary-hero-19.png	https://raw.githubusercontent.com/tailark/pro-images/main/secondary-hero-19.png	none	pro	install	react		needs-review		2026-10-08	98f5454bd7	new:2026-10-08
tailark	secondary-hero-2	Secondary Hero 2	block/secondary-hero	https://raw.githubusercontent.com/tailark/pro-images/main/secondary-hero-2.png	https://raw.githubusercontent.com/tailark/pro-images/main/secondary-hero-2.png	none	pro	install	react		needs-review		2026-10-08	654f18593c	new:2026-10-08
tailark	secondary-hero-20	Secondary Hero 20	block/secondary-hero	https://raw.githubusercontent.com/tailark/pro-images/main/secondary-hero-20.png	https://raw.githubusercontent.com/tailark/pro-images/main/secondary-hero-20.png	none	pro	install	react		needs-review		2026-10-08	6314b8ed65	new:2026-10-08
tailark	secondary-hero-3	Secondary Hero 3	block/secondary-hero	https://raw.githubusercontent.com/tailark/pro-images/main/secondary-hero-3.png	https://raw.githubusercontent.com/tailark/pro-images/main/secondary-hero-3.png	none	pro	install	react		needs-review		2026-10-08	1f87aee284	new:2026-10-08
tailark	secondary-hero-4	Secondary Hero 4	block/secondary-hero	https://raw.githubusercontent.com/tailark/pro-images/main/secondary-hero-4.png	https://raw.githubusercontent.com/tailark/pro-images/main/secondary-hero-4.png	none	pro	install	react		needs-review		2026-10-08	0e506f260f	new:2026-10-08
tailark	secondary-hero-5	Secondary Hero 5	block/secondary-hero	https://raw.githubusercontent.com/tailark/pro-images/main/secondary-hero-5.png	https://raw.githubusercontent.com/tailark/pro-images/main/secondary-hero-5.png	none	pro	install	react	motion	needs-review		2026-10-08	67d118ce18	new:2026-10-08
tailark	secondary-hero-6	Secondary Hero 6	block/secondary-hero	https://raw.githubusercontent.com/tailark/pro-images/main/secondary-hero-6.png	https://raw.githubusercontent.com/tailark/pro-images/main/secondary-hero-6.png	none	pro	install	react		needs-review		2026-10-08	2a784928c6	new:2026-10-08
tailark	secondary-hero-7	Secondary Hero 7	block/secondary-hero	https://raw.githubusercontent.com/tailark/pro-images/main/secondary-hero-7.png	https://raw.githubusercontent.com/tailark/pro-images/main/secondary-hero-7.png	none	pro	install	react		needs-review		2026-10-08	c367c09290	new:2026-10-08
tailark	secondary-hero-8	Secondary Hero 8	block/secondary-hero	https://raw.githubusercontent.com/tailark/pro-images/main/secondary-hero-8.png	https://raw.githubusercontent.com/tailark/pro-images/main/secondary-hero-8.png	none	pro	install	react		needs-review		2026-10-08	7998e1920f	new:2026-10-08
tailark	secondary-hero-9	Secondary Hero 9	block/secondary-hero	https://raw.githubusercontent.com/tailark/pro-images/main/secondary-hero-9.png	https://raw.githubusercontent.com/tailark/pro-images/main/secondary-hero-9.png	none	pro	install	react		needs-review		2026-10-08	e172faae39	new:2026-10-08
tailark	shopping-cart	Shopping Cart Illustration	illustration/mobile	https://tailark.com/illustrations	https://tailark.com/illustrations	none	pro	install	react		needs-review		2026-10-08	281f1bdc5b	new:2026-10-08
tailark	sign-up-1	Sign Up 1	block/sign-up	https://raw.githubusercontent.com/tailark/pro-images/main/sign-up-1.png	https://raw.githubusercontent.com/tailark/pro-images/main/sign-up-1.png	none	pro	install	react		needs-review		2026-10-08	45649e6df1	new:2026-10-08
tailark	sign-up-10	Sign Up 10	block/sign-up	https://raw.githubusercontent.com/tailark/pro-images/main/sign-up-10.png	https://raw.githubusercontent.com/tailark/pro-images/main/sign-up-10.png	none	pro	install	react		needs-review		2026-10-08	afdde4775e	new:2026-10-08
tailark	sign-up-11	Sign Up 11	block/sign-up	https://raw.githubusercontent.com/tailark/pro-images/main/sign-up-11.png	https://raw.githubusercontent.com/tailark/pro-images/main/sign-up-11.png	none	pro	install	react		needs-review		2026-10-08	3f80a7ed50	new:2026-10-08
tailark	sign-up-2	Sign Up 2	block/sign-up	https://raw.githubusercontent.com/tailark/pro-images/main/sign-up-2.png	https://raw.githubusercontent.com/tailark/pro-images/main/sign-up-2.png	none	pro	install	react		needs-review		2026-10-08	e5adee5164	new:2026-10-08
tailark	sign-up-3	Sign Up 3	block/sign-up	https://raw.githubusercontent.com/tailark/pro-images/main/sign-up-3.png	https://raw.githubusercontent.com/tailark/pro-images/main/sign-up-3.png	none	pro	install	react		needs-review		2026-10-08	12f0e4a43b	new:2026-10-08
tailark	sign-up-4	Sign Up 4	block/sign-up	https://raw.githubusercontent.com/tailark/pro-images/main/sign-up-4.png	https://raw.githubusercontent.com/tailark/pro-images/main/sign-up-4.png	none	pro	install	react		needs-review		2026-10-08	9f614144ec	new:2026-10-08
tailark	sign-up-5	Sign Up 5	block/sign-up	https://raw.githubusercontent.com/tailark/pro-images/main/sign-up-5.png	https://raw.githubusercontent.com/tailark/pro-images/main/sign-up-5.png	none	pro	install	react		needs-review		2026-10-08	0c55e27203	new:2026-10-08
tailark	sign-up-6	Sign Up 6	block/sign-up	https://raw.githubusercontent.com/tailark/pro-images/main/sign-up-6.png	https://raw.githubusercontent.com/tailark/pro-images/main/sign-up-6.png	none	pro	install	react		needs-review		2026-10-08	754de9482c	new:2026-10-08
tailark	sign-up-7	Sign Up 7	block/sign-up	https://raw.githubusercontent.com/tailark/pro-images/main/sign-up-7.png	https://raw.githubusercontent.com/tailark/pro-images/main/sign-up-7.png	none	pro	install	react		needs-review		2026-10-08	02be0f8f29	new:2026-10-08
tailark	sign-up-8	Sign Up 8	block/sign-up	https://raw.githubusercontent.com/tailark/pro-images/main/sign-up-8.png	https://raw.githubusercontent.com/tailark/pro-images/main/sign-up-8.png	none	pro	install	react		needs-review		2026-10-08	1efff80fdd	new:2026-10-08
tailark	sign-up-9	Sign Up 9	block/sign-up	https://raw.githubusercontent.com/tailark/pro-images/main/sign-up-9.png	https://raw.githubusercontent.com/tailark/pro-images/main/sign-up-9.png	none	pro	install	react		needs-review		2026-10-08	d0e1811117	new:2026-10-08
tailark	sleep-tracker	Health Illustration	illustration/mobile	https://tailark.com/illustrations	https://tailark.com/illustrations	none	pro	install	react		needs-review		2026-10-08	7d57a3044f	new:2026-10-08
tailark	sleep-visualization	Health Illustration	illustration/mobile	https://tailark.com/illustrations	https://tailark.com/illustrations	none	pro	install	react		needs-review		2026-10-08	ec6a84b720	new:2026-10-08
tailark	stats-1	Stats 1	block/stats	https://raw.githubusercontent.com/tailark/pro-images/main/stats-1.png	https://raw.githubusercontent.com/tailark/pro-images/main/stats-1.png	none	pro	install	react		needs-review		2026-10-08	5fe360a372	new:2026-10-08
tailark	stats-2	Stats 2	block/stats	https://raw.githubusercontent.com/tailark/pro-images/main/stats-2.png	https://raw.githubusercontent.com/tailark/pro-images/main/stats-2.png	none	pro	install	react	dotted-map	needs-review		2026-10-08	a780607f03	new:2026-10-08
tailark	stats-3	Stats 3	block/stats	https://raw.githubusercontent.com/tailark/pro-images/main/stats-3.png	https://raw.githubusercontent.com/tailark/pro-images/main/stats-3.png	none	pro	install	react		needs-review		2026-10-08	9788025dac	new:2026-10-08
tailark	stats-4	Stats 4	block/stats	https://raw.githubusercontent.com/tailark/pro-images/main/stats-4.png	https://raw.githubusercontent.com/tailark/pro-images/main/stats-4.png	none	pro	install	react		needs-review		2026-10-08	b3da52d1b0	new:2026-10-08
tailark	stats-5	Stats 5	block/stats	https://raw.githubusercontent.com/tailark/pro-images/main/stats-5.png	https://raw.githubusercontent.com/tailark/pro-images/main/stats-5.png	none	pro	install	react	@number-flow/react	needs-review		2026-10-08	807d3fb827	new:2026-10-08
tailark	stats-6	Stats 6	block/stats	https://raw.githubusercontent.com/tailark/pro-images/main/stats-6.png	https://raw.githubusercontent.com/tailark/pro-images/main/stats-6.png	none	pro	install	react		needs-review		2026-10-08	f4ef05c380	new:2026-10-08
tailark	stats-7	Stats 7	block/stats	https://raw.githubusercontent.com/tailark/pro-images/main/stats-7.png	https://raw.githubusercontent.com/tailark/pro-images/main/stats-7.png	none	pro	install	react	dotted-map	needs-review		2026-10-08	7a8f5d006d	new:2026-10-08
tailark	stats-8	Stats 8	block/stats	https://raw.githubusercontent.com/tailark/pro-images/main/stats-8.png	https://raw.githubusercontent.com/tailark/pro-images/main/stats-8.png	none	pro	install	react	dotted-map	needs-review		2026-10-08	75e500426e	new:2026-10-08
tailark	team-1	Team 1	block/team	https://raw.githubusercontent.com/tailark/pro-images/main/team-1.png	https://raw.githubusercontent.com/tailark/pro-images/main/team-1.png	none	pro	install	react		needs-review		2026-10-08	ac1bb3c133	new:2026-10-08
tailark	team-10	Team 10	block/team	https://raw.githubusercontent.com/tailark/pro-images/main/team-10.png	https://raw.githubusercontent.com/tailark/pro-images/main/team-10.png	none	pro	install	react		needs-review		2026-10-08	c10084028c	new:2026-10-08
tailark	team-11	Team 11	block/team	https://raw.githubusercontent.com/tailark/pro-images/main/team-11.png	https://raw.githubusercontent.com/tailark/pro-images/main/team-11.png	none	pro	install	react		needs-review		2026-10-08	29a7899612	new:2026-10-08
tailark	team-12	Team 12	block/team	https://raw.githubusercontent.com/tailark/pro-images/main/team-12.png	https://raw.githubusercontent.com/tailark/pro-images/main/team-12.png	none	pro	install	react		needs-review		2026-10-08	1fce13e065	new:2026-10-08
tailark	team-13	Team 13	block/team	https://raw.githubusercontent.com/tailark/pro-images/main/team-13.png	https://raw.githubusercontent.com/tailark/pro-images/main/team-13.png	none	pro	install	react		needs-review		2026-10-08	86d5ae8631	new:2026-10-08
tailark	team-14	Team 14	block/team	https://raw.githubusercontent.com/tailark/pro-images/main/team-14.png	https://raw.githubusercontent.com/tailark/pro-images/main/team-14.png	none	pro	install	react		needs-review		2026-10-08	c1c5149963	new:2026-10-08
tailark	team-15	Team 15	block/team	https://raw.githubusercontent.com/tailark/pro-images/main/team-15.png	https://raw.githubusercontent.com/tailark/pro-images/main/team-15.png	none	pro	install	react		needs-review		2026-10-08	923b270bd9	new:2026-10-08
tailark	team-16	Team 16	block/team	https://raw.githubusercontent.com/tailark/pro-images/main/team-16.png	https://raw.githubusercontent.com/tailark/pro-images/main/team-16.png	none	pro	install	react		needs-review		2026-10-08	faa315f40a	new:2026-10-08
tailark	team-2	Team 2	block/team	https://raw.githubusercontent.com/tailark/pro-images/main/team-2.png	https://raw.githubusercontent.com/tailark/pro-images/main/team-2.png	none	pro	install	react		needs-review		2026-10-08	793f412acf	new:2026-10-08
tailark	team-3	Team 3	block/team	https://raw.githubusercontent.com/tailark/pro-images/main/team-3.png	https://raw.githubusercontent.com/tailark/pro-images/main/team-3.png	none	pro	install	react		needs-review		2026-10-08	067487639b	new:2026-10-08
tailark	team-4	Team 4	block/team	https://raw.githubusercontent.com/tailark/pro-images/main/team-4.png	https://raw.githubusercontent.com/tailark/pro-images/main/team-4.png	none	pro	install	react		needs-review		2026-10-08	2d42b21d78	new:2026-10-08
tailark	team-5	Team 5	block/team	https://raw.githubusercontent.com/tailark/pro-images/main/team-5.png	https://raw.githubusercontent.com/tailark/pro-images/main/team-5.png	none	pro	install	react		needs-review		2026-10-08	8a0753adee	new:2026-10-08
tailark	team-6	Team 6	block/team	https://raw.githubusercontent.com/tailark/pro-images/main/team-6.png	https://raw.githubusercontent.com/tailark/pro-images/main/team-6.png	none	pro	install	react		needs-review		2026-10-08	bef4498093	new:2026-10-08
tailark	team-7	Team 7	block/team	https://raw.githubusercontent.com/tailark/pro-images/main/team-7.png	https://raw.githubusercontent.com/tailark/pro-images/main/team-7.png	none	pro	install	react		needs-review		2026-10-08	edb1f03c8f	new:2026-10-08
tailark	team-8	Team 8	block/team	https://raw.githubusercontent.com/tailark/pro-images/main/team-8.png	https://raw.githubusercontent.com/tailark/pro-images/main/team-8.png	none	pro	install	react		needs-review		2026-10-08	f3c9c34cf3	new:2026-10-08
tailark	team-9	Team 9	block/team	https://raw.githubusercontent.com/tailark/pro-images/main/team-9.png	https://raw.githubusercontent.com/tailark/pro-images/main/team-9.png	none	pro	install	react		needs-review		2026-10-08	18ff029bbf	new:2026-10-08
tailark	testimonials-1	Testimonials 1	block/testimonials	https://raw.githubusercontent.com/tailark/pro-images/main/testimonials-1.png	https://raw.githubusercontent.com/tailark/pro-images/main/testimonials-1.png	none	pro	install	react	motion	needs-review		2026-10-08	20882514a3	new:2026-10-08
tailark	testimonials-2	Testimonials 2	block/testimonials	https://raw.githubusercontent.com/tailark/pro-images/main/testimonials-2.png	https://raw.githubusercontent.com/tailark/pro-images/main/testimonials-2.png	none	pro	install	react		needs-review		2026-10-08	7715eacd4a	new:2026-10-08
tailark	testimonials-3	Testimonials 3	block/testimonials	https://raw.githubusercontent.com/tailark/pro-images/main/testimonials-3.png	https://raw.githubusercontent.com/tailark/pro-images/main/testimonials-3.png	none	pro	install	react		needs-review		2026-10-08	4ce12e4aea	new:2026-10-08
tailark	testimonials-4	Testimonials 4	block/testimonials	https://raw.githubusercontent.com/tailark/pro-images/main/testimonials-4.png	https://raw.githubusercontent.com/tailark/pro-images/main/testimonials-4.png	none	pro	install	react		needs-review		2026-10-08	3b3cb3b202	new:2026-10-08
tailark	testimonials-5	Testimonials 5	block/testimonials	https://raw.githubusercontent.com/tailark/pro-images/main/testimonials-5.png	https://raw.githubusercontent.com/tailark/pro-images/main/testimonials-5.png	none	pro	install	react	@radix-ui/react-tabs motion	needs-review		2026-10-08	c7be5ed23c	new:2026-10-08
tailark	testimonials-6	Testimonials 6	block/testimonials	https://raw.githubusercontent.com/tailark/pro-images/main/testimonials-6.png	https://raw.githubusercontent.com/tailark/pro-images/main/testimonials-6.png	none	pro	install	react		needs-review		2026-10-08	68274c7711	new:2026-10-08
tailark	testimonials-7	Testimonials 7	block/testimonials	https://raw.githubusercontent.com/tailark/pro-images/main/testimonials-7.png	https://raw.githubusercontent.com/tailark/pro-images/main/testimonials-7.png	none	pro	install	react	motion	needs-review		2026-10-08	2b69ea46de	new:2026-10-08
tailark	testimonials-8	Testimonials 8	block/testimonials	https://raw.githubusercontent.com/tailark/pro-images/main/testimonials-8.png	https://raw.githubusercontent.com/tailark/pro-images/main/testimonials-8.png	none	pro	install	react		needs-review		2026-10-08	c5b4c16014	new:2026-10-08
tailark	text-to-speech	Text To Speech Illustration	illustration/ai	https://tailark.com/illustrations	https://tailark.com/illustrations	none	pro	install	react		needs-review		2026-10-08	e761fd6a9d	new:2026-10-08
tailark	todo-app	Todo App Illustration	illustration/mobile	https://tailark.com/illustrations	https://tailark.com/illustrations	none	pro	install	react		needs-review		2026-10-08	7eac6a88a1	new:2026-10-08
tailark	token-counter	Token Counter Illustration	illustration/ai	https://tailark.com/illustrations	https://tailark.com/illustrations	none	pro	install	react		needs-review		2026-10-08	53eef0a02a	new:2026-10-08
tailark	translation-interface	Translation Illustration	illustration/ai	https://tailark.com/illustrations	https://tailark.com/illustrations	none	pro	install	react		needs-review		2026-10-08	13d28eb01c	new:2026-10-08
tailark	uptime	Uptime Illustration	illustration/visualization	https://tailark.com/illustrations	https://tailark.com/illustrations	none	pro	install	react		needs-review		2026-10-08	6312dfd539	new:2026-10-08
tailark	user	User Illustration	illustration/workspace	https://tailark.com/illustrations	https://tailark.com/illustrations	none	pro	install	react		needs-review		2026-10-08	91d99e6313	new:2026-10-08
tailark	users	User Illustration	illustration/workspace	https://tailark.com/illustrations	https://tailark.com/illustrations	none	pro	install	react		needs-review		2026-10-08	84f0e0b505	new:2026-10-08
tailark	visualization	Visualization Illustration	illustration/visualization	https://tailark.com/illustrations	https://tailark.com/illustrations	none	pro	install	react		needs-review		2026-10-08	56e0dc5d48	new:2026-10-08
tailark	workflow	Workflow Illustration	illustration/others	https://tailark.com/illustrations	https://tailark.com/illustrations	none	pro	install	react		needs-review		2026-10-08	4df183013c	new:2026-10-08
tailark	oss-dusk-call-to-action-1	Dusk Call To Action 1	oss/dusk	https://github.com/tailark/blocks/blob/main/registry/bases/base/dusk/blocks/call-to-action/one.tsx	npx shadcn@latest add https://oss-tailark.com/r/dusk-call-to-action-1	url:https://raw.githubusercontent.com/tailark/blocks/main/registry/bases/base/dusk/blocks/call-to-action/one.tsx url:https://raw.githubusercontent.com/tailark/blocks/main/registry/bases/base/dusk/ui/button.tsx	free	source	react		needs-review		2026-10-08		new:2026-10-08
tailark	oss-dusk-call-to-action-2	Dusk Call To Action 2	oss/dusk	https://github.com/tailark/blocks/blob/main/registry/bases/base/dusk/blocks/call-to-action/two.tsx	npx shadcn@latest add https://oss-tailark.com/r/dusk-call-to-action-2	url:https://raw.githubusercontent.com/tailark/blocks/main/registry/bases/base/dusk/blocks/call-to-action/two.tsx url:https://raw.githubusercontent.com/tailark/blocks/main/registry/bases/base/dusk/ui/button.tsx	free	source	react		needs-review		2026-10-08		new:2026-10-08
tailark	oss-dusk-content-1	Dusk Content 1	oss/dusk	https://github.com/tailark/blocks/blob/main/registry/bases/base/dusk/blocks/content/one.tsx	npx shadcn@latest add https://oss-tailark.com/r/dusk-content-1	url:https://raw.githubusercontent.com/tailark/blocks/main/registry/bases/base/dusk/blocks/content/one.tsx url:https://raw.githubusercontent.com/tailark/blocks/main/registry/bases/base/dusk/ui/button.tsx	free	source	react		needs-review		2026-10-08		new:2026-10-08
tailark	oss-dusk-content-2	Dusk Content 2	oss/dusk	https://github.com/tailark/blocks/blob/main/registry/bases/base/dusk/blocks/content/two.tsx	npx shadcn@latest add https://oss-tailark.com/r/dusk-content-2	url:https://raw.githubusercontent.com/tailark/blocks/main/registry/bases/base/dusk/blocks/content/two.tsx url:https://raw.githubusercontent.com/tailark/blocks/main/registry/bases/base/dusk/ui/button.tsx	free	source	react		needs-review		2026-10-08		new:2026-10-08
tailark	oss-dusk-content-3	Dusk Content 3	oss/dusk	https://github.com/tailark/blocks/blob/main/registry/bases/base/dusk/blocks/content/three.tsx	npx shadcn@latest add https://oss-tailark.com/r/dusk-content-3	url:https://raw.githubusercontent.com/tailark/blocks/main/registry/bases/base/dusk/blocks/content/three.tsx	free	source	react		needs-review		2026-10-08		new:2026-10-08
tailark	oss-dusk-content-4	Dusk Content 4	oss/dusk	https://github.com/tailark/blocks/blob/main/registry/bases/base/dusk/blocks/content/four.tsx	npx shadcn@latest add https://oss-tailark.com/r/dusk-content-4	url:https://raw.githubusercontent.com/tailark/blocks/main/registry/bases/base/dusk/blocks/content/four.tsx	free	source	react		needs-review		2026-10-08		new:2026-10-08
tailark	oss-dusk-faqs-1	Dusk Faqs 1	oss/dusk	https://github.com/tailark/blocks/blob/main/registry/bases/base/dusk/blocks/faqs/one.tsx	npx shadcn@latest add https://oss-tailark.com/r/dusk-faqs-1	url:https://raw.githubusercontent.com/tailark/blocks/main/registry/bases/base/dusk/blocks/faqs/one.tsx url:https://raw.githubusercontent.com/tailark/blocks/main/registry/bases/base/dusk/ui/accordion.tsx	free	source	react		needs-review		2026-10-08		new:2026-10-08
tailark	oss-dusk-features-1	Dusk Features 1	oss/dusk	https://github.com/tailark/blocks/blob/main/registry/bases/base/dusk/blocks/features/one.tsx	npx shadcn@latest add https://oss-tailark.com/r/dusk-features-1	url:https://raw.githubusercontent.com/tailark/blocks/main/registry/bases/base/dusk/blocks/features/one.tsx url:https://raw.githubusercontent.com/tailark/blocks/main/registry/bases/base/dusk/ui/card.tsx	free	source	react		needs-review		2026-10-08		new:2026-10-08
tailark	oss-dusk-features-2	Dusk Features 2	oss/dusk	https://github.com/tailark/blocks/blob/main/registry/bases/base/dusk/blocks/features/two.tsx	npx shadcn@latest add https://oss-tailark.com/r/dusk-features-2	url:https://raw.githubusercontent.com/tailark/blocks/main/registry/bases/base/dusk/blocks/features/two.tsx url:https://raw.githubusercontent.com/tailark/blocks/main/registry/bases/base/dusk/ui/card.tsx	free	source	react		needs-review		2026-10-08		new:2026-10-08
tailark	oss-dusk-features-3	Dusk Features 3	oss/dusk	https://github.com/tailark/blocks/blob/main/registry/bases/base/dusk/blocks/features/three.tsx	npx shadcn@latest add https://oss-tailark.com/r/dusk-features-3	url:https://raw.githubusercontent.com/tailark/blocks/main/registry/bases/base/dusk/blocks/features/three.tsx url:https://raw.githubusercontent.com/tailark/blocks/main/registry/bases/base/dusk/ui/card.tsx url:https://raw.githubusercontent.com/tailark/blocks/main/registry/bases/base/dusk/ui/button.tsx	free	source	react		needs-review		2026-10-08		new:2026-10-08
tailark	oss-dusk-features-4	Dusk Features 4	oss/dusk	https://github.com/tailark/blocks/blob/main/registry/bases/base/dusk/blocks/features/four.tsx	npx shadcn@latest add https://oss-tailark.com/r/dusk-features-4	url:https://raw.githubusercontent.com/tailark/blocks/main/registry/bases/base/dusk/blocks/features/four.tsx url:https://raw.githubusercontent.com/tailark/blocks/main/registry/bases/base/dusk/ui/card.tsx	free	source	react		needs-review		2026-10-08		new:2026-10-08
tailark	oss-dusk-features-5	Dusk Features 5	oss/dusk	https://github.com/tailark/blocks/blob/main/registry/bases/base/dusk/blocks/features/five.tsx	npx shadcn@latest add https://oss-tailark.com/r/dusk-features-5	url:https://raw.githubusercontent.com/tailark/blocks/main/registry/bases/base/dusk/blocks/features/five.tsx url:https://raw.githubusercontent.com/tailark/blocks/main/registry/bases/base/dusk/ui/button.tsx	free	source	react		needs-review		2026-10-08		new:2026-10-08
tailark	oss-dusk-features-6	Dusk Features 6	oss/dusk	https://github.com/tailark/blocks/blob/main/registry/bases/base/dusk/blocks/features/six.tsx	npx shadcn@latest add https://oss-tailark.com/r/dusk-features-6	url:https://raw.githubusercontent.com/tailark/blocks/main/registry/bases/base/dusk/blocks/features/six.tsx	free	source	react		needs-review		2026-10-08		new:2026-10-08
tailark	oss-dusk-features-7	Dusk Features 7	oss/dusk	https://github.com/tailark/blocks/blob/main/registry/bases/base/dusk/blocks/features/seven.tsx	npx shadcn@latest add https://oss-tailark.com/r/dusk-features-7	url:https://raw.githubusercontent.com/tailark/blocks/main/registry/bases/base/dusk/blocks/features/seven.tsx url:https://raw.githubusercontent.com/tailark/blocks/main/registry/bases/base/dusk/ui/chart.tsx	free	source	react	dotted-map recharts	needs-review		2026-10-08		new:2026-10-08
tailark	oss-dusk-footer-1	Dusk Footer 1	oss/dusk	https://github.com/tailark/blocks/blob/main/registry/bases/base/dusk/blocks/footer/one.tsx	npx shadcn@latest add https://oss-tailark.com/r/dusk-footer-1	url:https://raw.githubusercontent.com/tailark/blocks/main/registry/bases/base/dusk/blocks/footer/one.tsx url:https://raw.githubusercontent.com/tailark/blocks/main/registry/bases/base/dusk/ui/logo.tsx url:https://raw.githubusercontent.com/tailark/blocks/main/registry/bases/base/dusk/ui/button.tsx url:https://raw.githubusercontent.com/tailark/blocks/main/registry/bases/base/dusk/ui/input.tsx url:https://raw.githubusercontent.com/tailark/blocks/main/registry/bases/base/dusk/ui/label.tsx	free	source	react		needs-review		2026-10-08		new:2026-10-08
tailark	oss-dusk-footer-2	Dusk Footer 2	oss/dusk	https://github.com/tailark/blocks/blob/main/registry/bases/base/dusk/blocks/footer/two.tsx	npx shadcn@latest add https://oss-tailark.com/r/dusk-footer-2	url:https://raw.githubusercontent.com/tailark/blocks/main/registry/bases/base/dusk/blocks/footer/two.tsx url:https://raw.githubusercontent.com/tailark/blocks/main/registry/bases/base/dusk/ui/logo.tsx url:https://raw.githubusercontent.com/tailark/blocks/main/registry/bases/base/dusk/ui/button.tsx url:https://raw.githubusercontent.com/tailark/blocks/main/registry/core/ui/svgs/gemini.tsx url:https://raw.githubusercontent.com/tailark/blocks/main/registry/core/ui/svgs/claude-ai.tsx url:https://raw.githubusercontent.com/tailark/blocks/main/registry/core/ui/svgs/openai.tsx	free	source	react		needs-review		2026-10-08		new:2026-10-08
tailark	oss-dusk-hero-section-1	Dusk Hero Section 1	oss/dusk	https://github.com/tailark/blocks/blob/main/registry/bases/base/dusk/blocks/hero-section/one/hero-section.tsx	npx shadcn@latest add https://oss-tailark.com/r/dusk-hero-section-1	url:https://raw.githubusercontent.com/tailark/blocks/main/registry/bases/base/dusk/blocks/hero-section/one/hero-section.tsx url:https://raw.githubusercontent.com/tailark/blocks/main/registry/bases/base/dusk/ui/button.tsx url:https://raw.githubusercontent.com/tailark/blocks/main/registry/bases/base/dusk/blocks/hero-section/one/header.tsx url:https://raw.githubusercontent.com/tailark/blocks/main/registry/bases/base/dusk/ui/logo.tsx url:https://raw.githubusercontent.com/tailark/blocks/main/registry/core/ui/svgs/spotify.tsx url:https://raw.githubusercontent.com/tailark/blocks/main/registry/core/ui/svgs/supabase.tsx url:https://raw.githubusercontent.com/tailark/blocks/main/registry/core/ui/svgs/hulu.tsx url:https://raw.githubusercontent.com/tailark/blocks/main/registry/core/ui/svgs/bolt.tsx url:https://raw.githubusercontent.com/tailark/blocks/main/registry/core/ui/svgs/firebase.tsx url:https://raw.githubusercontent.com/tailark/blocks/main/registry/core/ui/svgs/beacon.tsx url:https://raw.githubusercontent.com/tailark/blocks/main/registry/core/ui/svgs/claude.tsx url:https://raw.githubusercontent.com/tailark/blocks/main/registry/core/ui/svgs/vercel.tsx	free	source	react		needs-review		2026-10-08		new:2026-10-08
tailark	oss-dusk-hero-section-2	Dusk Hero Section 2	oss/dusk	https://github.com/tailark/blocks/blob/main/registry/bases/base/dusk/blocks/hero-section/two/hero-section.tsx	npx shadcn@latest add https://oss-tailark.com/r/dusk-hero-section-2	url:https://raw.githubusercontent.com/tailark/blocks/main/registry/bases/base/dusk/blocks/hero-section/two/hero-section.tsx url:https://raw.githubusercontent.com/tailark/blocks/main/registry/bases/base/dusk/ui/button.tsx url:https://raw.githubusercontent.com/tailark/blocks/main/registry/bases/base/dusk/blocks/hero-section/two/header.tsx url:https://raw.githubusercontent.com/tailark/blocks/main/registry/bases/base/dusk/ui/logo.tsx url:https://raw.githubusercontent.com/tailark/blocks/main/registry/bases/base/dusk/blocks/hero-section/two/logo-cloud.tsx url:https://raw.githubusercontent.com/tailark/blocks/main/registry/core/hooks/use-media.ts url:https://raw.githubusercontent.com/tailark/blocks/main/registry/core/ui/motion-primitives/infinite-slider.tsx url:https://raw.githubusercontent.com/tailark/blocks/main/registry/core/ui/svgs/spotify.tsx url:https://raw.githubusercontent.com/tailark/blocks/main/registry/core/ui/svgs/vercel.tsx url:https://raw.githubusercontent.com/tailark/blocks/main/registry/core/ui/svgs/supabase.tsx url:https://raw.githubusercontent.com/tailark/blocks/main/registry/core/ui/svgs/hulu.tsx url:https://raw.githubusercontent.com/tailark/blocks/main/registry/core/ui/svgs/bolt.tsx url:https://raw.githubusercontent.com/tailark/blocks/main/registry/core/ui/svgs/beacon.tsx	free	source	react		needs-review		2026-10-08		new:2026-10-08
tailark	oss-dusk-hero-section-3	Dusk Hero Section 3	oss/dusk	https://github.com/tailark/blocks/blob/main/registry/bases/base/dusk/blocks/hero-section/three/hero-section.tsx	npx shadcn@latest add https://oss-tailark.com/r/dusk-hero-section-3	url:https://raw.githubusercontent.com/tailark/blocks/main/registry/bases/base/dusk/blocks/hero-section/three/hero-section.tsx url:https://raw.githubusercontent.com/tailark/blocks/main/registry/bases/base/dusk/blocks/hero-section/three/header.tsx url:https://raw.githubusercontent.com/tailark/blocks/main/registry/bases/base/dusk/ui/logo.tsx url:https://raw.githubusercontent.com/tailark/blocks/main/registry/bases/base/dusk/ui/button.tsx url:https://raw.githubusercontent.com/tailark/blocks/main/registry/bases/base/dusk/blocks/hero-section/three/logo-cloud.tsx url:https://raw.githubusercontent.com/tailark/blocks/main/registry/core/ui/svgs/spotify.tsx url:https://raw.githubusercontent.com/tailark/blocks/main/registry/core/ui/svgs/vercel.tsx url:https://raw.githubusercontent.com/tailark/blocks/main/registry/core/ui/svgs/supabase.tsx url:https://raw.githubusercontent.com/tailark/blocks/main/registry/core/ui/svgs/hulu.tsx url:https://raw.githubusercontent.com/tailark/blocks/main/registry/core/ui/svgs/bolt.tsx url:https://raw.githubusercontent.com/tailark/blocks/main/registry/core/ui/svgs/beacon.tsx	free	source	react		needs-review		2026-10-08		new:2026-10-08
tailark	oss-dusk-hero-section-4	Dusk Hero Section 4	oss/dusk	https://github.com/tailark/blocks/blob/main/registry/bases/base/dusk/blocks/hero-section/four/hero-section.tsx	npx shadcn@latest add https://oss-tailark.com/r/dusk-hero-section-4	url:https://raw.githubusercontent.com/tailark/blocks/main/registry/bases/base/dusk/blocks/hero-section/four/hero-section.tsx url:https://raw.githubusercontent.com/tailark/blocks/main/registry/bases/base/dusk/ui/button.tsx url:https://raw.githubusercontent.com/tailark/blocks/main/registry/bases/base/dusk/ui/kdb.tsx url:https://raw.githubusercontent.com/tailark/blocks/main/registry/bases/base/dusk/blocks/hero-section/four/header.tsx url:https://raw.githubusercontent.com/tailark/blocks/main/registry/bases/base/dusk/ui/logo.tsx url:https://raw.githubusercontent.com/tailark/blocks/main/registry/bases/base/dusk/blocks/hero-section/four/logo-cloud.tsx url:https://raw.githubusercontent.com/tailark/blocks/main/registry/core/hooks/use-media.ts url:https://raw.githubusercontent.com/tailark/blocks/main/registry/core/ui/motion-primitives/infinite-slider.tsx url:https://raw.githubusercontent.com/tailark/blocks/main/registry/core/ui/svgs/spotify.tsx url:https://raw.githubusercontent.com/tailark/blocks/main/registry/core/ui/svgs/vercel.tsx url:https://raw.githubusercontent.com/tailark/blocks/main/registry/core/ui/svgs/supabase.tsx url:https://raw.githubusercontent.com/tailark/blocks/main/registry/core/ui/svgs/hulu.tsx url:https://raw.githubusercontent.com/tailark/blocks/main/registry/core/ui/svgs/bolt.tsx url:https://raw.githubusercontent.com/tailark/blocks/main/registry/core/ui/svgs/beacon.tsx	free	source	react		needs-review		2026-10-08		new:2026-10-08
tailark	oss-dusk-hero-section-5	Dusk Hero Section 5	oss/dusk	https://github.com/tailark/blocks/blob/main/registry/bases/base/dusk/blocks/hero-section/five/hero-section.tsx	npx shadcn@latest add https://oss-tailark.com/r/dusk-hero-section-5	url:https://raw.githubusercontent.com/tailark/blocks/main/registry/bases/base/dusk/blocks/hero-section/five/hero-section.tsx url:https://raw.githubusercontent.com/tailark/blocks/main/registry/bases/base/dusk/ui/button.tsx url:https://raw.githubusercontent.com/tailark/blocks/main/registry/bases/base/dusk/blocks/hero-section/five/header.tsx url:https://raw.githubusercontent.com/tailark/blocks/main/registry/bases/base/dusk/ui/logo.tsx url:https://raw.githubusercontent.com/tailark/blocks/main/registry/bases/base/dusk/blocks/hero-section/five/logo-cloud.tsx url:https://raw.githubusercontent.com/tailark/blocks/main/registry/core/hooks/use-media.ts url:https://raw.githubusercontent.com/tailark/blocks/main/registry/core/ui/motion-primitives/infinite-slider.tsx url:https://raw.githubusercontent.com/tailark/blocks/main/registry/core/ui/svgs/spotify.tsx url:https://raw.githubusercontent.com/tailark/blocks/main/registry/core/ui/svgs/vercel.tsx url:https://raw.githubusercontent.com/tailark/blocks/main/registry/core/ui/svgs/supabase.tsx url:https://raw.githubusercontent.com/tailark/blocks/main/registry/core/ui/svgs/hulu.tsx url:https://raw.githubusercontent.com/tailark/blocks/main/registry/core/ui/svgs/bolt.tsx url:https://raw.githubusercontent.com/tailark/blocks/main/registry/core/ui/svgs/beacon.tsx url:https://raw.githubusercontent.com/tailark/blocks/main/registry/bases/base/dusk/blocks/hero-section/five/hero-video.tsx	free	source	react		needs-review		2026-10-08		new:2026-10-08
tailark	oss-dusk-hero-section-6	Dusk Hero Section 6	oss/dusk	https://github.com/tailark/blocks/blob/main/registry/bases/base/dusk/blocks/hero-section/six/hero-section.tsx	npx shadcn@latest add https://oss-tailark.com/r/dusk-hero-section-6	url:https://raw.githubusercontent.com/tailark/blocks/main/registry/bases/base/dusk/blocks/hero-section/six/hero-section.tsx url:https://raw.githubusercontent.com/tailark/blocks/main/registry/bases/base/dusk/ui/button.tsx url:https://raw.githubusercontent.com/tailark/blocks/main/registry/bases/base/dusk/blocks/hero-section/six/header.tsx url:https://raw.githubusercontent.com/tailark/blocks/main/registry/bases/base/dusk/ui/logo.tsx url:https://raw.githubusercontent.com/tailark/blocks/main/registry/bases/base/dusk/blocks/hero-section/six/logo-cloud.tsx url:https://raw.githubusercontent.com/tailark/blocks/main/registry/core/hooks/use-media.ts url:https://raw.githubusercontent.com/tailark/blocks/main/registry/core/ui/motion-primitives/infinite-slider.tsx url:https://raw.githubusercontent.com/tailark/blocks/main/registry/core/ui/svgs/spotify.tsx url:https://raw.githubusercontent.com/tailark/blocks/main/registry/core/ui/svgs/vercel.tsx url:https://raw.githubusercontent.com/tailark/blocks/main/registry/core/ui/svgs/supabase.tsx url:https://raw.githubusercontent.com/tailark/blocks/main/registry/core/ui/svgs/hulu.tsx url:https://raw.githubusercontent.com/tailark/blocks/main/registry/core/ui/svgs/bolt.tsx url:https://raw.githubusercontent.com/tailark/blocks/main/registry/core/ui/svgs/beacon.tsx	free	source	react		needs-review		2026-10-08		new:2026-10-08
tailark	oss-dusk-hero-section-7	Dusk Hero Section 7	oss/dusk	https://github.com/tailark/blocks/blob/main/registry/bases/base/dusk/blocks/hero-section/seven/hero-section.tsx	npx shadcn@latest add https://oss-tailark.com/r/dusk-hero-section-7	url:https://raw.githubusercontent.com/tailark/blocks/main/registry/bases/base/dusk/blocks/hero-section/seven/hero-section.tsx url:https://raw.githubusercontent.com/tailark/blocks/main/registry/bases/base/dusk/ui/button.tsx url:https://raw.githubusercontent.com/tailark/blocks/main/registry/bases/base/dusk/blocks/hero-section/six/header.tsx url:https://raw.githubusercontent.com/tailark/blocks/main/registry/bases/base/dusk/ui/logo.tsx url:https://raw.githubusercontent.com/tailark/blocks/main/registry/bases/base/dusk/blocks/hero-section/seven/logo-cloud.tsx url:https://raw.githubusercontent.com/tailark/blocks/main/registry/core/ui/motion-primitives/infinite-slider.tsx url:https://raw.githubusercontent.com/tailark/blocks/main/registry/core/ui/svgs/spotify.tsx url:https://raw.githubusercontent.com/tailark/blocks/main/registry/core/ui/svgs/vercel.tsx url:https://raw.githubusercontent.com/tailark/blocks/main/registry/core/ui/svgs/supabase.tsx url:https://raw.githubusercontent.com/tailark/blocks/main/registry/core/ui/svgs/hulu.tsx url:https://raw.githubusercontent.com/tailark/blocks/main/registry/core/ui/svgs/bolt.tsx	free	source	react		needs-review		2026-10-08		new:2026-10-08
tailark	oss-dusk-hero-section-8	Dusk Hero Section 8	oss/dusk	https://github.com/tailark/blocks/blob/main/registry/bases/base/dusk/blocks/hero-section/eight.tsx	npx shadcn@latest add https://oss-tailark.com/r/dusk-hero-section-8	url:https://raw.githubusercontent.com/tailark/blocks/main/registry/bases/base/dusk/blocks/hero-section/eight.tsx url:https://raw.githubusercontent.com/tailark/blocks/main/registry/bases/base/dusk/blocks/hero-section/six/header.tsx url:https://raw.githubusercontent.com/tailark/blocks/main/registry/bases/base/dusk/ui/logo.tsx url:https://raw.githubusercontent.com/tailark/blocks/main/registry/bases/base/dusk/ui/button.tsx url:https://raw.githubusercontent.com/tailark/blocks/main/registry/core/ui/svgs/google.tsx url:https://raw.githubusercontent.com/tailark/blocks/main/registry/core/ui/svgs/trustpilot.tsx url:https://raw.githubusercontent.com/tailark/blocks/main/registry/core/ui/svgs/g2.tsx	free	source	react		needs-review		2026-10-08		new:2026-10-08
tailark	oss-dusk-hero-section-9	Dusk Hero Section 9	oss/dusk	https://github.com/tailark/blocks/blob/main/registry/bases/base/dusk/blocks/hero-section/nine/hero-section.tsx	npx shadcn@latest add https://oss-tailark.com/r/dusk-hero-section-9	url:https://raw.githubusercontent.com/tailark/blocks/main/registry/bases/base/dusk/blocks/hero-section/nine/hero-section.tsx url:https://raw.githubusercontent.com/tailark/blocks/main/registry/bases/base/dusk/ui/button.tsx url:https://raw.githubusercontent.com/tailark/blocks/main/registry/bases/base/dusk/blocks/hero-section/nine/header.tsx url:https://raw.githubusercontent.com/tailark/blocks/main/registry/bases/base/dusk/ui/logo.tsx url:https://raw.githubusercontent.com/tailark/blocks/main/registry/bases/base/dusk/blocks/hero-section/nine/logo-cloud.tsx url:https://raw.githubusercontent.com/tailark/blocks/main/registry/core/hooks/use-media.ts url:https://raw.githubusercontent.com/tailark/blocks/main/registry/core/ui/motion-primitives/infinite-slider.tsx url:https://raw.githubusercontent.com/tailark/blocks/main/registry/core/ui/svgs/spotify.tsx url:https://raw.githubusercontent.com/tailark/blocks/main/registry/core/ui/svgs/vercel.tsx url:https://raw.githubusercontent.com/tailark/blocks/main/registry/core/ui/svgs/supabase.tsx url:https://raw.githubusercontent.com/tailark/blocks/main/registry/core/ui/svgs/hulu.tsx url:https://raw.githubusercontent.com/tailark/blocks/main/registry/core/ui/svgs/bolt.tsx url:https://raw.githubusercontent.com/tailark/blocks/main/registry/core/ui/svgs/beacon.tsx	free	source	react		needs-review		2026-10-08		new:2026-10-08
tailark	oss-dusk-hero-section-10	Dusk Hero Section 10	oss/dusk	https://github.com/tailark/blocks/blob/main/registry/bases/base/dusk/blocks/hero-section/ten/hero-section.tsx	npx shadcn@latest add https://oss-tailark.com/r/dusk-hero-section-10	url:https://raw.githubusercontent.com/tailark/blocks/main/registry/bases/base/dusk/blocks/hero-section/ten/hero-section.tsx url:https://raw.githubusercontent.com/tailark/blocks/main/registry/bases/base/dusk/ui/button.tsx url:https://raw.githubusercontent.com/tailark/blocks/main/registry/bases/base/dusk/blocks/hero-section/ten/header.tsx url:https://raw.githubusercontent.com/tailark/blocks/main/registry/bases/base/dusk/ui/logo.tsx url:https://raw.githubusercontent.com/tailark/blocks/main/registry/bases/base/dusk/blocks/hero-section/ten/logo-cloud.tsx url:https://raw.githubusercontent.com/tailark/blocks/main/registry/core/hooks/use-media.ts url:https://raw.githubusercontent.com/tailark/blocks/main/registry/core/ui/motion-primitives/infinite-slider.tsx url:https://raw.githubusercontent.com/tailark/blocks/main/registry/core/ui/svgs/spotify.tsx url:https://raw.githubusercontent.com/tailark/blocks/main/registry/core/ui/svgs/vercel.tsx url:https://raw.githubusercontent.com/tailark/blocks/main/registry/core/ui/svgs/supabase.tsx url:https://raw.githubusercontent.com/tailark/blocks/main/registry/core/ui/svgs/hulu.tsx url:https://raw.githubusercontent.com/tailark/blocks/main/registry/core/ui/svgs/bolt.tsx url:https://raw.githubusercontent.com/tailark/blocks/main/registry/core/ui/svgs/beacon.tsx	free	source	react		needs-review		2026-10-08		new:2026-10-08
tailark	oss-dusk-integrations-1	Dusk Integrations 1	oss/dusk	https://github.com/tailark/blocks/blob/main/registry/bases/base/dusk/blocks/integrations/one.tsx	npx shadcn@latest add https://oss-tailark.com/r/dusk-integrations-1	url:https://raw.githubusercontent.com/tailark/blocks/main/registry/bases/base/dusk/blocks/integrations/one.tsx url:https://raw.githubusercontent.com/tailark/blocks/main/registry/bases/base/dusk/ui/button.tsx url:https://raw.githubusercontent.com/tailark/blocks/main/registry/core/ui/svgs/gemini.tsx url:https://raw.githubusercontent.com/tailark/blocks/main/registry/core/ui/svgs/replit.tsx url:https://raw.githubusercontent.com/tailark/blocks/main/registry/core/ui/svgs/magic-ui.tsx url:https://raw.githubusercontent.com/tailark/blocks/main/registry/core/ui/svgs/vs-codium.tsx url:https://raw.githubusercontent.com/tailark/blocks/main/registry/core/ui/svgs/media-wiki.tsx url:https://raw.githubusercontent.com/tailark/blocks/main/registry/core/ui/svgs/google-palm.tsx	free	source	react		needs-review		2026-10-08		new:2026-10-08
tailark	oss-dusk-logo-cloud-1	Dusk Logo Cloud 1	oss/dusk	https://github.com/tailark/blocks/blob/main/registry/bases/base/dusk/blocks/logo-cloud/one.tsx	npx shadcn@latest add https://oss-tailark.com/r/dusk-logo-cloud-1	url:https://raw.githubusercontent.com/tailark/blocks/main/registry/bases/base/dusk/blocks/logo-cloud/one.tsx url:https://raw.githubusercontent.com/tailark/blocks/main/registry/core/ui/svgs/spotify.tsx url:https://raw.githubusercontent.com/tailark/blocks/main/registry/core/ui/svgs/supabase.tsx url:https://raw.githubusercontent.com/tailark/blocks/main/registry/core/ui/svgs/hulu.tsx url:https://raw.githubusercontent.com/tailark/blocks/main/registry/core/ui/svgs/firebase.tsx url:https://raw.githubusercontent.com/tailark/blocks/main/registry/core/ui/svgs/beacon.tsx url:https://raw.githubusercontent.com/tailark/blocks/main/registry/core/ui/svgs/bolt.tsx url:https://raw.githubusercontent.com/tailark/blocks/main/registry/core/ui/svgs/claude.tsx url:https://raw.githubusercontent.com/tailark/blocks/main/registry/core/ui/svgs/figma.tsx url:https://raw.githubusercontent.com/tailark/blocks/main/registry/core/ui/svgs/vercel.tsx url:https://raw.githubusercontent.com/tailark/blocks/main/registry/core/ui/svgs/cisco.tsx	free	source	react		needs-review		2026-10-08		new:2026-10-08
tailark	oss-dusk-logo-cloud-2	Dusk Logo Cloud 2	oss/dusk	https://github.com/tailark/blocks/blob/main/registry/bases/base/dusk/blocks/logo-cloud/two.tsx	npx shadcn@latest add https://oss-tailark.com/r/dusk-logo-cloud-2	url:https://raw.githubusercontent.com/tailark/blocks/main/registry/bases/base/dusk/blocks/logo-cloud/two.tsx url:https://raw.githubusercontent.com/tailark/blocks/main/registry/core/hooks/use-media.ts url:https://raw.githubusercontent.com/tailark/blocks/main/registry/core/ui/motion-primitives/infinite-slider.tsx url:https://raw.githubusercontent.com/tailark/blocks/main/registry/core/ui/svgs/spotify.tsx url:https://raw.githubusercontent.com/tailark/blocks/main/registry/core/ui/svgs/vercel.tsx url:https://raw.githubusercontent.com/tailark/blocks/main/registry/core/ui/svgs/supabase.tsx url:https://raw.githubusercontent.com/tailark/blocks/main/registry/core/ui/svgs/hulu.tsx url:https://raw.githubusercontent.com/tailark/blocks/main/registry/core/ui/svgs/bolt.tsx url:https://raw.githubusercontent.com/tailark/blocks/main/registry/core/ui/svgs/firebase.tsx url:https://raw.githubusercontent.com/tailark/blocks/main/registry/core/ui/svgs/beacon.tsx url:https://raw.githubusercontent.com/tailark/blocks/main/registry/core/ui/svgs/claude.tsx	free	source	react		needs-review		2026-10-08		new:2026-10-08
tailark	oss-dusk-logo-cloud-3	Dusk Logo Cloud 3	oss/dusk	https://github.com/tailark/blocks/blob/main/registry/bases/base/dusk/blocks/logo-cloud/three.tsx	npx shadcn@latest add https://oss-tailark.com/r/dusk-logo-cloud-3	url:https://raw.githubusercontent.com/tailark/blocks/main/registry/bases/base/dusk/blocks/logo-cloud/three.tsx url:https://raw.githubusercontent.com/tailark/blocks/main/registry/core/ui/svgs/spotify.tsx url:https://raw.githubusercontent.com/tailark/blocks/main/registry/core/ui/svgs/vercel.tsx url:https://raw.githubusercontent.com/tailark/blocks/main/registry/core/ui/svgs/supabase.tsx url:https://raw.githubusercontent.com/tailark/blocks/main/registry/core/ui/svgs/hulu.tsx url:https://raw.githubusercontent.com/tailark/blocks/main/registry/core/ui/svgs/bolt.tsx url:https://raw.githubusercontent.com/tailark/blocks/main/registry/core/ui/svgs/beacon.tsx	free	source	react		needs-review		2026-10-08		new:2026-10-08
tailark	oss-dusk-logo-cloud-4	Dusk Logo Cloud 4	oss/dusk	https://github.com/tailark/blocks/blob/main/registry/bases/base/dusk/blocks/logo-cloud/four.tsx	npx shadcn@latest add https://oss-tailark.com/r/dusk-logo-cloud-4	url:https://raw.githubusercontent.com/tailark/blocks/main/registry/bases/base/dusk/blocks/logo-cloud/four.tsx url:https://raw.githubusercontent.com/tailark/blocks/main/registry/core/ui/motion-primitives/infinite-slider.tsx url:https://raw.githubusercontent.com/tailark/blocks/main/registry/core/ui/svgs/spotify.tsx url:https://raw.githubusercontent.com/tailark/blocks/main/registry/core/ui/svgs/vercel.tsx url:https://raw.githubusercontent.com/tailark/blocks/main/registry/core/ui/svgs/supabase.tsx url:https://raw.githubusercontent.com/tailark/blocks/main/registry/core/ui/svgs/hulu.tsx url:https://raw.githubusercontent.com/tailark/blocks/main/registry/core/ui/svgs/bolt.tsx	free	source	react		needs-review		2026-10-08		new:2026-10-08
tailark	oss-dusk-pricing-1	Dusk Pricing 1	oss/dusk	https://github.com/tailark/blocks/blob/main/registry/bases/base/dusk/blocks/pricing/one.tsx	npx shadcn@latest add https://oss-tailark.com/r/dusk-pricing-1	url:https://raw.githubusercontent.com/tailark/blocks/main/registry/bases/base/dusk/blocks/pricing/one.tsx url:https://raw.githubusercontent.com/tailark/blocks/main/registry/bases/base/dusk/ui/button.tsx	free	source	react		needs-review		2026-10-08		new:2026-10-08
tailark	oss-dusk-pricing-2	Dusk Pricing 2	oss/dusk	https://github.com/tailark/blocks/blob/main/registry/bases/base/dusk/blocks/pricing/two.tsx	npx shadcn@latest add https://oss-tailark.com/r/dusk-pricing-2	url:https://raw.githubusercontent.com/tailark/blocks/main/registry/bases/base/dusk/blocks/pricing/two.tsx url:https://raw.githubusercontent.com/tailark/blocks/main/registry/bases/base/dusk/ui/button.tsx	free	source	react		needs-review		2026-10-08		new:2026-10-08
tailark	oss-dusk-stats-1	Dusk Stats 1	oss/dusk	https://github.com/tailark/blocks/blob/main/registry/bases/base/dusk/blocks/stats/one.tsx	npx shadcn@latest add https://oss-tailark.com/r/dusk-stats-1	url:https://raw.githubusercontent.com/tailark/blocks/main/registry/bases/base/dusk/blocks/stats/one.tsx	free	source	react		needs-review		2026-10-08		new:2026-10-08
tailark	oss-dusk-stats-2	Dusk Stats 2	oss/dusk	https://github.com/tailark/blocks/blob/main/registry/bases/base/dusk/blocks/stats/two.tsx	npx shadcn@latest add https://oss-tailark.com/r/dusk-stats-2	url:https://raw.githubusercontent.com/tailark/blocks/main/registry/bases/base/dusk/blocks/stats/two.tsx	free	source	react		needs-review		2026-10-08		new:2026-10-08
tailark	oss-dusk-team-1	Dusk Team 1	oss/dusk	https://github.com/tailark/blocks/blob/main/registry/bases/base/dusk/blocks/team/one.tsx	npx shadcn@latest add https://oss-tailark.com/r/dusk-team-1	url:https://raw.githubusercontent.com/tailark/blocks/main/registry/bases/base/dusk/blocks/team/one.tsx url:https://raw.githubusercontent.com/tailark/blocks/main/registry/bases/base/dusk/ui/button.tsx	free	source	react		needs-review		2026-10-08		new:2026-10-08
tailark	oss-dusk-team-2	Dusk Team 2	oss/dusk	https://github.com/tailark/blocks/blob/main/registry/bases/base/dusk/blocks/team/two.tsx	npx shadcn@latest add https://oss-tailark.com/r/dusk-team-2	url:https://raw.githubusercontent.com/tailark/blocks/main/registry/bases/base/dusk/blocks/team/two.tsx	free	source	react		needs-review		2026-10-08		new:2026-10-08
tailark	oss-dusk-testimonials-1	Dusk Testimonials 1	oss/dusk	https://github.com/tailark/blocks/blob/main/registry/bases/base/dusk/blocks/testimonials/one.tsx	npx shadcn@latest add https://oss-tailark.com/r/dusk-testimonials-1	url:https://raw.githubusercontent.com/tailark/blocks/main/registry/bases/base/dusk/blocks/testimonials/one.tsx url:https://raw.githubusercontent.com/tailark/blocks/main/registry/bases/base/dusk/ui/button.tsx url:https://raw.githubusercontent.com/tailark/blocks/main/registry/core/ui/svgs/gemini.tsx url:https://raw.githubusercontent.com/tailark/blocks/main/registry/core/ui/svgs/openai.tsx	free	source	react		needs-review		2026-10-08		new:2026-10-08
tailark	oss-dusk-testimonials-2	Dusk Testimonials 2	oss/dusk	https://github.com/tailark/blocks/blob/main/registry/bases/base/dusk/blocks/testimonials/two.tsx	npx shadcn@latest add https://oss-tailark.com/r/dusk-testimonials-2	url:https://raw.githubusercontent.com/tailark/blocks/main/registry/bases/base/dusk/blocks/testimonials/two.tsx url:https://raw.githubusercontent.com/tailark/blocks/main/registry/bases/base/dusk/ui/button.tsx url:https://raw.githubusercontent.com/tailark/blocks/main/registry/core/ui/svgs/claude-ai.tsx url:https://raw.githubusercontent.com/tailark/blocks/main/registry/core/ui/svgs/gemini.tsx url:https://raw.githubusercontent.com/tailark/blocks/main/registry/core/ui/svgs/openai.tsx	free	source	react		needs-review		2026-10-08		new:2026-10-08
tailark	oss-mist-call-to-action-1	Mist Call To Action 1	oss/mist	https://github.com/tailark/blocks/blob/main/registry/bases/base/mist/blocks/call-to-action/one.tsx	npx shadcn@latest add https://oss-tailark.com/r/mist-call-to-action-1	url:https://raw.githubusercontent.com/tailark/blocks/main/registry/bases/base/mist/blocks/call-to-action/one.tsx url:https://raw.githubusercontent.com/tailark/blocks/main/registry/bases/base/mist/ui/button.tsx	free	source	react		needs-review		2026-10-08		new:2026-10-08
tailark	oss-mist-call-to-action-2	Mist Call To Action 2	oss/mist	https://github.com/tailark/blocks/blob/main/registry/bases/base/mist/blocks/call-to-action/two.tsx	npx shadcn@latest add https://oss-tailark.com/r/mist-call-to-action-2	url:https://raw.githubusercontent.com/tailark/blocks/main/registry/bases/base/mist/blocks/call-to-action/two.tsx url:https://raw.githubusercontent.com/tailark/blocks/main/registry/bases/base/mist/ui/button.tsx	free	source	react		needs-review		2026-10-08		new:2026-10-08
tailark	oss-mist-call-to-action-3	Mist Call To Action 3	oss/mist	https://github.com/tailark/blocks/blob/main/registry/bases/base/mist/blocks/call-to-action/three.tsx	npx shadcn@latest add https://oss-tailark.com/r/mist-call-to-action-3	url:https://raw.githubusercontent.com/tailark/blocks/main/registry/bases/base/mist/blocks/call-to-action/three.tsx url:https://raw.githubusercontent.com/tailark/blocks/main/registry/bases/base/mist/ui/button.tsx	free	source	react		needs-review		2026-10-08		new:2026-10-08
tailark	oss-mist-comparator-1	Mist Comparator 1	oss/mist	https://github.com/tailark/blocks/blob/main/registry/bases/base/mist/blocks/comparator/one.tsx	npx shadcn@latest add https://oss-tailark.com/r/mist-comparator-1	url:https://raw.githubusercontent.com/tailark/blocks/main/registry/bases/base/mist/blocks/comparator/one.tsx url:https://raw.githubusercontent.com/tailark/blocks/main/registry/bases/base/mist/ui/button.tsx	free	source	react		needs-review		2026-10-08		new:2026-10-08
tailark	oss-mist-content-1	Mist Content 1	oss/mist	https://github.com/tailark/blocks/blob/main/registry/bases/base/mist/blocks/content/one.tsx	npx shadcn@latest add https://oss-tailark.com/r/mist-content-1	url:https://raw.githubusercontent.com/tailark/blocks/main/registry/bases/base/mist/blocks/content/one.tsx url:https://raw.githubusercontent.com/tailark/blocks/main/registry/bases/base/mist/ui/button.tsx url:https://raw.githubusercontent.com/tailark/blocks/main/registry/bases/base/mist/ui/toggle-group.tsx	free	source	react		needs-review		2026-10-08		new:2026-10-08
tailark	oss-mist-content-2	Mist Content 2	oss/mist	https://github.com/tailark/blocks/blob/main/registry/bases/base/mist/blocks/content/two.tsx	npx shadcn@latest add https://oss-tailark.com/r/mist-content-2	url:https://raw.githubusercontent.com/tailark/blocks/main/registry/bases/base/mist/blocks/content/two.tsx url:https://raw.githubusercontent.com/tailark/blocks/main/registry/bases/base/mist/ui/button.tsx url:https://raw.githubusercontent.com/tailark/blocks/main/registry/bases/base/mist/ui/toggle-group.tsx	free	source	react		needs-review		2026-10-08		new:2026-10-08
tailark	oss-mist-content-3	Mist Content 3	oss/mist	https://github.com/tailark/blocks/blob/main/registry/bases/base/mist/blocks/content/three.tsx	npx shadcn@latest add https://oss-tailark.com/r/mist-content-3	url:https://raw.githubusercontent.com/tailark/blocks/main/registry/bases/base/mist/blocks/content/three.tsx	free	source	react		needs-review		2026-10-08		new:2026-10-08
tailark	oss-mist-content-4	Mist Content 4	oss/mist	https://github.com/tailark/blocks/blob/main/registry/bases/base/mist/blocks/content/four.tsx	npx shadcn@latest add https://oss-tailark.com/r/mist-content-4	url:https://raw.githubusercontent.com/tailark/blocks/main/registry/bases/base/mist/blocks/content/four.tsx	free	source	react		needs-review		2026-10-08		new:2026-10-08
tailark	oss-mist-faqs-1	Mist Faqs 1	oss/mist	https://github.com/tailark/blocks/blob/main/registry/bases/base/mist/blocks/faqs/one.tsx	npx shadcn@latest add https://oss-tailark.com/r/mist-faqs-1	url:https://raw.githubusercontent.com/tailark/blocks/main/registry/bases/base/mist/blocks/faqs/one.tsx url:https://raw.githubusercontent.com/tailark/blocks/main/registry/bases/base/mist/ui/accordion.tsx	free	source	react		needs-review		2026-10-08		new:2026-10-08
tailark	oss-mist-faqs-2	Mist Faqs 2	oss/mist	https://github.com/tailark/blocks/blob/main/registry/bases/base/mist/blocks/faqs/two.tsx	npx shadcn@latest add https://oss-tailark.com/r/mist-faqs-2	url:https://raw.githubusercontent.com/tailark/blocks/main/registry/bases/base/mist/blocks/faqs/two.tsx url:https://raw.githubusercontent.com/tailark/blocks/main/registry/bases/base/mist/ui/accordion.tsx	free	source	react		needs-review		2026-10-08		new:2026-10-08
tailark	oss-mist-faqs-3	Mist Faqs 3	oss/mist	https://github.com/tailark/blocks/blob/main/registry/bases/base/mist/blocks/faqs/three.tsx	npx shadcn@latest add https://oss-tailark.com/r/mist-faqs-3	url:https://raw.githubusercontent.com/tailark/blocks/main/registry/bases/base/mist/blocks/faqs/three.tsx url:https://raw.githubusercontent.com/tailark/blocks/main/registry/bases/base/mist/ui/accordion.tsx	free	source	react		needs-review		2026-10-08		new:2026-10-08
tailark	oss-mist-features-2	Mist Features 2	oss/mist	https://github.com/tailark/blocks/blob/main/registry/bases/base/mist/blocks/features/two.tsx	npx shadcn@latest add https://oss-tailark.com/r/mist-features-2	url:https://raw.githubusercontent.com/tailark/blocks/main/registry/bases/base/mist/blocks/features/two.tsx url:https://raw.githubusercontent.com/tailark/blocks/main/registry/bases/base/mist/ui/card.tsx	free	source	react		needs-review		2026-10-08		new:2026-10-08
tailark	oss-mist-features-3	Mist Features 3	oss/mist	https://github.com/tailark/blocks/blob/main/registry/bases/base/mist/blocks/features/three.tsx	npx shadcn@latest add https://oss-tailark.com/r/mist-features-3	url:https://raw.githubusercontent.com/tailark/blocks/main/registry/bases/base/mist/blocks/features/three.tsx url:https://raw.githubusercontent.com/tailark/blocks/main/registry/bases/base/mist/ui/button.tsx url:https://raw.githubusercontent.com/tailark/blocks/main/registry/bases/base/mist/ui/card.tsx url:https://raw.githubusercontent.com/tailark/blocks/main/registry/bases/base/mist/ui/toggle-group.tsx	free	source	react		needs-review		2026-10-08		new:2026-10-08
tailark	oss-mist-features-4	Mist Features 4	oss/mist	https://github.com/tailark/blocks/blob/main/registry/bases/base/mist/blocks/features/four.tsx	npx shadcn@latest add https://oss-tailark.com/r/mist-features-4	url:https://raw.githubusercontent.com/tailark/blocks/main/registry/bases/base/mist/blocks/features/four.tsx url:https://raw.githubusercontent.com/tailark/blocks/main/registry/bases/base/mist/ui/button.tsx url:https://raw.githubusercontent.com/tailark/blocks/main/registry/bases/base/mist/ui/card.tsx url:https://raw.githubusercontent.com/tailark/blocks/main/registry/bases/base/mist/ui/toggle-group.tsx	free	source	react		needs-review		2026-10-08		new:2026-10-08
tailark	oss-mist-features-5	Mist Features 5	oss/mist	https://github.com/tailark/blocks/blob/main/registry/bases/base/mist/blocks/features/five.tsx	npx shadcn@latest add https://oss-tailark.com/r/mist-features-5	url:https://raw.githubusercontent.com/tailark/blocks/main/registry/bases/base/mist/blocks/features/five.tsx url:https://raw.githubusercontent.com/tailark/blocks/main/registry/bases/base/mist/ui/button.tsx	free	source	react		needs-review		2026-10-08		new:2026-10-08
tailark	oss-mist-features-6	Mist Features 6	oss/mist	https://github.com/tailark/blocks/blob/main/registry/bases/base/mist/blocks/features/six.tsx	npx shadcn@latest add https://oss-tailark.com/r/mist-features-6	url:https://raw.githubusercontent.com/tailark/blocks/main/registry/bases/base/mist/blocks/features/six.tsx url:https://raw.githubusercontent.com/tailark/blocks/main/registry/bases/base/mist/ui/button.tsx url:https://raw.githubusercontent.com/tailark/blocks/main/registry/bases/base/mist/ui/card.tsx	free	source	react		needs-review		2026-10-08		new:2026-10-08
tailark	oss-mist-features-7	Mist Features 7	oss/mist	https://github.com/tailark/blocks/blob/main/registry/bases/base/mist/blocks/features/seven.tsx	npx shadcn@latest add https://oss-tailark.com/r/mist-features-7	url:https://raw.githubusercontent.com/tailark/blocks/main/registry/bases/base/mist/blocks/features/seven.tsx url:https://raw.githubusercontent.com/tailark/blocks/main/registry/bases/base/mist/ui/button.tsx url:https://raw.githubusercontent.com/tailark/blocks/main/registry/bases/base/mist/ui/card.tsx	free	source	react		needs-review		2026-10-08		new:2026-10-08
tailark	oss-mist-features-8	Mist Features 8	oss/mist	https://github.com/tailark/blocks/blob/main/registry/bases/base/mist/blocks/features/eight.tsx	npx shadcn@latest add https://oss-tailark.com/r/mist-features-8	url:https://raw.githubusercontent.com/tailark/blocks/main/registry/bases/base/mist/blocks/features/eight.tsx url:https://raw.githubusercontent.com/tailark/blocks/main/registry/bases/base/mist/ui/card.tsx	free	source	react		needs-review		2026-10-08		new:2026-10-08
tailark	oss-mist-features-9	Mist Features 9	oss/mist	https://github.com/tailark/blocks/blob/main/registry/bases/base/mist/blocks/features/nine.tsx	npx shadcn@latest add https://oss-tailark.com/r/mist-features-9	url:https://raw.githubusercontent.com/tailark/blocks/main/registry/bases/base/mist/blocks/features/nine.tsx url:https://raw.githubusercontent.com/tailark/blocks/main/registry/bases/base/mist/ui/button.tsx url:https://raw.githubusercontent.com/tailark/blocks/main/registry/bases/base/mist/ui/card.tsx	free	source	react		needs-review		2026-10-08		new:2026-10-08
tailark	oss-mist-features-10	Mist Features 10	oss/mist	https://github.com/tailark/blocks/blob/main/registry/bases/base/mist/blocks/features/ten.tsx	npx shadcn@latest add https://oss-tailark.com/r/mist-features-10	url:https://raw.githubusercontent.com/tailark/blocks/main/registry/bases/base/mist/blocks/features/ten.tsx url:https://raw.githubusercontent.com/tailark/blocks/main/registry/bases/base/mist/ui/button.tsx url:https://raw.githubusercontent.com/tailark/blocks/main/registry/bases/base/mist/ui/card.tsx	free	source	react		needs-review		2026-10-08		new:2026-10-08
tailark	oss-mist-features-11	Mist Features 11	oss/mist	https://github.com/tailark/blocks/blob/main/registry/bases/base/mist/blocks/features/eleven.tsx	npx shadcn@latest add https://oss-tailark.com/r/mist-features-11	url:https://raw.githubusercontent.com/tailark/blocks/main/registry/bases/base/mist/blocks/features/eleven.tsx url:https://raw.githubusercontent.com/tailark/blocks/main/registry/bases/base/mist/ui/button.tsx url:https://raw.githubusercontent.com/tailark/blocks/main/registry/bases/base/mist/ui/card.tsx	free	source	react		needs-review		2026-10-08		new:2026-10-08
tailark	oss-mist-footer-1	Mist Footer 1	oss/mist	https://github.com/tailark/blocks/blob/main/registry/bases/base/mist/blocks/footer/one.tsx	npx shadcn@latest add https://oss-tailark.com/r/mist-footer-1	url:https://raw.githubusercontent.com/tailark/blocks/main/registry/bases/base/mist/blocks/footer/one.tsx url:https://raw.githubusercontent.com/tailark/blocks/main/registry/bases/base/mist/ui/logo.tsx	free	source	react		needs-review		2026-10-08		new:2026-10-08
tailark	oss-mist-footer-2	Mist Footer 2	oss/mist	https://github.com/tailark/blocks/blob/main/registry/bases/base/mist/blocks/footer/two.tsx	npx shadcn@latest add https://oss-tailark.com/r/mist-footer-2	url:https://raw.githubusercontent.com/tailark/blocks/main/registry/bases/base/mist/blocks/footer/two.tsx url:https://raw.githubusercontent.com/tailark/blocks/main/registry/bases/base/mist/ui/logo.tsx	free	source	react		needs-review		2026-10-08		new:2026-10-08
tailark	oss-mist-footer-3	Mist Footer 3	oss/mist	https://github.com/tailark/blocks/blob/main/registry/bases/base/mist/blocks/footer/three.tsx	npx shadcn@latest add https://oss-tailark.com/r/mist-footer-3	url:https://raw.githubusercontent.com/tailark/blocks/main/registry/bases/base/mist/blocks/footer/three.tsx url:https://raw.githubusercontent.com/tailark/blocks/main/registry/bases/base/mist/ui/logo.tsx	free	source	react		needs-review		2026-10-08		new:2026-10-08
tailark	oss-mist-footer-4	Mist Footer 4	oss/mist	https://github.com/tailark/blocks/blob/main/registry/bases/base/mist/blocks/footer/four.tsx	npx shadcn@latest add https://oss-tailark.com/r/mist-footer-4	url:https://raw.githubusercontent.com/tailark/blocks/main/registry/bases/base/mist/blocks/footer/four.tsx url:https://raw.githubusercontent.com/tailark/blocks/main/registry/bases/base/mist/ui/logo.tsx	free	source	react		needs-review		2026-10-08		new:2026-10-08
tailark	oss-mist-forgot-password-1	Mist Forgot Password 1	oss/mist	https://github.com/tailark/blocks/blob/main/registry/bases/base/mist/blocks/forgot-password/one.tsx	npx shadcn@latest add https://oss-tailark.com/r/mist-forgot-password-1	url:https://raw.githubusercontent.com/tailark/blocks/main/registry/bases/base/mist/blocks/forgot-password/one.tsx url:https://raw.githubusercontent.com/tailark/blocks/main/registry/bases/base/mist/ui/button.tsx url:https://raw.githubusercontent.com/tailark/blocks/main/registry/bases/base/mist/ui/input.tsx url:https://raw.githubusercontent.com/tailark/blocks/main/registry/bases/base/mist/ui/label.tsx url:https://raw.githubusercontent.com/tailark/blocks/main/registry/bases/base/mist/ui/logo.tsx	free	source	react		needs-review		2026-10-08		new:2026-10-08
tailark	oss-mist-hero-section-5	Mist Hero Section 5	oss/mist	https://github.com/tailark/blocks/blob/main/registry/bases/base/mist/blocks/hero-section/five.tsx	npx shadcn@latest add https://oss-tailark.com/r/mist-hero-section-5	url:https://raw.githubusercontent.com/tailark/blocks/main/registry/bases/base/mist/blocks/hero-section/five.tsx url:https://raw.githubusercontent.com/tailark/blocks/main/registry/bases/base/mist/ui/button.tsx	free	source	react		needs-review		2026-10-08		new:2026-10-08
tailark	oss-mist-hero-section-6	Mist Hero Section 6	oss/mist	https://github.com/tailark/blocks/blob/main/registry/bases/base/mist/blocks/hero-section/six.tsx	npx shadcn@latest add https://oss-tailark.com/r/mist-hero-section-6	url:https://raw.githubusercontent.com/tailark/blocks/main/registry/bases/base/mist/blocks/hero-section/six.tsx url:https://raw.githubusercontent.com/tailark/blocks/main/registry/bases/base/mist/ui/button.tsx	free	source	react		needs-review		2026-10-08		new:2026-10-08
tailark	oss-mist-integrations-1	Mist Integrations 1	oss/mist	https://github.com/tailark/blocks/blob/main/registry/bases/base/mist/blocks/integrations/one.tsx	npx shadcn@latest add https://oss-tailark.com/r/mist-integrations-1	url:https://raw.githubusercontent.com/tailark/blocks/main/registry/bases/base/mist/blocks/integrations/one.tsx	free	source	react		needs-review		2026-10-08		new:2026-10-08
tailark	oss-mist-integrations-2	Mist Integrations 2	oss/mist	https://github.com/tailark/blocks/blob/main/registry/bases/base/mist/blocks/integrations/two.tsx	npx shadcn@latest add https://oss-tailark.com/r/mist-integrations-2	url:https://raw.githubusercontent.com/tailark/blocks/main/registry/bases/base/mist/blocks/integrations/two.tsx url:https://raw.githubusercontent.com/tailark/blocks/main/registry/bases/base/mist/ui/button.tsx	free	source	react		needs-review		2026-10-08		new:2026-10-08
tailark	oss-mist-integrations-3	Mist Integrations 3	oss/mist	https://github.com/tailark/blocks/blob/main/registry/bases/base/mist/blocks/integrations/three.tsx	npx shadcn@latest add https://oss-tailark.com/r/mist-integrations-3	url:https://raw.githubusercontent.com/tailark/blocks/main/registry/bases/base/mist/blocks/integrations/three.tsx url:https://raw.githubusercontent.com/tailark/blocks/main/registry/bases/base/mist/ui/card.tsx	free	source	react		needs-review		2026-10-08		new:2026-10-08
tailark	oss-mist-login-1	Mist Login 1	oss/mist	https://github.com/tailark/blocks/blob/main/registry/bases/base/mist/blocks/login/one.tsx	npx shadcn@latest add https://oss-tailark.com/r/mist-login-1	url:https://raw.githubusercontent.com/tailark/blocks/main/registry/bases/base/mist/blocks/login/one.tsx url:https://raw.githubusercontent.com/tailark/blocks/main/registry/bases/base/mist/ui/button.tsx url:https://raw.githubusercontent.com/tailark/blocks/main/registry/bases/base/mist/ui/input.tsx url:https://raw.githubusercontent.com/tailark/blocks/main/registry/bases/base/mist/ui/field.tsx url:https://raw.githubusercontent.com/tailark/blocks/main/registry/bases/base/mist/ui/logo.tsx	free	source	react		needs-review		2026-10-08		new:2026-10-08
tailark	oss-mist-logo-cloud-1	Mist Logo Cloud 1	oss/mist	https://github.com/tailark/blocks/blob/main/registry/bases/base/mist/blocks/logo-cloud/one.tsx	npx shadcn@latest add https://oss-tailark.com/r/mist-logo-cloud-1	url:https://raw.githubusercontent.com/tailark/blocks/main/registry/bases/base/mist/blocks/logo-cloud/one.tsx	free	source	react		needs-review		2026-10-08		new:2026-10-08
tailark	oss-mist-logo-cloud-2	Mist Logo Cloud 2	oss/mist	https://github.com/tailark/blocks/blob/main/registry/bases/base/mist/blocks/logo-cloud/two.tsx	npx shadcn@latest add https://oss-tailark.com/r/mist-logo-cloud-2	url:https://raw.githubusercontent.com/tailark/blocks/main/registry/bases/base/mist/blocks/logo-cloud/two.tsx	free	source	react		needs-review		2026-10-08		new:2026-10-08
tailark	oss-mist-pricing-1	Mist Pricing 1	oss/mist	https://github.com/tailark/blocks/blob/main/registry/bases/base/mist/blocks/pricing/one.tsx	npx shadcn@latest add https://oss-tailark.com/r/mist-pricing-1	url:https://raw.githubusercontent.com/tailark/blocks/main/registry/bases/base/mist/blocks/pricing/one.tsx url:https://raw.githubusercontent.com/tailark/blocks/main/registry/bases/base/mist/ui/button.tsx url:https://raw.githubusercontent.com/tailark/blocks/main/registry/bases/base/mist/ui/card.tsx url:https://raw.githubusercontent.com/tailark/blocks/main/registry/core/ui/svgs/spotify.tsx url:https://raw.githubusercontent.com/tailark/blocks/main/registry/core/ui/svgs/supabase.tsx url:https://raw.githubusercontent.com/tailark/blocks/main/registry/core/ui/svgs/vercel.tsx	free	source	react		needs-review		2026-10-08		new:2026-10-08
tailark	oss-mist-pricing-2	Mist Pricing 2	oss/mist	https://github.com/tailark/blocks/blob/main/registry/bases/base/mist/blocks/pricing/two.tsx	npx shadcn@latest add https://oss-tailark.com/r/mist-pricing-2	url:https://raw.githubusercontent.com/tailark/blocks/main/registry/bases/base/mist/blocks/pricing/two.tsx url:https://raw.githubusercontent.com/tailark/blocks/main/registry/bases/base/mist/ui/button.tsx url:https://raw.githubusercontent.com/tailark/blocks/main/registry/bases/base/mist/ui/card.tsx	free	source	react		needs-review		2026-10-08		new:2026-10-08
tailark	oss-mist-sign-up-1	Mist Sign Up 1	oss/mist	https://github.com/tailark/blocks/blob/main/registry/bases/base/mist/blocks/sign-up/one.tsx	npx shadcn@latest add https://oss-tailark.com/r/mist-sign-up-1	url:https://raw.githubusercontent.com/tailark/blocks/main/registry/bases/base/mist/blocks/sign-up/one.tsx url:https://raw.githubusercontent.com/tailark/blocks/main/registry/bases/base/mist/ui/button.tsx url:https://raw.githubusercontent.com/tailark/blocks/main/registry/bases/base/mist/ui/input.tsx url:https://raw.githubusercontent.com/tailark/blocks/main/registry/bases/base/mist/ui/label.tsx url:https://raw.githubusercontent.com/tailark/blocks/main/registry/bases/base/mist/ui/logo.tsx	free	source	react		needs-review		2026-10-08		new:2026-10-08
tailark	oss-mist-stats-1	Mist Stats 1	oss/mist	https://github.com/tailark/blocks/blob/main/registry/bases/base/mist/blocks/stats/one.tsx	npx shadcn@latest add https://oss-tailark.com/r/mist-stats-1	url:https://raw.githubusercontent.com/tailark/blocks/main/registry/bases/base/mist/blocks/stats/one.tsx url:https://raw.githubusercontent.com/tailark/blocks/main/registry/bases/base/mist/ui/card.tsx	free	source	react		needs-review		2026-10-08		new:2026-10-08
tailark	oss-mist-stats-2	Mist Stats 2	oss/mist	https://github.com/tailark/blocks/blob/main/registry/bases/base/mist/blocks/stats/two.tsx	npx shadcn@latest add https://oss-tailark.com/r/mist-stats-2	url:https://raw.githubusercontent.com/tailark/blocks/main/registry/bases/base/mist/blocks/stats/two.tsx	free	source	react		needs-review		2026-10-08		new:2026-10-08
tailark	oss-mist-stats-3	Mist Stats 3	oss/mist	https://github.com/tailark/blocks/blob/main/registry/bases/base/mist/blocks/stats/three.tsx	npx shadcn@latest add https://oss-tailark.com/r/mist-stats-3	url:https://raw.githubusercontent.com/tailark/blocks/main/registry/bases/base/mist/blocks/stats/three.tsx	free	source	react		needs-review		2026-10-08		new:2026-10-08
tailark	oss-mist-stats-4	Mist Stats 4	oss/mist	https://github.com/tailark/blocks/blob/main/registry/bases/base/mist/blocks/stats/four.tsx	npx shadcn@latest add https://oss-tailark.com/r/mist-stats-4	url:https://raw.githubusercontent.com/tailark/blocks/main/registry/bases/base/mist/blocks/stats/four.tsx	free	source	react		needs-review		2026-10-08		new:2026-10-08
tailark	oss-mist-team-1	Mist Team 1	oss/mist	https://github.com/tailark/blocks/blob/main/registry/bases/base/mist/blocks/team/one.tsx	npx shadcn@latest add https://oss-tailark.com/r/mist-team-1	url:https://raw.githubusercontent.com/tailark/blocks/main/registry/bases/base/mist/blocks/team/one.tsx url:https://raw.githubusercontent.com/tailark/blocks/main/registry/bases/base/mist/ui/button.tsx	free	source	react		needs-review		2026-10-08		new:2026-10-08
tailark	oss-mist-team-2	Mist Team 2	oss/mist	https://github.com/tailark/blocks/blob/main/registry/bases/base/mist/blocks/team/two.tsx	npx shadcn@latest add https://oss-tailark.com/r/mist-team-2	url:https://raw.githubusercontent.com/tailark/blocks/main/registry/bases/base/mist/blocks/team/two.tsx url:https://raw.githubusercontent.com/tailark/blocks/main/registry/bases/base/mist/ui/button.tsx url:https://raw.githubusercontent.com/tailark/blocks/main/registry/bases/base/mist/ui/hover-card.tsx	free	source	react		needs-review		2026-10-08		new:2026-10-08
tailark	oss-mist-testimonials-1	Mist Testimonials 1	oss/mist	https://github.com/tailark/blocks/blob/main/registry/bases/base/mist/blocks/testimonials/one.tsx	npx shadcn@latest add https://oss-tailark.com/r/mist-testimonials-1	url:https://raw.githubusercontent.com/tailark/blocks/main/registry/bases/base/mist/blocks/testimonials/one.tsx	free	source	react		needs-review		2026-10-08		new:2026-10-08
tailark	oss-mist-testimonials-2	Mist Testimonials 2	oss/mist	https://github.com/tailark/blocks/blob/main/registry/bases/base/mist/blocks/testimonials/two.tsx	npx shadcn@latest add https://oss-tailark.com/r/mist-testimonials-2	url:https://raw.githubusercontent.com/tailark/blocks/main/registry/bases/base/mist/blocks/testimonials/two.tsx	free	source	react		needs-review		2026-10-08		new:2026-10-08
tailark	oss-mist-testimonials-3	Mist Testimonials 3	oss/mist	https://github.com/tailark/blocks/blob/main/registry/bases/base/mist/blocks/testimonials/three.tsx	npx shadcn@latest add https://oss-tailark.com/r/mist-testimonials-3	url:https://raw.githubusercontent.com/tailark/blocks/main/registry/bases/base/mist/blocks/testimonials/three.tsx	free	source	react		needs-review		2026-10-08		new:2026-10-08
tailark	oss-mist-testimonials-4	Mist Testimonials 4	oss/mist	https://github.com/tailark/blocks/blob/main/registry/bases/base/mist/blocks/testimonials/four.tsx	npx shadcn@latest add https://oss-tailark.com/r/mist-testimonials-4	url:https://raw.githubusercontent.com/tailark/blocks/main/registry/bases/base/mist/blocks/testimonials/four.tsx	free	source	react		needs-review		2026-10-08		new:2026-10-08
tailark	oss-mist-testimonials-5	Mist Testimonials 5	oss/mist	https://github.com/tailark/blocks/blob/main/registry/bases/base/mist/blocks/testimonials/five.tsx	npx shadcn@latest add https://oss-tailark.com/r/mist-testimonials-5	url:https://raw.githubusercontent.com/tailark/blocks/main/registry/bases/base/mist/blocks/testimonials/five.tsx	free	source	react		needs-review		2026-10-08		new:2026-10-08
tailark	oss-veil-call-to-action-1	Veil Call To Action 1	oss/veil	https://github.com/tailark/blocks/blob/main/registry/bases/base/veil/blocks/call-to-action/one.tsx	npx shadcn@latest add https://oss-tailark.com/r/veil-call-to-action-1	url:https://raw.githubusercontent.com/tailark/blocks/main/registry/bases/base/veil/blocks/call-to-action/one.tsx url:https://raw.githubusercontent.com/tailark/blocks/main/registry/bases/base/veil/ui/button.tsx	free	source	react		needs-review		2026-10-08		new:2026-10-08
tailark	oss-veil-call-to-action-2	Veil Call To Action 2	oss/veil	https://github.com/tailark/blocks/blob/main/registry/bases/base/veil/blocks/call-to-action/two.tsx	npx shadcn@latest add https://oss-tailark.com/r/veil-call-to-action-2	url:https://raw.githubusercontent.com/tailark/blocks/main/registry/bases/base/veil/blocks/call-to-action/two.tsx url:https://raw.githubusercontent.com/tailark/blocks/main/registry/bases/base/veil/ui/button.tsx url:https://raw.githubusercontent.com/tailark/blocks/main/registry/bases/base/veil/ui/card.tsx	free	source	react		needs-review		2026-10-08		new:2026-10-08
tailark	oss-veil-call-to-action-3	Veil Call To Action 3	oss/veil	https://github.com/tailark/blocks/blob/main/registry/bases/base/veil/blocks/call-to-action/three.tsx	npx shadcn@latest add https://oss-tailark.com/r/veil-call-to-action-3	url:https://raw.githubusercontent.com/tailark/blocks/main/registry/bases/base/veil/blocks/call-to-action/three.tsx url:https://raw.githubusercontent.com/tailark/blocks/main/registry/bases/base/veil/ui/button.tsx	free	source	react		needs-review		2026-10-08		new:2026-10-08
tailark	oss-veil-call-to-action-4	Veil Call To Action 4	oss/veil	https://github.com/tailark/blocks/blob/main/registry/bases/base/veil/blocks/call-to-action/four.tsx	npx shadcn@latest add https://oss-tailark.com/r/veil-call-to-action-4	url:https://raw.githubusercontent.com/tailark/blocks/main/registry/bases/base/veil/blocks/call-to-action/four.tsx url:https://raw.githubusercontent.com/tailark/blocks/main/registry/bases/base/veil/ui/button.tsx url:https://raw.githubusercontent.com/tailark/blocks/main/registry/bases/base/veil/ui/card.tsx	free	source	react		needs-review		2026-10-08		new:2026-10-08
tailark	oss-veil-comparator-1	Veil Comparator 1	oss/veil	https://github.com/tailark/blocks/blob/main/registry/bases/base/veil/blocks/comparator/one.tsx	npx shadcn@latest add https://oss-tailark.com/r/veil-comparator-1	url:https://raw.githubusercontent.com/tailark/blocks/main/registry/bases/base/veil/blocks/comparator/one.tsx url:https://raw.githubusercontent.com/tailark/blocks/main/registry/bases/base/veil/ui/button.tsx url:https://raw.githubusercontent.com/tailark/blocks/main/registry/bases/base/veil/ui/card.tsx	free	source	react		needs-review		2026-10-08		new:2026-10-08
tailark	oss-veil-comparator-2	Veil Comparator 2	oss/veil	https://github.com/tailark/blocks/blob/main/registry/bases/base/veil/blocks/comparator/two.tsx	npx shadcn@latest add https://oss-tailark.com/r/veil-comparator-2	url:https://raw.githubusercontent.com/tailark/blocks/main/registry/bases/base/veil/blocks/comparator/two.tsx url:https://raw.githubusercontent.com/tailark/blocks/main/registry/bases/base/veil/ui/button.tsx url:https://raw.githubusercontent.com/tailark/blocks/main/registry/bases/base/veil/ui/card.tsx	free	source	react		needs-review		2026-10-08		new:2026-10-08
tailark	oss-veil-comparator-3	Veil Comparator 3	oss/veil	https://github.com/tailark/blocks/blob/main/registry/bases/base/veil/blocks/comparator/three.tsx	npx shadcn@latest add https://oss-tailark.com/r/veil-comparator-3	url:https://raw.githubusercontent.com/tailark/blocks/main/registry/bases/base/veil/blocks/comparator/three.tsx url:https://raw.githubusercontent.com/tailark/blocks/main/registry/bases/base/veil/ui/button.tsx url:https://raw.githubusercontent.com/tailark/blocks/main/registry/bases/base/veil/ui/card.tsx	free	source	react		needs-review		2026-10-08		new:2026-10-08
tailark	oss-veil-contact-1	Veil Contact 1	oss/veil	https://github.com/tailark/blocks/blob/main/registry/bases/base/veil/blocks/contact/one.tsx	npx shadcn@latest add https://oss-tailark.com/r/veil-contact-1	url:https://raw.githubusercontent.com/tailark/blocks/main/registry/bases/base/veil/blocks/contact/one.tsx url:https://raw.githubusercontent.com/tailark/blocks/main/registry/bases/base/veil/ui/button.tsx url:https://raw.githubusercontent.com/tailark/blocks/main/registry/bases/base/veil/ui/card.tsx url:https://raw.githubusercontent.com/tailark/blocks/main/registry/bases/base/veil/ui/input.tsx url:https://raw.githubusercontent.com/tailark/blocks/main/registry/bases/base/veil/ui/textarea.tsx url:https://raw.githubusercontent.com/tailark/blocks/main/registry/bases/base/veil/ui/label.tsx	free	source	react		needs-review		2026-10-08		new:2026-10-08
tailark	oss-veil-contact-2	Veil Contact 2	oss/veil	https://github.com/tailark/blocks/blob/main/registry/bases/base/veil/blocks/contact/two.tsx	npx shadcn@latest add https://oss-tailark.com/r/veil-contact-2	url:https://raw.githubusercontent.com/tailark/blocks/main/registry/bases/base/veil/blocks/contact/two.tsx url:https://raw.githubusercontent.com/tailark/blocks/main/registry/bases/base/veil/ui/button.tsx url:https://raw.githubusercontent.com/tailark/blocks/main/registry/bases/base/veil/ui/card.tsx url:https://raw.githubusercontent.com/tailark/blocks/main/registry/bases/base/veil/ui/input.tsx url:https://raw.githubusercontent.com/tailark/blocks/main/registry/bases/base/veil/ui/textarea.tsx url:https://raw.githubusercontent.com/tailark/blocks/main/registry/bases/base/veil/ui/label.tsx url:https://raw.githubusercontent.com/tailark/blocks/main/registry/bases/base/veil/ui/select.tsx	free	source	react		needs-review		2026-10-08		new:2026-10-08
tailark	oss-veil-content-1	Veil Content 1	oss/veil	https://github.com/tailark/blocks/blob/main/registry/bases/base/veil/blocks/content/one.tsx	npx shadcn@latest add https://oss-tailark.com/r/veil-content-1	url:https://raw.githubusercontent.com/tailark/blocks/main/registry/bases/base/veil/blocks/content/one.tsx	free	source	react		needs-review		2026-10-08		new:2026-10-08
tailark	oss-veil-content-2	Veil Content 2	oss/veil	https://github.com/tailark/blocks/blob/main/registry/bases/base/veil/blocks/content/two.tsx	npx shadcn@latest add https://oss-tailark.com/r/veil-content-2	url:https://raw.githubusercontent.com/tailark/blocks/main/registry/bases/base/veil/blocks/content/two.tsx	free	source	react		needs-review		2026-10-08		new:2026-10-08
tailark	oss-veil-content-3	Veil Content 3	oss/veil	https://github.com/tailark/blocks/blob/main/registry/bases/base/veil/blocks/content/three.tsx	npx shadcn@latest add https://oss-tailark.com/r/veil-content-3	url:https://raw.githubusercontent.com/tailark/blocks/main/registry/bases/base/veil/blocks/content/three.tsx	free	source	react		needs-review		2026-10-08		new:2026-10-08
tailark	oss-veil-faqs-1	Veil Faqs 1	oss/veil	https://github.com/tailark/blocks/blob/main/registry/bases/base/veil/blocks/faqs/one.tsx	npx shadcn@latest add https://oss-tailark.com/r/veil-faqs-1	url:https://raw.githubusercontent.com/tailark/blocks/main/registry/bases/base/veil/blocks/faqs/one.tsx url:https://raw.githubusercontent.com/tailark/blocks/main/registry/bases/base/veil/ui/card.tsx	free	source	react		needs-review		2026-10-08		new:2026-10-08
tailark	oss-veil-faqs-2	Veil Faqs 2	oss/veil	https://github.com/tailark/blocks/blob/main/registry/bases/base/veil/blocks/faqs/two.tsx	npx shadcn@latest add https://oss-tailark.com/r/veil-faqs-2	url:https://raw.githubusercontent.com/tailark/blocks/main/registry/bases/base/veil/blocks/faqs/two.tsx	free	source	react		needs-review		2026-10-08		new:2026-10-08
tailark	oss-veil-faqs-3	Veil Faqs 3	oss/veil	https://github.com/tailark/blocks/blob/main/registry/bases/base/veil/blocks/faqs/three.tsx	npx shadcn@latest add https://oss-tailark.com/r/veil-faqs-3	url:https://raw.githubusercontent.com/tailark/blocks/main/registry/bases/base/veil/blocks/faqs/three.tsx	free	source	react		needs-review		2026-10-08		new:2026-10-08
tailark	oss-veil-faqs-4	Veil Faqs 4	oss/veil	https://github.com/tailark/blocks/blob/main/registry/bases/base/veil/blocks/faqs/four.tsx	npx shadcn@latest add https://oss-tailark.com/r/veil-faqs-4	url:https://raw.githubusercontent.com/tailark/blocks/main/registry/bases/base/veil/blocks/faqs/four.tsx url:https://raw.githubusercontent.com/tailark/blocks/main/registry/bases/base/veil/ui/card.tsx	free	source	react		needs-review		2026-10-08		new:2026-10-08
tailark	oss-veil-faqs-5	Veil Faqs 5	oss/veil	https://github.com/tailark/blocks/blob/main/registry/bases/base/veil/blocks/faqs/five.tsx	npx shadcn@latest add https://oss-tailark.com/r/veil-faqs-5	url:https://raw.githubusercontent.com/tailark/blocks/main/registry/bases/base/veil/blocks/faqs/five.tsx url:https://raw.githubusercontent.com/tailark/blocks/main/registry/bases/base/veil/ui/card.tsx	free	source	react		needs-review		2026-10-08		new:2026-10-08
tailark	oss-veil-features-1	Veil Features 1	oss/veil	https://github.com/tailark/blocks/blob/main/registry/bases/base/veil/blocks/features/one.tsx	npx shadcn@latest add https://oss-tailark.com/r/veil-features-1	url:https://raw.githubusercontent.com/tailark/blocks/main/registry/bases/base/veil/blocks/features/one.tsx url:https://raw.githubusercontent.com/tailark/blocks/main/registry/bases/base/veil/ui/card.tsx	free	source	react		needs-review		2026-10-08		new:2026-10-08
tailark	oss-veil-features-2	Veil Features 2	oss/veil	https://github.com/tailark/blocks/blob/main/registry/bases/base/veil/blocks/features/two.tsx	npx shadcn@latest add https://oss-tailark.com/r/veil-features-2	url:https://raw.githubusercontent.com/tailark/blocks/main/registry/bases/base/veil/blocks/features/two.tsx url:https://raw.githubusercontent.com/tailark/blocks/main/registry/bases/base/veil/ui/card.tsx	free	source	react		needs-review		2026-10-08		new:2026-10-08
tailark	oss-veil-features-3	Veil Features 3	oss/veil	https://github.com/tailark/blocks/blob/main/registry/bases/base/veil/blocks/features/three.tsx	npx shadcn@latest add https://oss-tailark.com/r/veil-features-3	url:https://raw.githubusercontent.com/tailark/blocks/main/registry/bases/base/veil/blocks/features/three.tsx url:https://raw.githubusercontent.com/tailark/blocks/main/registry/bases/base/veil/ui/button.tsx	free	source	react		needs-review		2026-10-08		new:2026-10-08
tailark	oss-veil-footer-1	Veil Footer 1	oss/veil	https://github.com/tailark/blocks/blob/main/registry/bases/base/veil/blocks/footer/one.tsx	npx shadcn@latest add https://oss-tailark.com/r/veil-footer-1	url:https://raw.githubusercontent.com/tailark/blocks/main/registry/bases/base/veil/blocks/footer/one.tsx url:https://raw.githubusercontent.com/tailark/blocks/main/registry/bases/base/veil/ui/logo.tsx	free	source	react		needs-review		2026-10-08		new:2026-10-08
tailark	oss-veil-footer-2	Veil Footer 2	oss/veil	https://github.com/tailark/blocks/blob/main/registry/bases/base/veil/blocks/footer/two.tsx	npx shadcn@latest add https://oss-tailark.com/r/veil-footer-2	url:https://raw.githubusercontent.com/tailark/blocks/main/registry/bases/base/veil/blocks/footer/two.tsx url:https://raw.githubusercontent.com/tailark/blocks/main/registry/bases/base/veil/ui/logo.tsx	free	source	react		needs-review		2026-10-08		new:2026-10-08
tailark	oss-veil-footer-3	Veil Footer 3	oss/veil	https://github.com/tailark/blocks/blob/main/registry/bases/base/veil/blocks/footer/three.tsx	npx shadcn@latest add https://oss-tailark.com/r/veil-footer-3	url:https://raw.githubusercontent.com/tailark/blocks/main/registry/bases/base/veil/blocks/footer/three.tsx url:https://raw.githubusercontent.com/tailark/blocks/main/registry/bases/base/veil/ui/logo.tsx	free	source	react		needs-review		2026-10-08		new:2026-10-08
tailark	oss-veil-footer-4	Veil Footer 4	oss/veil	https://github.com/tailark/blocks/blob/main/registry/bases/base/veil/blocks/footer/four.tsx	npx shadcn@latest add https://oss-tailark.com/r/veil-footer-4	url:https://raw.githubusercontent.com/tailark/blocks/main/registry/bases/base/veil/blocks/footer/four.tsx url:https://raw.githubusercontent.com/tailark/blocks/main/registry/bases/base/veil/ui/logo.tsx	free	source	react		needs-review		2026-10-08		new:2026-10-08
tailark	oss-veil-footer-5	Veil Footer 5	oss/veil	https://github.com/tailark/blocks/blob/main/registry/bases/base/veil/blocks/footer/five/footer.tsx	npx shadcn@latest add https://oss-tailark.com/r/veil-footer-5	url:https://raw.githubusercontent.com/tailark/blocks/main/registry/bases/base/veil/blocks/footer/five/footer.tsx url:https://raw.githubusercontent.com/tailark/blocks/main/registry/bases/base/veil/ui/logo.tsx url:https://raw.githubusercontent.com/tailark/blocks/main/registry/bases/base/veil/blocks/footer/five/theme-switcher.tsx url:https://raw.githubusercontent.com/tailark/blocks/main/registry/bases/base/veil/ui/button.tsx	free	source	react		needs-review		2026-10-08		new:2026-10-08
tailark	oss-veil-footer-6	Veil Footer 6	oss/veil	https://github.com/tailark/blocks/blob/main/registry/bases/base/veil/blocks/footer/six/footer.tsx	npx shadcn@latest add https://oss-tailark.com/r/veil-footer-6	url:https://raw.githubusercontent.com/tailark/blocks/main/registry/bases/base/veil/blocks/footer/six/footer.tsx url:https://raw.githubusercontent.com/tailark/blocks/main/registry/bases/base/veil/blocks/footer/six/theme-switcher.tsx url:https://raw.githubusercontent.com/tailark/blocks/main/registry/bases/base/veil/ui/button.tsx url:https://raw.githubusercontent.com/tailark/blocks/main/registry/bases/base/veil/blocks/footer/six/social-medias.tsx url:https://raw.githubusercontent.com/tailark/blocks/main/registry/bases/base/veil/ui/logo.tsx	free	source	react		needs-review		2026-10-08		new:2026-10-08
tailark	oss-veil-forgot-password-1	Veil Forgot Password 1	oss/veil	https://github.com/tailark/blocks/blob/main/registry/bases/base/veil/blocks/forgot-password/one.tsx	npx shadcn@latest add https://oss-tailark.com/r/veil-forgot-password-1	url:https://raw.githubusercontent.com/tailark/blocks/main/registry/bases/base/veil/blocks/forgot-password/one.tsx url:https://raw.githubusercontent.com/tailark/blocks/main/registry/bases/base/veil/ui/button.tsx url:https://raw.githubusercontent.com/tailark/blocks/main/registry/bases/base/veil/ui/card.tsx url:https://raw.githubusercontent.com/tailark/blocks/main/registry/bases/base/veil/ui/input.tsx url:https://raw.githubusercontent.com/tailark/blocks/main/registry/bases/base/veil/ui/logo.tsx url:https://raw.githubusercontent.com/tailark/blocks/main/registry/bases/base/veil/ui/label.tsx	free	source	react		needs-review		2026-10-08		new:2026-10-08
tailark	oss-veil-forgot-password-2	Veil Forgot Password 2	oss/veil	https://github.com/tailark/blocks/blob/main/registry/bases/base/veil/blocks/forgot-password/two.tsx	npx shadcn@latest add https://oss-tailark.com/r/veil-forgot-password-2	url:https://raw.githubusercontent.com/tailark/blocks/main/registry/bases/base/veil/blocks/forgot-password/two.tsx url:https://raw.githubusercontent.com/tailark/blocks/main/registry/bases/base/veil/ui/button.tsx url:https://raw.githubusercontent.com/tailark/blocks/main/registry/bases/base/veil/ui/input.tsx url:https://raw.githubusercontent.com/tailark/blocks/main/registry/bases/base/veil/ui/logo.tsx url:https://raw.githubusercontent.com/tailark/blocks/main/registry/bases/base/veil/ui/label.tsx	free	source	react		needs-review		2026-10-08		new:2026-10-08
tailark	oss-veil-forgot-password-3	Veil Forgot Password 3	oss/veil	https://github.com/tailark/blocks/blob/main/registry/bases/base/veil/blocks/forgot-password/three.tsx	npx shadcn@latest add https://oss-tailark.com/r/veil-forgot-password-3	url:https://raw.githubusercontent.com/tailark/blocks/main/registry/bases/base/veil/blocks/forgot-password/three.tsx url:https://raw.githubusercontent.com/tailark/blocks/main/registry/bases/base/veil/ui/button.tsx url:https://raw.githubusercontent.com/tailark/blocks/main/registry/bases/base/veil/ui/input.tsx url:https://raw.githubusercontent.com/tailark/blocks/main/registry/bases/base/veil/ui/logo.tsx url:https://raw.githubusercontent.com/tailark/blocks/main/registry/bases/base/veil/ui/label.tsx	free	source	react		needs-review		2026-10-08		new:2026-10-08
tailark	oss-veil-hero-section-1	Veil Hero Section 1	oss/veil	https://github.com/tailark/blocks/blob/main/registry/bases/base/veil/blocks/hero-section/one/hero-section.tsx	npx shadcn@latest add https://oss-tailark.com/r/veil-hero-section-1	url:https://raw.githubusercontent.com/tailark/blocks/main/registry/bases/base/veil/blocks/hero-section/one/hero-section.tsx url:https://raw.githubusercontent.com/tailark/blocks/main/registry/bases/base/veil/blocks/hero-section/one/header.tsx url:https://raw.githubusercontent.com/tailark/blocks/main/registry/bases/base/veil/ui/button.tsx url:https://raw.githubusercontent.com/tailark/blocks/main/registry/bases/base/veil/ui/logo.tsx url:https://raw.githubusercontent.com/tailark/blocks/main/registry/bases/base/veil/ui/card.tsx	free	source	react		needs-review		2026-10-08		new:2026-10-08
tailark	oss-veil-hero-section-2	Veil Hero Section 2	oss/veil	https://github.com/tailark/blocks/blob/main/registry/bases/base/veil/blocks/hero-section/two/hero-section.tsx	npx shadcn@latest add https://oss-tailark.com/r/veil-hero-section-2	url:https://raw.githubusercontent.com/tailark/blocks/main/registry/bases/base/veil/blocks/hero-section/two/hero-section.tsx url:https://raw.githubusercontent.com/tailark/blocks/main/registry/bases/base/veil/blocks/hero-section/two/header.tsx url:https://raw.githubusercontent.com/tailark/blocks/main/registry/core/hooks/use-media.ts url:https://raw.githubusercontent.com/tailark/blocks/main/registry/bases/base/veil/ui/button.tsx url:https://raw.githubusercontent.com/tailark/blocks/main/registry/bases/base/veil/ui/logo.tsx url:https://raw.githubusercontent.com/tailark/blocks/main/registry/bases/base/veil/ui/card.tsx	free	source	react		needs-review		2026-10-08		new:2026-10-08
tailark	oss-veil-hero-section-3	Veil Hero Section 3	oss/veil	https://github.com/tailark/blocks/blob/main/registry/bases/base/veil/blocks/hero-section/three/hero-section.tsx	npx shadcn@latest add https://oss-tailark.com/r/veil-hero-section-3	url:https://raw.githubusercontent.com/tailark/blocks/main/registry/bases/base/veil/blocks/hero-section/three/hero-section.tsx url:https://raw.githubusercontent.com/tailark/blocks/main/registry/bases/base/veil/blocks/hero-section/three/header.tsx url:https://raw.githubusercontent.com/tailark/blocks/main/registry/bases/base/veil/ui/button.tsx url:https://raw.githubusercontent.com/tailark/blocks/main/registry/bases/base/veil/ui/logo.tsx url:https://raw.githubusercontent.com/tailark/blocks/main/registry/bases/base/veil/ui/card.tsx	free	source	react		needs-review		2026-10-08		new:2026-10-08
tailark	oss-veil-hero-section-4	Veil Hero Section 4	oss/veil	https://github.com/tailark/blocks/blob/main/registry/bases/base/veil/blocks/hero-section/four/hero-section.tsx	npx shadcn@latest add https://oss-tailark.com/r/veil-hero-section-4	url:https://raw.githubusercontent.com/tailark/blocks/main/registry/bases/base/veil/blocks/hero-section/four/hero-section.tsx url:https://raw.githubusercontent.com/tailark/blocks/main/registry/bases/base/veil/blocks/hero-section/four/header.tsx url:https://raw.githubusercontent.com/tailark/blocks/main/registry/core/hooks/use-media.ts url:https://raw.githubusercontent.com/tailark/blocks/main/registry/bases/base/veil/ui/button.tsx url:https://raw.githubusercontent.com/tailark/blocks/main/registry/bases/base/veil/ui/logo.tsx	free	source	react		needs-review		2026-10-08		new:2026-10-08
tailark	oss-veil-hero-section-5	Veil Hero Section 5	oss/veil	https://github.com/tailark/blocks/blob/main/registry/bases/base/veil/blocks/hero-section/five.tsx	npx shadcn@latest add https://oss-tailark.com/r/veil-hero-section-5	url:https://raw.githubusercontent.com/tailark/blocks/main/registry/bases/base/veil/blocks/hero-section/five.tsx url:https://raw.githubusercontent.com/tailark/blocks/main/registry/bases/base/veil/ui/button.tsx url:https://raw.githubusercontent.com/tailark/blocks/main/registry/bases/base/veil/ui/logo.tsx	free	source	react		needs-review		2026-10-08		new:2026-10-08
tailark	oss-veil-integrations-1	Veil Integrations 1	oss/veil	https://github.com/tailark/blocks/blob/main/registry/bases/base/veil/blocks/integrations/one.tsx	npx shadcn@latest add https://oss-tailark.com/r/veil-integrations-1	url:https://raw.githubusercontent.com/tailark/blocks/main/registry/bases/base/veil/blocks/integrations/one.tsx url:https://raw.githubusercontent.com/tailark/blocks/main/registry/bases/base/veil/ui/button.tsx url:https://raw.githubusercontent.com/tailark/blocks/main/registry/bases/base/veil/ui/logo.tsx	free	source	react		needs-review		2026-10-08		new:2026-10-08
tailark	oss-veil-integrations-2	Veil Integrations 2	oss/veil	https://github.com/tailark/blocks/blob/main/registry/bases/base/veil/blocks/integrations/two.tsx	npx shadcn@latest add https://oss-tailark.com/r/veil-integrations-2	url:https://raw.githubusercontent.com/tailark/blocks/main/registry/bases/base/veil/blocks/integrations/two.tsx url:https://raw.githubusercontent.com/tailark/blocks/main/registry/bases/base/veil/ui/button.tsx url:https://raw.githubusercontent.com/tailark/blocks/main/registry/bases/base/veil/ui/logo.tsx	free	source	react		needs-review		2026-10-08		new:2026-10-08
tailark	oss-veil-login-1	Veil Login 1	oss/veil	https://github.com/tailark/blocks/blob/main/registry/bases/base/veil/blocks/login/one.tsx	npx shadcn@latest add https://oss-tailark.com/r/veil-login-1	url:https://raw.githubusercontent.com/tailark/blocks/main/registry/bases/base/veil/blocks/login/one.tsx url:https://raw.githubusercontent.com/tailark/blocks/main/registry/bases/base/veil/ui/button.tsx url:https://raw.githubusercontent.com/tailark/blocks/main/registry/bases/base/veil/ui/card.tsx url:https://raw.githubusercontent.com/tailark/blocks/main/registry/bases/base/veil/ui/input.tsx url:https://raw.githubusercontent.com/tailark/blocks/main/registry/bases/base/veil/ui/logo.tsx url:https://raw.githubusercontent.com/tailark/blocks/main/registry/bases/base/veil/ui/label.tsx	free	source	react		needs-review		2026-10-08		new:2026-10-08
tailark	oss-veil-login-2	Veil Login 2	oss/veil	https://github.com/tailark/blocks/blob/main/registry/bases/base/veil/blocks/login/two.tsx	npx shadcn@latest add https://oss-tailark.com/r/veil-login-2	url:https://raw.githubusercontent.com/tailark/blocks/main/registry/bases/base/veil/blocks/login/two.tsx url:https://raw.githubusercontent.com/tailark/blocks/main/registry/bases/base/veil/ui/button.tsx url:https://raw.githubusercontent.com/tailark/blocks/main/registry/bases/base/veil/ui/input.tsx url:https://raw.githubusercontent.com/tailark/blocks/main/registry/bases/base/veil/ui/logo.tsx url:https://raw.githubusercontent.com/tailark/blocks/main/registry/bases/base/veil/ui/label.tsx	free	source	react		needs-review		2026-10-08		new:2026-10-08
tailark	oss-veil-login-3	Veil Login 3	oss/veil	https://github.com/tailark/blocks/blob/main/registry/bases/base/veil/blocks/login/three.tsx	npx shadcn@latest add https://oss-tailark.com/r/veil-login-3	url:https://raw.githubusercontent.com/tailark/blocks/main/registry/bases/base/veil/blocks/login/three.tsx url:https://raw.githubusercontent.com/tailark/blocks/main/registry/bases/base/veil/ui/button.tsx url:https://raw.githubusercontent.com/tailark/blocks/main/registry/bases/base/veil/ui/input.tsx url:https://raw.githubusercontent.com/tailark/blocks/main/registry/bases/base/veil/ui/logo.tsx url:https://raw.githubusercontent.com/tailark/blocks/main/registry/bases/base/veil/ui/label.tsx	free	source	react		needs-review		2026-10-08		new:2026-10-08
tailark	oss-veil-logo-cloud-1	Veil Logo Cloud 1	oss/veil	https://github.com/tailark/blocks/blob/main/registry/bases/base/veil/blocks/logo-cloud/one.tsx	npx shadcn@latest add https://oss-tailark.com/r/veil-logo-cloud-1	url:https://raw.githubusercontent.com/tailark/blocks/main/registry/bases/base/veil/blocks/logo-cloud/one.tsx url:https://raw.githubusercontent.com/tailark/blocks/main/registry/core/ui/svgs/beacon.tsx url:https://raw.githubusercontent.com/tailark/blocks/main/registry/core/ui/svgs/bolt.tsx url:https://raw.githubusercontent.com/tailark/blocks/main/registry/core/ui/svgs/cisco.tsx url:https://raw.githubusercontent.com/tailark/blocks/main/registry/core/ui/svgs/hulu.tsx url:https://raw.githubusercontent.com/tailark/blocks/main/registry/core/ui/svgs/linear.tsx url:https://raw.githubusercontent.com/tailark/blocks/main/registry/core/ui/svgs/spotify.tsx url:https://raw.githubusercontent.com/tailark/blocks/main/registry/core/ui/svgs/supabase.tsx url:https://raw.githubusercontent.com/tailark/blocks/main/registry/core/ui/svgs/vercel.tsx	free	source	react		needs-review		2026-10-08		new:2026-10-08
tailark	oss-veil-logo-cloud-2	Veil Logo Cloud 2	oss/veil	https://github.com/tailark/blocks/blob/main/registry/bases/base/veil/blocks/logo-cloud/two.tsx	npx shadcn@latest add https://oss-tailark.com/r/veil-logo-cloud-2	url:https://raw.githubusercontent.com/tailark/blocks/main/registry/bases/base/veil/blocks/logo-cloud/two.tsx url:https://raw.githubusercontent.com/tailark/blocks/main/registry/core/ui/svgs/beacon.tsx url:https://raw.githubusercontent.com/tailark/blocks/main/registry/core/ui/svgs/bolt.tsx url:https://raw.githubusercontent.com/tailark/blocks/main/registry/core/ui/svgs/cisco.tsx url:https://raw.githubusercontent.com/tailark/blocks/main/registry/core/ui/svgs/hulu.tsx url:https://raw.githubusercontent.com/tailark/blocks/main/registry/core/ui/svgs/spotify.tsx url:https://raw.githubusercontent.com/tailark/blocks/main/registry/core/ui/svgs/supabase.tsx url:https://raw.githubusercontent.com/tailark/blocks/main/registry/core/ui/svgs/vercel.tsx	free	source	react	motion	needs-review		2026-10-08		new:2026-10-08
tailark	oss-veil-pricing-1	Veil Pricing 1	oss/veil	https://github.com/tailark/blocks/blob/main/registry/bases/base/veil/blocks/pricing/one.tsx	npx shadcn@latest add https://oss-tailark.com/r/veil-pricing-1	url:https://raw.githubusercontent.com/tailark/blocks/main/registry/bases/base/veil/blocks/pricing/one.tsx url:https://raw.githubusercontent.com/tailark/blocks/main/registry/bases/base/veil/ui/button.tsx url:https://raw.githubusercontent.com/tailark/blocks/main/registry/bases/base/veil/ui/card.tsx	free	source	react		needs-review		2026-10-08		new:2026-10-08
tailark	oss-veil-pricing-2	Veil Pricing 2	oss/veil	https://github.com/tailark/blocks/blob/main/registry/bases/base/veil/blocks/pricing/two.tsx	npx shadcn@latest add https://oss-tailark.com/r/veil-pricing-2	url:https://raw.githubusercontent.com/tailark/blocks/main/registry/bases/base/veil/blocks/pricing/two.tsx url:https://raw.githubusercontent.com/tailark/blocks/main/registry/bases/base/veil/ui/button.tsx url:https://raw.githubusercontent.com/tailark/blocks/main/registry/bases/base/veil/ui/card.tsx	free	source	react		needs-review		2026-10-08		new:2026-10-08
tailark	oss-veil-pricing-3	Veil Pricing 3	oss/veil	https://github.com/tailark/blocks/blob/main/registry/bases/base/veil/blocks/pricing/three.tsx	npx shadcn@latest add https://oss-tailark.com/r/veil-pricing-3	url:https://raw.githubusercontent.com/tailark/blocks/main/registry/bases/base/veil/blocks/pricing/three.tsx url:https://raw.githubusercontent.com/tailark/blocks/main/registry/bases/base/veil/ui/button.tsx url:https://raw.githubusercontent.com/tailark/blocks/main/registry/bases/base/veil/ui/card.tsx	free	source	react		needs-review		2026-10-08		new:2026-10-08
tailark	oss-veil-sign-up-1	Veil Sign Up 1	oss/veil	https://github.com/tailark/blocks/blob/main/registry/bases/base/veil/blocks/sign-up/one.tsx	npx shadcn@latest add https://oss-tailark.com/r/veil-sign-up-1	url:https://raw.githubusercontent.com/tailark/blocks/main/registry/bases/base/veil/blocks/sign-up/one.tsx url:https://raw.githubusercontent.com/tailark/blocks/main/registry/bases/base/veil/ui/button.tsx url:https://raw.githubusercontent.com/tailark/blocks/main/registry/bases/base/veil/ui/card.tsx url:https://raw.githubusercontent.com/tailark/blocks/main/registry/bases/base/veil/ui/input.tsx url:https://raw.githubusercontent.com/tailark/blocks/main/registry/bases/base/veil/ui/logo.tsx url:https://raw.githubusercontent.com/tailark/blocks/main/registry/bases/base/veil/ui/label.tsx	free	source	react		needs-review		2026-10-08		new:2026-10-08
tailark	oss-veil-sign-up-2	Veil Sign Up 2	oss/veil	https://github.com/tailark/blocks/blob/main/registry/bases/base/veil/blocks/sign-up/two.tsx	npx shadcn@latest add https://oss-tailark.com/r/veil-sign-up-2	url:https://raw.githubusercontent.com/tailark/blocks/main/registry/bases/base/veil/blocks/sign-up/two.tsx url:https://raw.githubusercontent.com/tailark/blocks/main/registry/bases/base/veil/ui/button.tsx url:https://raw.githubusercontent.com/tailark/blocks/main/registry/bases/base/veil/ui/input.tsx url:https://raw.githubusercontent.com/tailark/blocks/main/registry/bases/base/veil/ui/logo.tsx url:https://raw.githubusercontent.com/tailark/blocks/main/registry/bases/base/veil/ui/label.tsx	free	source	react		needs-review		2026-10-08		new:2026-10-08
tailark	oss-veil-sign-up-3	Veil Sign Up 3	oss/veil	https://github.com/tailark/blocks/blob/main/registry/bases/base/veil/blocks/sign-up/three.tsx	npx shadcn@latest add https://oss-tailark.com/r/veil-sign-up-3	url:https://raw.githubusercontent.com/tailark/blocks/main/registry/bases/base/veil/blocks/sign-up/three.tsx url:https://raw.githubusercontent.com/tailark/blocks/main/registry/bases/base/veil/ui/button.tsx url:https://raw.githubusercontent.com/tailark/blocks/main/registry/bases/base/veil/ui/input.tsx url:https://raw.githubusercontent.com/tailark/blocks/main/registry/bases/base/veil/ui/logo.tsx url:https://raw.githubusercontent.com/tailark/blocks/main/registry/bases/base/veil/ui/label.tsx	free	source	react		needs-review		2026-10-08		new:2026-10-08
tailark	oss-veil-stats-1	Veil Stats 1	oss/veil	https://github.com/tailark/blocks/blob/main/registry/bases/base/veil/blocks/stats/one.tsx	npx shadcn@latest add https://oss-tailark.com/r/veil-stats-1	url:https://raw.githubusercontent.com/tailark/blocks/main/registry/bases/base/veil/blocks/stats/one.tsx	free	source	react		needs-review		2026-10-08		new:2026-10-08
tailark	oss-veil-stats-2	Veil Stats 2	oss/veil	https://github.com/tailark/blocks/blob/main/registry/bases/base/veil/blocks/stats/two.tsx	npx shadcn@latest add https://oss-tailark.com/r/veil-stats-2	url:https://raw.githubusercontent.com/tailark/blocks/main/registry/bases/base/veil/blocks/stats/two.tsx	free	source	react		needs-review		2026-10-08		new:2026-10-08
tailark	oss-veil-stats-3	Veil Stats 3	oss/veil	https://github.com/tailark/blocks/blob/main/registry/bases/base/veil/blocks/stats/three.tsx	npx shadcn@latest add https://oss-tailark.com/r/veil-stats-3	url:https://raw.githubusercontent.com/tailark/blocks/main/registry/bases/base/veil/blocks/stats/three.tsx	free	source	react		needs-review		2026-10-08		new:2026-10-08
tailark	oss-veil-stats-4	Veil Stats 4	oss/veil	https://github.com/tailark/blocks/blob/main/registry/bases/base/veil/blocks/stats/four.tsx	npx shadcn@latest add https://oss-tailark.com/r/veil-stats-4	url:https://raw.githubusercontent.com/tailark/blocks/main/registry/bases/base/veil/blocks/stats/four.tsx	free	source	react		needs-review		2026-10-08		new:2026-10-08
tailark	oss-veil-team-1	Veil Team 1	oss/veil	https://github.com/tailark/blocks/blob/main/registry/bases/base/veil/blocks/team/one.tsx	npx shadcn@latest add https://oss-tailark.com/r/veil-team-1	url:https://raw.githubusercontent.com/tailark/blocks/main/registry/bases/base/veil/blocks/team/one.tsx	free	source	react		needs-review		2026-10-08		new:2026-10-08
tailark	oss-veil-team-2	Veil Team 2	oss/veil	https://github.com/tailark/blocks/blob/main/registry/bases/base/veil/blocks/team/two.tsx	npx shadcn@latest add https://oss-tailark.com/r/veil-team-2	url:https://raw.githubusercontent.com/tailark/blocks/main/registry/bases/base/veil/blocks/team/two.tsx	free	source	react		needs-review		2026-10-08		new:2026-10-08
tailark	oss-veil-testimonials-1	Veil Testimonials 1	oss/veil	https://github.com/tailark/blocks/blob/main/registry/bases/base/veil/blocks/testimonials/one.tsx	npx shadcn@latest add https://oss-tailark.com/r/veil-testimonials-1	url:https://raw.githubusercontent.com/tailark/blocks/main/registry/bases/base/veil/blocks/testimonials/one.tsx	free	source	react		needs-review		2026-10-08		new:2026-10-08
tailark	oss-veil-testimonials-2	Veil Testimonials 2	oss/veil	https://github.com/tailark/blocks/blob/main/registry/bases/base/veil/blocks/testimonials/two.tsx	npx shadcn@latest add https://oss-tailark.com/r/veil-testimonials-2	url:https://raw.githubusercontent.com/tailark/blocks/main/registry/bases/base/veil/blocks/testimonials/two.tsx url:https://raw.githubusercontent.com/tailark/blocks/main/registry/bases/base/veil/ui/card.tsx	free	source	react		needs-review		2026-10-08		new:2026-10-08
tailark	oss-veil-testimonials-3	Veil Testimonials 3	oss/veil	https://github.com/tailark/blocks/blob/main/registry/bases/base/veil/blocks/testimonials/three.tsx	npx shadcn@latest add https://oss-tailark.com/r/veil-testimonials-3	url:https://raw.githubusercontent.com/tailark/blocks/main/registry/bases/base/veil/blocks/testimonials/three.tsx	free	source	react		needs-review		2026-10-08		new:2026-10-08
tailark	oss-veil-testimonials-4	Veil Testimonials 4	oss/veil	https://github.com/tailark/blocks/blob/main/registry/bases/base/veil/blocks/testimonials/four.tsx	npx shadcn@latest add https://oss-tailark.com/r/veil-testimonials-4	url:https://raw.githubusercontent.com/tailark/blocks/main/registry/bases/base/veil/blocks/testimonials/four.tsx	free	source	react		needs-review		2026-10-08		new:2026-10-08
